record_id,doi,year,signal,crossref_container,crossref_issn,issn_is_target,not_source_issn,container_is_target,signal_ok,title
98957,10.1080/15426432.2022.2160409,2023,prefix:10.1080,Journal of Religion &amp; Spirituality in Social Work: Social Thought,"1542-6432,1542-6440",True,True,True,True,Muslim social workers’ recommendation of parents with mental illness or intellectual disability disorders in vignettes of simulated religious court cases of cus
98958,10.1080/15426432.2022.2144587,2023,prefix:10.1080,Journal of Religion &amp; Spirituality in Social Work: Social Thought,"1542-6432,1542-6440",True,True,True,True,The role of religion and faith on behavioral change among perpetrators of domestic violence in interventions: A literature review
98959,10.1080/15426432.2022.2127391,2023,prefix:10.1080,Journal of Religion &amp; Spirituality in Social Work: Social Thought,"1542-6432,1542-6440",True,True,True,True,COVID-19 and spiritual well-being: implications for social work
98960,10.1080/15426432.2023.2193965,2023,prefix:10.1080,Journal of Religion &amp; Spirituality in Social Work: Social Thought,"1542-6432,1542-6440",True,True,True,True,Examining the influence of colleges’ and universities’ religious affiliation on graduate social work education in the United States
98961,10.1080/15426432.2022.2120447,2023,prefix:10.1080,Journal of Religion &amp; Spirituality in Social Work: Social Thought,"1542-6432,1542-6440",True,True,True,True,Examining policies toward adolescent pregnancies across Africa: What is the relationship between religion and education policy?
98962,10.1080/15426432.2023.2167294,2023,prefix:10.1080,Journal of Religion &amp; Spirituality in Social Work: Social Thought,"1542-6432,1542-6440",True,True,True,True,Why it matters: teaching about religion and spirituality leads to research on religion and spirituality
98963,10.1080/15426432.2022.2111395,2023,prefix:10.1080,Journal of Religion &amp; Spirituality in Social Work: Social Thought,"1542-6432,1542-6440",True,True,True,True,Islamic religiosity and subjective well-being in the west: meta-analytic evidence of protections across diverse Muslim diasporas
98964,10.1080/15426432.2022.2111396,2023,prefix:10.1080,Journal of Religion &amp; Spirituality in Social Work: Social Thought,"1542-6432,1542-6440",True,True,True,True,Faith-based social service practitioners negotiating the secular state service sector: a New Zealand context
98965,10.1080/15426432.2022.2111393,2023,prefix:10.1080,Journal of Religion &amp; Spirituality in Social Work: Social Thought,"1542-6432,1542-6440",True,True,True,True,What are we teaching in spirituality and social work elective courses? A qualitative content analysis of BSW syllabi
98966,10.1080/15426432.2023.2208493,2023,prefix:10.1080,Journal of Religion &amp; Spirituality in Social Work: Social Thought,"1542-6432,1542-6440",True,True,True,True,"Continuing the work: exploring intersections of religion, spirituality, and social work"
98967,10.1080/15426432.2023.2229764,2023,prefix:10.1080,Journal of Religion &amp; Spirituality in Social Work: Social Thought,"1542-6432,1542-6440",True,True,True,True,Examining religious orientation of facilities within the substance use system of care
98968,10.1080/15426432.2023.2206803,2023,prefix:10.1080,Journal of Religion &amp; Spirituality in Social Work: Social Thought,"1542-6432,1542-6440",True,True,True,True,A scoping review of faith-based responses to human trafficking in sub-Saharan Africa
98969,10.1080/15426432.2023.2200363,2023,prefix:10.1080,Journal of Religion &amp; Spirituality in Social Work: Social Thought,"1542-6432,1542-6440",True,True,True,True,Assessing the impact of religious values on social bonds among African American adults: implications for social work practice
98970,10.1080/15426432.2022.2111392,2023,prefix:10.1080,Journal of Religion &amp; Spirituality in Social Work: Social Thought,"1542-6432,1542-6440",True,True,True,True,Coping mechanisms of students at novitiate formation
98971,10.1080/15426432.2023.2188511,2023,prefix:10.1080,Journal of Religion &amp; Spirituality in Social Work: Social Thought,"1542-6432,1542-6440",True,True,True,True,Faith Based Organizations: Types and Typologies. A Scoping Review (2010-2021)
98972,10.1080/15426432.2023.2255154,2023,prefix:10.1080,Journal of Religion &amp; Spirituality in Social Work: Social Thought,"1542-6432,1542-6440",True,True,True,True,“It’s not about imposing what I believe or what I value”: Social workers’ personal reflections on religion and spirituality and their influence on practice
98973,10.1080/15426432.2023.2167255,2023,prefix:10.1080,Journal of Religion &amp; Spirituality in Social Work: Social Thought,"1542-6432,1542-6440",True,True,True,True,"Religious self-regulation, self-determination, resilience, and conflict management strategies in a community sample of international Muslim students in Pakistan"
98974,10.1080/15426432.2023.2239174,2023,prefix:10.1080,Journal of Religion &amp; Spirituality in Social Work: Social Thought,"1542-6432,1542-6440",True,True,True,True,"Response of Christian faith leaders to domestic violence: training, beliefs, and practice"
98975,10.1080/15426432.2023.2166890,2023,prefix:10.1080,Journal of Religion &amp; Spirituality in Social Work: Social Thought,"1542-6432,1542-6440",True,True,True,True,Philosophical and spiritual worldviews and professional resilience in frontline social work and human services: a scoping literature review
98976,10.1080/15426432.2023.2229621,2023,prefix:10.1080,Journal of Religion &amp; Spirituality in Social Work: Social Thought,"1542-6432,1542-6440",True,True,True,True,Faith in the social work marketplace
98977,10.1080/15426432.2023.2241846,2023,prefix:10.1080,Journal of Religion &amp; Spirituality in Social Work: Social Thought,"1542-6432,1542-6440",True,True,True,True,"What is at the centre? Faith, social work & anarchism"
98978,10.1080/15426432.2023.2229768,2023,prefix:10.1080,Journal of Religion &amp; Spirituality in Social Work: Social Thought,"1542-6432,1542-6440",True,True,True,True,"Forming Identities of Their Own: Gay Men Reconciling Self-love, Hurt, and the Impact of the Pentecostal Church"
98979,10.1080/15426432.2022.2130850,2023,prefix:10.1080,Journal of Religion &amp; Spirituality in Social Work: Social Thought,"1542-6432,1542-6440",True,True,True,True,Does it work? A scholastic epistemology perspective on evidence-based practice in social welfare
98980,10.1080/15426432.2022.2138681,2023,prefix:10.1080,Journal of Religion &amp; Spirituality in Social Work: Social Thought,"1542-6432,1542-6440",True,True,True,True,"“We will not pay you, but God will remunerate”: the paradox of volunteer transcendental rewards in faith-based organizations"
98981,10.1080/15426432.2023.2223144,2023,prefix:10.1080,Journal of Religion &amp; Spirituality in Social Work: Social Thought,"1542-6432,1542-6440",True,True,True,True,Guidelines for Spiritually Informed Care for Individuals who have Experienced Sexual Abuse
98982,10.1080/15426432.2023.2265670,2023,prefix:10.1080,Journal of Religion &amp; Spirituality in Social Work: Social Thought,"1542-6432,1542-6440",True,True,True,True,"Social work practice, religion, and faith: helping and harming; convergence and divergence"
98983,10.1080/15426432.2023.2193938,2023,prefix:10.1080,Journal of Religion &amp; Spirituality in Social Work: Social Thought,"1542-6432,1542-6440",True,True,True,True,Christians in secular youth work : Harmony and tension in the expression of faith
98984,10.1080/15426432.2021.1978124,2022,prefix:10.1080,Journal of Religion &amp; Spirituality in Social Work: Social Thought,"1542-6432,1542-6440",True,True,True,True,Literature on Professional Social Work and Controversies Surrounding Roman Catholicism in the Republic of Ireland: Adapting the Dynamic Model
98985,10.1080/15426432.2021.1955427,2022,prefix:10.1080,Journal of Religion &amp; Spirituality in Social Work: Social Thought,"1542-6432,1542-6440",True,True,True,True,“They are my family”: exploring the usage of spiritual and religious supports by survivors of intimate partner violence
98986,10.1080/15426432.2022.2111394,2022,prefix:10.1080,Journal of Religion &amp; Spirituality in Social Work: Social Thought,"1542-6432,1542-6440",True,True,True,True,LGBTQ+ people’s religious and spiritual experiences in the COVID-19 pandemic
98987,10.1080/15426432.2021.1977761,2022,prefix:10.1080,Journal of Religion &amp; Spirituality in Social Work: Social Thought,"1542-6432,1542-6440",True,True,True,True,Forgiveness experiences of women and men in Catholic religious orders
98988,10.1080/15426432.2021.1955428,2022,prefix:10.1080,Journal of Religion &amp; Spirituality in Social Work: Social Thought,"1542-6432,1542-6440",True,True,True,True,"Finding their way: young adults, Progressive Christianity and social work"
98989,10.1080/15426432.2022.2075580,2022,prefix:10.1080,Journal of Religion &amp; Spirituality in Social Work: Social Thought,"1542-6432,1542-6440",True,True,True,True,Spirituality in clinical practice: theory and practice of spiritually oriented psychotherapy 2nd Ed
98990,10.1080/15426432.2022.2054394,2022,prefix:10.1080,Journal of Religion &amp; Spirituality in Social Work: Social Thought,"1542-6432,1542-6440",True,True,True,True,The use of spiritually integrated psychotherapies in mental health treatment centers
98991,10.1080/15426432.2022.2035518,2022,prefix:10.1080,Journal of Religion &amp; Spirituality in Social Work: Social Thought,"1542-6432,1542-6440",True,True,True,True,The impact of religiosity and spirituality on health and mental health wellbeing
98992,10.1080/15426432.2022.2103060,2022,prefix:10.1080,Journal of Religion &amp; Spirituality in Social Work: Social Thought,"1542-6432,1542-6440",True,True,True,True,Psychosynthesis as a spiritual practice in clinical social work
98993,10.1080/15426432.2022.2049433,2022,prefix:10.1080,Journal of Religion &amp; Spirituality in Social Work: Social Thought,"1542-6432,1542-6440",True,True,True,True,Prevalence of intimate partner violence among Saudi Arabian international students and their spouses
98994,10.1080/15426432.2022.2135483,2022,prefix:10.1080,Journal of Religion &amp; Spirituality in Social Work: Social Thought,"1542-6432,1542-6440",True,True,True,True,Building evidence regarding the effectiveness of spiritually integrated therapies in social work practice
98995,10.1080/15426432.2022.2102102,2022,prefix:10.1080,Journal of Religion &amp; Spirituality in Social Work: Social Thought,"1542-6432,1542-6440",True,True,True,True,Integrating religion/spirituality into professional social work practice
98996,10.1080/15426432.2022.2071718,2022,prefix:10.1080,Journal of Religion &amp; Spirituality in Social Work: Social Thought,"1542-6432,1542-6440",True,True,True,True,"War, religion, and social work"
98997,10.1080/15426432.2021.1971593,2022,prefix:10.1080,Journal of Religion &amp; Spirituality in Social Work: Social Thought,"1542-6432,1542-6440",True,True,True,True,Christianity and mental illness stigma: critical and constructive perspectives on blame and social distancing
98998,10.1080/15426432.2022.2103061,2022,prefix:10.1080,Journal of Religion &amp; Spirituality in Social Work: Social Thought,"1542-6432,1542-6440",True,True,True,True,Multicultural quality of life predictive effects on wellbeing: a cross-sectional study of a Muslim community in South Australia
98999,10.1080/15426432.2022.2103487,2022,prefix:10.1080,Journal of Religion &amp; Spirituality in Social Work: Social Thought,"1542-6432,1542-6440",True,True,True,True,Social workers as an action-oriented sociotherapist: an existential health discourse
99000,10.1080/15426432.2022.2107969,2022,prefix:10.1080,Journal of Religion &amp; Spirituality in Social Work: Social Thought,"1542-6432,1542-6440",True,True,True,True,Outcomes of a practice-based evidence study of spiritually integrated psychotherapy in a mental health setting
99001,10.1080/15426432.2022.2102183,2022,prefix:10.1080,Journal of Religion &amp; Spirituality in Social Work: Social Thought,"1542-6432,1542-6440",True,True,True,True,Spiritually-informed social work interventions–what is happening in practice today?
99002,10.1080/15426432.2021.2009407,2022,prefix:10.1080,Journal of Religion &amp; Spirituality in Social Work: Social Thought,"1542-6432,1542-6440",True,True,True,True,"Spirituality, religiosity and attitudes toward addiction"
99003,10.1080/15426432.2022.2035299,2022,prefix:10.1080,Journal of Religion &amp; Spirituality in Social Work: Social Thought,"1542-6432,1542-6440",True,True,True,True,Perspectives of survivors of the Oklahoma City bombing with and without PTSD 17 months postdisaster: a qualitative study
99004,10.1080/15426432.2022.2049432,2022,prefix:10.1080,Journal of Religion &amp; Spirituality in Social Work: Social Thought,"1542-6432,1542-6440",True,True,True,True,Biblical narratives and the planned change process in social work: assessment tool integration of faith and learning
99005,10.1080/15426432.2022.2049434,2022,prefix:10.1080,Journal of Religion &amp; Spirituality in Social Work: Social Thought,"1542-6432,1542-6440",True,True,True,True,Religion and post-migration aspirations: Ethiopian migrants in Canada
99006,10.1080/15426432.2021.2011533,2022,prefix:10.1080,Journal of Religion &amp; Spirituality in Social Work: Social Thought,"1542-6432,1542-6440",True,True,True,True,Dignity and worth for all: identifying shared values between social work and Christian faith-based groups’ anti-sex trafficking discourse
99007,10.1080/15426432.2021.1939226,2022,prefix:10.1080,Journal of Religion &amp; Spirituality in Social Work: Social Thought,"1542-6432,1542-6440",True,True,True,True,On a theology of social work: Historical teachings in contemporary clinical applications
99008,10.1080/15426432.2022.2089316,2022,prefix:10.1080,Journal of Religion &amp; Spirituality in Social Work: Social Thought,"1542-6432,1542-6440",True,True,True,True,Religion and spirituality as a core module in social work education in Nigeria: perspectives of social work educators
99009,10.1080/15426432.2022.2103062,2022,prefix:10.1080,Journal of Religion &amp; Spirituality in Social Work: Social Thought,"1542-6432,1542-6440",True,True,True,True,Conscious spiritual theory: a spiritual alternative to critical social work practice
99010,10.1080/15426432.2021.2009408,2022,prefix:10.1080,Journal of Religion &amp; Spirituality in Social Work: Social Thought,"1542-6432,1542-6440",True,True,True,True,The role of religion in the stressors experienced by Ultra-Orthodox Jewish caregivers of persons with disability during the COVID-19 period
99011,10.1080/15426432.2022.2039341,2022,prefix:10.1080,Journal of Religion &amp; Spirituality in Social Work: Social Thought,"1542-6432,1542-6440",True,True,True,True,"What it means to say, ‘a person is a person through other persons’: Ubuntu through humanistic-existential lenses of transactional analysis"
99012,10.1080/15426432.2021.2000553,2022,prefix:10.1080,Journal of Religion &amp; Spirituality in Social Work: Social Thought,"1542-6432,1542-6440",True,True,True,True,The role of spirituality in family adjustment and resilience among Puerto Rican families post-Hurricane Maria
99013,10.1080/15426432.2021.1994099,2022,prefix:10.1080,Journal of Religion &amp; Spirituality in Social Work: Social Thought,"1542-6432,1542-6440",True,True,True,True,Religion and spirituality in clinical practice: an exploration of comfort and discomfort among practitioners
99014,10.1080/15426432.2021.1873217,2021,prefix:10.1080,Journal of Religion &amp; Spirituality in Social Work: Social Thought,"1542-6432,1542-6440",True,True,True,True,"Pregnancy Options Counseling, Title X, and social work: what does faith have to do with it?"
99015,10.1080/15426432.2020.1870197,2021,prefix:10.1080,Journal of Religion &amp; Spirituality in Social Work: Social Thought,"1542-6432,1542-6440",True,True,True,True,"Correction to: LGBTQI+ and Christian? Who Decides? (Journal of Religion & Spirituality in Social Work: Social Thought, (2020), 39, 4, (452-473), 10.1080/1542643"
99016,10.1080/15426432.2021.1919591,2021,prefix:10.1080,Journal of Religion &amp; Spirituality in Social Work: Social Thought,"1542-6432,1542-6440",True,True,True,True,Graduate social work program leaders’ perceived support and barriers to integrating spirituality in the curriculum
99017,10.1080/15426432.2021.1924448,2021,prefix:10.1080,Journal of Religion &amp; Spirituality in Social Work: Social Thought,"1542-6432,1542-6440",True,True,True,True,Speaking out against hate speech and actions through social work research
99018,10.1080/15426432.2020.1816247,2021,prefix:10.1080,Journal of Religion &amp; Spirituality in Social Work: Social Thought,"1542-6432,1542-6440",True,True,True,True,Attaining composure through breath-awareness: a phenomenological account of the use of the breath in social work
99019,10.1080/15426432.2021.1895957,2021,prefix:10.1080,Journal of Religion &amp; Spirituality in Social Work: Social Thought,"1542-6432,1542-6440",True,True,True,True,Data-informed recommendations for faith communities desiring to support vulnerable children and families during the COVID-19 pandemic
99020,10.1080/15426432.2021.1950384,2021,prefix:10.1080,Journal of Religion &amp; Spirituality in Social Work: Social Thought,"1542-6432,1542-6440",True,True,True,True,Social work & religion: “problems and possibilities” in 2021
99021,10.1080/15426432.2021.2001726,2021,prefix:10.1080,Journal of Religion &amp; Spirituality in Social Work: Social Thought,"1542-6432,1542-6440",True,True,True,True,The influence of religious and spiritual traditions on social work practice across the globe; does it influence social work education?
99022,10.1080/15426432.2020.1871155,2021,prefix:10.1080,Journal of Religion &amp; Spirituality in Social Work: Social Thought,"1542-6432,1542-6440",True,True,True,True,Addressing anti-semitism in social work education
99023,10.1080/15426432.2020.1871152,2021,prefix:10.1080,Journal of Religion &amp; Spirituality in Social Work: Social Thought,"1542-6432,1542-6440",True,True,True,True,"“Please god, don’t let it be Muslims”: perspectives on guiding conversations with Muslim children in a climate with prevalent Islamophobi"
99024,10.1080/15426432.2020.1859431,2021,prefix:10.1080,Journal of Religion &amp; Spirituality in Social Work: Social Thought,"1542-6432,1542-6440",True,True,True,True,An exposition of humanistic- existential social work in light of ubuntu philosophy: Towards theorizing ubuntu in social work practice
99025,10.1080/15426432.2020.1848750,2021,prefix:10.1080,Journal of Religion &amp; Spirituality in Social Work: Social Thought,"1542-6432,1542-6440",True,True,True,True,Liberation theology and international social work
99026,10.1080/15426432.2021.1880697,2021,prefix:10.1080,Journal of Religion &amp; Spirituality in Social Work: Social Thought,"1542-6432,1542-6440",True,True,True,True,"Survival skills for 2021: self-care, resilience, and social justice advocacy"
99027,10.1080/15426432.2021.1949425,2021,prefix:10.1080,Journal of Religion &amp; Spirituality in Social Work: Social Thought,"1542-6432,1542-6440",True,True,True,True,Islamic and local knowledge on social work in Malaysia and Bangladesh
99028,10.1080/15426432.2021.1886620,2021,prefix:10.1080,Journal of Religion &amp; Spirituality in Social Work: Social Thought,"1542-6432,1542-6440",True,True,True,True,Caritas in social work: one university’s paradigm shift through the social construction of meaning
99029,10.1080/15426432.2020.1871154,2021,prefix:10.1080,Journal of Religion &amp; Spirituality in Social Work: Social Thought,"1542-6432,1542-6440",True,True,True,True,"“My Church Teaches Homosexuality is a Sin” Religious Teachings, Personal Religious Beliefs, and MSW Students’ Attitudes toward Sexual Minorities"
99030,10.1080/15426432.2021.1886619,2021,prefix:10.1080,Journal of Religion &amp; Spirituality in Social Work: Social Thought,"1542-6432,1542-6440",True,True,True,True,"Religion, Spirituality, Community, and Change at a Residential Homeless Shelter"
99031,10.1080/15426432.2020.1818358,2021,prefix:10.1080,Journal of Religion &amp; Spirituality in Social Work: Social Thought,"1542-6432,1542-6440",True,True,True,True,"Religiously oriented mindfulness for social workers: effects on mindfulness, heart rate variability, and personal burnout"
99032,10.1080/15426432.2021.1912686,2021,prefix:10.1080,Journal of Religion &amp; Spirituality in Social Work: Social Thought,"1542-6432,1542-6440",True,True,True,True,The yamas and niyamas of ashtanga yoga: relevance to social work practice
99033,10.1080/15426432.2020.1828221,2021,prefix:10.1080,Journal of Religion &amp; Spirituality in Social Work: Social Thought,"1542-6432,1542-6440",True,True,True,True,"Developing and testing a Christian-based program to address depression, anxiety, and stress in intimate partner violence"
99034,10.1080/15426432.2020.1871153,2021,prefix:10.1080,Journal of Religion &amp; Spirituality in Social Work: Social Thought,"1542-6432,1542-6440",True,True,True,True,A qualitative interpretive meta-synthesis of evangelical Christian sex trafficking narratives
99035,10.1080/15426432.2021.1912687,2021,prefix:10.1080,Journal of Religion &amp; Spirituality in Social Work: Social Thought,"1542-6432,1542-6440",True,True,True,True,What impacts Jewish orthodox womens’ mikvah experience?
99036,10.1080/15426432.2021.1878973,2021,prefix:10.1080,Journal of Religion &amp; Spirituality in Social Work: Social Thought,"1542-6432,1542-6440",True,True,True,True,"“Non-violent evangelism”: a look at how members of evangelical faith-based organizations share faith with service recipients in Southern, Ontario, Canada"
99037,10.1080/15426432.2020.1826385,2021,prefix:10.1080,Journal of Religion &amp; Spirituality in Social Work: Social Thought,"1542-6432,1542-6440",True,True,True,True,In their own words: Orthodox Jewish social workers integration of religion and values into practice
99038,10.1080/15426432.2021.1910612,2021,prefix:10.1080,Journal of Religion &amp; Spirituality in Social Work: Social Thought,"1542-6432,1542-6440",True,True,True,True,Considering Catholics: an exploration of the literature available on religious identity development
99039,10.1080/15426432.2021.1924099,2021,prefix:10.1080,Journal of Religion &amp; Spirituality in Social Work: Social Thought,"1542-6432,1542-6440",True,True,True,True,Arab Muslim social workers between the Sharia and Western interventions and their coping mechanisms
99040,10.1080/15426432.2021.1886621,2021,prefix:10.1080,Journal of Religion &amp; Spirituality in Social Work: Social Thought,"1542-6432,1542-6440",True,True,True,True,Refugee social work in Lebanon: does the faith of the social worker provide support?
99041,10.1080/15426432.2021.1907837,2021,prefix:10.1080,Journal of Religion &amp; Spirituality in Social Work: Social Thought,"1542-6432,1542-6440",True,True,True,True,"Health programming priorities among faith communities in Jefferson County, Alabama"
99042,10.1080/15426432.2020.1831420,2021,prefix:10.1080,Journal of Religion &amp; Spirituality in Social Work: Social Thought,"1542-6432,1542-6440",True,True,True,True,"Intersecting Social Work Practice, Education, and Spirituality: A Conceptual Model"
99043,10.1080/15426432.2020.1802679,2020,prefix:10.1080,Journal of Religion &amp; Spirituality in Social Work: Social Thought,"1542-6432,1542-6440",True,True,True,True,Introduction to Issue 39-03
99044,10.1080/15426432.2020.1760179,2020,prefix:10.1080,Journal of Religion &amp; Spirituality in Social Work: Social Thought,"1542-6432,1542-6440",True,True,True,True,The religious and spiritual beliefs and practices of MSW program leaders across the United States
99045,10.1080/15426432.2020.1760182,2020,prefix:10.1080,Journal of Religion &amp; Spirituality in Social Work: Social Thought,"1542-6432,1542-6440",True,True,True,True,"“This is the place I need to stay”: church communities in the lives of Ethiopian immigrant women in Washington, DC"
99046,10.1080/15426432.2020.1760181,2020,prefix:10.1080,Journal of Religion &amp; Spirituality in Social Work: Social Thought,"1542-6432,1542-6440",True,True,True,True,Muslim civic engagement in metropolitan Detroit: motivating forces and challenges
99047,10.1080/15426432.2020.1760180,2020,prefix:10.1080,Journal of Religion &amp; Spirituality in Social Work: Social Thought,"1542-6432,1542-6440",True,True,True,True,Damned from release: the effects of neighborhood churches on general and technical parole violation reincarcerations across time
99048,10.1080/15426432.2020.1780182,2020,prefix:10.1080,Journal of Religion &amp; Spirituality in Social Work: Social Thought,"1542-6432,1542-6440",True,True,True,True,“Caritas theory” as theological discourse within education in social work?
99049,10.1080/15426432.2020.1728604,2020,prefix:10.1080,Journal of Religion &amp; Spirituality in Social Work: Social Thought,"1542-6432,1542-6440",True,True,True,True,Religious congregations: An important vehicle for alleviating human suffering and fostering wellness
99050,10.1080/15426432.2019.1706693,2020,prefix:10.1080,Journal of Religion &amp; Spirituality in Social Work: Social Thought,"1542-6432,1542-6440",True,True,True,True,Why we pay outsiders to counsel our congregation members: investigating the motivation for funding a congregational assistance plan
99051,10.1080/15426432.2020.1759950,2020,prefix:10.1080,Journal of Religion &amp; Spirituality in Social Work: Social Thought,"1542-6432,1542-6440",True,True,True,True,Introduction
99052,10.1080/15426432.2019.1706694,2020,prefix:10.1080,Journal of Religion &amp; Spirituality in Social Work: Social Thought,"1542-6432,1542-6440",True,True,True,True,Soul work in social work
99053,10.1080/15426432.2020.1728603,2020,prefix:10.1080,Journal of Religion &amp; Spirituality in Social Work: Social Thought,"1542-6432,1542-6440",True,True,True,True,Spiritual and religious journeys over the lifespan: challenging stereotypes
99054,10.1080/15426432.2020.1713963,2020,prefix:10.1080,Journal of Religion &amp; Spirituality in Social Work: Social Thought,"1542-6432,1542-6440",True,True,True,True,Informal congregational social workers and promotion of social welfare in sermons: a study of Shia women religious scholars of Pakistan
99055,10.1080/15426432.2019.1701614,2020,prefix:10.1080,Journal of Religion &amp; Spirituality in Social Work: Social Thought,"1542-6432,1542-6440",True,True,True,True,A brief comment on theoretical and clinical implications of a pragmatic approach to religion and spirituality in social work
99056,10.1080/15426432.2019.1635063,2020,prefix:10.1080,Journal of Religion &amp; Spirituality in Social Work: Social Thought,"1542-6432,1542-6440",True,True,True,True,Utilizing contemplative practices in social work education
99057,10.1080/15426432.2019.1651240,2020,prefix:10.1080,Journal of Religion &amp; Spirituality in Social Work: Social Thought,"1542-6432,1542-6440",True,True,True,True,Challenging Islamophobia in Canada: non-Muslim social workers as allies with the Muslim community
99058,10.1080/15426432.2019.1650690,2020,prefix:10.1080,Journal of Religion &amp; Spirituality in Social Work: Social Thought,"1542-6432,1542-6440",True,True,True,True,A YouTube analysis of Muslim scholar reactions to Trump’s electoral outcome: social work implications
99059,10.1080/15426432.2019.1700870,2020,prefix:10.1080,Journal of Religion &amp; Spirituality in Social Work: Social Thought,"1542-6432,1542-6440",True,True,True,True,"Witnessing, saving, serving? A relational approach to community development in the suburbs of a global city"
99060,10.1080/15426432.2019.1700869,2020,prefix:10.1080,Journal of Religion &amp; Spirituality in Social Work: Social Thought,"1542-6432,1542-6440",True,True,True,True,"A comparison of free will, human agency, and the transtheoretical model"
99062,10.1080/15426432.2020.1802393,2020,prefix:10.1080,Journal of Religion &amp; Spirituality in Social Work: Social Thought,"1542-6432,1542-6440",True,True,True,True,The Shalem congregational assistance plan: a ten year retrospective
99063,10.1080/15426432.2020.1784072,2020,prefix:10.1080,Journal of Religion &amp; Spirituality in Social Work: Social Thought,"1542-6432,1542-6440",True,True,True,True,Religious and spiritual revival through a Winnicottian lens
99064,10.1080/15426432.2020.1784070,2020,prefix:10.1080,Journal of Religion &amp; Spirituality in Social Work: Social Thought,"1542-6432,1542-6440",True,True,True,True,The intersection of religion and mental well-being amongst African-American women
99065,10.1080/15426432.2020.1804514,2020,prefix:10.1080,Journal of Religion &amp; Spirituality in Social Work: Social Thought,"1542-6432,1542-6440",True,True,True,True,Metaphysical quality of life and its correlates in prisoners
99066,10.1080/15426432.2020.1784071,2020,prefix:10.1080,Journal of Religion &amp; Spirituality in Social Work: Social Thought,"1542-6432,1542-6440",True,True,True,True,"The “untouchable” who touched millions: Dr. B. R. Ambedkar, Navayana Buddhism, and complexity in social work scholarship on religion"
99067,10.1080/15426432.2020.1780183,2020,prefix:10.1080,Journal of Religion &amp; Spirituality in Social Work: Social Thought,"1542-6432,1542-6440",True,True,True,True,Older African American adults: understanding the role of the Black Church’s support in the community
99068,10.1080/15426432.2020.1784073,2020,prefix:10.1080,Journal of Religion &amp; Spirituality in Social Work: Social Thought,"1542-6432,1542-6440",True,True,True,True,"“A life-saving issue”: the great commission as institutional policy in evangelical faith-based organizations in southern Ontario, Canada"
99069,10.1080/15426432.2020.1802392,2020,prefix:10.1080,Journal of Religion &amp; Spirituality in Social Work: Social Thought,"1542-6432,1542-6440",True,True,True,True,LGBTQI+ and Christian? Who decides?
99070,10.1080/15426432.2019.1694786,2019,prefix:10.1080,Journal of Religion &amp; Spirituality in Social Work: Social Thought,"1542-6432,1542-6440",True,True,True,True,Introduction to Selected Passages
99071,10.1080/15426432.2018.1516595,2019,prefix:10.1080,Journal of Religion &amp; Spirituality in Social Work: Social Thought,"1542-6432,1542-6440",True,True,True,True,"Building shalom: Integrating social work, peacebuilding and Catholic Social Teaching for transformational change"
99072,10.1080/15426432.2019.1672611,2019,prefix:10.1080,Journal of Religion &amp; Spirituality in Social Work: Social Thought,"1542-6432,1542-6440",True,True,True,True,A (not so) simple dialogue activity
99073,10.1080/15426432.2019.1674235,2019,prefix:10.1080,Journal of Religion &amp; Spirituality in Social Work: Social Thought,"1542-6432,1542-6440",True,True,True,True,Quaker mission in the Nigerian civil war and Ephraim Isaac’s mediation in the Ethiopian civil war: lessons in religious peacebuilding
99074,10.1080/15426432.2019.1676518,2019,prefix:10.1080,Journal of Religion &amp; Spirituality in Social Work: Social Thought,"1542-6432,1542-6440",True,True,True,True,Introduction
99075,10.1080/15426432.2019.1673960,2019,prefix:10.1080,Journal of Religion &amp; Spirituality in Social Work: Social Thought,"1542-6432,1542-6440",True,True,True,True,"Passages from Sacred Texts, Prayers, and Poetry Related to Peace, Nonviolence, Reconciliation and Healing"
99076,10.1080/15426432.2019.1672610,2019,prefix:10.1080,Journal of Religion &amp; Spirituality in Social Work: Social Thought,"1542-6432,1542-6440",True,True,True,True,Marxism and Buddhism: A dialogue for social work
99077,10.1080/15426432.2019.1672609,2019,prefix:10.1080,Journal of Religion &amp; Spirituality in Social Work: Social Thought,"1542-6432,1542-6440",True,True,True,True,"Noah: a story of peacebuilding, nonviolence, reconciliation, and healing"
99078,10.1080/15426432.2019.1672608,2019,prefix:10.1080,Journal of Religion &amp; Spirituality in Social Work: Social Thought,"1542-6432,1542-6440",True,True,True,True,"Violence, resistance, and social transformation in anarchist thought and practice"
99079,10.1080/15426432.2019.1587333,2019,prefix:10.1080,Journal of Religion &amp; Spirituality in Social Work: Social Thought,"1542-6432,1542-6440",True,True,True,True,"Managing the results trap: Resources drawn from the integration of spirituality, religion, and practice"
99080,10.1080/15426432.2019.1568351,2019,prefix:10.1080,Journal of Religion &amp; Spirituality in Social Work: Social Thought,"1542-6432,1542-6440",True,True,True,True,“All Glorious is the Princess within Her Chamber”: Ideological-spiritual fulfillment of Israeli ultra-Orthodox Jewish women in the changing employment environme
99081,10.1080/15426432.2019.1577787,2019,prefix:10.1080,Journal of Religion &amp; Spirituality in Social Work: Social Thought,"1542-6432,1542-6440",True,True,True,True,"Spirituality and worker well-being: Examining the relationship between spirituality, job burnout, and work engagement"
99082,10.1080/15426432.2019.1577786,2019,prefix:10.1080,Journal of Religion &amp; Spirituality in Social Work: Social Thought,"1542-6432,1542-6440",True,True,True,True,Black megachurches and the provision of social services: An examination of regional differences in America
99083,10.1080/15426432.2019.1597663,2019,prefix:10.1080,Journal of Religion &amp; Spirituality in Social Work: Social Thought,"1542-6432,1542-6440",True,True,True,True,Spiritual assessment with refugees and other migrant populations: A necessary foundation for successful clinical practice
99085,10.1080/15426432.2019.1574691,2019,prefix:10.1080,Journal of Religion &amp; Spirituality in Social Work: Social Thought,"1542-6432,1542-6440",True,True,True,True,Assessment of clinical social worker's familiarity with and views about the integration of client's religion and spirituality in social work
99086,10.1080/15426432.2018.1524735,2019,prefix:10.1080,Journal of Religion &amp; Spirituality in Social Work: Social Thought,"1542-6432,1542-6440",True,True,True,True,"Religion, spirituality, coping, and resilience among African Americans with diabetes"
99088,10.1080/15426432.2018.1548953,2019,prefix:10.1080,Journal of Religion &amp; Spirituality in Social Work: Social Thought,"1542-6432,1542-6440",True,True,True,True,Exploring the Relationship of personality characteristics and spirituality to empathy: Does spirituality add to our understanding?
99089,10.1080/15426432.2018.1533440,2019,prefix:10.1080,Journal of Religion &amp; Spirituality in Social Work: Social Thought,"1542-6432,1542-6440",True,True,True,True,Accompaniment in a Mexican immigrant community: Conceptualization and identification of biopsychosocial outcomes
99090,10.1080/15426432.2019.1575785,2019,prefix:10.1080,Journal of Religion &amp; Spirituality in Social Work: Social Thought,"1542-6432,1542-6440",True,True,True,True,Vedanta and social work practice
99091,10.1080/15426432.2018.1520671,2019,prefix:10.1080,Journal of Religion &amp; Spirituality in Social Work: Social Thought,"1542-6432,1542-6440",True,True,True,True,Zen philosophy of spiritual development: Insights about human development and spiritual diversity for social work education
99092,10.1080/15426432.2019.1601050,2019,prefix:10.1080,Journal of Religion &amp; Spirituality in Social Work: Social Thought,"1542-6432,1542-6440",True,True,True,True,Investigating the relationship between family of origin functioning and intrapersonal and interpersonal skills among Muslim couples in Iran
99093,10.1080/15426432.2019.1632246,2019,prefix:10.1080,Journal of Religion &amp; Spirituality in Social Work: Social Thought,"1542-6432,1542-6440",True,True,True,True,Islam and disaster management in contemporary times: a psycho-socio-spiritual response
99095,10.1080/15426432.2019.1626318,2019,prefix:10.1080,Journal of Religion &amp; Spirituality in Social Work: Social Thought,"1542-6432,1542-6440",True,True,True,True,Clinical intuition and the non-material: an argument for Dual Aspect Monism
99096,10.1080/15426432.2019.1617822,2019,prefix:10.1080,Journal of Religion &amp; Spirituality in Social Work: Social Thought,"1542-6432,1542-6440",True,True,True,True,"Examining religious commitment, personality, and well-being among Latter-day Saints"
99097,10.1080/15426432.2019.1590292,2019,prefix:10.1080,Journal of Religion &amp; Spirituality in Social Work: Social Thought,"1542-6432,1542-6440",True,True,True,True,Exploring the social justice beliefs of Baptist Christians
99098,10.1080/15426432.2018.1503070,2018,prefix:10.1080,Journal of Religion &amp; Spirituality in Social Work: Social Thought,"1542-6432,1542-6440",True,True,True,True,Identifying spiritual markers in African American HIV positive women
99099,10.1080/15426432.2018.1500970,2018,prefix:10.1080,Journal of Religion &amp; Spirituality in Social Work: Social Thought,"1542-6432,1542-6440",True,True,True,True,“The prayers of others helped”: Intercessory prayer as a source of coping and resilience in Christian African American families
99100,10.1080/15426432.2018.1529927,2018,prefix:10.1080,Journal of Religion &amp; Spirituality in Social Work: Social Thought,"1542-6432,1542-6440",True,True,True,True,"The importance of religion and spirituality in social work practice to strengthen practitioners, communities, couples, and individuals and in the cultivation of"
99101,10.1080/15426432.2018.1502643,2018,prefix:10.1080,Journal of Religion &amp; Spirituality in Social Work: Social Thought,"1542-6432,1542-6440",True,True,True,True,Reconceptualizing church-based mental health promotion with African Americans: A social action theory approach
99102,10.1080/15426432.2018.1512388,2018,prefix:10.1080,Journal of Religion &amp; Spirituality in Social Work: Social Thought,"1542-6432,1542-6440",True,True,True,True,Effects of social work practice on practitioners’ spirituality
99103,10.1080/15426432.2018.1511389,2018,prefix:10.1080,Journal of Religion &amp; Spirituality in Social Work: Social Thought,"1542-6432,1542-6440",True,True,True,True,Faith-inspired praxis of love: a framework for helping
99104,10.1080/15426432.2018.1488646,2018,prefix:10.1080,Journal of Religion &amp; Spirituality in Social Work: Social Thought,"1542-6432,1542-6440",True,True,True,True,Exploring hope as a mediator between religiosity and depression in adolescents
99105,10.1080/15426432.2018.1485072,2018,prefix:10.1080,Journal of Religion &amp; Spirituality in Social Work: Social Thought,"1542-6432,1542-6440",True,True,True,True,Students’ views on expanding contours of social work practice through spirituality
99106,10.1080/15426432.2018.1495809,2018,prefix:10.1080,Journal of Religion &amp; Spirituality in Social Work: Social Thought,"1542-6432,1542-6440",True,True,True,True,"The role of religion and spirituality in mitigating the impact of community violence, interpersonal violence, and intrapsychic violence"
99107,10.1080/15426432.2018.1440277,2018,prefix:10.1080,Journal of Religion &amp; Spirituality in Social Work: Social Thought,"1542-6432,1542-6440",True,True,True,True,Challenges of implementing restorative justice for intimate partner violence: An Islamic perspective
99108,10.1080/15426432.2018.1461045,2018,prefix:10.1080,Journal of Religion &amp; Spirituality in Social Work: Social Thought,"1542-6432,1542-6440",True,True,True,True,Exploring the role of faith in resettlement among Muslim Syrian refugees
99109,10.1080/15426432.2018.1461044,2018,prefix:10.1080,Journal of Religion &amp; Spirituality in Social Work: Social Thought,"1542-6432,1542-6440",True,True,True,True,Abused Women in Taiwan Who Seek Religious Support
99110,10.1080/15426432.2018.1448033,2018,prefix:10.1080,Journal of Religion &amp; Spirituality in Social Work: Social Thought,"1542-6432,1542-6440",True,True,True,True,Developing cultural competence with LDS clients: Utilizing spiritual genograms in social work practice
99111,10.1080/15426432.2018.1446863,2018,prefix:10.1080,Journal of Religion &amp; Spirituality in Social Work: Social Thought,"1542-6432,1542-6440",True,True,True,True,"State, profession, and religion: Reflecting on spirituality and indigenous social work in China in the Yushu Earthquake Relief"
99112,10.1080/15426432.2018.1447419,2018,prefix:10.1080,Journal of Religion &amp; Spirituality in Social Work: Social Thought,"1542-6432,1542-6440",True,True,True,True,“Allah will decide my life and death”: Religion and spirituality among populations at risk for HIV in Malaysia
99113,10.1080/15426432.2017.1422415,2018,prefix:10.1080,Journal of Religion &amp; Spirituality in Social Work: Social Thought,"1542-6432,1542-6440",True,True,True,True,A comparative analysis of Norwegian and American social workers’ views about inclusion of religion and spirituality in social work
99114,10.1080/15426432.2018.1455133,2018,prefix:10.1080,Journal of Religion &amp; Spirituality in Social Work: Social Thought,"1542-6432,1542-6440",True,True,True,True,Traveling the world to experience some of the diversity of religion and spirituality in social work practice and education
99115,10.1080/15426432.2018.1445574,2018,prefix:10.1080,Journal of Religion &amp; Spirituality in Social Work: Social Thought,"1542-6432,1542-6440",True,True,True,True,Building spiritual sensitivity through an online spirituality course
99116,10.1080/15426432.2017.1422416,2018,prefix:10.1080,Journal of Religion &amp; Spirituality in Social Work: Social Thought,"1542-6432,1542-6440",True,True,True,True,Social work and pastoral counseling: Empowering each other
99117,10.1080/15426432.2018.1435103,2018,prefix:10.1080,Journal of Religion &amp; Spirituality in Social Work: Social Thought,"1542-6432,1542-6440",True,True,True,True,"Exploring meaning, purpose, and well-being: Religion, spirituality, and existential social work practice"
99118,10.1080/15426432.2017.1350125,2018,prefix:10.1080,Journal of Religion &amp; Spirituality in Social Work: Social Thought,"1542-6432,1542-6440",True,True,True,True,The evolution of spirituality and religion in international social work discourse: Strengths and limitations of the contemporary understanding
99119,10.1080/15426432.2017.1386151,2018,prefix:10.1080,Journal of Religion &amp; Spirituality in Social Work: Social Thought,"1542-6432,1542-6440",True,True,True,True,"Religion, spirituality & chronic illness: A scoping review and implications for health care practitioners"
99120,10.1080/15426432.2017.1363011,2018,prefix:10.1080,Journal of Religion &amp; Spirituality in Social Work: Social Thought,"1542-6432,1542-6440",True,True,True,True,Clergy training for effective response to intimate partner violence disclosure: Immediate and long-term benefits
99121,10.1080/15426432.2017.1382428,2018,prefix:10.1080,Journal of Religion &amp; Spirituality in Social Work: Social Thought,"1542-6432,1542-6440",True,True,True,True,Existential social work and the quest for existential meaning and well-being: A conceptual framework
99122,10.1080/15426432.2017.1350124,2018,prefix:10.1080,Journal of Religion &amp; Spirituality in Social Work: Social Thought,"1542-6432,1542-6440",True,True,True,True,Social work and hospitality: An oral history of Edith Stolzenberg
99123,10.1080/15426432.2017.1284633,2017,prefix:10.1080,Journal of Religion &amp; Spirituality in Social Work: Social Thought,"1542-6432,1542-6440",True,True,True,True,“It’s a generosity loop”: Religious and spiritual motivations of volunteers who glean produce to reduce food insecurity
99124,10.1080/15426432.2016.1250146,2017,prefix:10.1080,Journal of Religion &amp; Spirituality in Social Work: Social Thought,"1542-6432,1542-6440",True,True,True,True,Rabbinical response to domestic violence: A qualitative study
99125,10.1080/15426432.2017.1358127,2017,prefix:10.1080,Journal of Religion &amp; Spirituality in Social Work: Social Thought,"1542-6432,1542-6440",True,True,True,True,Compassionate response: Intersection of religious faith and public policy
99126,10.1080/15426432.2017.1392800,2017,prefix:10.1080,Journal of Religion &amp; Spirituality in Social Work: Social Thought,"1542-6432,1542-6440",True,True,True,True,Compassion in social work practice at multiple systems levels
99127,10.1080/15426432.2017.1351903,2017,prefix:10.1080,Journal of Religion &amp; Spirituality in Social Work: Social Thought,"1542-6432,1542-6440",True,True,True,True,Conversing about aging and practice
99128,10.1080/15426432.2017.1356180,2017,prefix:10.1080,Journal of Religion &amp; Spirituality in Social Work: Social Thought,"1542-6432,1542-6440",True,True,True,True,Introduction
99129,10.1080/15426432.2017.1295822,2017,prefix:10.1080,Journal of Religion &amp; Spirituality in Social Work: Social Thought,"1542-6432,1542-6440",True,True,True,True,Tracing the roots of mindfulness: Transcendence in Buddhism and Christianity
99130,10.1080/15426432.2017.1302865,2017,prefix:10.1080,Journal of Religion &amp; Spirituality in Social Work: Social Thought,"1542-6432,1542-6440",True,True,True,True,"Christian faith and recovery from substance abuse, guilt, and shame"
99131,10.1080/15426432.2017.1322931,2017,prefix:10.1080,Journal of Religion &amp; Spirituality in Social Work: Social Thought,"1542-6432,1542-6440",True,True,True,True,Strengthening family cohesion through shared participation of family members in religious activities in Croatia
99132,10.1080/15426432.2017.1319781,2017,prefix:10.1080,Journal of Religion &amp; Spirituality in Social Work: Social Thought,"1542-6432,1542-6440",True,True,True,True,Death of a child: Perspective of Chinese mothers in Singapore
99133,10.1080/15426432.2017.1313151,2017,prefix:10.1080,Journal of Religion &amp; Spirituality in Social Work: Social Thought,"1542-6432,1542-6440",True,True,True,True,Pathways to wellness: Exploring Muslim mental health promotion in the digital age
99134,10.1080/15426432.2017.1311247,2017,prefix:10.1080,Journal of Religion &amp; Spirituality in Social Work: Social Thought,"1542-6432,1542-6440",True,True,True,True,Social work education in the Arabian Gulf: Challenges and opportunities
99135,10.1080/15426432.2017.1300079,2017,prefix:10.1080,Journal of Religion &amp; Spirituality in Social Work: Social Thought,"1542-6432,1542-6440",True,True,True,True,Prayer in Muslim families: A qualitative exploration
99136,10.1080/15426432.2017.1311245,2017,prefix:10.1080,Journal of Religion &amp; Spirituality in Social Work: Social Thought,"1542-6432,1542-6440",True,True,True,True,The ecosystems perspective in social work: Implications for culturally competent practice with American Muslims
99137,10.1080/15426432.2017.1313150,2017,prefix:10.1080,Journal of Religion &amp; Spirituality in Social Work: Social Thought,"1542-6432,1542-6440",True,True,True,True,Muslim women and domestic violence: Developing a framework for social work practice
99138,10.1080/15426432.2017.1324699,2017,prefix:10.1080,Journal of Religion &amp; Spirituality in Social Work: Social Thought,"1542-6432,1542-6440",True,True,True,True,Islam in the 21st century: Challenges and opportunities for social work with Muslims
99139,10.1080/15426432.2017.1311242,2017,prefix:10.1080,Journal of Religion &amp; Spirituality in Social Work: Social Thought,"1542-6432,1542-6440",True,True,True,True,"Concepts on Zakat, Caritas, and Diaconia in the changing social welfare landscape of Europe"
99140,10.1080/15426432.2017.1302392,2017,prefix:10.1080,Journal of Religion &amp; Spirituality in Social Work: Social Thought,"1542-6432,1542-6440",True,True,True,True,The Islamic community in post-9/11 America: Which Muslims are likely to report being called offensive names?
99141,10.1080/15426432.2017.1300078,2017,prefix:10.1080,Journal of Religion &amp; Spirituality in Social Work: Social Thought,"1542-6432,1542-6440",True,True,True,True,Islam and HIV related social services in Malaysia
99142,10.1080/15426432.2017.1311243,2017,prefix:10.1080,Journal of Religion &amp; Spirituality in Social Work: Social Thought,"1542-6432,1542-6440",True,True,True,True,Social work with Muslim migrants in Russia: Public opinion issues and practical perspectives
99143,10.1080/15426432.2017.1311246,2017,prefix:10.1080,Journal of Religion &amp; Spirituality in Social Work: Social Thought,"1542-6432,1542-6440",True,True,True,True,Islam in the 21st century: Can the Islamic belief system and the ethics of social work be reconciled?
99144,10.1080/15426432.2017.1300080,2017,prefix:10.1080,Journal of Religion &amp; Spirituality in Social Work: Social Thought,"1542-6432,1542-6440",True,True,True,True,Problematizing the context and construction of vulnerability and risk in relation to British Muslim ME groups
99145,10.1080/15426432.2017.1311244,2017,prefix:10.1080,Journal of Religion &amp; Spirituality in Social Work: Social Thought,"1542-6432,1542-6440",True,True,True,True,"Muslim youth in Britain: Acculturation, radicalization, and implications for social work practice/training"
99146,10.1080/15426432.2017.1313153,2017,prefix:10.1080,Journal of Religion &amp; Spirituality in Social Work: Social Thought,"1542-6432,1542-6440",True,True,True,True,"Personal and professional reflections on Islam, social work, and social welfare in the USA"
99147,10.1080/15426432.2016.1179157,2016,prefix:10.1080,Journal of Religion &amp; Spirituality in Social Work: Social Thought,"1542-6432,1542-6440",True,True,True,True,Factors that influence Catholic priests’ beliefs of how U.S. bishops value priests
99148,10.1080/15426432.2016.1227291,2016,prefix:10.1080,Journal of Religion &amp; Spirituality in Social Work: Social Thought,"1542-6432,1542-6440",True,True,True,True,Chronic shame: A perspective integrating religion and spirituality
99149,10.1080/15426432.2016.1220847,2016,prefix:10.1080,Journal of Religion &amp; Spirituality in Social Work: Social Thought,"1542-6432,1542-6440",True,True,True,True,"Social work, contradiction and belief: The liminal space between faith and fact"
99150,10.1080/15426432.2016.1229645,2016,prefix:10.1080,Journal of Religion &amp; Spirituality in Social Work: Social Thought,"1542-6432,1542-6440",True,True,True,True,Integrating spirituality with practice and social justice: The challenge for social work
99151,10.1080/15426432.2016.1229149,2016,prefix:10.1080,Journal of Religion &amp; Spirituality in Social Work: Social Thought,"1542-6432,1542-6440",True,True,True,True,The social construction of success among leaders of faith-based and secular NGOs in Cambodia: Examining the role of faith
99152,10.1080/15426432.2016.1179159,2016,prefix:10.1080,Journal of Religion &amp; Spirituality in Social Work: Social Thought,"1542-6432,1542-6440",True,True,True,True,"Evangelical theology, health care, and the third way"
99153,10.1080/15426432.2016.1229644,2016,prefix:10.1080,Journal of Religion &amp; Spirituality in Social Work: Social Thought,"1542-6432,1542-6440",True,True,True,True,International faith-based organizations: An organizational analysis of Latter-day Saint Charities
99154,10.1080/15426432.2016.1242047,2016,prefix:10.1080,Journal of Religion &amp; Spirituality in Social Work: Social Thought,"1542-6432,1542-6440",True,True,True,True,"Micro, mezzo, and macro considerations for understanding the role and meaning of religion and spirituality in meeting the needs of the world"
99155,10.1080/15426432.2015.1067583,2016,prefix:10.1080,Journal of Religion &amp; Spirituality in Social Work: Social Thought,"1542-6432,1542-6440",True,True,True,True,The use of yoga to build self-compassion as a healing method for survivors of sexual violence
99156,10.1080/15426432.2016.1187106,2016,prefix:10.1080,Journal of Religion &amp; Spirituality in Social Work: Social Thought,"1542-6432,1542-6440",True,True,True,True,"Mindfulness training as social work pedagogy: Exploring benefits, challenges, and issues for consideration in integrating mindfulness into social work education"
99157,10.1080/15426432.2015.1067585,2016,prefix:10.1080,Journal of Religion &amp; Spirituality in Social Work: Social Thought,"1542-6432,1542-6440",True,True,True,True,Spirituality in the treatment of substance use disorders: Proposing the Three-legged Stool as a model for intervention
99158,10.1080/15426432.2016.1179158,2016,prefix:10.1080,Journal of Religion &amp; Spirituality in Social Work: Social Thought,"1542-6432,1542-6440",True,True,True,True,Workplace spirituality in social services departments
99159,10.1080/15426432.2016.1185990,2016,prefix:10.1080,Journal of Religion &amp; Spirituality in Social Work: Social Thought,"1542-6432,1542-6440",True,True,True,True,What does religion and spirituality mean to a racially diverse group of social work practitioners?
99160,10.1080/15426432.2016.1205433,2016,prefix:10.1080,Journal of Religion &amp; Spirituality in Social Work: Social Thought,"1542-6432,1542-6440",True,True,True,True,Inviting dialogue on the role and use of religion and spirituality in social work for social and economic justice
99161,10.1080/15426432.2015.1102672,2016,prefix:10.1080,Journal of Religion &amp; Spirituality in Social Work: Social Thought,"1542-6432,1542-6440",True,True,True,True,A look into spirituality in social work practice within the hospice setting
99162,10.1080/15426432.2015.1080606,2016,prefix:10.1080,Journal of Religion &amp; Spirituality in Social Work: Social Thought,"1542-6432,1542-6440",True,True,True,True,Introduction to Special Issue: Mindfulness and Social Work
99163,10.1080/15426432.2016.1127093,2016,prefix:10.1080,Journal of Religion &amp; Spirituality in Social Work: Social Thought,"1542-6432,1542-6440",True,True,True,True,Conclusion to Special Issue: Mindfulness and Social Work
99164,10.1080/15426432.2015.1080605,2016,prefix:10.1080,Journal of Religion &amp; Spirituality in Social Work: Social Thought,"1542-6432,1542-6440",True,True,True,True,Mindfulness based feminist therapy: The intermingling edges of self-compassion and social justice
99165,10.1080/15426432.2015.1067591,2016,prefix:10.1080,Journal of Religion &amp; Spirituality in Social Work: Social Thought,"1542-6432,1542-6440",True,True,True,True,Maximizing recovery through the promotion of mindfulness and spirituality
99166,10.1080/15426432.2015.1067589,2016,prefix:10.1080,Journal of Religion &amp; Spirituality in Social Work: Social Thought,"1542-6432,1542-6440",True,True,True,True,Land-based spirituality among the Cree of the Mushkegowuk territory
99167,10.1080/15426432.2015.1067587,2016,prefix:10.1080,Journal of Religion &amp; Spirituality in Social Work: Social Thought,"1542-6432,1542-6440",True,True,True,True,The expression of compassion in social work practice
99168,10.1080/15426432.2015.1067582,2016,prefix:10.1080,Journal of Religion &amp; Spirituality in Social Work: Social Thought,"1542-6432,1542-6440",True,True,True,True,From Buddhist sati to Western mindfulness practice: A contextual analysis
99169,10.1080/15426432.2015.1067588,2016,prefix:10.1080,Journal of Religion &amp; Spirituality in Social Work: Social Thought,"1542-6432,1542-6440",True,True,True,True,Ecosocialwork and transformed consciousness: Reflections on eco-mindfulness engagement with the silence of the natural world
99170,10.1080/15426432.2015.1067586,2016,prefix:10.1080,Journal of Religion &amp; Spirituality in Social Work: Social Thought,"1542-6432,1542-6440",True,True,True,True,The intersection between mindfulness and human rights:The case of Falun Gong and its implications for social work
99171,10.1080/15426432.2015.1067590,2016,prefix:10.1080,Journal of Religion &amp; Spirituality in Social Work: Social Thought,"1542-6432,1542-6440",True,True,True,True,Are graduate social work students mindful?
99172,10.1080/15426432.2016.1148520,2016,prefix:10.1080,Journal of Religion &amp; Spirituality in Social Work: Social Thought,"1542-6432,1542-6440",True,True,True,True,Journal of religion & spirituality in social work: Social thought: Special issue: Islam in the 21st century: Challenges & opportunities for social work with mus
99173,10.1080/15426432.2015.1082455,2015,prefix:10.1080,Journal of Religion &amp; Spirituality in Social Work: Social Thought,"1542-6432,1542-6440",True,True,True,True,A Journey to Embodied Healing: Yoga as a Treatment for Post-Traumatic Stress Disorder
99174,10.1080/15426432.2015.1009231,2015,prefix:10.1080,Journal of Religion &amp; Spirituality in Social Work: Social Thought,"1542-6432,1542-6440",True,True,True,True,The Development of a Concept Map for Understanding Spiritual Integration in Evangelically Based Social Service Organizations
99175,10.1080/15426432.2015.1067584,2015,prefix:10.1080,Journal of Religion &amp; Spirituality in Social Work: Social Thought,"1542-6432,1542-6440",True,True,True,True,The Significance of Family and Spirituality vis-à-vis Southeast Asian Clients: Culturally Sensitive Social Work Practice with Refugee Populations
99176,10.1080/15426432.2015.1080604,2015,prefix:10.1080,Journal of Religion &amp; Spirituality in Social Work: Social Thought,"1542-6432,1542-6440",True,True,True,True,Yoga and Mindfulness Program: The Effects on Compassion Fatigue and Compassion Satisfaction in Social Workers
99177,10.1080/15426432.2015.1097094,2015,prefix:10.1080,Journal of Religion &amp; Spirituality in Social Work: Social Thought,"1542-6432,1542-6440",True,True,True,True,"Religion, Social Support, and Life Satisfaction Among American Indian Older Adults"
99178,10.1080/15426432.2015.1045680,2015,prefix:10.1080,Journal of Religion &amp; Spirituality in Social Work: Social Thought,"1542-6432,1542-6440",True,True,True,True,God-Talk in the Survival Epistemology of Liberian Refugee Women
99179,10.1080/15426432.2015.1045681,2015,prefix:10.1080,Journal of Religion &amp; Spirituality in Social Work: Social Thought,"1542-6432,1542-6440",True,True,True,True,Moral Injury: An Emerging Clinical Construct with Implications for Social Work Education
99180,10.1080/15426432.2015.1027843,2015,prefix:10.1080,Journal of Religion &amp; Spirituality in Social Work: Social Thought,"1542-6432,1542-6440",True,True,True,True,Faith-Based Organizations: A Vehicle for Cross-Cultural Relationship Building
99181,10.1080/15426432.2015.1036153,2015,prefix:10.1080,Journal of Religion &amp; Spirituality in Social Work: Social Thought,"1542-6432,1542-6440",True,True,True,True,"“My Bishop Told His Priests that Section 8 Housing Was an Option”: Catholic Priests, Aging, and Retirement in the United States"
99182,10.1080/15426432.2015.1009610,2015,prefix:10.1080,Journal of Religion &amp; Spirituality in Social Work: Social Thought,"1542-6432,1542-6440",True,True,True,True,“I Overcame That With God’s Hand on Me”: Religion and Spirituality Among Older Adults to Cope With Stressful Life Situations
99183,10.1080/15426432.2014.993106,2015,prefix:10.1080,Journal of Religion &amp; Spirituality in Social Work: Social Thought,"1542-6432,1542-6440",True,True,True,True,From the Inside Out: Social Workers’ Expectations for Integrating Religion and Spirituality in Practice
99184,10.1080/15426432.2014.959695,2015,prefix:10.1080,Journal of Religion &amp; Spirituality in Social Work: Social Thought,"1542-6432,1542-6440",True,True,True,True,A Tricky Question: Spirituality and Mental Health Social Work Practice in Northern Ireland
99185,10.1080/15426432.2014.973987,2015,prefix:10.1080,Journal of Religion &amp; Spirituality in Social Work: Social Thought,"1542-6432,1542-6440",True,True,True,True,Archetypal Identification: An Alternative for Spiritual Well-Being Assessment
99186,10.1080/15426432.2014.999978,2015,prefix:10.1080,Journal of Religion &amp; Spirituality in Social Work: Social Thought,"1542-6432,1542-6440",True,True,True,True,The Self and Spirituality: Overcoming Narrative Loss in Aging
99187,10.1080/15426432.2014.960760,2015,prefix:10.1080,Journal of Religion &amp; Spirituality in Social Work: Social Thought,"1542-6432,1542-6440",True,True,True,True,LGBT-Affirming Black Churches’ Responses to the HIV/AIDS Crisis
99188,10.1080/15426432.2014.921129,2015,prefix:10.1080,Journal of Religion &amp; Spirituality in Social Work: Social Thought,"1542-6432,1542-6440",True,True,True,True,Shrinking Religious Communities and Thriving Interreligious Social Work in Postsecular Sweden
99189,10.1080/15426432.2014.943920,2015,prefix:10.1080,Journal of Religion &amp; Spirituality in Social Work: Social Thought,"1542-6432,1542-6440",True,True,True,True,Student Attitudes Toward Religious Diversity and Implications for Multicultural Competence
99190,10.1080/15426432.2014.955244,2015,prefix:10.1080,Journal of Religion &amp; Spirituality in Social Work: Social Thought,"1542-6432,1542-6440",True,True,True,True,Socioeconomic Human Well-Being and Posterity: A Newly Proposed Faith-Based Measurement Index
99191,10.1080/15426432.2014.937023,2015,prefix:10.1080,Journal of Religion &amp; Spirituality in Social Work: Social Thought,"1542-6432,1542-6440",True,True,True,True,Religiosity as an Identity: Young Arab Muslim Women in the United States and France
99192,10.1080/15426432.2014.921128,2015,prefix:10.1080,Journal of Religion &amp; Spirituality in Social Work: Social Thought,"1542-6432,1542-6440",True,True,True,True,Applying the Buddhist Four Immeasurables to Mental Health Care: A Critical Review
99193,10.1080/15426432.2014.930633,2014,prefix:10.1080,Journal of Religion &amp; Spirituality in Social Work: Social Thought,"1542-6432,1542-6440",True,True,True,True,Spiritually based treatment for people with body dysmorphia disorder: The Reinsmith-Jones model as a proposed model of treatment
99194,10.1080/15426432.2014.930622,2014,prefix:10.1080,Journal of Religion &amp; Spirituality in Social Work: Social Thought,"1542-6432,1542-6440",True,True,True,True,The role of spirituality at end of life in Nova Scotia’s black community
99195,10.1080/15426432.2014.930630,2014,prefix:10.1080,Journal of Religion &amp; Spirituality in Social Work: Social Thought,"1542-6432,1542-6440",True,True,True,True,Spiritual direction and deaf spirituality: Implications for social work practice
99196,10.1080/15426432.2014.930638,2014,prefix:10.1080,Journal of Religion &amp; Spirituality in Social Work: Social Thought,"1542-6432,1542-6440",True,True,True,True,"Social work, religion, and palliative care"
99197,10.1080/15426432.2014.873648,2014,prefix:10.1080,Journal of Religion &amp; Spirituality in Social Work: Social Thought,"1542-6432,1542-6440",True,True,True,True,Buddhism-Based Exorcism and Spirit-Calling as a Form of Healing for Mental Problems: Stories from Vietnam
99198,10.1080/15426432.2014.874264,2014,prefix:10.1080,Journal of Religion &amp; Spirituality in Social Work: Social Thought,"1542-6432,1542-6440",True,True,True,True,Potentials of Psalm-Songs in Social Change and the Cultivation of the Spirituality of Solidarity: A Study of Psalmgeet in the Bangladesh Context
99199,10.1080/15426432.2014.930629,2014,prefix:10.1080,Journal of Religion &amp; Spirituality in Social Work: Social Thought,"1542-6432,1542-6440",True,True,True,True,The HEALTHY group: A mind–body–spirit approach for treating anxiety and depression in youth
99200,10.1080/15426432.2014.930632,2014,prefix:10.1080,Journal of Religion &amp; Spirituality in Social Work: Social Thought,"1542-6432,1542-6440",True,True,True,True,"Collage as a method of inquiry for university women practicing Mahavakyam Meditation: Ameliorating the effects of stress, anxiety, and sadness"
99201,10.1080/15426432.2014.873649,2014,prefix:10.1080,Journal of Religion &amp; Spirituality in Social Work: Social Thought,"1542-6432,1542-6440",True,True,True,True,"Religious Care by Zen Buddhist Monks: A Response to Criticism of ""Funeral Buddhism"""
99202,10.1080/15426432.2014.874261,2014,prefix:10.1080,Journal of Religion &amp; Spirituality in Social Work: Social Thought,"1542-6432,1542-6440",True,True,True,True,Malay Muslim Worldviews: Some Thoughts for Social Work Practice in Singapore
99203,10.1080/15426432.2014.900375,2014,prefix:10.1080,Journal of Religion &amp; Spirituality in Social Work: Social Thought,"1542-6432,1542-6440",True,True,True,True,Value Conflicts and Value Priorities: It's Not Just About Religion
99204,10.1080/15426432.2014.873331,2014,prefix:10.1080,Journal of Religion &amp; Spirituality in Social Work: Social Thought,"1542-6432,1542-6440",True,True,True,True,Applications of Buddhist Compassion Practices Among People Suffering from Depression and Anxiety in Confucian Societies in East Asia
99205,10.1080/15426432.2014.930641,2014,prefix:10.1080,Journal of Religion &amp; Spirituality in Social Work: Social Thought,"1542-6432,1542-6440",True,True,True,True,Introduction: The evolution of spirituality across the lifespan
99206,10.1080/15426432.2014.930636,2014,prefix:10.1080,Journal of Religion &amp; Spirituality in Social Work: Social Thought,"1542-6432,1542-6440",True,True,True,True,Faith-based trauma intervention: Spiritual-based strategies for adolescent students in faith-based schools
99207,10.1080/15426432.2014.874265,2014,prefix:10.1080,Journal of Religion &amp; Spirituality in Social Work: Social Thought,"1542-6432,1542-6440",True,True,True,True,Conclusions and Future Directions for Research
99208,10.1080/15426432.2014.930628,2014,prefix:10.1080,Journal of Religion &amp; Spirituality in Social Work: Social Thought,"1542-6432,1542-6440",True,True,True,True,Spiritual journey from childhood to adolescence: Pathways to strength and healing
99209,10.1080/15426432.2014.873289,2014,prefix:10.1080,Journal of Religion &amp; Spirituality in Social Work: Social Thought,"1542-6432,1542-6440",True,True,True,True,Indigenous Spirituality: An Introduction
99210,10.1080/15426432.2014.900373,2014,prefix:10.1080,Journal of Religion &amp; Spirituality in Social Work: Social Thought,"1542-6432,1542-6440",True,True,True,True,Social Work Collaboration with Faith Leaders and Faith Groups Serving Families in Rural Areas
99211,10.1080/15426432.2014.900363,2014,prefix:10.1080,Journal of Religion &amp; Spirituality in Social Work: Social Thought,"1542-6432,1542-6440",True,True,True,True,Spirituality: A Sustaining Force Among Women of Color Academics
99212,10.1080/15426432.2014.930626,2014,prefix:10.1080,Journal of Religion &amp; Spirituality in Social Work: Social Thought,"1542-6432,1542-6440",True,True,True,True,The spiritual developmental process for people in recovery from severe mental illness
99213,10.1080/15426432.2014.873662,2014,prefix:10.1080,Journal of Religion &amp; Spirituality in Social Work: Social Thought,"1542-6432,1542-6440",True,True,True,True,Translating Daoist Concepts into Integrative Social Work Practice: An Empowerment Program for Persons with Depressive Symptoms
99214,10.1080/15426432.2014.900347,2014,prefix:10.1080,Journal of Religion &amp; Spirituality in Social Work: Social Thought,"1542-6432,1542-6440",True,True,True,True,Attitudes About the Competence of Charitable Gift Givers
99215,10.1080/15426432.2014.873294,2014,prefix:10.1080,Journal of Religion &amp; Spirituality in Social Work: Social Thought,"1542-6432,1542-6440",True,True,True,True,Santería as Informal Mental Health Support Among U.S. Latinos with Cancer
99216,10.1080/15426432.2014.900379,2014,prefix:10.1080,Journal of Religion &amp; Spirituality in Social Work: Social Thought,"1542-6432,1542-6440",True,True,True,True,Religious and Gender Effects on Psychosocial Adaptation Among Japanese Immigrants
99217,10.1080/15426432.2013.839206,2013,prefix:10.1080,Journal of Religion &amp; Spirituality in Social Work: Social Thought,"1542-6432,1542-6440",True,True,True,True,An Integrated Spiritual Practice Framework for Use Within Social Work
99218,10.1080/15426432.2013.839241,2013,prefix:10.1080,Journal of Religion &amp; Spirituality in Social Work: Social Thought,"1542-6432,1542-6440",True,True,True,True,"""I Became Proud of Being Gay and Proud of Being Christian"": The Spiritual Journeys of Queer Christian Women"
99219,10.1080/15426432.2013.839212,2013,prefix:10.1080,Journal of Religion &amp; Spirituality in Social Work: Social Thought,"1542-6432,1542-6440",True,True,True,True,Psychometric Reevaluation of the Spiritual Support Scale in a Sample of Alzheimer's Caregivers
99220,10.1080/15426432.2013.839245,2013,prefix:10.1080,Journal of Religion &amp; Spirituality in Social Work: Social Thought,"1542-6432,1542-6440",True,True,True,True,Searching for the Spirit: A Content Analysis of the Black Church in Mainstream Social Work Journals
99221,10.1080/15426432.2013.839250,2013,prefix:10.1080,Journal of Religion &amp; Spirituality in Social Work: Social Thought,"1542-6432,1542-6440",True,True,True,True,"Elders Caring for Elders: The Role of Religious Involvement and Spiritual Rewards on Caregiver Stress, Resources, and Health"
99222,10.1080/15426432.2013.839222,2013,prefix:10.1080,Journal of Religion &amp; Spirituality in Social Work: Social Thought,"1542-6432,1542-6440",True,True,True,True,Diversity Education and Spirituality: An Empirical Reflecting Approach for MSW Students
99223,10.1080/15426432.2013.801730,2013,prefix:10.1080,Journal of Religion &amp; Spirituality in Social Work: Social Thought,"1542-6432,1542-6440",True,True,True,True,"Christian Social Work Students' Attitudes Toward Lesbians and Gay Men: Religious Teachings, Religiosity, and Contact"
99224,10.1080/15426432.2013.801748,2013,prefix:10.1080,Journal of Religion &amp; Spirituality in Social Work: Social Thought,"1542-6432,1542-6440",True,True,True,True,"Returning to Silence, Connecting to Wholeness: Contemplative Pedagogy for Critical Social Work Education"
99225,10.1080/15426432.2013.801733,2013,prefix:10.1080,Journal of Religion &amp; Spirituality in Social Work: Social Thought,"1542-6432,1542-6440",True,True,True,True,"Reconfiguring Spirituality and Sexual/Gender Identity: ""It's a Feeling of Connection to Something Bigger, It's Part of a Wholeness."""
99226,10.1080/15426432.2013.801732,2013,prefix:10.1080,Journal of Religion &amp; Spirituality in Social Work: Social Thought,"1542-6432,1542-6440",True,True,True,True,The Trauma of Moral Injury: Beyond the Battlefield
99227,10.1080/15426432.2013.801735,2013,prefix:10.1080,Journal of Religion &amp; Spirituality in Social Work: Social Thought,"1542-6432,1542-6440",True,True,True,True,Education or Formation: Parallels Between Seminary and Social Work Graduate Programs
99228,10.1080/15426432.2013.779187,2013,prefix:10.1080,Journal of Religion &amp; Spirituality in Social Work: Social Thought,"1542-6432,1542-6440",True,True,True,True,Social Justice: A Shared Paradigm for Social Work & Religion?
99229,10.1080/15426432.2013.779154,2013,prefix:10.1080,Journal of Religion &amp; Spirituality in Social Work: Social Thought,"1542-6432,1542-6440",True,True,True,True,Religious Conscience Protection: A Critically Important Human Right for an Increasingly Diverse Society
99230,10.1080/15426432.2013.779158,2013,prefix:10.1080,Journal of Religion &amp; Spirituality in Social Work: Social Thought,"1542-6432,1542-6440",True,True,True,True,Ideology Identification as Psychosocial-Spiritual Disorder: A Framework for Assessment and Intervention
99231,10.1080/15426432.2013.749141,2013,prefix:10.1080,Journal of Religion &amp; Spirituality in Social Work: Social Thought,"1542-6432,1542-6440",True,True,True,True,The Intersection of Health Beliefs and Religion Among Somali Refugees: A Qualitative Study
99232,10.1080/15426432.2013.749135,2013,prefix:10.1080,Journal of Religion &amp; Spirituality in Social Work: Social Thought,"1542-6432,1542-6440",True,True,True,True,Parental Religious Service Attendance and Adolescent Substance Use
99233,10.1080/15426432.2013.749146,2013,prefix:10.1080,Journal of Religion &amp; Spirituality in Social Work: Social Thought,"1542-6432,1542-6440",True,True,True,True,Mindfulness as Clinical Training: Student Perspectives on the Utility of Mindfulness Training in Fostering Clinical Intervention Skills
99234,10.1080/15426432.2013.749079,2013,prefix:10.1080,Journal of Religion &amp; Spirituality in Social Work: Social Thought,"1542-6432,1542-6440",True,True,True,True,"Transgender, Transsexual, and Gender Queer Individuals with a Christian Upbringing: The Process of Resolving Conflict Between Gender Identity and Faith"
99235,10.1080/15426432.2013.749105,2013,prefix:10.1080,Journal of Religion &amp; Spirituality in Social Work: Social Thought,"1542-6432,1542-6440",True,True,True,True,African American Women's Experiences Around Conversion to Islam
99237,10.1080/15426432.2013.778735,2013,prefix:10.1080,Journal of Religion &amp; Spirituality in Social Work: Social Thought,"1542-6432,1542-6440",True,True,True,True,Introduction
99238,10.1080/15426432.2013.779153,2013,prefix:10.1080,Journal of Religion &amp; Spirituality in Social Work: Social Thought,"1542-6432,1542-6440",True,True,True,True,"Social Workers, Conscience Protection and Practice"
99239,10.1080/15426432.2013.779184,2013,prefix:10.1080,Journal of Religion &amp; Spirituality in Social Work: Social Thought,"1542-6432,1542-6440",True,True,True,True,Resolving Social Work Value Conflict: Social Justice as the Primary Organizing Value for Social Work
99240,10.1080/15426432.2012.716290,2012,prefix:10.1080,Journal of Religion &amp; Spirituality in Social Work: Social Thought,"1542-6432,1542-6440",True,True,True,True,A Needs Assessment of Congregation and Clergy Roles in Serving Military Families
99241,10.1080/15426432.2012.716297,2012,prefix:10.1080,Journal of Religion &amp; Spirituality in Social Work: Social Thought,"1542-6432,1542-6440",True,True,True,True,"A Thin Place: Narratives of Space and Place, Celtic Spirituality and Meaning"
99242,10.1080/15426432.2012.716294,2012,prefix:10.1080,Journal of Religion &amp; Spirituality in Social Work: Social Thought,"1542-6432,1542-6440",True,True,True,True,Variations in Religious and Spiritual Practices Among Mothers and Grandmothers in Three Generational Households
99243,10.1080/15426432.2012.716284,2012,prefix:10.1080,Journal of Religion &amp; Spirituality in Social Work: Social Thought,"1542-6432,1542-6440",True,True,True,True,Program Characteristics as Factors Influencing the Implementation of Mindfulness Meditation in Substance Abuse Treatment Agencies
99244,10.1080/15426432.2012.716287,2012,prefix:10.1080,Journal of Religion &amp; Spirituality in Social Work: Social Thought,"1542-6432,1542-6440",True,True,True,True,"Stress, Spiritual, and Support Coping, and Psychological Well-Being Among Older Adults in Assisted Living"
99245,10.1080/15426432.2012.679841,2012,prefix:10.1080,Journal of Religion &amp; Spirituality in Social Work: Social Thought,"1542-6432,1542-6440",True,True,True,True,Social Work Faculty's Attitudes Toward Marginalized Groups: Exploring the Role of Religion
99246,10.1080/15426432.2012.679839,2012,prefix:10.1080,Journal of Religion &amp; Spirituality in Social Work: Social Thought,"1542-6432,1542-6440",True,True,True,True,The Influence of African American Elders' Belief Systems on Health Interactions
99247,10.1080/15426432.2012.679842,2012,prefix:10.1080,Journal of Religion &amp; Spirituality in Social Work: Social Thought,"1542-6432,1542-6440",True,True,True,True,Development and Evaluation of a Faith-Based Psychoeducational Approach to Forgiveness for Christians
99248,10.1080/15426432.2012.679844,2012,prefix:10.1080,Journal of Religion &amp; Spirituality in Social Work: Social Thought,"1542-6432,1542-6440",True,True,True,True,Congregational Mentoring and Discipleship: Implications for Social Work Practice
99249,10.1080/15426432.2012.679838,2012,prefix:10.1080,Journal of Religion &amp; Spirituality in Social Work: Social Thought,"1542-6432,1542-6440",True,True,True,True,Perceptions of African American Christians' Attitudes Toward Religious Help-Seeking: Results of an Exploratory Study
99250,10.1080/15426432.2012.647967,2012,prefix:10.1080,Journal of Religion &amp; Spirituality in Social Work: Social Thought,"1542-6432,1542-6440",True,True,True,True,Spiritual activism: Grounding ourselves in the spirit
99251,10.1080/15426432.2012.647962,2012,prefix:10.1080,Journal of Religion &amp; Spirituality in Social Work: Social Thought,"1542-6432,1542-6440",True,True,True,True,"The Abolition of Slavery Movement as a Moral Movement: Ethical Resources, Spiritual Roots, and Strategies for Social Change"
99252,10.1080/15426432.2012.647874,2012,prefix:10.1080,Journal of Religion &amp; Spirituality in Social Work: Social Thought,"1542-6432,1542-6440",True,True,True,True,Comparing rawlsian justice and the capabilities approach to justice from a spiritually sensitive social work perspective
99253,10.1080/15426432.2012.647878,2012,prefix:10.1080,Journal of Religion &amp; Spirituality in Social Work: Social Thought,"1542-6432,1542-6440",True,True,True,True,The conceptual and empirical relationship between spirituality and social justice: Exemplars from diverse faith traditions
99254,10.1080/15426432.2012.647600,2012,prefix:10.1080,Journal of Religion &amp; Spirituality in Social Work: Social Thought,"1542-6432,1542-6440",True,True,True,True,Introduction: Connecting spirituality and social justice within macropractice
99255,10.1080/15426432.2012.647891,2012,prefix:10.1080,Journal of Religion &amp; Spirituality in Social Work: Social Thought,"1542-6432,1542-6440",True,True,True,True,"Spirituality, religion, and progressive social movements: Resources and motivation for social change"
99256,10.1080/15426432.2012.647883,2012,prefix:10.1080,Journal of Religion &amp; Spirituality in Social Work: Social Thought,"1542-6432,1542-6440",True,True,True,True,HIV/AIDS and Spirituality in a South African Township: A Qualitative Study
99257,10.1080/15426432.2012.647895,2012,prefix:10.1080,Journal of Religion &amp; Spirituality in Social Work: Social Thought,"1542-6432,1542-6440",True,True,True,True,The spirituality of justice: Bringing together the eco and the social
99258,10.1080/15426432.2012.647965,2012,prefix:10.1080,Journal of Religion &amp; Spirituality in Social Work: Social Thought,"1542-6432,1542-6440",True,True,True,True,The relationship between spirituality and social justice advocacy: Attitudes of social work students
99259,10.1080/15426432.2012.647887,2012,prefix:10.1080,Journal of Religion &amp; Spirituality in Social Work: Social Thought,"1542-6432,1542-6440",True,True,True,True,We shall overcome: Promoting an agenda for integrating spirituality and community practice
99260,10.1080/15426432.2012.647889,2012,prefix:10.1080,Journal of Religion &amp; Spirituality in Social Work: Social Thought,"1542-6432,1542-6440",True,True,True,True,Explosion of the spirit: A spiritual journey into the 2010 healthcare reform legislation
99261,10.1080/15426432.2011.619916,2011,prefix:10.1080,Journal of Religion &amp; Spirituality in Social Work: Social Thought,"1542-6432,1542-6440",True,True,True,True,Spirituality: The Essence of Wellness Among Tongan and Samoan Elders
99262,10.1080/15426432.2011.619898,2011,prefix:10.1080,Journal of Religion &amp; Spirituality in Social Work: Social Thought,"1542-6432,1542-6440",True,True,True,True,Jean Vanier: An Alternative Voice for the Social Work Profession
99263,10.1080/15426432.2011.619903,2011,prefix:10.1080,Journal of Religion &amp; Spirituality in Social Work: Social Thought,"1542-6432,1542-6440",True,True,True,True,Exploring the Lived Religion of Buddhists: Integrating Concepts from Social Work and Religious Studies
99264,10.1080/15426432.2011.619901,2011,prefix:10.1080,Journal of Religion &amp; Spirituality in Social Work: Social Thought,"1542-6432,1542-6440",True,True,True,True,Why Child Welfare Supervisors Stay
99265,10.1080/15426432.2011.624431,2011,prefix:10.1080,Journal of Religion &amp; Spirituality in Social Work: Social Thought,"1542-6432,1542-6440",True,True,True,True,"Erratum to: Wellness Through a Creative Lens: Mediation and Visualization (The Journal of Religion & Spirituality in Social Work: Social Thought, (2011), 30, 3 "
99266,10.1080/15426432.2011.619896,2011,prefix:10.1080,Journal of Religion &amp; Spirituality in Social Work: Social Thought,"1542-6432,1542-6440",True,True,True,True,Evidence-Based Spiritual Practice: Using Research to Inform the Selection of Spiritual Interventions
99267,10.1080/15426432.2011.587378,2011,prefix:10.1080,Journal of Religion &amp; Spirituality in Social Work: Social Thought,"1542-6432,1542-6440",True,True,True,True,"Introduction: Social work, spirituality, and social practices"
99268,10.1080/15426432.2011.587387,2011,prefix:10.1080,Journal of Religion &amp; Spirituality in Social Work: Social Thought,"1542-6432,1542-6440",True,True,True,True,Challenging anthropocentricism in social work through ethics and spirituality: Lessons from studies in human-animal bonds
99269,10.1080/15426432.2011.587388,2011,prefix:10.1080,Journal of Religion &amp; Spirituality in Social Work: Social Thought,"1542-6432,1542-6440",True,True,True,True,Spirituality and faith-based interventions: Pathways to disaster resilience for african american hurricane katrina survivors
99271,10.1080/15426432.2011.587379,2011,prefix:10.1080,Journal of Religion &amp; Spirituality in Social Work: Social Thought,"1542-6432,1542-6440",True,True,True,True,Exploring how young people living in foster care discuss spiritually sensitive themes in a holistic arts-based group program
99272,10.1080/15426432.2011.587385,2011,prefix:10.1080,Journal of Religion &amp; Spirituality in Social Work: Social Thought,"1542-6432,1542-6440",True,True,True,True,Wellness through a creative lens: Mediation and visualization
99273,10.1080/15426432.2011.587384,2011,prefix:10.1080,Journal of Religion &amp; Spirituality in Social Work: Social Thought,"1542-6432,1542-6440",True,True,True,True,"Mindfulness, self-care, and wellness in social work: Effects of contemplative training"
99274,10.1080/15426432.2011.587386,2011,prefix:10.1080,Journal of Religion &amp; Spirituality in Social Work: Social Thought,"1542-6432,1542-6440",True,True,True,True,Making sense of their world: Aspects of spirituality and subjective well-being of practicing social workers
99275,10.1080/15426432.2011.567113,2011,prefix:10.1080,Journal of Religion &amp; Spirituality in Social Work: Social Thought,"1542-6432,1542-6440",True,True,True,True,Transforming the spirit: Spirituality in the treatment of the African American male perpetrator of intimate partner violence
99276,10.1080/15426432.2011.567115,2011,prefix:10.1080,Journal of Religion &amp; Spirituality in Social Work: Social Thought,"1542-6432,1542-6440",True,True,True,True,Resilience and resistance in professional identity making: Gleanings from the classroom experiences of devout christian social workers
99277,10.1080/15426432.2011.567111,2011,prefix:10.1080,Journal of Religion &amp; Spirituality in Social Work: Social Thought,"1542-6432,1542-6440",True,True,True,True,"Women in AA: ""Sharing experience, strength and hope"" the relational nature of spirituality"
99278,10.1080/15426432.2011.567117,2011,prefix:10.1080,Journal of Religion &amp; Spirituality in Social Work: Social Thought,"1542-6432,1542-6440",True,True,True,True,"Protestant church charity: History, trends, and implications"
99279,10.1080/15426432.2011.567112,2011,prefix:10.1080,Journal of Religion &amp; Spirituality in Social Work: Social Thought,"1542-6432,1542-6440",True,True,True,True,Seeing ourselves in all: A spiritual perspective on the unity of life
99280,10.1080/15426432.2011.542723,2011,prefix:10.1080,Journal of Religion &amp; Spirituality in Social Work: Social Thought,"1542-6432,1542-6440",True,True,True,True,The use of spirituality and kinship as contributors to successful therapy outcomes with African American families
99281,10.1080/15426432.2011.542717,2011,prefix:10.1080,Journal of Religion &amp; Spirituality in Social Work: Social Thought,"1542-6432,1542-6440",True,True,True,True,African American clergy's perceptions of mental health and pastoral care to elder congregants
99282,10.1080/15426432.2011.542710,2011,prefix:10.1080,Journal of Religion &amp; Spirituality in Social Work: Social Thought,"1542-6432,1542-6440",True,True,True,True,Designing strategies for ethno-religious engagement: The curious case of Cuba's Jewish youth
99283,10.1080/15426432.2011.542729,2011,prefix:10.1080,Journal of Religion &amp; Spirituality in Social Work: Social Thought,"1542-6432,1542-6440",True,True,True,True,"Spirituality, religiosity and depressive symptoms among individuals in substance-abuse treatment"
99284,10.1080/15426432.2011.542713,2011,prefix:10.1080,Journal of Religion &amp; Spirituality in Social Work: Social Thought,"1542-6432,1542-6440",True,True,True,True,"How spiritual are social workers? An exploration of social work practitioners' personal spiritual beliefs, attitudes, and practices"
99285,10.1080/15426432.2010.518869,2010,prefix:10.1080,Journal of Religion &amp; Spirituality in Social Work: Social Thought,"1542-6432,1542-6440",True,True,True,True,Spiritual paradigms: A response to concerns within social work in relation to the inclusion of spirituality
99286,10.1080/15426432.2010.518872,2010,prefix:10.1080,Journal of Religion &amp; Spirituality in Social Work: Social Thought,"1542-6432,1542-6440",True,True,True,True,Religion and drug dependency: A comparative study of Malay male Youth in Malaysia
99287,10.1080/15426432.2010.518871,2010,prefix:10.1080,Journal of Religion &amp; Spirituality in Social Work: Social Thought,"1542-6432,1542-6440",True,True,True,True,The safety net and faith-based services
99288,10.1080/15426432.2010.518816,2010,prefix:10.1080,Journal of Religion &amp; Spirituality in Social Work: Social Thought,"1542-6432,1542-6440",True,True,True,True,The relationship between childhood emotional neglect and adult spirituality: An exploratory study
99289,10.1080/15426432.2010.518886,2010,prefix:10.1080,Journal of Religion &amp; Spirituality in Social Work: Social Thought,"1542-6432,1542-6440",True,True,True,True,"Collaboration between victim services and faith organizations: Benefits, challenges, and recommendations"
99290,10.1080/15426432.2010.495610,2010,prefix:10.1080,Journal of Religion &amp; Spirituality in Social Work: Social Thought,"1542-6432,1542-6440",True,True,True,True,The relationship between depression and loneliness among homebound older persons: Does spirituality moderate this Relationship?
99291,10.1080/15426432.2010.495598,2010,prefix:10.1080,Journal of Religion &amp; Spirituality in Social Work: Social Thought,"1542-6432,1542-6440",True,True,True,True,Using spiritually modified cognitive behavioral therapy to help clients wrestling with depression: A promising intervention for some older adults
99292,10.1080/15426432.2010.495604,2010,prefix:10.1080,Journal of Religion &amp; Spirituality in Social Work: Social Thought,"1542-6432,1542-6440",True,True,True,True,The correlate of religion involvement and formal service use among community-dwelling elders: An explorative case of naturally occurring retirement community
99293,10.1080/15426432.2010.495623,2010,prefix:10.1080,Journal of Religion &amp; Spirituality in Social Work: Social Thought,"1542-6432,1542-6440",True,True,True,True,Conceptualizing quality of life among older adults in guardianship: Guardians and elder law attorneys talk about QOL and spirituality
99294,10.1080/15426432.2010.495632,2010,prefix:10.1080,Journal of Religion &amp; Spirituality in Social Work: Social Thought,"1542-6432,1542-6440",True,True,True,True,Social work and religious diversity: Problems and possibilities
99295,10.1080/15426431003708287,2010,prefix:10.1080,Journal of Religion &amp; Spirituality in Social Work: Social Thought,"1542-6432,1542-6440",True,True,True,True,Spiritual abuse and neglect of youth: Reconceptualizing what is known through an investigation of practitioners' experiences
99296,10.1080/15426431003708170,2010,prefix:10.1080,Journal of Religion &amp; Spirituality in Social Work: Social Thought,"1542-6432,1542-6440",True,True,True,True,Religious involvement and depression among Korean young adults in the United States
99297,10.1080/15426431003708311,2010,prefix:10.1080,Journal of Religion &amp; Spirituality in Social Work: Social Thought,"1542-6432,1542-6440",True,True,True,True,Therapeutic interventions with immigrant muslim families in the United States
99298,10.1080/15426431003708220,2010,prefix:10.1080,Journal of Religion &amp; Spirituality in Social Work: Social Thought,"1542-6432,1542-6440",True,True,True,True,Domestic violence survivors: Spirituality and social support
99299,10.1080/15426431003708253,2010,prefix:10.1080,Journal of Religion &amp; Spirituality in Social Work: Social Thought,"1542-6432,1542-6440",True,True,True,True,Bridging pastoral counseling and social work practice: An exploratory study of pastors' perceptions of and responses to intimate partner violence
99300,10.1080/15426430903479262,2010,prefix:10.1080,Journal of Religion &amp; Spirituality in Social Work: Social Thought,"1542-6432,1542-6440",True,True,True,True,Predictors of the importance of spiritual and religious beliefs among university students
99301,10.1080/15426430903479247,2010,prefix:10.1080,Journal of Religion &amp; Spirituality in Social Work: Social Thought,"1542-6432,1542-6440",True,True,True,True,Exploring spiritual well-being among survivors of colorectal and lung cancer
99302,10.1080/15426430903479213,2010,prefix:10.1080,Journal of Religion &amp; Spirituality in Social Work: Social Thought,"1542-6432,1542-6440",True,True,True,True,Spirituality and quality of life for Chinese people with severe mental illness
99303,10.1080/15426430903479270,2010,prefix:10.1080,Journal of Religion &amp; Spirituality in Social Work: Social Thought,"1542-6432,1542-6440",True,True,True,True,Who is welcoming the stranger? exploring faith-based service provision to refugees in Philadelphia
99304,10.1080/15426430903479254,2010,prefix:10.1080,Journal of Religion &amp; Spirituality in Social Work: Social Thought,"1542-6432,1542-6440",True,True,True,True,Challenging assumptions: Clergy perspectives and practices regarding intimate partner violence
99305,10.1080/15426430903263310,2009,prefix:10.1080,Journal of Religion &amp; Spirituality in Social Work: Social Thought,"1542-6432,1542-6440",True,True,True,True,The difference of faith: The influence of faith in human service programs
99306,10.1080/15426430903263260,2009,prefix:10.1080,Journal of Religion &amp; Spirituality in Social Work: Social Thought,"1542-6432,1542-6440",True,True,True,True,Meditation as a coping intervention for treatment of addiction
99307,10.1080/15426430903263153,2009,prefix:10.1080,Journal of Religion &amp; Spirituality in Social Work: Social Thought,"1542-6432,1542-6440",True,True,True,True,Exploring the relationship between religiosity and political ideology among social workers
99308,10.1080/15426430903263229,2009,prefix:10.1080,Journal of Religion &amp; Spirituality in Social Work: Social Thought,"1542-6432,1542-6440",True,True,True,True,"Adolescent religious motivation, family functioning, and empathic concern"
99309,10.1080/15426430903263161,2009,prefix:10.1080,Journal of Religion &amp; Spirituality in Social Work: Social Thought,"1542-6432,1542-6440",True,True,True,True,Seeking our place in the web of life: Animals and human spirituality
99310,10.1080/15426430903070228,2009,prefix:10.1080,Journal of Religion &amp; Spirituality in Social Work: Social Thought,"1542-6432,1542-6440",True,True,True,True,Developing a scale to measure social workers' integration of spirituality in the workplace
99311,10.1080/15426430903070194,2009,prefix:10.1080,Journal of Religion &amp; Spirituality in Social Work: Social Thought,"1542-6432,1542-6440",True,True,True,True,Spirituality as a strength of Afican-American women affected by welfare reform
99312,10.1080/15426430903070251,2009,prefix:10.1080,Journal of Religion &amp; Spirituality in Social Work: Social Thought,"1542-6432,1542-6440",True,True,True,True,The emergence of formalized salvation army addictions treatment
99313,10.1080/15426430903070236,2009,prefix:10.1080,Journal of Religion &amp; Spirituality in Social Work: Social Thought,"1542-6432,1542-6440",True,True,True,True,Social work research on faith-based programs: A movement towards evidence-based practice
99314,10.1080/15426430903070210,2009,prefix:10.1080,Journal of Religion &amp; Spirituality in Social Work: Social Thought,"1542-6432,1542-6440",True,True,True,True,Stress and coping with a professional challenge in entering masters of social work students: The role of self-compassion
99315,10.1080/15426430802643604,2009,prefix:10.1080,Journal of Religion &amp; Spirituality in Social Work: Social Thought,"1542-6432,1542-6440",True,True,True,True,"Religious resurgence, human survival, and global religious social work"
99316,10.1080/15426430802644198,2009,prefix:10.1080,Journal of Religion &amp; Spirituality in Social Work: Social Thought,"1542-6432,1542-6440",True,True,True,True,Spirituality: What we can teach and how we can teach it
99317,10.1080/15426430802643653,2009,prefix:10.1080,Journal of Religion &amp; Spirituality in Social Work: Social Thought,"1542-6432,1542-6440",True,True,True,True,Spirituality: A road to mental health or mental illness
99318,10.1080/15426430802643570,2009,prefix:10.1080,Journal of Religion &amp; Spirituality in Social Work: Social Thought,"1542-6432,1542-6440",True,True,True,True,"Sexuality, religion, and authority: Toward reframing estrangement"
99319,10.1080/15426430802643687,2009,prefix:10.1080,Journal of Religion &amp; Spirituality in Social Work: Social Thought,"1542-6432,1542-6440",True,True,True,True,Ethical issues in the use of spiritually based interventions in social work practice: What are we doing and why
99320,10.1080/15426430802644172,2009,prefix:10.1080,Journal of Religion &amp; Spirituality in Social Work: Social Thought,"1542-6432,1542-6440",True,True,True,True,Religious discrimination in social work academic programs: Whither social justice?
99321,10.1080/15426430802644214,2009,prefix:10.1080,Journal of Religion &amp; Spirituality in Social Work: Social Thought,"1542-6432,1542-6440",True,True,True,True,Overcoming a fear of religion in social work education and practice
99322,10.1080/15426430802643273,2009,prefix:10.1080,Journal of Religion &amp; Spirituality in Social Work: Social Thought,"1542-6432,1542-6440",True,True,True,True,Section one: Conceptual and theoretical issues
99323,10.1080/15426430802644289,2009,prefix:10.1080,Journal of Religion &amp; Spirituality in Social Work: Social Thought,"1542-6432,1542-6440",True,True,True,True,Concluding remarks
99324,10.1080/15426430802644255,2009,prefix:10.1080,Journal of Religion &amp; Spirituality in Social Work: Social Thought,"1542-6432,1542-6440",True,True,True,True,Expanding diversity in social work discourse: Exploring the possibility of a theistic perspective
99325,10.1080/15426430802643281,2009,prefix:10.1080,Journal of Religion &amp; Spirituality in Social Work: Social Thought,"1542-6432,1542-6440",True,True,True,True,Secular privilege: Deconstructing the invisible rose-tinted sunglasses
99326,10.1080/15426430802643638,2009,prefix:10.1080,Journal of Religion &amp; Spirituality in Social Work: Social Thought,"1542-6432,1542-6440",True,True,True,True,Section two: Practice and policy issues
99327,10.1080/15426430802644263,2009,prefix:10.1080,Journal of Religion &amp; Spirituality in Social Work: Social Thought,"1542-6432,1542-6440",True,True,True,True,"Religion and social work: An analysis of faith traditions, themes, and global North/South"
99328,10.1080/15426430802643208,2009,prefix:10.1080,Journal of Religion &amp; Spirituality in Social Work: Social Thought,"1542-6432,1542-6440",True,True,True,True,"Introduction: Controversial issues in religion, spirituality, and social work"
99329,10.1080/15426430802643315,2009,prefix:10.1080,Journal of Religion &amp; Spirituality in Social Work: Social Thought,"1542-6432,1542-6440",True,True,True,True,The inevitable conflict between religious and social work values
99330,10.1080/15426430802644164,2009,prefix:10.1080,Journal of Religion &amp; Spirituality in Social Work: Social Thought,"1542-6432,1542-6440",True,True,True,True,Section three: Educational issues
99331,10.1080/15426430802644156,2009,prefix:10.1080,Journal of Religion &amp; Spirituality in Social Work: Social Thought,"1542-6432,1542-6440",True,True,True,True,The use of complementary and alternative interventions as a holistic approach with older adults
99332,10.1080/15426430802644230,2009,prefix:10.1080,Journal of Religion &amp; Spirituality in Social Work: Social Thought,"1542-6432,1542-6440",True,True,True,True,Section four: Research issues
99333,10.1080/15426430802114051,2008,prefix:10.1080,Journal of Religion &amp; Spirituality in Social Work: Social Thought,"1542-6432,1542-6440",True,True,True,True,The buffering effect of self-detachment against emotional exhaustion among social work students
99334,10.1080/15426430802113988,2008,prefix:10.1080,Journal of Religion &amp; Spirituality in Social Work: Social Thought,"1542-6432,1542-6440",True,True,True,True,Applying the generalist model of social work practice for a Catholic church parish team
99335,10.1080/15426430802113723,2008,prefix:10.1080,Journal of Religion &amp; Spirituality in Social Work: Social Thought,"1542-6432,1542-6440",True,True,True,True,Who Am I? An essay on inclusion and spiritual growth through community and mutual appreciation
99336,10.1080/15426430802113764,2008,prefix:10.1080,Journal of Religion &amp; Spirituality in Social Work: Social Thought,"1542-6432,1542-6440",True,True,True,True,Introduction
99337,10.1080/15426430802114200,2008,prefix:10.1080,Journal of Religion &amp; Spirituality in Social Work: Social Thought,"1542-6432,1542-6440",True,True,True,True,"Transforming social work's understanding of person and environment: Spirituality and the ""common ground"""
99339,10.1080/15426430802114101,2008,prefix:10.1080,Journal of Religion &amp; Spirituality in Social Work: Social Thought,"1542-6432,1542-6440",True,True,True,True,A visit to Narnia: Stories for social work education and practice
99340,10.1080/15426430802202153,2008,prefix:10.1080,Journal of Religion &amp; Spirituality in Social Work: Social Thought,"1542-6432,1542-6440",True,True,True,True,What predicts mental health in religious and nonreligious social work students?
99341,10.1080/15426430802202187,2008,prefix:10.1080,Journal of Religion &amp; Spirituality in Social Work: Social Thought,"1542-6432,1542-6440",True,True,True,True,Coping with breast cancer at the nexus of religiosity and Hawaiian culture: Perspectives of native Hawaiian survivors and family members
99342,10.1080/15426430802114234,2008,prefix:10.1080,Journal of Religion &amp; Spirituality in Social Work: Social Thought,"1542-6432,1542-6440",True,True,True,True,Orthodox vs. progressive: An invitation to transform professional consciousness
99343,10.1080/15426430802202146,2008,prefix:10.1080,Journal of Religion &amp; Spirituality in Social Work: Social Thought,"1542-6432,1542-6440",True,True,True,True,Religiosity and spirituality among members of an African American church community: A qualitative analysis
99344,10.1080/15426430802113780,2008,prefix:10.1080,Journal of Religion &amp; Spirituality in Social Work: Social Thought,"1542-6432,1542-6440",True,True,True,True,Stressful life experiences and the roles of spirituality among people with a history of substance abuse and incarceration
99345,10.1080/15426430802113913,2008,prefix:10.1080,Journal of Religion &amp; Spirituality in Social Work: Social Thought,"1542-6432,1542-6440",True,True,True,True,Mindful social work: From theory to practice
99347,10.1080/15426430802202179,2008,prefix:10.1080,Journal of Religion &amp; Spirituality in Social Work: Social Thought,"1542-6432,1542-6440",True,True,True,True,Contemplative theory and practice for social work
99349,10.1080/15426430802202203,2008,prefix:10.1080,Journal of Religion &amp; Spirituality in Social Work: Social Thought,"1542-6432,1542-6440",True,True,True,True,Promoting tolerance: The imago Dei as an imperative for Christian social workers
99350,10.1080/15426430802113814,2008,prefix:10.1080,Journal of Religion &amp; Spirituality in Social Work: Social Thought,"1542-6432,1542-6440",True,True,True,True,Spirituality and transcendent meaning making: Possibilities for enhancing posttraumatic growth
99351,10.1080/15426430802113749,2008,prefix:10.1080,Journal of Religion &amp; Spirituality in Social Work: Social Thought,"1542-6432,1542-6440",True,True,True,True,Spiritual connections in social work: Boundary violations and transcendence
99352,10.1080/15426430802347313,2008,prefix:10.1080,Journal of Religion &amp; Spirituality in Social Work: Social Thought,"1542-6432,1542-6440",True,True,True,True,Client spirituality and substance abuse treatment outcomes
99353,10.1080/15426430802345309,2008,prefix:10.1080,Journal of Religion &amp; Spirituality in Social Work: Social Thought,"1542-6432,1542-6440",True,True,True,True,Rhetorical footing in Latter-Day Saints counseling
99354,10.1080/15426430802347297,2008,prefix:10.1080,Journal of Religion &amp; Spirituality in Social Work: Social Thought,"1542-6432,1542-6440",True,True,True,True,Catholic charities' neighbor to neighbor: Preliminary findings of a faith-based initiative
99355,10.1080/15426430802345317,2008,prefix:10.1080,Journal of Religion &amp; Spirituality in Social Work: Social Thought,"1542-6432,1542-6440",True,True,True,True,Intimate partner violence in the evangelical community: Faith-based interventions and implications for practice
99356,10.1080/15426430802347347,2008,prefix:10.1080,Journal of Religion &amp; Spirituality in Social Work: Social Thought,"1542-6432,1542-6440",True,True,True,True,Variation in personal competence and mental health between entering and graduating MSW students: The contribution of mindfulness
99357,10.1300/j377v26n04_01,2007,series:J377,Journal of Religion &amp; Spirituality in Social Work: Social Thought,"1542-6432,1542-6440",True,True,True,True,Faith-based social services: The challenges of providing assistance
99358,10.1300/j377v26n04_03,2007,series:J377,Journal of Religion &amp; Spirituality in Social Work: Social Thought,"1542-6432,1542-6440",True,True,True,True,Spiritual interventions in substance abuse treatment and prevention: A review of the literature
99359,10.1300/j377v26n04_05,2007,series:J377,Journal of Religion &amp; Spirituality in Social Work: Social Thought,"1542-6432,1542-6440",True,True,True,True,On our own: Social workers talk about spiritually-sensitive practice within an organizational context
99360,10.1300/j377v26n04_02,2007,series:J377,Journal of Religion &amp; Spirituality in Social Work: Social Thought,"1542-6432,1542-6440",True,True,True,True,One woman's life journey: A case study of spirituality and activism
99361,10.1300/j377v26n03_03,2007,series:J377,Journal of Religion &amp; Spirituality in Social Work: Social Thought,"1542-6432,1542-6440",True,True,True,True,The cultivation of social workers' hope in personal life and professional practice
99362,10.1300/j377v26n03_04,2007,series:J377,Journal of Religion &amp; Spirituality in Social Work: Social Thought,"1542-6432,1542-6440",True,True,True,True,"Lavender faith: Religion, spirituality and identity in lesbian, gay and bisexual New Zealanders"
99363,10.1300/j377v26n03_02,2007,series:J377,Journal of Religion &amp; Spirituality in Social Work,"1542-6432,1542-6440",True,True,True,True,Integrating faith matters in social work education
99364,10.1300/j377v26n03_05,2007,series:J377,Journal of Religion &amp; Spirituality in Social Work,"1542-6432,1542-6440",True,True,True,True,Catholic social thought and the caring professions: Social work
99365,10.1300/j377v26n03_01,2007,series:J377,Journal of Religion &amp; Spirituality in Social Work: Social Thought,"1542-6432,1542-6440",True,True,True,True,The role of religion and spirituality in working with children and adolescents: Results of a national survey
99366,10.1300/j377v26n02_04,2007,series:J377,Journal of Religion &amp; Spirituality in Social Work: Social Thought,"1542-6432,1542-6440",True,True,True,True,William Wilberforce and Thomas Chalmers: Development of evangelical Christian thought and practices into methodical charities
99367,10.1300/j377v26n02_05,2007,series:J377,Journal of Religion &amp; Spirituality in Social Work: Social Thought,"1542-6432,1542-6440",True,True,True,True,Religious discrimination and ethical compliance: Exploring perceptions among a professionally affiliated sample of graduate students
99368,10.1300/j377v26n02_01,2007,series:J377,Journal of Religion &amp; Spirituality in Social Work: Social Thought,"1542-6432,1542-6440",True,True,True,True,"Integrating spirituality, faith, and social justice in social work practice and education: A pilot study"
99369,10.1300/j377v26n02_02,2007,series:J377,Journal of Religion &amp; Spirituality in Social Work: Social Thought,"1542-6432,1542-6440",True,True,True,True,A model of spiritual transformation of Baalei Teshuvah
99370,10.1300/j377v26n02_03,2007,series:J377,Journal of Religion &amp; Spirituality in Social Work: Social Thought,"1542-6432,1542-6440",True,True,True,True,Meditation: The adoption of Eastern thought to Western social practices
99371,10.1300/j377v26n01_03,2007,series:J377,Journal of Religion &amp; Spirituality in Social Work: Social Thought,"1542-6432,1542-6440",True,True,True,True,Spiritual transformations in clinical relationships between social workers and individuals living with disabilities
99372,10.1300/j377v26n01_05,2007,series:J377,Journal of Religion &amp; Spirituality in Social Work: Social Thought,"1542-6432,1542-6440",True,True,True,True,Ethical decision-making in the helping profession: A contextual and caring approach
99373,10.1300/j377v26n01_02,2007,series:J377,Journal of Religion &amp; Spirituality in Social Work: Social Thought,"1542-6432,1542-6440",True,True,True,True,Comparing women's roles in two faith-based communities with implications for value-based practice
99374,10.1300/j377v26n01_01,2007,series:J377,Journal of Religion &amp; Spirituality in Social Work,"1542-6432,1542-6440",True,True,True,True,"Making the connection: Spirituality, trauma and resiliency"
99375,10.1300/j377v26n01_04,2007,series:J377,Journal of Religion &amp; Spirituality in Social Work: Social Thought,"1542-6432,1542-6440",True,True,True,True,Social workers' personal spiritual characteristics and their conceptualizations of spirituality and religion: A mixed method study
99376,10.1300/j377v26n04_04,2007,series:J377,Journal of Religion &amp; Spirituality in Social Work: Social Thought,"1542-6432,1542-6440",True,True,True,True,The sweat lodge ceremony for spiritual healing
99377,10.1300/j377v25n02_05,2006,series:J377,Journal of Religion &amp; Spirituality in Social Work: Social Thought,"1542-6432,1542-6440",True,True,True,True,The use of spiritual-focused coping among working-class black women
99378,10.1300/j377v25n02_02,2006,series:J377,Journal of Religion &amp; Spirituality in Social Work: Social Thought,"1542-6432,1542-6440",True,True,True,True,Diverse sociopolitical reactions to the 9/11 attack and associations with religious coping
99379,10.1300/j377v25n02_04,2006,series:J377,Journal of Religion &amp; Spirituality in Social Work: Social Thought,"1542-6432,1542-6440",True,True,True,True,"Factors affecting subjective well-being for rural elderly individuals: The importance of spirituality, religiousness, and social support"
99380,10.1300/j377v25n02_01,2006,series:J377,Journal of Religion &amp; Spirituality in Social Work: Social Thought,"1542-6432,1542-6440",True,True,True,True,Do conceptualizations of spirituality and religion affect perceptions of compliance with the ethical standards that address religion? An exploratory study
99381,10.1300/j377v25n02_03,2006,series:J377,Journal of Religion &amp; Spirituality in Social Work: Social Thought,"1542-6432,1542-6440",True,True,True,True,It kind of made me feel important: Client reflections on faith-based social services
99382,10.1300/j377v25n03_16,2006,series:J377,Journal of Religion &amp; Spirituality in Social Work: Social Thought,"1542-6432,1542-6440",True,True,True,True,Concluding remarks: Common findings and challenges
99383,10.1300/j377v25n03_14,2006,series:J377,Journal of Religion &amp; Spirituality in Social Work: Social Thought,"1542-6432,1542-6440",True,True,True,True,Assessing the effectiveness of faith-based programs: A local network perspective
99384,10.1300/j377v25n03_03,2006,series:J377,Journal of Religion &amp; Spirituality in Social Work: Social Thought,"1542-6432,1542-6440",True,True,True,True,Finding congregations: Developing conceptual clarity in the study of faith-based social services
99385,10.1300/j377v25n03_09,2006,series:J377,Journal of Religion &amp; Spirituality in Social Work: Social Thought,"1542-6432,1542-6440",True,True,True,True,How do they fit? Assessing the role of faith-based organizations in social service provision
99386,10.1300/j377v25n03_04,2006,series:J377,Journal of Religion &amp; Spirituality in Social Work: Social Thought,"1542-6432,1542-6440",True,True,True,True,"Detecting and decomposing the ""Faith Factor"" in social-service provision and absorption"
99387,10.1300/j377v25n03_13,2006,series:J377,Journal of Religion &amp; Spirituality in Social Work: Social Thought,"1542-6432,1542-6440",True,True,True,True,Evaluating the effectiveness of faith-based welfare agencies: Methodological challenges and possibilities
99388,10.1300/j377v25n03_12,2006,series:J377,Journal of Religion &amp; Spirituality in Social Work: Social Thought,"1542-6432,1542-6440",True,True,True,True,A faith-based alternative youth education program: Evaluating a participatory research approach
99389,10.1300/j377v25n03_10,2006,series:J377,Journal of Religion &amp; Spirituality in Social Work: Social Thought,"1542-6432,1542-6440",True,True,True,True,Investigating the implementation of charitable choice
99390,10.1300/j377v25n03_15,2006,series:J377,Journal of Religion &amp; Spirituality in Social Work: Social Thought,"1542-6432,1542-6440",True,True,True,True,Belief systems in faith-based human service programs
99391,10.1300/j377v25n03_07,2006,series:J377,Journal of Religion &amp; Spirituality in Social Work: Social Thought,"1542-6432,1542-6440",True,True,True,True,Testing faith: Improving the evidence base on faith-based human services
99392,10.1300/j377v25n03_05,2006,series:J377,Journal of Religion &amp; Spirituality in Social Work: Social Thought,"1542-6432,1542-6440",True,True,True,True,Faith-based programs and the role of empirical research
99393,10.1300/j377v25n03_02,2006,series:J377,Journal of Religion &amp; Spirituality in Social Work: Social Thought,"1542-6432,1542-6440",True,True,True,True,Setting the context: Assessing the effectiveness of faith-based social services
99394,10.1300/j377v25n03_06,2006,series:J377,Journal of Religion &amp; Spirituality in Social Work: Social Thought,"1542-6432,1542-6440",True,True,True,True,Social service research and religion: Thoughts about how to measure intervention-based impact
99395,10.1300/j377v25n01_06,2006,series:J377,Journal of Religion &amp; Spirituality in Social Work: Social Thought,"1542-6432,1542-6440",True,True,True,True,Spirituality and ethics in long-term care
99397,10.1300/j377v25n01_02,2006,series:J377,Journal of Religion &amp; Spirituality in Social Work: Social Thought,"1542-6432,1542-6440",True,True,True,True,Spirituality in violent and substance-abusing African American men: An untapped resource for healing
99398,10.1300/j377v25n01_04,2006,series:J377,Journal of Religion &amp; Spirituality in Social Work: Social Thought,"1542-6432,1542-6440",True,True,True,True,Risk management for catholic priests in the United States: A new demand from the code of pastoral conduct
99399,10.1300/j377v25n01_05,2006,series:J377,Journal of Religion &amp; Spirituality in Social Work: Social Thought,"1542-6432,1542-6440",True,True,True,True,Personal religiosity and spirituality associated with social work practitioners' use of religious-based intervention practices
99400,10.1300/j377v25n01_03,2006,series:J377,Journal of Religion &amp; Spirituality in Social Work: Social Thought,"1542-6432,1542-6440",True,True,True,True,A comparison of the integration experiences of two african immigrant populations in a rural community
99401,10.1300/j377v24n04_06,2006,series:J377,Journal of Religion &amp; Spirituality in Social Work: Social Thought,"1542-6432,1542-6440",True,True,True,True,"Social work, spirituality, and diasporic communities: The case of the Sathya Sai Baba movement"
99402,10.1300/j377v24n04_03,2006,series:J377,Journal of Religion &amp; Spirituality in Social Work: Social Thought,"1542-6432,1542-6440",True,True,True,True,Spirituality and religion in the lives of runaway and homeless youth: Coping with adversity
99403,10.1300/j377v24n04_02,2006,series:J377,Journal of Religion &amp; Spirituality in Social Work: Social Thought,"1542-6432,1542-6440",True,True,True,True,Religion and spirituality at the border: A survey of Mexican-American social work students
99404,10.1300/j377v24n04_07,2006,series:J377,Journal of Religion &amp; Spirituality in Social Work: Social Thought,"1542-6432,1542-6440",True,True,True,True,Who is a Jew?
99405,10.1300/j377v24n04_05,2006,series:J377,Journal of Religion &amp; Spirituality in Social Work: Social Thought,"1542-6432,1542-6440",True,True,True,True,Religious discrimination in social work: Preliminary evidence
99407,10.1300/j377v24n04_04,2006,series:J377,Journal of Religion &amp; Spirituality in Social Work: Social Thought,"1542-6432,1542-6440",True,True,True,True,What's in it for me? Rational choice theory and religion
99408,10.1300/j377v25n03_11,2006,series:J377,Journal of Religion &amp; Spirituality in Social Work: Social Thought,"1542-6432,1542-6440",True,True,True,True,The effectiveness of faith-based welfare-to-work programs: A story of specialization
99409,10.1300/j377v25n03_08,2006,series:J377,Journal of Religion &amp; Spirituality in Social Work: Social Thought,"1542-6432,1542-6440",True,True,True,True,Introduction
99411,10.1300/j377v24n03_04,2005,series:J377,Journal of Religion &amp; Spirituality in Social Work: Social Thought,"1542-6432,1542-6440",True,True,True,True,Religiousness and adolescent behaviors: A comparison of boys and girls
99412,10.1300/j377v24n03_06,2005,series:J377,Journal of Religion &amp; Spirituality in Social Work: Social Thought,"1542-6432,1542-6440",True,True,True,True,Social work and kanadier mennonites: Challenges and rewards
99413,10.1300/j377v24n03_02,2005,series:J377,Journal of Religion &amp; Spirituality in Social Work,"1542-6432,1542-6440",True,True,True,True,Clergy members as responders to victims of sexual abuse and assault
99414,10.1300/j377v24n03_05,2005,series:J377,Journal of Religion &amp; Spirituality in Social Work: Social Thought,"1542-6432,1542-6440",True,True,True,True,Building a faith-based human service agency: A view from the inside
99416,10.1300/j377v24n03_03,2005,series:J377,Journal of Religion &amp; Spirituality in Social Work: Social Thought,"1542-6432,1542-6440",True,True,True,True,Issues of divine healing in psychotherapy: Opening a dialog
99417,10.1300/j377v24n01_07,2005,series:J377,Journal of Religion &amp; Spirituality in Social Work,"1542-6432,1542-6440",True,True,True,True,Collaborative responses to the demands of emerging human needs: The role of faith and spirituality in education for social work
99418,10.1300/j377v24n01_08,2005,series:J377,Journal of Religion &amp; Spirituality in Social Work: Social Thought,"1542-6432,1542-6440",True,True,True,True,Integrating religion and social work in dual degree programs
99419,10.1300/j377v24n01_09,2005,series:J377,Journal of Religion &amp; Spirituality in Social Work,"1542-6432,1542-6440",True,True,True,True,Teaching about organized religion in social work: Lessons and challenges
99420,10.1300/j377v24n01_02,2005,series:J377,Journal of Religion &amp; Spirituality in Social Work,"1542-6432,1542-6440",True,True,True,True,"The regeneration of ecological, societal, and spiritual life: The holistic postmodern mission of humanity in the newly emerging planetary civilization"
99421,10.1300/j377v24n01_05,2005,series:J377,Journal of Religion &amp; Spirituality in Social Work,"1542-6432,1542-6440",True,True,True,True,The role of religion and spirituality in clinical social work: Creating a space for integration in msw/mdiv joint programs
99422,10.1300/j377v24n01_10,2005,series:J377,Journal of Religion &amp; Spirituality in Social Work: Social Thought,"1542-6432,1542-6440",True,True,True,True,Does a dual degree make a difference in social work: An empirical study
99423,10.1300/j377v24n01_12,2005,series:J377,Journal of Religion &amp; Spirituality in Social Work,"1542-6432,1542-6440",True,True,True,True,Conclusion: Current state of social work and divinity dual degree programs
99424,10.1300/j377v24n01_06,2005,series:J377,Journal of Religion &amp; Spirituality in Social Work,"1542-6432,1542-6440",True,True,True,True,The diaconate as dual-skilled ministry: A proposal in support of dual degree programs for formation
99425,10.1300/j377v24n01_11,2005,series:J377,Journal of Religion &amp; Spirituality in Social Work,"1542-6432,1542-6440",True,True,True,True,Clinical pastoral education (CPE) and the professional identity of the dual degrees student
99426,10.1300/j377v24n01_04,2005,series:J377,Journal of Religion &amp; Spirituality in Social Work,"1542-6432,1542-6440",True,True,True,True,"Issues, components, and theoretical considerations in the integration of divinity and social work curricula"
99427,10.1300/j377v24n01_01,2005,series:J377,Journal of Religion &amp; Spirituality in Social Work,"1542-6432,1542-6440",True,True,True,True,Social work and divinity: Directions for joining these disciplines in dual degree programs
99428,10.1300/j377v24n01_03,2005,series:J377,Journal of Religion &amp; Spirituality in Social Work: Social Thought,"1542-6432,1542-6440",True,True,True,True,Developing compassionate communities through the power of caregiving relationships
99429,10.1300/j377v23n04_03,2004,series:J377,Journal of Religion &amp; Spirituality in Social Work: Social Thought,"1542-6432,1542-6440",True,True,True,True,"Impact of social work spirituality courses on student attitudes, values, and spiritual wellness"
99431,10.1300/j377v23n04_06,2004,series:J377,Journal of Religion &amp; Spirituality in Social Work,"1542-6432,1542-6440",True,True,True,True,"Shaping street-children organizations across the americas: The influence of political, social, and cultural contexts on covenant house and casa alianza"
99432,10.1300/j377v23n04_05,2004,series:J377,Journal of Religion &amp; Spirituality in Social Work: Social Thought,"1542-6432,1542-6440",True,True,True,True,"Spirituality, religion, and social work: An effort towards interdisciplinary conversation"
99433,10.1300/j377v23n04_07,2004,series:J377,Journal of Religion &amp; Spirituality in Social Work: Social Thought,"1542-6432,1542-6440",True,True,True,True,Restorative justice: A model for personal and societal empowerment
99434,10.1300/j377v23n04_02,2004,series:J377,Journal of Religion &amp; Spirituality in Social Work,"1542-6432,1542-6440",True,True,True,True,Predicting the use of spiritually-derived interventions in social work practice: A survey of practitioners
99435,10.1300/j377v23n04_04,2004,series:J377,Journal of Religion &amp; Spirituality in Social Work: Social Thought,"1542-6432,1542-6440",True,True,True,True,Spirituality and religion in the lives of runaway and homeless youth: Coping with adversity
99436,10.1300/j377v23n03_02,2004,series:J377,Journal of Religion &amp; Spirituality in Social Work,"1542-6432,1542-6440",True,True,True,True,"Spirituality and faith-based social services: Exploring provider values, beliefs, and practices"
99438,10.1300/j377v23n03_04,2004,series:J377,Journal of Religion &amp; Spirituality in Social Work,"1542-6432,1542-6440",True,True,True,True,Spirituality-based social work values for empowering human service organizations
99439,10.1300/j377v23n03_05,2004,series:J377,Journal of Religion &amp; Spirituality in Social Work: Social Thought,"1542-6432,1542-6440",True,True,True,True,Teaching about organized religion in social work: Lessons and challenges
99440,10.1300/j377v23n03_07,2004,series:J377,Journal of Religion &amp; Spirituality in Social Work,"1542-6432,1542-6440",True,True,True,True,Emotional themes in cross-faith encounters among msw students: A qualitative exploration
99441,10.1300/j377v23n03_06,2004,series:J377,Journal of Religion &amp; Spirituality in Social Work: Social Thought,"1542-6432,1542-6440",True,True,True,True,Confidentiality: An ethical dilemma for israeli social workers
99442,10.1300/j377v23n03_03,2004,series:J377,Journal of Religion &amp; Spirituality in Social Work,"1542-6432,1542-6440",True,True,True,True,Women in congregations and social service provisions: Findings from the philadelphia census
99443,10.1300/j377v23n01_02,2004,series:J377,Journal of Religion &amp; Spirituality in Social Work: Social Thought,"1542-6432,1542-6440",True,True,True,True,The social cost of america’s race to incarcerate
99444,10.1300/j377v23n01_07,2004,series:J377,Journal of Religion &amp; Spirituality in Social Work,"1542-6432,1542-6440",True,True,True,True,Emerging issues: The faith communities and the criminal justice system
99445,10.1300/j377v23n01_05,2004,series:J377,Journal of Religion &amp; Spirituality in Social Work,"1542-6432,1542-6440",True,True,True,True,From destruction to reconciliation: The potential of restorative justice
99446,10.1300/j377v23n01_03,2004,series:J377,Journal of Religion &amp; Spirituality in Social Work,"1542-6432,1542-6440",True,True,True,True,Families and the moral economy of incarceration
99447,10.1300/j377v23n01_04,2004,series:J377,Journal of Religion &amp; Spirituality in Social Work,"1542-6432,1542-6440",True,True,True,True,Drug policy: A challenge of values
99448,10.1300/j377v23n01_08,2004,series:J377,Journal of Religion &amp; Spirituality in Social Work,"1542-6432,1542-6440",True,True,True,True,The practice and efficacy of restorative justice
99449,10.1300/j377v23n01_13,2004,series:J377,Journal of Religion &amp; Spirituality in Social Work,"1542-6432,1542-6440",True,True,True,True,Thirty years of cure: The struggle is its own reward
99450,10.1300/j377v23n01_01,2004,series:J377,Journal of Religion &amp; Spirituality in Social Work,"1542-6432,1542-6440",True,True,True,True,Rethinking criminal justice
99451,10.1300/j377v23n01_11,2004,series:J377,Journal of Religion &amp; Spirituality in Social Work: Social Thought,"1542-6432,1542-6440",True,True,True,True,"So tell me, why do women need something different?"
99452,10.1300/j377v23n01_10,2004,series:J377,Journal of Religion &amp; Spirituality in Social Work,"1542-6432,1542-6440",True,True,True,True,Building from the ground up: Strategies for creating safe and just communities
99453,10.1300/j377v23n01_06,2004,series:J377,Journal of Religion &amp; Spirituality in Social Work,"1542-6432,1542-6440",True,True,True,True,Justice that restores: From impersonal to personal justice
99454,10.1300/j377v23n01_09,2004,series:J377,Journal of Religion &amp; Spirituality in Social Work,"1542-6432,1542-6440",True,True,True,True,From fury to forgiveness
99455,10.1300/j377v23n01_12,2004,series:J377,Journal of Religion &amp; Spirituality in Social Work,"1542-6432,1542-6440",True,True,True,True,Social work and criminal justice: The uneasy alliance
