record_id,doi,year,crossref_container,crossref_issn,title_similarity,issn_is_affilia,container_is_affilia,prefix_is_sage,not_social_work_issn,year_agrees,title
96269,10.1177/0886109919894649,2020,Affilia,"0886-1099,1552-3020",1.0,True,True,True,True,True,Implementing Domestic Violence Policy: When Accountability Trumps Mission
96270,10.1177/0886109920965287,2020,Affilia,"0886-1099,1552-3020",1.0,True,True,True,True,True,Still We Resist: Reflections on Our Tenure as Editors-in-Chief
96271,10.1177/0886109919878273,2020,Affilia,"0886-1099,1552-3020",1.0,True,True,True,True,True,Campus Sexual Assault Policies: A Feminist Policy Analysis Framework
96272,10.1177/0886109920936768,2020,Affilia,"0886-1099,1552-3020",1.0,True,True,True,True,True,Poems in the Pandemic
96273,10.1177/0886109919872965,2020,Affilia,"0886-1099,1552-3020",1.0,True,True,True,True,True,The Role of Place in the Lives of Sex Workers: A Sociospatial Analysis of Two International Case Studies
96274,10.1177/0886109920917247,2020,Affilia,"0886-1099,1552-3020",1.0,True,True,True,True,True,Should Journal Rankings Matter? Assigning “Prestige and Quality” in the Neoliberal Academy
96275,10.1177/0886109919873904,2020,Affilia,"0886-1099,1552-3020",1.0,True,True,True,True,True,Women’s Perceptions of Safety After Domestic Violence: Exploring Experiences of a Safety Contact Program
96276,10.1177/0886109919897981,2020,Affilia,"0886-1099,1552-3020",1.0,True,True,True,True,True,Introduction to Special Topic on Anticarceral Feminisms: Imagining a World Without Prisons
96277,10.1177/0886109919872968,2020,Affilia,"0886-1099,1552-3020",1.0,True,True,True,True,True,Representations of Women Subjected to Violence: A Critical Discourse Analysis of Study Guides in Social Work
96278,10.1177/0886109919897576,2020,Affilia,"0886-1099,1552-3020",1.0,True,True,True,True,True,"Resisting Carcerality, Embracing Abolition: Implications for Feminist Social Work Practice"
96279,10.1177/0886109919866152,2020,Affilia,"0886-1099,1552-3020",1.0,True,True,True,True,True,Collisions of the Personal and the Professional: How Frontline Welfare Workers Manage Carceral Citizens
96280,10.1177/0886109919866161,2020,Affilia,"0886-1099,1552-3020",1.0,True,True,True,True,True,"Sexual Assault Survivors Who Exchange Sex: Identity, Stigma, and Informal Responses From Support Providers"
96281,10.1177/0886109919889035,2020,Affilia,"0886-1099,1552-3020",1.0,True,True,True,True,True,Gendered Carceral Logics in Social Work: The Blurred Boundaries in Gender Equality Policies for Imprisoned and Battered Women in Spain
96282,10.1177/0886109919871266,2020,Affilia,"0886-1099,1552-3020",1.0,True,True,True,True,True,"We Can’t Step Back: Women Specially…A Narrative Case Study on Resilience, Independence, and Leadership of a Bhutanese Refugee Woman"
96283,10.1177/0886109919857670,2019,Affilia,"0886-1099,1552-3020",1.0,True,True,True,True,True,Is TANF Truly Accessible and Helpful? Victims’ Experiences With Domestic Violence Screening Under the Family Violence Option
96284,10.1177/0886109919880349,2019,Affilia,"0886-1099,1552-3020",1.0,True,True,True,True,True,Our House Is on Fire: Social Work and the Crisis of Immigration
96285,10.1177/0886109919866158,2019,Affilia,"0886-1099,1552-3020",1.0,True,True,True,True,True,Religious Coping and Challenges Among Displaced Muslim Female Refugees
96286,10.1177/0886109919857699,2019,Affilia,"0886-1099,1552-3020",1.0,True,True,True,True,True,Activism in Southwestern Queer and Trans Young Adults After the Marriage Equality Era
96287,10.1177/0886109919861700,2019,Affilia,"0886-1099,1552-3020",1.0,True,True,True,True,True,A Green New Deal for Social Work
96288,10.1177/0886109919832005,2019,Affilia,"0886-1099,1552-3020",1.0,True,True,True,True,True,Digital Media as a Context for Dating Abuse: Connecting Adaptive and Maladaptive Coping Strategies to Young Adult Women’s Well-Being
96289,10.1177/0886109919847482,2019,Affilia,"0886-1099,1552-3020",1.0,True,True,True,True,True,The Gender By Us® Toolkit: A Pilot Study of an Intervention to Disrupt Implicit Gender Bias
96290,10.1177/0886109919837918,2019,Affilia,"0886-1099,1552-3020",1.0,True,True,True,True,True,Naming White Supremacy in the Social Work Curriculum
96291,10.1177/0886109919851142,2019,Affilia,"0886-1099,1552-3020",1.0,True,True,True,True,True,Experiences of Economic Abuse in the Community: Listening to Survivor Voices
96292,10.1177/0886109919848750,2019,Affilia,"0886-1099,1552-3020",1.0,True,True,True,True,True,Invisible Practices: Interventions With Men Who Use Violence and Control
96293,10.1177/0886109918806272,2019,Affilia,"0886-1099,1552-3020",1.0,True,True,True,True,True,A Women-Centric Approach: Key to Satisfaction With Agency Services
96294,10.1177/0886109919836825,2019,Affilia,"0886-1099,1552-3020",1.0,True,True,True,True,True,Speaking of Women’s Depression and the Politics of Emotion
96295,10.1177/0886109918806278,2019,Affilia,"0886-1099,1552-3020",1.0,True,True,True,True,True,"“Mi’jita, What for?” Exploring Bicultural Identity of Latina/Chicana Faculty and Implications for Supporting Latinx Students in Social Work"
96296,10.1177/0886109918818078,2019,Affilia,"0886-1099,1552-3020",1.0,True,True,True,True,True,"Gender, Everyday Resistance and Bodily Integrity: Women’s Lives on Delhi Streets"
96297,10.1177/0886109918803646,2019,Affilia,"0886-1099,1552-3020",1.0,True,True,True,True,True,Reproductive Justice and the Social Work Profession: Common Grounds and Current Trends
96298,10.1177/0886109918796241,2019,Affilia,"0886-1099,1552-3020",1.0,True,True,True,True,True,Claiming Space: Implications of Girls’ Access to Space in a Haitian Residential Care Facility
96299,10.1177/0886109918766659,2018,Affilia,"0886-1099,1552-3020",1.0,True,True,True,True,True,Family Mediation in Child Custody Cases and the Concealment of Domestic Violence
96300,10.1177/0886109918778075,2018,Affilia,"0886-1099,1552-3020",1.0,True,True,True,True,True,Survivor or Laborer: How Human Service Managers Perceive Sex Workers?
96301,10.1177/0886109918802668,2018,Affilia,"0886-1099,1552-3020",0.75,True,True,True,True,True,"Corrigendum to: The power of money in gender relations from a Chilean mining culture., (Affilia: Journal of Women and Social Work, (2017), 32, (344–358), 10.1177/0886109916689784)"
96302,10.1177/0886109918778064,2018,Affilia,"0886-1099,1552-3020",1.0,True,True,True,True,True,Long-Term Housing and Intimate Partner Violence: Journeys to Healing
96303,10.1177/0886109918778073,2018,Affilia,"0886-1099,1552-3020",1.0,True,True,True,True,True,“You Look Fine!”: Ableist Experiences by People With Invisible Disabilities
96304,10.1177/0886109918778057,2018,Affilia,"0886-1099,1552-3020",1.0,True,True,True,True,True,Same-Sex Family Networks and Groups: Meanings and Functions
96305,10.1177/0886109918762492,2018,Affilia,"0886-1099,1552-3020",1.0,True,True,True,True,True,Toxic Masculinity and Mental Health in Young Women: An Analysis of 13 Reasons Why
96306,10.1177/0886109918762518,2018,Affilia,"0886-1099,1552-3020",1.0,True,True,True,True,True,"Settler Feminism, Race Making, and Early Social Work in Canada"
96307,10.1177/0886109918786141,2018,Affilia,"0886-1099,1552-3020",1.0,True,True,True,True,True,Feeding the Scyborgs in Social Work: Enduring Commitments That Sustain
96308,10.1177/0886109918762563,2018,Affilia,"0886-1099,1552-3020",1.0,True,True,True,True,True,Coping Strategies of Economically Destitute Women Who Acquired HIV Through Paid Blood and Plasma Collections in Rural China
96309,10.1177/0886109917747615,2018,Affilia,"0886-1099,1552-3020",1.0,True,True,True,True,True,"Diversity, Pay Equity, and Pay in Social Work and Other Professions"
96310,10.1177/0886109918766620,2018,Affilia,"0886-1099,1552-3020",1.0,True,True,True,True,True,Centering Subjectivities: Theoretical Considerations for Practice With Women in Forced Migration
96311,10.1177/0886109917747633,2018,Affilia,"0886-1099,1552-3020",1.0,True,True,True,True,True,Xicanisma/o and Education: Counter Storytelling and Narratives to Inform Latina/o Student Success
96312,10.1177/0886109918762570,2018,Affilia,"0886-1099,1552-3020",1.0,True,True,True,True,True,Engaging in Indigenous CBPR Within Academia: A Critical Narrative
96313,10.1177/0886109917738744,2018,Affilia,"0886-1099,1552-3020",1.0,True,True,True,True,True,The Effect of Different Forms of Violence on Women’s Attitudes Toward Gender Equality and Decision-Making Capacity
96314,10.1177/0886109917738745,2018,Affilia,"0886-1099,1552-3020",1.0,True,True,True,True,True,Latina Immigrants’ Cultural Beliefs About Postpartum Depression
96315,10.1177/0886109917753835,2018,Affilia,"0886-1099,1552-3020",1.0,True,True,True,True,True,"Pregnancy, Motherhood, and Academic Career Goals: Doctoral Students’ Perspectives"
96316,10.1177/0886109917738067,2018,Affilia,"0886-1099,1552-3020",1.0,True,True,True,True,True,Strategically Stealthy: Women’s Agency in Navigating Spousal Violence
96317,10.1177/0886109917743447,2018,Affilia,"0886-1099,1552-3020",0.75,True,True,True,True,True,Correction Notice: Women’s Issues for a New Generation: A Social Work Perspective
96318,10.1177/0886109917729667,2018,Affilia,"0886-1099,1552-3020",1.0,True,True,True,True,True,Exploring Indian Surrogates’ Perceptions of the Ban on International Surrogacy
96319,10.1177/0886109917721141,2018,Affilia,"0886-1099,1552-3020",1.0,True,True,True,True,True,Using Prosopography to Raise the Voices of Those Erased in Social Work History
96320,10.1177/0886109917750961,2018,Affilia,"0886-1099,1552-3020",1.0,True,True,True,True,True,"Social Work, Feminism, and Prison Abolition"
96321,10.1177/0886109917729664,2018,Affilia,"0886-1099,1552-3020",1.0,True,True,True,True,True,Between the Academy and Queerness: Microaggressions in Social Work Education
96322,10.1177/0886109917730042,2018,Affilia,"0886-1099,1552-3020",1.0,True,True,True,True,True,"Radical Visions, Structural Constraints: Challenges to Anti-Oppressive Practice in Feminist Organizations"
96323,10.1177/0886109917729665,2018,Affilia,"0886-1099,1552-3020",1.0,True,True,True,True,True,“Becoming a Better Man”: Narrating Masculinities After Childhood Emotional Abuse
96324,10.1177/0886109917734497,2018,Affilia,"0886-1099,1552-3020",1.0,True,True,True,True,True,"Gender, Free Will, and Woman-to-Woman Sexual Assault in Service Provider Discourses"
96325,10.1177/0886109917716104,2018,Affilia,"0886-1099,1552-3020",1.0,True,True,True,True,True,Empowerment in a Bureaucracy? Survivors’ Perceptions of Domestic Violence Shelter Policies and Practices
96326,10.1177/0886109917718230,2017,Affilia,"0886-1099,1552-3020",1.0,True,True,True,True,True,From Movement to Mainstream: A Battered Women’s Shelter Evolves (1976–2017)
96327,10.1177/0886109917713975,2017,Affilia,"0886-1099,1552-3020",1.0,True,True,True,True,True,"Gender, Race, Class, and Health: Interrogating the Intersection of Substance Abuse and HIV Through a Cultural Lens"
96328,10.1177/0886109917738311,2017,Affilia,"0886-1099,1552-3020",1.0,True,True,True,True,True,Feminist Social Work and Political Engagement: Working Toward Social Justice Through Local Policy
96329,10.1177/0886109917712585,2017,Affilia,"0886-1099,1552-3020",1.0,True,True,True,True,True,The (Dys)Functionality of Girls’ and Young Women’s Violence
96330,10.1177/0886109917718326,2017,Affilia,"0886-1099,1552-3020",1.0,True,True,True,True,True,"Renunciation, Feminism, and Social Service: Hindu Women in Religious Orders"
96331,10.1177/0886109917721140,2017,Affilia,"0886-1099,1552-3020",1.0,True,True,True,True,True,“Allow Me to Speak”: Stories of Courage Among Immigrant Latina Survivors of Intimate Partner Violence
96332,10.1177/0886109917713292,2017,Affilia,"0886-1099,1552-3020",1.0,True,True,True,True,True,Whither Compassion?
96333,10.1177/0886109917716230,2017,Affilia,"0886-1099,1552-3020",1.0,True,True,True,True,True,Can an Academic Journal Promote Radical Scholarship?
96334,10.1177/0886109917692373,2017,Affilia,"0886-1099,1552-3020",1.0,True,True,True,True,True,Knowledge Hierarchy of Social Work and Gender Studies in Spain
96335,10.1177/0886109917704935,2017,Affilia,"0886-1099,1552-3020",1.0,True,True,True,True,True,A Year of Bad Choices: The Postfeminist “Restorying” of Teen Dating Violence in Young Adult Literature
96336,10.1177/0886109917704936,2017,Affilia,"0886-1099,1552-3020",1.0,True,True,True,True,True,Victim Motivations for Disclosing Unwanted Sexual Experiences and Partner Abuse
96337,10.1177/0886109917715243,2017,Affilia,"0886-1099,1552-3020",1.0,True,True,True,True,True,African Caribbean Migration: A Better Life
96338,10.1177/0886109917706338,2017,Affilia,"0886-1099,1552-3020",1.0,True,True,True,True,True,Intimate Partner Violence and Disasters: A Framework for Empowering Women Experiencing Violence in Disaster Settings
96339,10.1177/0886109916689784,2017,Affilia,"0886-1099,1552-3020",1.0,True,True,True,True,True,The Power of Money in Gender Relations From a Chilean Mining Culture
96340,10.1177/0886109916678028,2017,Affilia,"0886-1099,1552-3020",1.0,True,True,True,True,True,What’s the Story? Views of Pregnant Teens in Qualitative Research
96341,10.1177/0886109916678029,2017,Affilia,"0886-1099,1552-3020",0.987,True,True,True,True,True,"Keeping Them Out, Letting You In: Fighting Academons Through Critical Queer Reflexivity, Performative Poetics, and Uncovering a Scholar of Color Identity"
96342,10.1177/0886109916654733,2017,Affilia,"0886-1099,1552-3020",1.0,True,True,True,True,True,Pregnancy Discrimination and the Law: Implications for Social Work
96343,10.1177/0886109916689785,2017,Affilia,"0886-1099,1552-3020",1.0,True,True,True,True,True,School Sabotage as a Form of Intimate Partner Violence: Provider Perspectives
96344,10.1177/0886109917701677,2017,Affilia,"0886-1099,1552-3020",1.0,True,True,True,True,True,No Longer Welcome: Migration Policy and Challenges for Social Work
96345,10.1177/0886109916685800,2017,Affilia,"0886-1099,1552-3020",1.0,True,True,True,True,True,Don’t Fight Like a Girl: Veteran Preferences Based on Combat Exposure and Gender
96346,10.1177/0886109916686271,2017,Affilia,"0886-1099,1552-3020",1.0,True,True,True,True,True,Feminism in These Dangerous Times
96347,10.1177/0886109916647766,2017,Affilia,"0886-1099,1552-3020",1.0,True,True,True,True,True,Women Social Workers: A Road Map to Gender Equity
96348,10.1177/0886109916678027,2017,Affilia,"0886-1099,1552-3020",1.0,True,True,True,True,True,"Democratizing Caring Labor: The Promise of Community-Based, Worker-Owned Childcare Cooperatives"
96349,10.1177/0886109916644644,2017,Affilia,"0886-1099,1552-3020",1.0,True,True,True,True,True,Campus Based Sexual Assault and Dating Violence: A Review of Study Contexts and Participants
96350,10.1177/0886109916681390,2017,Affilia,"0886-1099,1552-3020",1.0,True,True,True,True,True,Social Work Challenges in the Second Decade of the 21st Century: Against the Bias
96351,10.1177/0886109916679750,2017,Affilia,"0886-1099,1552-3020",1.0,True,True,True,True,True,On Womyn-torship
96352,10.1177/0886109916686572,2017,Affilia,"0886-1099,1552-3020",1.0,True,True,True,True,True,Introduction to Series on the Geography of Care for the on-the-bias column
96353,10.1177/0886109916685801,2017,Affilia,"0886-1099,1552-3020",1.0,True,True,True,True,True,"Refugees, Islamophobia, and Ayaan Hirsi Ali: Challenging Social Work Co-Option"
96354,10.1177/0886109916679862,2017,Affilia,"0886-1099,1552-3020",1.0,True,True,True,True,True,Reformulating the Use of Battered Woman Syndrome Testimonies in Canadian Law: Implications for Social Work Practice
96355,10.1177/0886109916657135,2016,Affilia,"0886-1099,1552-3020",1.0,True,True,True,True,True,Migrant Women’s Social Support in a Metropolis of China
96356,10.1177/0886109916644643,2016,Affilia,"0886-1099,1552-3020",1.0,True,True,True,True,True,Sexual Harassment in Social Work Field Placements: Prevalence and Characteristics
96357,10.1177/0886109916668965,2016,Affilia,"0886-1099,1552-3020",1.0,True,True,True,True,True,"Learning, Doing, Thinking, Writing, and Loving as Feminists About Feminisms"
96358,10.1177/0886109916630581,2016,Affilia,"0886-1099,1552-3020",1.0,True,True,True,True,True,Motherhood in Liminal Spaces: White Mothers’ Parenting Black/White Children
96359,10.1177/0886109915578730,2016,Affilia,"0886-1099,1552-3020",1.0,True,True,True,True,True,The Integration of Micro and Macro Practice: A Qualitative Study of Clinical Social Workers’ Practice With Domestic Violence Survivors
96360,10.1177/0886109915611814,2016,Affilia,"0886-1099,1552-3020",1.0,True,True,True,True,True,Vivian Carter Mason and Interracial Cooperation During the Massive Resistance Era in Virginia
96361,10.1177/0886109916658583,2016,Affilia,"0886-1099,1552-3020",1.0,True,True,True,True,True,Geography of Care: Syrian Refugees and the Welfare State
96362,10.1177/0886109915622527,2016,Affilia,"0886-1099,1552-3020",1.0,True,True,True,True,True,Cumulative Disadvantage: Effects of Early Career Childcare Issues on Faculty Research Travel
96363,10.1177/0886109915626216,2016,Affilia,"0886-1099,1552-3020",1.0,True,True,True,True,True,Pro Bono Psychotherapy With Survivors of Intimate Partner Violence
96364,10.1177/0886109915586828,2016,Affilia,"0886-1099,1552-3020",1.0,True,True,True,True,True,Complexities of Negotiating Power When Re-Constructing Stories About Lone Mothers
96365,10.1177/0886109916643871,2016,Affilia,"0886-1099,1552-3020",1.0,True,True,True,True,True,"The Braid That Binds Us: The Impact of Neoliberalism, Criminalization, and Professionalization on Domestic Violence Work"
96366,10.1177/0886109915608220,2016,Affilia,"0886-1099,1552-3020",0.97,True,True,True,True,True,"Sí, Yo Puedo Curricula: Latinas Examining Domestic Violence and Self"
96367,10.1177/0886109915574580,2016,Affilia,"0886-1099,1552-3020",1.0,True,True,True,True,True,"“It’s an Ethical, Moral and Professional Dilemma I Think”: Domestic Violence Workers’ Understandings of Women’s Use of Violence in Relationships"
96368,10.1177/0886109915595840,2016,Affilia,"0886-1099,1552-3020",1.0,True,True,True,True,True,African Women Refugee Resettlement: A Womanist Analysis
96369,10.1177/0886109915586827,2016,Affilia,"0886-1099,1552-3020",1.0,True,True,True,True,True,The Personal Is Professional: Caseworker-Mothers’ Experiences in Child Welfare
96370,10.1177/0886109915592668,2016,Affilia,"0886-1099,1552-3020",1.0,True,True,True,True,True,Social Justice Advocacy in the Belly of the Beast: An Illustration of Policy Change for Social Work
96371,10.1177/0886109915608219,2016,Affilia,"0886-1099,1552-3020",1.0,True,True,True,True,True,"The Face of a Mother Deprived of Liberty: Imprisonment, Guilt, and Stigma in the Norte Grande, Chile"
96372,10.1177/0886109915626028,2016,Affilia,"0886-1099,1552-3020",1.0,True,True,True,True,True,"Complacency, Violence, and Gender: On Being Female"
96373,10.1177/0886109915574577,2016,Affilia,"0886-1099,1552-3020",1.0,True,True,True,True,True,WAND: An Activity Program for Women in a Rooming House
96374,10.1177/0886109915612512,2016,Affilia,"0886-1099,1552-3020",1.0,True,True,True,True,True,Feminist Mentoring and Relational Cultural Theory: A Case Example and Implications
96375,10.1177/0886109915581702,2016,Affilia,"0886-1099,1552-3020",1.0,True,True,True,True,True,Beyond Recidivism: How Formerly Incarcerated Women Define Success
96376,10.1177/0886109915576519,2016,Affilia,"0886-1099,1552-3020",1.0,True,True,True,True,True,Gendered Intersubjectivities in Narratives of Recovery From an Eating Disorder
96377,10.1177/0886109915616437,2016,Affilia,"0886-1099,1552-3020",1.0,True,True,True,True,True,"Sex Slavery and Sex Trafficking of Women in the United States: Historical and Contemporary Parallels, Policies, and Perspectives in Social Work"
96378,10.1177/0886109915583545,2016,Affilia,"0886-1099,1552-3020",1.0,True,True,True,True,True,Lifting: Black Feminist Leadership in the Fight Against HIV/AIDS
96379,10.1177/0886109915570925,2015,Affilia,"0886-1099,1552-3020",1.0,True,True,True,True,True,Mothering and Domestic Violence: Situating Maternal Protectiveness in Gender
96380,10.1177/0886109914560741,2015,Affilia,"0886-1099,1552-3020",1.0,True,True,True,True,True,“Don’t Be Trying to Box Folks In”: Older Women’s Sexuality
96381,10.1177/0886109915610269,2015,Affilia,"0886-1099,1552-3020",1.0,True,True,True,True,True,"The Affordable Care Act: The Good, the Bad and the Ugly"
96382,10.1177/0886109915574578,2015,Affilia,"0886-1099,1552-3020",1.0,True,True,True,True,True,"The Second Coming: Faith-Based Organizations, Public Services, and Policy"
96383,10.1177/0886109915583546,2015,Affilia,"0886-1099,1552-3020",1.0,True,True,True,True,True,“A Curious Inconsistency”: The Discourse of Social Work on the 1922 Married Women’s Independent Nationality Act and the Intersecting Dynamics of Race and Gender in the Laws of Immi
96384,10.1177/0886109915572845,2015,Affilia,"0886-1099,1552-3020",1.0,True,True,True,True,True,Understanding Community Resilience Through the Accounts of Women Living in West Bank Refugee Camps
96385,10.1177/0886109915570926,2015,Affilia,"0886-1099,1552-3020",1.0,True,True,True,True,True,In Search of Women of Color in the Social Work Journal Literature (1998–2007)
96386,10.1177/0886109915572846,2015,Affilia,"0886-1099,1552-3020",1.0,True,True,True,True,True,Casa Rut: A Multilevel Analysis of a “Good Practice” in the Social Assistance of Sexually Trafficked Nigerian Women
96387,10.1177/0886109915595190,2015,Affilia,"0886-1099,1552-3020",1.0,True,True,True,True,True,Enacting and Sustaining Trauma and Violence Through Policy Enforcement: Family Immigration Detention
96388,10.1177/0886109914563157,2015,Affilia,"0886-1099,1552-3020",1.0,True,True,True,True,True,"Hoping, Empowering, Strengthening: Theories Used in Intimate Partner Violence Advocacy"
96389,10.1177/0886109914560742,2015,Affilia,"0886-1099,1552-3020",1.0,True,True,True,True,True,Teaching From Privilege: Reflections From White Female Instructors
96390,10.1177/0886109914541118,2015,Affilia,"0886-1099,1552-3020",1.0,True,True,True,True,True,Economic Abuse and Later Material Hardship: Is Depression a Mediator?
96391,10.1177/0886109914563156,2015,Affilia,"0886-1099,1552-3020",1.0,True,True,True,True,True,Christian Women’s Experiences of Domestic Violence in Zimbabwe
96392,10.1177/0886109915572843,2015,Affilia,"0886-1099,1552-3020",1.0,True,True,True,True,True,Salary Inequity in Social Work: A Review of the Knowledge and Call to Action
96393,10.1177/0886109915580346,2015,Affilia,"0886-1099,1552-3020",1.0,True,True,True,True,True,“Don’t Take the Social Out of Social Work”: The Social Work Career of Bessie Touzel (1904–1997)
96394,10.1177/0886109915572844,2015,Affilia,"0886-1099,1552-3020",0.979,True,True,True,True,True,"Criminal, Victim, or Ally? Examining the Role of Sex Workers in Addressing Minor Sex Trafficking"
96395,10.1177/0886109914555215,2015,Affilia,"0886-1099,1552-3020",1.0,True,True,True,True,True,Indigenous Women’s Resilience and Resistance to Historical Oppression: A Case Example From The United States
96396,10.1177/0886109914541116,2015,Affilia,"0886-1099,1552-3020",1.0,True,True,True,True,True,Temporal Experience Among Women Gynecological Cancer Survivors: A Lifeworld Perspective
96397,10.1177/0886109914541115,2015,Affilia,"0886-1099,1552-3020",1.0,True,True,True,True,True,Gender and Social Workers’ Political Activity
96398,10.1177/0886109914541117,2015,Affilia,"0886-1099,1552-3020",1.0,True,True,True,True,True,"Adolescent Street Harassment in Querétaro, Mexico"
96399,10.1177/0886109914546126,2015,Affilia,"0886-1099,1552-3020",1.0,True,True,True,True,True,Young Arab Muslim Women’s Agency Challenging Western Feminism
96400,10.1177/0886109914555218,2015,Affilia,"0886-1099,1552-3020",1.0,True,True,True,True,True,Resurrecting Nannie Minor and Orie Hatcher: Emergence of Professional Social Work Education in One Southern City
96401,10.1177/0886109914551356,2015,Affilia,"0886-1099,1552-3020",1.0,True,True,True,True,True,Black Feminisms: Renewing Sacred Healing Spaces
96402,10.1177/0886109914555216,2015,Affilia,"0886-1099,1552-3020",1.0,True,True,True,True,True,Pedestal or Gutter: Exploring Ambivalent Sexism’s Relationship With Abortion Attitudes
96403,10.1177/0886109914531957,2015,Affilia,"0886-1099,1552-3020",1.0,True,True,True,True,True,A Qualitative Study of Black Women’s Experiences in Drug Abuse and Mental Health Services
96404,10.1177/0886109914562298,2015,Affilia,"0886-1099,1552-3020",1.0,True,True,True,True,True,"Old Turf New Battles: Feminism, Legislation, and the Body"
96405,10.1177/0886109914544719,2015,Affilia,"0886-1099,1552-3020",1.0,True,True,True,True,True,Childhood Abuse and Postpartum Psychosis: Is There a Link?
96406,10.1177/0886109914549232,2015,Affilia,"0886-1099,1552-3020",1.0,True,True,True,True,True,Challenging Dominant Discourses on Abortion From a Radical Feminist Standpoint
96407,10.1177/0886109914544717,2015,Affilia,"0886-1099,1552-3020",1.0,True,True,True,True,True,Voice and Community in the Corporate Academy: A Collective Biography
96408,10.1177/0886109914531956,2015,Affilia,"0886-1099,1552-3020",1.0,True,True,True,True,True,Societal and Social Service Experiences of Unwed Korean Mothers Who Rear Their Children
96409,10.1177/0886109914546127,2015,Affilia,"0886-1099,1552-3020",1.0,True,True,True,True,True,The Importance of Place in the Life and Career of a Social Work Pioneer: Insights From Interviews With Hortense King McClinton
96410,10.1177/0886109914522628,2014,Affilia,"0886-1099,1552-3020",1.0,True,True,True,True,True,Exploring the Challenges Faced by Latinas Experiencing Intimate Partner Violence
96411,10.1177/0886109914528699,2014,Affilia,"0886-1099,1552-3020",1.0,True,True,True,True,True,"Inheritance in Kenya: The Intersectionality of HIV Serostatus, Poverty, and Gender"
96412,10.1177/0886109914552386,2014,Affilia,"0886-1099,1552-3020",1.0,True,True,True,True,True,"A Corrido for Ann Weick: Remembering a Feminist Academic, Activist, and an Agent of Change"
96413,10.1177/0886109913519789,2014,Affilia,"0886-1099,1552-3020",1.0,True,True,True,True,True,The Impacts of Gender Differences in Social Capital on Microenterprise Business Start-Up
96414,10.1177/0886109914522625,2014,Affilia,"0886-1099,1552-3020",1.0,True,True,True,True,True,Affected or Detached? Gendered Emotional Reactions to School Shootings
96415,10.1177/0886109914541272,2014,Affilia,"0886-1099,1552-3020",1.0,True,True,True,True,True,Feminist Social Work: An Indian Lens
96416,10.1177/0886109914528700,2014,Affilia,"0886-1099,1552-3020",1.0,True,True,True,True,True,Social Services Fatigue in Domestic Violence Service Provision Facilities
96417,10.1177/0886109913509541,2014,Affilia,"0886-1099,1552-3020",1.0,True,True,True,True,True,"""The Blessing"" in the Lives of Three Generations of Bedouin Women"
96418,10.1177/0886109913517162,2014,Affilia,"0886-1099,1552-3020",1.0,True,True,True,True,True,Elite Knowledge or the Reproduction of the Knowledge of Privilege: Social Work Doctoral Education
96419,10.1177/0886109913510764,2014,Affilia,"0886-1099,1552-3020",1.0,True,True,True,True,True,Un Grito: For Increased Latin@ Content and a Transformed Social Work Curriculum
96420,10.1177/0886109913509544,2014,Affilia,"0886-1099,1552-3020",1.0,True,True,True,True,True,Workplace Violence Experiences of Homeless Women and Women Residing in Battered Women Shelters
96421,10.1177/0886109913510088,2014,Affilia,"0886-1099,1552-3020",1.0,True,True,True,True,True,Vicarious Resilience: A Multilayered Model of Stress and Trauma
96422,10.1177/0886109913510660,2014,Affilia,"0886-1099,1552-3020",1.0,True,True,True,True,True,"Renaming, Reclaiming, Renewing the Self: Intersections of Gender, Identity, and Health Care"
96423,10.1177/0886109913509539,2014,Affilia,"0886-1099,1552-3020",1.0,True,True,True,True,True,Permission to be Authentic: An Intervention for Postpartum Women
96424,10.1177/0886109913509545,2014,Affilia,"0886-1099,1552-3020",1.0,True,True,True,True,True,Who Is The Help? Use of Film to Explore Diversity
96425,10.1177/0886109913509542,2014,Affilia,"0886-1099,1552-3020",1.0,True,True,True,True,True,"Sexual Identity, Gender Identity, and a Christian Upbringing: Comparing Two Studies"
96426,10.1177/0886109913510659,2014,Affilia,"0886-1099,1552-3020",1.0,True,True,True,True,True,Intersectionality as a Useful Tool: Anti-Oppressive Social Work and Critical Reflection
96427,10.1177/0886109913516451,2014,Affilia,"0886-1099,1552-3020",1.0,True,True,True,True,True,Conceptualizing Social Determinants of Maternal and Infant Health Disparities
96428,10.1177/0886109914522630,2014,Affilia,"0886-1099,1552-3020",1.0,True,True,True,True,True,Transforming stories and teachings into social work pedagogies
96429,10.1177/0886109913516450,2014,Affilia,"0886-1099,1552-3020",1.0,True,True,True,True,True,"""Flying"" Female Sex Workers Perceptions of HIV Risk and NGOs Sexual Health Outreach Projects: A Case Study of HIV Prevention in Kolkata, India"
96430,10.1177/0886109914522624,2014,Affilia,"0886-1099,1552-3020",1.0,True,True,True,True,True,Empowering families in difficult times: The women’s economic stability initiative
96431,10.1177/0886109913516457,2014,Affilia,"0886-1099,1552-3020",1.0,True,True,True,True,True,Exploring Epistemic Injustice Through Feminist Social Work Research
96432,10.1177/0886109913516454,2014,Affilia,"0886-1099,1552-3020",1.0,True,True,True,True,True,Healing through movement: The benefits of belly dance for gendered victimization
96433,10.1177/0886109913519791,2014,Affilia,"0886-1099,1552-3020",1.0,True,True,True,True,True,Abortion and domestic violence: Women’s decision-making process
96434,10.1177/0886109914530932,2014,Affilia,"0886-1099,1552-3020",1.0,True,True,True,True,True,Beyond the Feminist Critique: Developing Feminist Tools for Intervention
96435,10.1177/0886109913516448,2014,Affilia,"0886-1099,1552-3020",1.0,True,True,True,True,True,"Cultural Factors in the Treatment of Battered Women With Privilege: Domestic Violence in the Lives of White European-American, Middle-Class, Heterosexual Women"
96436,10.1177/0886109913516453,2014,Affilia,"0886-1099,1552-3020",1.0,True,True,True,True,True,Exploring women’s empowerment through ‘‘Credit-Plus’’ microfinance in India
96437,10.1177/0886109913519793,2014,Affilia,"0886-1099,1552-3020",1.0,True,True,True,True,True,A Look Back at the Defense of Marriage Act: Why Same-Sex Marriage Is Still Relevant for Social Work
96438,10.1177/0886109913516452,2014,Affilia,"0886-1099,1552-3020",1.0,True,True,True,True,True,A Review of the Provision of Intervention Programs for Female Victims and Survivors of Domestic Abuse in the United Kingdom
96439,10.1177/0886109913519792,2014,Affilia,"0886-1099,1552-3020",1.0,True,True,True,True,True,Navigating the domestic violence protection law by vietnamese immigrant wives in Taiwan
96440,10.1177/0886109913516449,2014,Affilia,"0886-1099,1552-3020",1.0,True,True,True,True,True,"Traumatic Transitions: Homeless Women's Narratives of Abuse, Loss, and Fear"
96441,10.1177/0886109913516455,2014,Affilia,"0886-1099,1552-3020",1.0,True,True,True,True,True,"Economic Necessity or Noble Cause? A Qualitative Study Exploring Motivations for Gestational Surrogacy in Gujarat, India"
96442,10.1177/0886109914541120,2014,Affilia,"0886-1099,1552-3020",1.0,True,True,True,True,True,Crimmigration and detainers: An opportunity for feminist praxis
96443,10.1177/0886109913519794,2014,Affilia,"0886-1099,1552-3020",1.0,True,True,True,True,True,Grandmother caregiver-in-chief continues the tradition of African American Families
96444,10.1177/0886109913504152,2013,Affilia,"0886-1099,1552-3020",1.0,True,True,True,True,True,Global Inequities: A Gender-Based Analysis of the Live-in Caregiver Program and the Kirogi Phenomenon in Canada
96445,10.1177/0886109913504153,2013,Affilia,"0886-1099,1552-3020",1.0,True,True,True,True,True,"Backward, Dumb, and Violent Hillbillies? Rural Geographies and Intersectional Studies on Intimate Partner Violence"
96446,10.1177/0886109913507759,2013,Affilia,"0886-1099,1552-3020",1.0,True,True,True,True,True,Framing Human Rights and Cultural Diversity Training in Social Work Classrooms-the Case of Female Marriage Immigrants in Taiwan
96447,10.1177/0886109913504154,2013,Affilia,"0886-1099,1552-3020",1.0,True,True,True,True,True,The Impact of Caregiving: Older Women's Experiences of Sexuality and Intimacy
96448,10.1177/0886109913503266,2013,Affilia,"0886-1099,1552-3020",1.0,True,True,True,True,True,Using the F-Word: Feminist Epistemologies and Postgraduate Research
96449,10.1177/0886109913503265,2013,Affilia,"0886-1099,1552-3020",0.973,True,True,True,True,True,"Familism, Sexual Abuse, and Domestic Violence Among Immigrant Mexican Women"
96450,10.1177/0886109913505814,2013,Affilia,"0886-1099,1552-3020",1.0,True,True,True,True,True,Decolonizing Queer Pedagogy
96451,10.1177/0886109913504723,2013,Affilia,"0886-1099,1552-3020",1.0,True,True,True,True,True,Lesbians' Perceived Readiness to Parent
96452,10.1177/0886109913495727,2013,Affilia,"0886-1099,1552-3020",1.0,True,True,True,True,True,The Gendered Experience of Family Estrangement in Later Life
96453,10.1177/0886109913495726,2013,Affilia,"0886-1099,1552-3020",1.0,True,True,True,True,True,"Constructions of ""Infertility"" and Some Lived Experiences of Involuntary Childlessness"
96454,10.1177/0886109913495729,2013,Affilia,"0886-1099,1552-3020",1.0,True,True,True,True,True,A Statewide Exploration of Bystander and Gender-Role Attitudes in New Jersey
96455,10.1177/0886109913495728,2013,Affilia,"0886-1099,1552-3020",1.0,True,True,True,True,True,"Parties, Drugs, and High School Hookups: Socioemotional Challenges for European and Mexican American Adolescents"
96456,10.1177/0886109913495662,2013,Affilia,"0886-1099,1552-3020",1.0,True,True,True,True,True,Domestic Violence in a Developing Context: The Perspectives of Women in Northern Ethiopia
96457,10.1177/0886109913495665,2013,Affilia,"0886-1099,1552-3020",1.0,True,True,True,True,True,Employment Hardships and Health Insurance Coverage in Single-Mother Families During and After the Great Recession
96458,10.1177/0886109913495645,2013,Affilia,"0886-1099,1552-3020",1.0,True,True,True,True,True,Norming or Transforming: Feminist Pedagogy and Social Work Competencies
96459,10.1177/0886109913495644,2013,Affilia,"0886-1099,1552-3020",1.0,True,True,True,True,True,In the Name of VAWA
96460,10.1177/0886109913484693,2013,Affilia,"0886-1099,1552-3020",1.0,True,True,True,True,True,Metastressors as Barriers to Self-Sufficiency Among TANF-Reliant African American and Latina Women
96461,10.1177/0886109913490469,2013,Affilia,"0886-1099,1552-3020",1.0,True,True,True,True,True,Perspectives of Rural Women: Custody and Visitation With Abusive Ex-Partners
96462,10.1177/0886109913485710,2013,Affilia,"0886-1099,1552-3020",1.0,True,True,True,True,True,Benevolent Hegemony
96463,10.1177/0886109913485680,2013,Affilia,"0886-1099,1552-3020",1.0,True,True,True,True,True,Inscribed in Our Blood: Challenging the Ideology of Sexism and Racism
96464,10.1177/0886109913485707,2013,Affilia,"0886-1099,1552-3020",1.0,True,True,True,True,True,Trauma Theory Without Feminism? Evaluating Contemporary Understandings of Traumatized Women
96465,10.1177/0886109913485712,2013,Affilia,"0886-1099,1552-3020",1.0,True,True,True,True,True,Great-Aunt Whoever's Funeral: A Lesbian Woman's Newfound Strength
96466,10.1177/0886109913485709,2013,Affilia,"0886-1099,1552-3020",1.0,True,True,True,True,True,Professional Efficacy and Working With Victims of Domestic Violence or Sexual Assault
96467,10.1177/0886109913485704,2013,Affilia,"0886-1099,1552-3020",1.0,True,True,True,True,True,Gender Differences in Preferred Drug Resistance Strategies of Rural Native Hawaiian Youths
96468,10.1177/0886109912475049,2013,Affilia,"0886-1099,1552-3020",1.0,True,True,True,True,True,"From One ""Dragon Sleigh"" to Another: Advocating for Immigrant Women Facing Violence in Kansas"
96469,10.1177/0886109913476944,2013,Affilia,"0886-1099,1552-3020",1.0,True,True,True,True,True,"The Burden of Being ""Employable"": Underpaid and Unpaid Work and Women's Health"
96470,10.1177/0886109912475173,2013,Affilia,"0886-1099,1552-3020",1.0,True,True,True,True,True,The Journey of One Pregnant Incarcerated Woman Through Systemic Bias: How Family Support Workers Can Positively Affect Change-A Case Study
96471,10.1177/0886109912475162,2013,Affilia,"0886-1099,1552-3020",1.0,True,True,True,True,True,The Paradox of a Gender-Balanced Workforce: The Discursive Construction of Gender Among Swedish Social Workers
96472,10.1177/0886109912475055,2013,Affilia,"0886-1099,1552-3020",1.0,True,True,True,True,True,From Inclusion to Radical Attention to Exclusion
96473,10.1177/0886109912475159,2013,Affilia,"0886-1099,1552-3020",1.0,True,True,True,True,True,Patchwork: Poor Women's Stories of Resewing the Shredded Safety Net
96474,10.1177/0886109912475172,2013,Affilia,"0886-1099,1552-3020",1.0,True,True,True,True,True,Domestic Minor Sex Trafficking: Practice Implications for Mental Health Professionals
96475,10.1177/0886109912475194,2013,Affilia,"0886-1099,1552-3020",1.0,True,True,True,True,True,"genealogy, the only time i wanted to be a man, a house without wallpaper"
96478,10.1177/0886109913505044,2013,Affilia,"0886-1099,1552-3020",1.0,True,True,True,True,True,Violence Against Racially Minoritized Women: Implications for Social Work
96479,10.1177/0886109913504722,2013,Affilia,"0886-1099,1552-3020",1.0,True,True,True,True,True,Social Work With Female Victims of Gender Violence: Analysis of an Experience in Southern Spain From a Feminist Perspective
96481,10.1177/0886109912464479,2012,Affilia,"0886-1099,1552-3020",1.0,True,True,True,True,True,Negotiated Positions: Immigrant Women's Views and Experiences of Employment in Canada
96482,10.1177/0886109912464474,2012,Affilia,"0886-1099,1552-3020",1.0,True,True,True,True,True,An Ecological Understanding of the Risk Factors Associated With Stalking Behavior: Implications for Social Work Practice
96483,10.1177/0886109912464480,2012,Affilia,"0886-1099,1552-3020",1.0,True,True,True,True,True,An Autoethnography of a Childless Woman in Korea
96484,10.1177/0886109912465158,2012,Affilia,"0886-1099,1552-3020",1.0,True,True,True,True,True,"Reflections: Continuity, Change, and the Way Forward"
96485,10.1177/0886109912464473,2012,Affilia,"0886-1099,1552-3020",1.0,True,True,True,True,True,Child Care as a Work Support: A Socialist Feminist Policy Analysis
96486,10.1177/0886109912452402,2012,Affilia,"0886-1099,1552-3020",1.0,True,True,True,True,True,Transatlantic Connections in the Making of a Socialist-Feminist Framework for Social Welfare in Turkey: The Legacy of Sabiha Zekeriya Sertel
96487,10.1177/0886109912443958,2012,Affilia,"0886-1099,1552-3020",1.0,True,True,True,True,True,The Knafo Chronicles: Marching on Jerusalem With Israel's Silent Majority
96488,10.1177/0886109912452640,2012,Affilia,"0886-1099,1552-3020",1.0,True,True,True,True,True,It Starts With Me: Women Mediate Power Within Feminist Activism
96489,10.1177/0886109912452643,2012,Affilia,"0886-1099,1552-3020",1.0,True,True,True,True,True,"Maidens Fair, Matrons Plump, Fat Cats, and Sugar Daddies: Fund-Raising for Richmond's Early Charitable Agencies"
96490,10.1177/0886109912452403,2012,Affilia,"0886-1099,1552-3020",1.0,True,True,True,True,True,"Domestic Violence, Culture, and Relationship Dynamics Among Immigrant Mexican Women"
96491,10.1177/0886109912454366,2012,Affilia,"0886-1099,1552-3020",1.0,True,True,True,True,True,"Microaggression, Women, and Social Work"
96492,10.1177/0886109912452642,2012,Affilia,"0886-1099,1552-3020",1.0,True,True,True,True,True,American Indian Women and Sexual Assault: Challenges and New Opportunities
96493,10.1177/0886109912444103,2012,Affilia,"0886-1099,1552-3020",1.0,True,True,True,True,True,Early Hospital Social Work Practice: The Life and Times of Janet Thornton
96494,10.1177/0886109912443959,2012,Affilia,"0886-1099,1552-3020",1.0,True,True,True,True,True,Feminist Women's Accounts of Depression
96495,10.1177/0886109912444102,2012,Affilia,"0886-1099,1552-3020",1.0,True,True,True,True,True,The Decline in Intercountry Adoptions and New Practices of Global Surrogacy: Global Exploitation and Human Rights Concerns
96496,10.1177/0886109912444104,2012,Affilia,"0886-1099,1552-3020",1.0,True,True,True,True,True,Mothering My Mother: The Unbreakable and Often Unbearable Mother-Daughter Bond
96497,10.1177/0886109912445269,2012,Affilia,"0886-1099,1552-3020",1.0,True,True,True,True,True,Transnational Cross-Racial Surrogacy: Issues and Concerns
96498,10.1177/0886109912443763,2012,Affilia,"0886-1099,1552-3020",1.0,True,True,True,True,True,Human Trafficking Is More Than Sex Trafficking and Prostitution: Implications for Social Work
96499,10.1177/0886109912437572,2012,Affilia,"0886-1099,1552-3020",1.0,True,True,True,True,True,"Arab American Women, Mental Health, and Feminism"
96500,10.1177/0886109912437496,2012,Affilia,"0886-1099,1552-3020",1.0,True,True,True,True,True,Relationship and Leadership: Sophonisba Breckinridge and Women in Social Work
96501,10.1177/0886109912437493,2012,Affilia,"0886-1099,1552-3020",1.0,True,True,True,True,True,Jody Williams: Nobel Laureate's Insights on Activism and Social Work
96502,10.1177/0886109912437494,2012,Affilia,"0886-1099,1552-3020",1.0,True,True,True,True,True,Conceptualizations and Experiences of Oppression: Gender Differences
96503,10.1177/0886109912437491,2012,Affilia,"0886-1099,1552-3020",1.0,True,True,True,True,True,Evaluations of Women-Centered U.S. Microenterprise Development Programs
96504,10.1177/0886109912437490,2012,Affilia,"0886-1099,1552-3020",1.0,True,True,True,True,True,Help Seeking: Perceived Risks for African American Women
96505,10.1177/0886109912437465,2012,Affilia,"0886-1099,1552-3020",1.0,True,True,True,True,True,Remember the Women: Inequality is a Women's Issue
96507,10.1177/0886109912437470,2012,Affilia,"0886-1099,1552-3020",1.0,True,True,True,True,True,Funeral Pedicure: Sunday Night Blues Satellite Beach
96508,10.1177/0886109912437468,2012,Affilia,"0886-1099,1552-3020",1.0,True,True,True,True,True,Rose's Bones: Whiskey Tongue to the Body
96509,10.1177/0886109912452650,2012,Affilia,"0886-1099,1552-3020",1.0,True,True,True,True,True,One Friday at the Women's Rehab; Gestalt Poem; Palmetto Spice Box
96510,10.1177/0886109911428439,2011,Affilia,"0886-1099,1552-3020",1.0,True,True,True,True,True,Unbroken: The town of trailing cars
96511,10.1177/0886109911428204,2011,Affilia,"0886-1099,1552-3020",1.0,True,True,True,True,True,Unsettling feminisms
96512,10.1177/0886109911428205,2011,Affilia,"0886-1099,1552-3020",1.0,True,True,True,True,True,Being unsettled as a space of possibility: Diverse perspectives on the unconference
96513,10.1177/0886109911428209,2011,Affilia,"0886-1099,1552-3020",1.0,True,True,True,True,True,Annie mae kenion (1912-2009): Teaching and community building in the jim crow south
96514,10.1177/0886109911428206,2011,Affilia,"0886-1099,1552-3020",1.0,True,True,True,True,True,The unsettling feminism(s) unconference: Reflections of a doctoral student
96515,10.1177/0886109911428208,2011,Affilia,"0886-1099,1552-3020",1.0,True,True,True,True,True,Does the public hold abused women responsible for protecting children?
96516,10.1177/0886109911428437,2011,Affilia,"0886-1099,1552-3020",1.0,True,True,True,True,True,Trauma: Prescription
96519,10.1177/0886109911418441,2011,Affilia,"0886-1099,1552-3020",1.0,True,True,True,True,True,"Reconciling conflicts: The ""Accidental"" women leaders in contemporary China"
96520,10.1177/0886109911417690,2011,Affilia,"0886-1099,1552-3020",1.0,True,True,True,True,True,In the midst of a storm: Distress of Kerala women
96521,10.1177/0886109911417689,2011,Affilia,"0886-1099,1552-3020",1.0,True,True,True,True,True,Bridging critical feminist gerontology and social work to interrogate the narrative on civic engagement
96522,10.1177/0886109911417692,2011,Affilia,"0886-1099,1552-3020",1.0,True,True,True,True,True,Global migration and gender
96523,10.1177/0886109911417686,2011,Affilia,"0886-1099,1552-3020",1.0,True,True,True,True,True,Gender sensitivity among social workers handling cases of domestic violence: A Hong Kong case
96524,10.1177/0886109911405484,2011,Affilia,"0886-1099,1552-3020",1.0,True,True,True,True,True,The impact of unintended consequences of the 1996 U.S. immigration reform Act on women
96525,10.1177/0886109911405485,2011,Affilia,"0886-1099,1552-3020",1.0,True,True,True,True,True,"Relational development through the life cycle: Capacities, opportunities, challenges, and obstacles"
96526,10.1177/0886109911405491,2011,Affilia,"0886-1099,1552-3020",1.0,True,True,True,True,True,Experiences of muslims in four Western Countries post-9/11
96527,10.1177/0886109911405827,2011,Affilia,"0886-1099,1552-3020",1.0,True,True,True,True,True,Women's oppression or choice? one American's View on Wearing the Hijab
96528,10.1177/0886109911405592,2011,Affilia,"0886-1099,1552-3020",1.0,True,True,True,True,True,The conceptualization of anorexia: The pro-ana perspective
96529,10.1177/0886109911405494,2011,Affilia,"0886-1099,1552-3020",1.0,True,True,True,True,True,A matter of life and death: The voices of domestic violence survivors
96530,10.1177/0886109911405493,2011,Affilia,"0886-1099,1552-3020",1.0,True,True,True,True,True,To Be or not to Be a Feminist in India
96531,10.1177/0886109910392515,2011,Affilia,"0886-1099,1552-3020",1.0,True,True,True,True,True,Miriam dinerman: A salute to our former editor-in-chief
96532,10.1177/0886109910392532,2011,Affilia,"0886-1099,1552-3020",1.0,True,True,True,True,True,Moving beyond family-friendly policies for faculty mothers
96533,10.1177/0886109910392523,2011,Affilia,"0886-1099,1552-3020",1.0,True,True,True,True,True,On being and calling oneself a feminist social worker
96534,10.1177/0886109910392525,2011,Affilia,"0886-1099,1552-3020",1.0,True,True,True,True,True,Rebecca salti: The bani hamida weaving project and women's empowerment
96535,10.1177/0886109910392534,2011,Affilia,"0886-1099,1552-3020",1.0,True,True,True,True,True,Gendered matters: Undocumented mexican mothers in the current policy context
96536,10.1177/0886109910392535,2011,Affilia,"0886-1099,1552-3020",1.0,True,True,True,True,True,"Role occupancy, quality, and psychological distress among caucasian and African American women"
96537,10.1177/0886109910392519,2011,Affilia,"0886-1099,1552-3020",1.0,True,True,True,True,True,Experiences of racism by female minority and immigrant nursing assistants
96538,10.1177/0886109910392529,2011,Affilia,"0886-1099,1552-3020",1.0,True,True,True,True,True,Providing context for social workers' response to sexual assault victims
96539,10.1177/0886109910397777,2011,Affilia,"0886-1099,1552-3020",0.75,True,True,True,True,True,"Erratum to Constructing a world beyond intimate partner abuse (Affilia: Journal of Women and Social Work, (2010), 25, 3, (224-235), 10.1177/0886109910375220)"
96540,10.1177/0886109910392517,2011,Affilia,"0886-1099,1552-3020",1.0,True,True,True,True,True,Feminist contributions to understanding women's lives and the social environment
96541,10.1177/0886109910392898,2011,Affilia,"0886-1099,1552-3020",1.0,True,True,True,True,True,A Poet Visits Women Locked Up in Jail: Patti's Daylight Dream
96543,10.1177/0886109910384072,2010,Affilia,"0886-1099,1552-3020",1.0,True,True,True,True,True,What makes it feminist?: Mapping the landscape of feminist social work research
96544,10.1177/0886109910384076,2010,Affilia,"0886-1099,1552-3020",1.0,True,True,True,True,True,Allgo speaks: Reflections on intersectional organizing
96545,10.1177/0886109910384194,2010,Affilia,"0886-1099,1552-3020",1.0,True,True,True,True,True,Beyond the binary: Critical feminisms in social work
96546,10.1177/0886109910375210,2010,Affilia,"0886-1099,1552-3020",1.0,True,True,True,True,True,Gender differences in drug offers of rural Hawaiian youths: A mixed-methods analysis
96547,10.1177/0886109910375366,2010,Affilia,"0886-1099,1552-3020",1.0,True,True,True,True,True,Poetry in Affilia
96548,10.1177/0886109910375218,2010,Affilia,"0886-1099,1552-3020",1.0,True,True,True,True,True,Feminist perspectives in development: Implications for women and microcredit
96549,10.1177/0886109910375204,2010,Affilia,"0886-1099,1552-3020",1.0,True,True,True,True,True,Beyond the veil in Pakistan
96550,10.1177/0886109910375375,2010,Affilia,"0886-1099,1552-3020",1.0,True,True,True,True,True,Conspicuously absent: Lesbians in professional social work
96551,10.1177/0886109910375368,2010,Affilia,"0886-1099,1552-3020",1.0,True,True,True,True,True,The urban studio project recipe: A multidisciplinary approach to feminist practice through community engagement
96552,10.1177/0886109910375377,2010,Affilia,"0886-1099,1552-3020",1.0,True,True,True,True,True,Her work from within
96553,10.1177/0886109910364347,2010,Affilia,"0886-1099,1552-3020",1.0,True,True,True,True,True,"Abraham's daughter: Eleanor Flexner: (October 4, 1908-March 25, 1995)"
96554,10.1177/0886109910364348,2010,Affilia,"0886-1099,1552-3020",1.0,True,True,True,True,True,Gender disparity and HIV risk among young black women in college: A literature review
96555,10.1177/0886109910364343,2010,Affilia,"0886-1099,1552-3020",1.0,True,True,True,True,True,The complexities of becoming visible: Reflecting on the stories of women of color as social work educators
96556,10.1177/0886109910364366,2010,Affilia,"0886-1099,1552-3020",1.0,True,True,True,True,True,Transnational social work and lessons learned from transnational feminism
96557,10.1177/0886109910364362,2010,Affilia,"0886-1099,1552-3020",1.0,True,True,True,True,True,Living with stigma: Women's experiences of prostitution and substance use
96558,10.1177/0886109909354983,2010,Affilia,"0886-1099,1552-3020",1.0,True,True,True,True,True,Everyday conflict and daily stressors: Coping responses of black women
96559,10.1177/0886109909354985,2010,Affilia,"0886-1099,1552-3020",1.0,True,True,True,True,True,Women with disabilities in lebanon: From marginalization to resistance
96560,10.1177/0886109909354982,2010,Affilia,"0886-1099,1552-3020",1.0,True,True,True,True,True,Treating women right
96561,10.1177/0886109909356058,2010,Affilia,"0886-1099,1552-3020",1.0,True,True,True,True,True,Attitudes toward gays and lesbians among undergraduate social work students
96562,10.1177/0886109909356067,2010,Affilia,"0886-1099,1552-3020",1.0,True,True,True,True,True,Do our life experiences augment our understanding?: Reflections on justice sonia sotomayor's congressional hearings
96563,10.1177/0886109909354979,2010,Affilia,"0886-1099,1552-3020",1.0,True,True,True,True,True,Sexual harassment experiences and their psychological correlates among a diverse sample of college women
96568,10.1177/0886109909343569,2009,Affilia,"0886-1099,1552-3020",1.0,True,True,True,True,True,The search for wonder woman: An autoethnography of feminist identity
96569,10.1177/0886109909343562,2009,Affilia,"0886-1099,1552-3020",1.0,True,True,True,True,True,"Gentle, angry women creating change"
96570,10.1177/0886109909343566,2009,Affilia,"0886-1099,1552-3020",1.0,True,True,True,True,True,From private demons to public problems: The work of Mary Cromwell Jarrett
96571,10.1177/0886109909343559,2009,Affilia,"0886-1099,1552-3020",1.0,True,True,True,True,True,Making gender visible: Social work responses to homelessness
96572,10.1177/0886109909344059,2009,Affilia,"0886-1099,1552-3020",1.0,True,True,True,True,True,Lesbians surviving culture: Relational-cultural theory applied to lesbian connection
96573,10.1177/0886109909337401,2009,Affilia,"0886-1099,1552-3020",1.0,True,True,True,True,True,Responding to the complex and gendered needs of refugee women
96574,10.1177/0886109909337376,2009,Affilia,"0886-1099,1552-3020",1.0,True,True,True,True,True,Caregiving for the elderly: Personal and professional response
96575,10.1177/0886109909337375,2009,Affilia,"0886-1099,1552-3020",1.0,True,True,True,True,True,"Developing a standpoint practice method with cases: Authority, subjectivity, reflection"
96576,10.1177/0886109909337706,2009,Affilia,"0886-1099,1552-3020",1.0,True,True,True,True,True,A Passionate Practice: Addressing the needs of commercially sexually exploited teenagers
96577,10.1177/0886109909337707,2009,Affilia,"0886-1099,1552-3020",1.0,True,True,True,True,True,"""My ever dear"": Social work's ""Lesbian"" foremothers - A call for scholarship"
96578,10.1177/0886109909337374,2009,Affilia,"0886-1099,1552-3020",1.0,True,True,True,True,True,"Battered women, children, and the end of abusive relationships"
96579,10.1177/0886109909337378,2009,Affilia,"0886-1099,1552-3020",1.0,True,True,True,True,True,"""Trying to eat healthy"": A photovoice study about women's access to healthy food in New York City"
96580,10.1177/0886109909331700,2009,Affilia,"0886-1099,1552-3020",1.0,True,True,True,True,True,Exploring intersections of identity with native American women leaders
96581,10.1177/0886109909331702,2009,Affilia,"0886-1099,1552-3020",1.0,True,True,True,True,True,Moving within the spiral: The process of surviving
96582,10.1177/0886109909331870,2009,Affilia,"0886-1099,1552-3020",1.0,True,True,True,True,True,Wall street takes welfare it begrudges to women
96583,10.1177/0886109909331695,2009,Affilia,"0886-1099,1552-3020",1.0,True,True,True,True,True,The role of sexual and reproductive rights in social work practice
96584,10.1177/0886109909331701,2009,Affilia,"0886-1099,1552-3020",1.0,True,True,True,True,True,The girl child: A review of the empirical literature
96585,10.1177/0886109909331693,2009,Affilia,"0886-1099,1552-3020",1.0,True,True,True,True,True,Hispanic immigrant women talk about family planning
96586,10.1177/0886109908326742,2009,Affilia,"0886-1099,1552-3020",1.0,True,True,True,True,True,"""you can't bite the hand..."": Domestic violence and human rights"
96587,10.1177/0886109908326737,2009,Affilia,"0886-1099,1552-3020",1.0,True,True,True,True,True,Gender variation in partner abuse: Findings from a conservative christian denomination
96588,10.1177/0886109908326815,2009,Affilia,"0886-1099,1552-3020",1.0,True,True,True,True,True,Survivors of stalking: Their voices and lived experiences
96589,10.1177/0886109908326998,2009,Affilia,"0886-1099,1552-3020",1.0,True,True,True,True,True,Perceived caregiver burden in India: Implications for social services
96590,10.1177/0886109906326736,2009,Affilia,"0886-1099,1552-3020",1.0,True,True,True,True,True,Changing pace
96591,10.1177/0886109908326740,2009,Affilia,"0886-1099,1552-3020",1.0,True,True,True,True,True,Women and political leadership: The U.S. and global contexts
96592,10.1177/0886109908326735,2009,Affilia,"0886-1099,1552-3020",1.0,True,True,True,True,True,"Words are a place to stand: Journals by young women in Kibera, Kenya"
96596,10.1177/0886109908326738,2009,Affilia,"0886-1099,1552-3020",1.0,True,True,True,True,True,the alarm; Night Visitor; education
96597,10.1177/0886109909331753,2009,Affilia,"0886-1099,1552-3020",1.0,True,True,True,True,True,Dorothy Irene Height: Profile of a Giant in Pursuit of Equal Justice for Black Women
96598,10.1177/0886109909343552,2009,Affilia,"0886-1099,1552-3020",1.0,True,True,True,True,True,Feminists in social work: Where have all the leaders gone?
96600,10.1177/0886109908323998,2008,Affilia,"0886-1099,1552-3020",1.0,True,True,True,True,True,"Aging and gender, feminist theory, and social work practice concerns"
96601,10.1177/0886109908323972,2008,Affilia,"0886-1099,1552-3020",1.0,True,True,True,True,True,Stillbirth: A sociopolitical issue
96602,10.1177/0886109908323967,2008,Affilia,"0886-1099,1552-3020",1.0,True,True,True,True,True,Displaced women in Northern Ghana: Indigenous knowledge about ethnic conflict
96603,10.1177/0886109908323971,2008,Affilia,"0886-1099,1552-3020",1.0,True,True,True,True,True,Gender differences in depression: A theoretical examination of power
96604,10.1177/0886109908323999,2008,Affilia,"0886-1099,1552-3020",1.0,True,True,True,True,True,Criminal rewards: The impact of parent alienation syndrome on families
96605,10.1177/0886109908323966,2008,Affilia,"0886-1099,1552-3020",1.0,True,True,True,True,True,"Women's bodies aging: Culture, context, and social work practice"
96606,10.1177/0886109908323970,2008,Affilia,"0886-1099,1552-3020",1.0,True,True,True,True,True,Doing justice: A typology of helping attitudes toward sexual groups
96607,10.1177/0886109908324001,2008,Affilia,"0886-1099,1552-3020",1.0,True,True,True,True,True,Sattareh Farman Farmaian: Iranian social work pioneer
96608,10.1177/0886109908323974,2008,Affilia,"0886-1099,1552-3020",1.0,True,True,True,True,True,"Inabel burns Lindsay: A social worker, educator, and administrator uncompromising in the pursuit of social justice for all"
96609,10.1177/0886109908319117,2008,Affilia,"0886-1099,1552-3020",1.0,True,True,True,True,True,Culturally competent feminist social work: Listening to diverse people
96610,10.1177/0886109908319173,2008,Affilia,"0886-1099,1552-3020",1.0,True,True,True,True,True,"Gender, the media, and the presidential candidates"
96611,10.1177/0886109908319119,2008,Affilia,"0886-1099,1552-3020",1.0,True,True,True,True,True,Assisted reproductive technologies: Changing conceptions of motherhood?
96612,10.1177/0886109908319177,2008,Affilia,"0886-1099,1552-3020",1.0,True,True,True,True,True,Activist formation in the Neoliberal Era: A journey with multiple dimensions
96613,10.1177/0886109908319121,2008,Affilia,"0886-1099,1552-3020",1.0,True,True,True,True,True,Lessons learned in the Sandwich
96614,10.1177/0886109908319123,2008,Affilia,"0886-1099,1552-3020",1.0,True,True,True,True,True,Portrait of a pioneer: An intellectual biography of lena dominelli
96615,10.1177/0886109908319172,2008,Affilia,"0886-1099,1552-3020",1.0,True,True,True,True,True,Lessons in resilience: Undocumented Mexican women in South Carolina
96616,10.1177/0886109908314321,2008,Affilia,"0886-1099,1552-3020",1.0,True,True,True,True,True,Taking child abuse and mothering into account: Intersectional feminism as an alternative for the study of domestic violence
96617,10.1177/0886109908314472,2008,Affilia,"0886-1099,1552-3020",1.0,True,True,True,True,True,Past and present
96618,10.1177/0886109908314327,2008,Affilia,"0886-1099,1552-3020",1.0,True,True,True,True,True,A black woman's journey into a predominately white academic world
96619,10.1177/0886109908314332,2008,Affilia,"0886-1099,1552-3020",1.0,True,True,True,True,True,"Alice Paul: Activist, advocate, and one of ours"
96620,10.1177/0886109908314319,2008,Affilia,"0886-1099,1552-3020",1.0,True,True,True,True,True,Women's leisure as reproduction and resistance
96621,10.1177/0886109908314328,2008,Affilia,"0886-1099,1552-3020",1.0,True,True,True,True,True,Substance use and abuse: Women's criminal reoffending in New Zealand
96622,10.1177/0886109908314326,2008,Affilia,"0886-1099,1552-3020",1.0,True,True,True,True,True,Christianity and domestic violence: Feminist poststructuralist perspectives
96623,10.1177/0886109908314324,2008,Affilia,"0886-1099,1552-3020",1.0,True,True,True,True,True,Depression in African American women: Application of a psychosocial competence practice framework
96624,10.1177/0886109907310499,2008,Affilia,"0886-1099,1552-3020",1.0,True,True,True,True,True,Civil unions and the recognition of lesbian relationships: A reflection in the context of Aotearoa/New Zealand
96625,10.1177/0886109907310473,2008,Affilia,"0886-1099,1552-3020",1.0,True,True,True,True,True,"Eugenics, ""degenerate girls,"" and social workers during the progressive era"
96626,10.1177/0886109907310456,2008,Affilia,"0886-1099,1552-3020",1.0,True,True,True,True,True,Nuzha's dream marches on: When two women's narratives meet
96627,10.1177/0886109907310459,2008,Affilia,"0886-1099,1552-3020",1.0,True,True,True,True,True,Participatory research for rape survivor groups: A model for practice
96628,10.1177/0886109907310461,2008,Affilia,"0886-1099,1552-3020",1.0,True,True,True,True,True,Are girls really becoming more violent?: A critical analysis
96629,10.1177/0886109907310463,2008,Affilia,"0886-1099,1552-3020",1.0,True,True,True,True,True,It's just that much harder: Multilayered hardship experiences of low-income mothers with disabilities
96630,10.1177/0886109907310462,2008,Affilia,"0886-1099,1552-3020",1.0,True,True,True,True,True,Creating politicized spaces: Afghan immigrant women's stories of migration and displacement
96631,10.1177/0886109907310475,2008,Affilia,"0886-1099,1552-3020",1.0,True,True,True,True,True,"Identity, oppression, and power: Feminisms and intersectionality theory"
96632,10.1177/0886109908314334,2008,Affilia,"0886-1099,1552-3020",1.0,True,True,True,True,True,Don't Wake Your Mother
96633,10.1177/0886109908324002,2008,Affilia,"0886-1099,1552-3020",1.0,True,True,True,True,True,Haikus; Watutsi; Hebron
96634,10.1177/0886109907310503,2008,Affilia,"0886-1099,1552-3020",1.0,True,True,True,True,True,borderless and brazen: A poem against the German “u-not-y” insignificant; soul sister
96635,10.1177/0886109908314337,2008,Affilia,"0886-1099,1552-3020",1.0,True,True,True,True,True,Two Truths; The Story Wants What It Cannot Have
96636,10.1177/0886109908319181,2008,Affilia,"0886-1099,1552-3020",0.75,True,True,True,True,True,Still Life With Grandmother
96637,10.1177/0886109907306342,2007,Affilia,"0886-1099,1552-3020",1.0,True,True,True,True,True,Without wages of benefits: Disconnected TANF recipients' struggles to achieve agency
96638,10.1177/0886109907306437,2007,Affilia,"0886-1099,1552-3020",1.0,True,True,True,True,True,Partner abuse and women's substance problems: From vulnerability to strength
96639,10.1177/0886109907306308,2007,Affilia,"0886-1099,1552-3020",1.0,True,True,True,True,True,The gift of winter wheat
96640,10.1177/0886109907306328,2007,Affilia,"0886-1099,1552-3020",1.0,True,True,True,True,True,Challenging the negative assumptions surrounding civil protection orders: A guide for advocates
96641,10.1177/0886109907306305,2007,Affilia,"0886-1099,1552-3020",1.0,True,True,True,True,True,Women of the storm: Advocacy and organizing in post-Katrina New Orleans
96642,10.1177/0886109907302261,2007,Affilia,"0886-1099,1552-3020",1.0,True,True,True,True,True,Economic education for battered women: An evaluation of outcomes
96643,10.1177/0886109907302282,2007,Affilia,"0886-1099,1552-3020",1.0,True,True,True,True,True,Theorizing (In)equity for women in social work
96644,10.1177/0886109907302253,2007,Affilia,"0886-1099,1552-3020",1.0,True,True,True,True,True,Fighting stigma: An adolescent mother takes action
96645,10.1177/0886109907302260,2007,Affilia,"0886-1099,1552-3020",1.0,True,True,True,True,True,Desperate housewives: The case of Chinese Si-Nais in Hong Kong
96646,10.1177/0886109907302283,2007,Affilia,"0886-1099,1552-3020",1.0,True,True,True,True,True,Domestic violence training policies: Influence on participation in training and awareness of abuse
96647,10.1177/0886109907302582,2007,Affilia,"0886-1099,1552-3020",1.0,True,True,True,True,True,Globalization as a women's issue revisited
96648,10.1177/0886109906299048,2007,Affilia,"0886-1099,1552-3020",1.0,True,True,True,True,True,Sin papeles: Undocumented Mexicanas in the rural United States
96649,10.1177/0886109907299057,2007,Affilia,"0886-1099,1552-3020",1.0,True,True,True,True,True,The impact of feminism on social work students in Hong Kong
96650,10.1177/0886109907299058,2007,Affilia,"0886-1099,1552-3020",1.0,True,True,True,True,True,Bein' womanish: Womanist efforts in child saving during the progressive era: The founding of Mt. Meigs reformatory
96651,10.1177/0886109907299059,2007,Affilia,"0886-1099,1552-3020",1.0,True,True,True,True,True,Making a wish in Rwanda: The restoration of hope
96652,10.1177/0886109907299055,2007,Affilia,"0886-1099,1552-3020",1.0,True,True,True,True,True,The international sexual trafficking of women and children: A review of the literature
96653,10.1177/0886109906299049,2007,Affilia,"0886-1099,1552-3020",1.0,True,True,True,True,True,Surveillance and regulation: Control of women casino workers' bodies
96654,10.1177/0886109906295758,2007,Affilia,"0886-1099,1552-3020",1.0,True,True,True,True,True,Mothering under difficult circumstances: Challenges to working with battered women
96655,10.1177/0886109906295760,2007,Affilia,"0886-1099,1552-3020",1.0,True,True,True,True,True,Normative versus felt needs of women in the era of welfare reform
96656,10.1177/0886109906295834,2007,Affilia,"0886-1099,1552-3020",1.0,True,True,True,True,True,What if poor women ran their own antipoverty programs?
96657,10.1177/0886109906295762,2007,Affilia,"0886-1099,1552-3020",1.0,True,True,True,True,True,Women's ways of organizing: Strengths and struggles of women activists over time
96658,10.1177/0886109906295813,2007,Affilia,"0886-1099,1552-3020",1.0,True,True,True,True,True,Women and disasters: Reflections on the anniversary of Katrina and Rita
96659,10.1177/0886109907302252,2007,Affilia,"0886-1099,1552-3020",1.0,True,True,True,True,True,Sometimes When We Juggle
96663,10.1177/0886109907299054,2007,Affilia,"0886-1099,1552-3020",1.0,True,True,True,True,True,Ending sex trafficking of children in Atlanta
96664,10.1177/0886109906292130,2006,Affilia,"0886-1099,1552-3020",1.0,True,True,True,True,True,Adult daughters of battered women: Resistance and resilience in the face of danger
96665,10.1177/0086109906292313,2006,Affilia,"0886-1099,1552-3020",1.0,True,True,True,True,True,Cyberspace and child abuse images: A feminist perspective
96666,10.1177/0886109906292133,2006,Affilia,"0886-1099,1552-3020",1.0,True,True,True,True,True,Intimate partner violence and the workplace: Consequences and disclosure
96667,10.1177/0886109906292114,2006,Affilia,"0886-1099,1552-3020",1.0,True,True,True,True,True,Women and men with mental illnesses: Voicing different service needs
96668,10.1177/0886109906292157,2006,Affilia,"0886-1099,1552-3020",1.0,True,True,True,True,True,As feminists in the academy...
96669,10.1177/0886109906292175,2006,Affilia,"0886-1099,1552-3020",1.0,True,True,True,True,True,Virginia: A story of conflict in social work field education
96670,10.1177/0886109906288911,2006,Affilia,"0886-1099,1552-3020",1.0,True,True,True,True,True,"Becoming ""one of the girls"": The transition to Lesbian in midlife"
96671,10.1177/0886109906288899,2006,Affilia,"0886-1099,1552-3020",1.0,True,True,True,True,True,A tribute to susan schechter: The visions and struggles of the battered women's movement
96672,10.1177/0886109906288913,2006,Affilia,"0886-1099,1552-3020",1.0,True,True,True,True,True,"Chicks aren't chickens: Women, poverty, and marriage in an orthodoxy of conservatism"
96673,10.1177/0886109906288910,2006,Affilia,"0886-1099,1552-3020",1.0,True,True,True,True,True,Mothers' child caregiving and employment commitments and choices in the context of rural poverty
96674,10.1177/0886109906288917,2006,Affilia,"0886-1099,1552-3020",1.0,True,True,True,True,True,Hail and farewell
96675,10.1177/0886109906288909,2006,Affilia,"0886-1099,1552-3020",1.0,True,True,True,True,True,Adolescent Latinas' adaptive functioning and sense of well-being
96676,10.1177/0886109906288902,2006,Affilia,"0886-1099,1552-3020",1.0,True,True,True,True,True,Fostering HOPE: A narrative case analysis of one teenage mother's pursuit of a college education
96677,10.1177/0886109905285842,2006,Affilia,"0886-1099,1552-3020",1.0,True,True,True,True,True,Speaking truth to power: Jane Addams's values base for peacemaking
96678,10.1177/0886109905286017,2006,Affilia,"0886-1099,1552-3020",1.0,True,True,True,True,True,On the battleground of women's bodies: Mass rape in Bosnia-Herzegovina
96679,10.1177/0886109905285777,2006,Affilia,"0886-1099,1552-3020",1.0,True,True,True,True,True,Feminine virtue and feminist fervor: The impact of the women's international league for peace and freedom in the 1930s
96680,10.1177/0886109905279963,2006,Affilia,"0886-1099,1552-3020",1.0,True,True,True,True,True,"""You should know her but you don't"": A single woman brings Jeannette Rankin to the stage"
96681,10.1177/0886109905285772,2006,Affilia,"0886-1099,1552-3020",1.0,True,True,True,True,True,Remembering the women in Rwanda: When humans rely on the old concepts of war to resolve conflict
96682,10.1177/0886109905285822,2006,Affilia,"0886-1099,1552-3020",1.0,True,True,True,True,True,Rape as a tactic of war: Social and psychological perspectives
96683,10.1177/0886109905285787,2006,Affilia,"0886-1099,1552-3020",1.0,True,True,True,True,True,"Women, war, and peace building"
96684,10.1177/0886109905285760,2006,Affilia,"0886-1099,1552-3020",1.0,True,True,True,True,True,Gender and war: The effects of armed conflict on women's health and mental health
96685,10.1177/0886109905285820,2006,Affilia,"0886-1099,1552-3020",1.0,True,True,True,True,True,The life and work of elise boulding: Honoring women as peacemakers
96686,10.1177/0886109905285773,2006,Affilia,"0886-1099,1552-3020",1.0,True,True,True,True,True,Harriet Tubman: Peacemaker and stateswoman
96687,10.1177/0886109905283138,2006,Affilia,"0886-1099,1552-3020",1.0,True,True,True,True,True,Changing my mind: An encounter with jane addams
96688,10.1177/0886109905283145,2006,Affilia,"0886-1099,1552-3020",0.994,True,True,True,True,True,"Professionalizing social work at the national levels: Women social work leaders, 1910-1982"
96689,10.1177/0886109905279869,2006,Affilia,"0886-1099,1552-3020",1.0,True,True,True,True,True,Law enforcement versus battered women: The conflict over the lautenberg amendment
96690,10.1177/0886109905283134,2006,Affilia,"0886-1099,1552-3020",1.0,True,True,True,True,True,Editorial: Where has my country gone?
96692,10.1177/0886109905283140,2006,Affilia,"0886-1099,1552-3020",1.0,True,True,True,True,True,Kitchen Table Recovery
96693,10.1177/0886109906288897,2006,Affilia,"0886-1099,1552-3020",1.0,True,True,True,True,True,One of Those Streets
96694,10.1177/088610990602100415,2006,Affilia,"0886-1099,1552-3020",1.0,True,True,True,True,True,Blanche Wiesen Cook on Eleanor Roosevelt: An Interview
96695,10.1177/0886109905283141,2006,Affilia,"0886-1099,1552-3020",1.0,True,True,True,True,True,Magnum Opus; Overexposed; For L
96696,10.1177/0886109906288896,2006,Affilia,"0886-1099,1552-3020",1.0,True,True,True,True,True,One Million Bras; Baltic Street in Blue
96697,10.1177/0886109906292155,2006,Affilia,"0886-1099,1552-3020",1.0,True,True,True,True,True,Poetic Language From a Focus Group With African American HIV-Positive Women Over Age 50
96699,10.1177/0886109905279802,2005,Affilia,"0886-1099,1552-3020",1.0,True,True,True,True,True,The era of meanness: Welfare reform and barriers to a college degree
96700,10.1177/0886109905279807,2005,Affilia,"0886-1099,1552-3020",1.0,True,True,True,True,True,Naming our work
96701,10.1177/0886109905279803,2005,Affilia,"0886-1099,1552-3020",1.0,True,True,True,True,True,Trained volunteers as mental health counselors: Addressing the enormous shortage of trained counselors
96702,10.1177/0886109905279872,2005,Affilia,"0886-1099,1552-3020",1.0,True,True,True,True,True,"Belief in personal control among low-income African American, Puerto Rican, and European American single mothers"
96703,10.1177/0886109905279801,2005,Affilia,"0886-1099,1552-3020",1.0,True,True,True,True,True,Lady boards of managers: Subjugated legacies of governance and administration
96704,10.1177/0886109905277611,2005,Affilia,"0886-1099,1552-3020",1.0,True,True,True,True,True,Survivors' opinions about mandatory reporting of domestic violence and sexual assault by medical professionals
96705,10.1177/0886109905277753,2005,Affilia,"0886-1099,1552-3020",1.0,True,True,True,True,True,"""Disease and delinquency know no color"": Syphilis and African American female delinquency"
96706,10.1177/0886109905277751,2005,Affilia,"0886-1099,1552-3020",1.0,True,True,True,True,True,The nature and impact of domestic violence across age cohorts
96707,10.1177/0886109905277610,2005,Affilia,"0886-1099,1552-3020",1.0,True,True,True,True,True,When bodies need voices: Sharing stories of survival
96708,10.1177/0886109905277752,2005,Affilia,"0886-1099,1552-3020",1.0,True,True,True,True,True,"Pride, prejudice, and a dose of shame: The meaning of public assistance"
96709,10.1177/0886109905277657,2005,Affilia,"0886-1099,1552-3020",1.0,True,True,True,True,True,Flora's vest: The personal is political is personal again
96710,10.1177/0886109905277615,2005,Affilia,"0886-1099,1552-3020",1.0,True,True,True,True,True,Addie hunton and the construction of an African American female peace perspective
96711,10.1177/0886109905277614,2005,Affilia,"0886-1099,1552-3020",1.0,True,True,True,True,True,The social construction of concealment among Chinese women in abusive marriages in Hong Kong
96712,10.1177/0886109905274547,2005,Affilia,"0886-1099,1552-3020",1.0,True,True,True,True,True,Combining caregiving and career: Experiences of social work faculty
96713,10.1177/0886109905274676,2005,Affilia,"0886-1099,1552-3020",1.0,True,True,True,True,True,Computer technology for the feminist classroom
96714,10.1177/0886109905274546,2005,Affilia,"0886-1099,1552-3020",1.0,True,True,True,True,True,Reexamining what we think we know: A lesson learned from Tamil refugees
96715,10.1177/0886109905274545,2005,Affilia,"0886-1099,1552-3020",1.0,True,True,True,True,True,The contribution of the sisters of mercy to the development of social welfare
96716,10.1177/0886109904272012,2005,Affilia,"0886-1099,1552-3020",1.0,True,True,True,True,True,Maggie Lena Walker and African American community development
96717,10.1177/0886109904272094,2005,Affilia,"0886-1099,1552-3020",1.0,True,True,True,True,True,"Women, love, and intimacy ""gone wrong"": Fire, wind, and ice"
96718,10.1177/0886109904272117,2005,Affilia,"0886-1099,1552-3020",1.0,True,True,True,True,True,"Battered women in shelters: Internal resources, well-being, and integration"
96719,10.1177/0886109904272062,2005,Affilia,"0886-1099,1552-3020",1.0,True,True,True,True,True,Progress for women faculty in social work academia
96720,10.1177/0886109904272115,2005,Affilia,"0886-1099,1552-3020",1.0,True,True,True,True,True,Katherine Kendall: A social work institution
96721,10.1177/0886109904272091,2005,Affilia,"0886-1099,1552-3020",1.0,True,True,True,True,True,Reading a poor woman's life: Issues and dilemmas
96722,10.1177/0886109904272011,2005,Affilia,"0886-1099,1552-3020",1.0,True,True,True,True,True,The Devious Path of Reform
96724,10.1177/0886109905274614,2005,Affilia,"0886-1099,1552-3020",1.0,True,True,True,True,True,Let's Hear From You
96725,10.1177/0886109905277612,2005,Affilia,"0886-1099,1552-3020",1.0,True,True,True,True,True,Undoing a Century of Progress?
96728,10.1177/0886109904268930,2004,Affilia,"0886-1099,1552-3020",1.0,True,True,True,True,True,Predicting gender-role attitudes among mothers and their adolescent daughters in Israel
96729,10.1177/0886109904268874,2004,Affilia,"0886-1099,1552-3020",1.0,True,True,True,True,True,Crone songs: Voices of lesbian elders on aging in a rural environment
96730,10.1177/0886109904268865,2004,Affilia,"0886-1099,1552-3020",1.0,True,True,True,True,True,Addressing the problem of domestic violence: How far have we come?
96731,10.1177/0886109904268868,2004,Affilia,"0886-1099,1552-3020",1.0,True,True,True,True,True,War rape: New conceptualizations and responses
96732,10.1177/0886109904269053,2004,Affilia,"0886-1099,1552-3020",1.0,True,True,True,True,True,Strange bedfellows: Feminist advocates and U.S. Marines working to end violence
96733,10.1177/0886109904265789,2004,Affilia,"0886-1099,1552-3020",1.0,True,True,True,True,True,"Dignity, financial literacy, and food, glorious food! The legacy of Kathy Goldman"
96734,10.1177/0886109904265805,2004,Affilia,"0886-1099,1552-3020",1.0,True,True,True,True,True,"""Family violence"": The language of legitimacy"
96735,10.1177/0886109904265785,2004,Affilia,"0886-1099,1552-3020",1.0,True,True,True,True,True,Paternalistic regulation of women: Exploring punitive sanctions in temporary assistance to needy families
96736,10.1177/0886109904265853,2004,Affilia,"0886-1099,1552-3020",1.0,True,True,True,True,True,African American reformers' mission: Caring for our girls and women
96737,10.1177/0886109903262759,2004,Affilia,"0886-1099,1552-3020",1.0,True,True,True,True,True,Work and Social Support: Social Workers' Assessments of Male and Female Clients' Problems and Needs
96738,10.1177/0886109903262772,2004,Affilia,"0886-1099,1552-3020",1.0,True,True,True,True,True,Relationship Constellations and Dynamics of Low-Income Rural Mothers
96739,10.1177/0886109903262765,2004,Affilia,"0886-1099,1552-3020",1.0,True,True,True,True,True,Mentoring in the Careers of African American Women in Social Work Education
96740,10.1177/0886109903262753,2004,Affilia,"0886-1099,1552-3020",1.0,True,True,True,True,True,Social Support and Functioning of Nuclear Families Headed by Lesbian Couples
96741,10.1177/0886109903262755,2004,Affilia,"0886-1099,1552-3020",1.0,True,True,True,True,True,Campus-Based Women's Centers: A Review of Problems and Practices
96742,10.1177/0886109903262752,2004,Affilia,"0886-1099,1552-3020",0.233,True,True,True,True,True,Grading George W. on Women's Issues
96743,10.1177/0886109903260802,2004,Affilia,"0886-1099,1552-3020",1.0,True,True,True,True,True,Maryann Mahaffey: An Activist for All Seasons
96744,10.1177/0886109903260667,2004,Affilia,"0886-1099,1552-3020",1.0,True,True,True,True,True,The Impact of Priest Sexual Abuse: Female Survivors' Narratives
96745,10.1177/0886109903261015,2004,Affilia,"0886-1099,1552-3020",1.0,True,True,True,True,True,Education and Training for Low-Income Women: An Elusive Goal
96746,10.1177/0886109903260666,2004,Affilia,"0886-1099,1552-3020",1.0,True,True,True,True,True,Women Who Die Young: The Cumulative Disadvantage of Race
96747,10.1177/0886109903260663,2004,Affilia,"0886-1099,1552-3020",0.267,True,True,True,True,True,What a Terrible Waste!
96748,10.1177/0886109903260795,2004,Affilia,"0886-1099,1552-3020",0.989,True,True,True,True,True,"Racial and Ethnie Identity Development in White Mothers of Biracial, Black-White Children"
96749,10.1177/0886109904191002,2004,Affilia,"0886-1099,1552-3020",1.0,True,True,True,True,True,The Affilia Policy on Ethical Standard Publishing
96750,10.1177/0886109903262771,2004,Affilia,"0886-1099,1552-3020",1.0,True,True,True,True,True,One Social Workerã¢â‚¬â„¢s Retirement
96752,10.1177/0886109904265787,2004,Affilia,"0886-1099,1552-3020",1.0,True,True,True,True,True,Editorial: The Hidden War on the Poor
96753,10.1177/0886109904267095,2004,Affilia,"0886-1099,1552-3020",1.0,True,True,True,True,True,Farewell and Hail
96754,10.1177/0886109904265807,2004,Affilia,"0886-1099,1552-3020",1.0,True,True,True,True,True,"Revolution From the Inside, Out"
96755,10.1177/088610990401900311,2004,Affilia,"0886-1099,1552-3020",1.0,True,True,True,True,True,"Salud, Helen"
96756,10.1177/0886109904268937,2004,Affilia,"0886-1099,1552-3020",1.0,True,True,True,True,True,Herstory Writers Workshop
96757,10.1177/0886109904265828,2004,Affilia,"0886-1099,1552-3020",1.0,True,True,True,True,True,Domestic violence in the Orthodox Jewish home: A value-sensitive approach to recovery
96758,10.1177/088610990401900312,2004,Affilia,"0886-1099,1552-3020",1.0,True,True,True,True,True,When the Killing of a Stranger Means the World
96759,10.1177/0886109904265806,2004,Affilia,"0886-1099,1552-3020",1.0,True,True,True,True,True,Just Another Day
96760,10.1177/0886109903257550,2003,Affilia,"0886-1099,1552-3020",1.0,True,True,True,True,True,"Focus-Group Methodology in Research with Incarcerated Women: Race, Power, and Collective Experience"
96761,10.1177/0886109903257623,2003,Affilia,"0886-1099,1552-3020",1.0,True,True,True,True,True,Transitional Supportive Housing Programs: Battered Women's Perspectives and Recommendations
96762,10.1177/0886109903257629,2003,Affilia,"0886-1099,1552-3020",1.0,True,True,True,True,True,Gender Biases in Child Welfare
96763,10.1177/0886109903257546,2003,Affilia,"0886-1099,1552-3020",0.163,True,True,True,True,True,How Much Inequality Can Democracy Manage?
96764,10.1177/0886109903257549,2003,Affilia,"0886-1099,1552-3020",1.0,True,True,True,True,True,My Doctoral Journey: A Chinese Woman's Struggles
96765,10.1177/0886109903257548,2003,Affilia,"0886-1099,1552-3020",1.0,True,True,True,True,True,Preventing Developmental Disabilities and Promoting Maternal and Child Health: Women Organizing for Change
96766,10.1177/0886109903257547,2003,Affilia,"0886-1099,1552-3020",1.0,True,True,True,True,True,Linking Feminist Social Work and Feminist Theology in Light of Faith-Based Service Initiatives
96767,10.1177/0886109903254595,2003,Affilia,"0886-1099,1552-3020",1.0,True,True,True,True,True,Providing comprehensive case management services to urban women with HIV/AIDS and their families
96768,10.1177/0886109903254582,2003,Affilia,"0886-1099,1552-3020",1.0,True,True,True,True,True,Fundamentalism and social work
96769,10.1177/0886109903254581,2003,Affilia,"0886-1099,1552-3020",0.974,True,True,True,True,True,Feeling poor: The felt experience of low-income lone mothers
96770,10.1177/0886109903254578,2003,Affilia,"0886-1099,1552-3020",1.0,True,True,True,True,True,Translating principles into practice: Implementing the feminist and strengths perspectives in work with battered women
96771,10.1177/0886109903254580,2003,Affilia,"0886-1099,1552-3020",1.0,True,True,True,True,True,Developing empowerment and leadership: The case of immigrant women in Israel
96773,10.1177/0886109902239092,2003,Affilia,"0886-1099,1552-3020",1.0,True,True,True,True,True,Rethinking empowerment theory using a feminist lens: The importance of process
96774,10.1177/0886109902239095,2003,Affilia,"0886-1099,1552-3020",1.0,True,True,True,True,True,The journey from welfare to work: Learning from women living in poverty
96775,10.1177/0886109902239093,2003,Affilia,"0886-1099,1552-3020",1.0,True,True,True,True,True,The great disconnect
96776,10.1177/0886109902239096,2003,Affilia,"0886-1099,1552-3020",1.0,True,True,True,True,True,Incorporating spirituality in feminist social work perspectives
96777,10.1177/0886109902239097,2003,Affilia,"0886-1099,1552-3020",1.0,True,True,True,True,True,Social motherhood revisited
96778,10.1177/0886109902239100,2003,Affilia,"0886-1099,1552-3020",1.0,True,True,True,True,True,Heeding new voices: Gender-related herstories of Asian and Caribbean - Born elderly women
96779,10.1177/0886109903018002003,2003,Affilia,"0886-1099,1552-3020",1.0,True,True,True,True,True,The Supreme Court and women's rights: A new challenge
96780,10.1177/0886109903251423,2003,Affilia,"0000-0000,0886-1099",1.0,True,True,True,True,True,Poem as Notes for a Film Script
96781,10.1177/0886109903251419,2003,Affilia,"0000-0000,0886-1099",1.0,True,True,True,True,True,Negotiating the waves: Challenges of conducting in-prison and follow-up research with women
96782,10.1177/0886109903018002004,2003,Affilia,"0886-1099,1552-3020",1.0,True,True,True,True,True,African American women at midlife: The relationship between spirituality and life satisfaction
96783,10.1177/0886109903018002005,2003,Affilia,"0886-1099,1552-3020",1.0,True,True,True,True,True,"Social work, young women, and femininity"
96784,10.1177/0886109903018002007,2003,Affilia,"0886-1099,1552-3020",1.0,True,True,True,True,True,Social work response to domestic violence: Encouraging news from a new look
96785,10.1177/0886109903018002010,2003,Affilia,"0886-1099,1552-3020",1.0,True,True,True,True,True,Letter of encouragement to a survivor
96786,10.1177/0886109903251418,2003,Affilia,"0000-0000,0886-1099",1.0,True,True,True,True,True,Globalization as a women's issue
96787,10.1177/0886109903018002008,2003,Affilia,"0886-1099,1552-3020",1.0,True,True,True,True,True,Does gender matter? Male and female participation in social work classrooms
96788,10.1177/0886109903254583,2003,Affilia,"0886-1099,1552-3020",1.0,True,True,True,True,True,Animal Prayers: Perry Blue
96789,10.1177/0886109903018001019,2003,Affilia,"0886-1099,1552-3020",0.087,True,True,True,True,True,Mi Ok Song Bruining
96790,10.1177/0886109903018001018,2003,Affilia,"0886-1099,1552-3020",0.1,True,True,True,True,True,Jane Addams Sets the Record Straight
96791,10.1177/088610902237364,2002,Affilia,"0886-1099,1552-3020",1.0,True,True,True,True,True,Fuerza unida
96792,10.1177/088610902237359,2002,Affilia,"0886-1099,1552-3020",1.0,True,True,True,True,True,Constructing learning sites for solidarity and social action: Gender autobiography for consciousness raising
96793,10.1177/088610902237358,2002,Affilia,"0886-1099,1552-3020",1.0,True,True,True,True,True,"Truths, half-truths, and nontruths about social security"
96794,10.1177/088610902237360,2002,Affilia,"0886-1099,1552-3020",1.0,True,True,True,True,True,"Negotiating images: Popular culture, imagination, and hope in clinical social work practice"
96795,10.1177/088610902237361,2002,Affilia,"0886-1099,1552-3020",1.0,True,True,True,True,True,"Raíces: Gender-conscious community building in Santiago, Chile"
96796,10.1177/0886109902017002001,2002,Affilia,"0000-0000,0886-1099",0.1,True,True,True,True,True,A deaf ear?
96797,10.1177/0886109902017002006,2002,Affilia,"0000-0000,0886-1099",1.0,True,True,True,True,True,A feminist approach to practice in working with midlife and older women with HIV/AIDs
96799,10.1177/0886109902017002004,2002,Affilia,"0000-0000,0886-1099",1.0,True,True,True,True,True,Reflections on the art of social work practice: A metaphor from the drawing of a swan
96800,10.1177/0886109902017002003,2002,Affilia,"0000-0000,0886-1099",1.0,True,True,True,True,True,Sisterhood is not enough: The invisibility of mothering in shelter practice with battered women
96801,10.1177/0886109902017001004,2002,Affilia,"0886-1099,1552-3020",1.0,True,True,True,True,True,The PTSD diagnosis: Is it good for women?
96802,10.1177/0886109902017001006,2002,Affilia,"0886-1099,1552-3020",1.0,True,True,True,True,True,Race and the politics of personal relationships: Focus on Black Canadian women
96803,10.1177/0886109902017001001,2002,Affilia,"0886-1099,1552-3020",1.0,True,True,True,True,True,The art and power of the three Rs
96804,10.1177/0886109902017001003,2002,Affilia,"0886-1099,1552-3020",1.0,True,True,True,True,True,Something worth fighting for: Higher education for women on welfare
96805,10.1177/0886109902017001005,2002,Affilia,"0886-1099,1552-3020",1.0,True,True,True,True,True,Reflections on a rape trial: The role of rape myths and jury selection in the outcome of a trial
96806,10.1177/0886109902017001002,2002,Affilia,"0886-1099,1552-3020",1.0,True,True,True,True,True,"Adding legal insult to injury: Battered women, their children, and the failure to protect"
96807,10.1177/0886109902173003,2002,Affilia,"0886-1099,1552-3020",1.0,True,True,True,True,True,Prenatal care for women who are addicted: Implications for gender-sensitive practice
96808,10.1177/0886109902017004001,2002,Affilia,"0886-1099,1552-3020",1.0,True,True,True,True,True,Introducing Women Creating Change
96809,10.1177/0886109902173006,2002,Affilia,"0886-1099,1552-3020",1.0,True,True,True,True,True,Older homeless women: Reframing the stereotype of the bag lady
96810,10.1177/0886109902173008,2002,Affilia,"0886-1099,1552-3020",1.0,True,True,True,True,True,Women of conscience: Jeannette Rankin and Barbara Lee
96811,10.1177/08809902017003003,2002,Affilia,"0000-0000,0886-1099",1.0,True,True,True,True,True,Progress or complacency? Pay equity for women circa 2001
96812,10.1177/0886109902173005,2002,Affilia,"0886-1099,1552-3020",1.0,True,True,True,True,True,"Women, work, and occupational segregation in the uniformed services"
96813,10.1177/0886109902173004,2002,Affilia,"0886-1099,1552-3020",1.0,True,True,True,True,True,Unraveling a relationship: Single motherhood and the practices of public housing
96814,10.1177/088610990201700301,2002,Affilia,"0886-1099,1552-3020",1.0,True,True,True,True,True,Introducing Past and Present
96816,10.1177/08809902017003002,2002,Affilia,"0000-0000,0886-1099",1.0,True,True,True,True,True,Time for reform?
96817,10.1177/08861090122094389,2001,Affilia,"0886-1099,1552-3020",1.0,True,True,True,True,True,Where do you go when it's 40 below? Domestic violence among rural alaska native women
96818,10.1177/08861090122094352,2001,Affilia,"0886-1099,1552-3020",1.0,True,True,True,True,True,A wolf in sheep's clothes? How welfare reform may threaten domestic violence services
96819,10.1177/08861090122094343,2001,Affilia,"0886-1099,1552-3020",1.0,True,True,True,True,True,Subjugated knowledge in gender-integrated social work education: Call for a dialogue
96820,10.1177/08861090122094361,2001,Affilia,"0886-1099,1552-3020",1.0,True,True,True,True,True,"""Sitting with the sick"": African American women's philanthropy"
96821,10.1177/08861090122094235,2001,Affilia,"0886-1099,1552-3020",1.0,True,True,True,True,True,Redefining abuse of women with disabilities: A paradox of limitation and expansion
96822,10.1177/08861090122094217,2001,Affilia,"0886-1099,1552-3020",1.0,True,True,True,True,True,Economic advocacy for survivors of domestic violence
96823,10.1177/08861090122094226,2001,Affilia,"0886-1099,1552-3020",1.0,True,True,True,True,True,Resilience among women survivors of child sexual abuse
96824,10.1177/08861090122094127,2001,Affilia,"0886-1099,1552-3020",1.0,True,True,True,True,True,Social work academia: Is the glass ceiling beginning to crack?
96825,10.1177/08861090122094154,2001,Affilia,"0886-1099,1552-3020",1.0,True,True,True,True,True,Taking account of men in the lives of teenage mothers
96826,10.1177/08861090122094145,2001,Affilia,"0886-1099,1552-3020",1.0,True,True,True,True,True,An emancipatory principle for social work with survivors of male violence
96827,10.1177/08861090122094118,2001,Affilia,"0886-1099,1552-3020",1.0,True,True,True,True,True,Environment through a gendered lens: From person-in-environment to woman-in-environment
96828,10.1177/088610990101600304,2001,Affilia,"0886-1099,1552-3020",1.0,True,True,True,True,True,"Rights, responsibility, and relationship: Motivations for women's social activism"
96829,10.1177/088610990101600303,2001,Affilia,"0886-1099,1552-3020",1.0,True,True,True,True,True,Empowering women through computer-mediated class participation
96830,10.1177/08861090122094181,2001,Affilia,"0886-1099,1552-3020",1.0,True,True,True,True,True,"Counting, Costs, and the Value of Caring Work"
96832,10.1177/08861090122094334,2001,Affilia,"0886-1099,1552-3020",1.0,True,True,True,True,True,Faith in the Faith-Based Initiative?
96833,10.1177/088610990101600306,2001,Affilia,"0886-1099,1552-3020",1.0,True,True,True,True,True,"""Creating a little mischief"": A portrait of Mildred Jeffrey's 65 years as an activist"
96834,10.1177/08861090122094109,2001,Affilia,"0886-1099,1552-3020",1.0,True,True,True,True,True,Editorial: Breaking the Rules
96835,10.1177/088610990101600301,2001,Affilia,"0886-1099,1552-3020",1.0,True,True,True,True,True,The Wind at Our Backs
96836,10.1177/088610990101600305,2001,Affilia,"0886-1099,1552-3020",1.0,True,True,True,True,True,Never mind the law: Legal discourse and rape reform in Israel
96838,10.1177/08861090022093796,2000,Affilia,"0886-1099,1552-3020",1.0,True,True,True,True,True,Editorial: Connected Scholarship
96839,10.1177/08861090022093985,2000,Affilia,"0886-1099,1552-3020",1.0,True,True,True,True,True,Editorial: Shifting Perspectives
96840,10.1177/08861090022094083,2000,Affilia,"0886-1099,1552-3020",1.0,True,True,True,True,True,Continuing to care: Black and Latina daughters' assistance to their mothers in nursing homes
96841,10.1177/08861090022093967,2000,Affilia,"0886-1099,1552-3020",1.0,True,True,True,True,True,Analysis of the family violence option: A strengths perspective
96842,10.1177/08861090022094056,2000,Affilia,"0886-1099,1552-3020",1.0,True,True,True,True,True,Editorial: In Retrospect
96843,10.1177/08861090022093813,2000,Affilia,"0886-1099,1552-3020",1.0,True,True,True,True,True,Marginalized epistemologies: A feminist approach to understanding the experiences of mothers with HIV
96844,10.1177/08861090022094074,2000,Affilia,"0886-1099,1552-3020",1.0,True,True,True,True,True,The dynamics of battering revisited
96845,10.1177/08861090022093921,2000,Affilia,"0000-0000,0886-1099",1.0,True,True,True,True,True,Voices of welfare reform: Bureaucratic rationality versus the perceptions of welfare participants
96846,10.1177/08861090022093949,2000,Affilia,"0886-1099,1552-3020",1.0,True,True,True,True,True,Welfare reform and mutual family support: Effects on mother-led Mexican American families
96847,10.1177/08861090022093822,2000,Affilia,"0000-0000,0886-1099",1.0,True,True,True,True,True,Wayward girls and virtuous women: Social workers and female juvenile delinquency in the Progressive Era
96848,10.1177/08861090022094065,2000,Affilia,"0000-0000,0886-1099",1.0,True,True,True,True,True,Feminist voices on sex work: Implications for social work
96849,10.1177/08861090022093840,2000,Affilia,"0886-1099,1552-3020",1.0,True,True,True,True,True,Empowerment practice: A focus on battered women
96850,10.1177/08861090022093930,2000,Affilia,"0886-1099,1552-3020",1.0,True,True,True,True,True,The vulnerability of American Indian women in the new welfare state
96851,10.1177/08861090022093976,2000,Affilia,"0886-1099,1552-3020",1.0,True,True,True,True,True,"Moving welfare participants to work: Women, transportation, and welfare reform"
96852,10.1177/08861090022094038,2000,Affilia,"0886-1099,1552-3020",1.0,True,True,True,True,True,Students' perceptions of single parents and social injustice: A women's issue
96853,10.1177/08861090022093903,2000,Affilia,"0886-1099,1552-3020",1.0,True,True,True,True,True,Rights and wrongs of welfare reform: A feminist approach
96854,10.1177/08861090022093895,2000,Affilia,"0886-1099,1552-3020",1.0,True,True,True,True,True,Guest Editorial
96855,10.1177/08861090022093958,2000,Affilia,"0000-0000,0886-1099",1.0,True,True,True,True,True,Toward real welfare reform: The voices of battered women
96856,10.1177/08861090022093877,2000,Affilia,"0886-1099,1552-3020",1.0,True,True,True,True,True,Working for equality and economic liberation: Advocacy and education for welfare reform
96857,10.1177/08861090022093994,2000,Affilia,"0886-1099,1552-3020",1.0,True,True,True,True,True,"Pauline Agassiz Shaw, 1841-1917: A Forgotten Visionary"
96858,10.1177/08861090022094029,2000,Affilia,"0886-1099,1552-3020",1.0,True,True,True,True,True,Social action research: Influencing providers and recipients of health and mental health care for Lesbians
96859,10.1177/08861090022093886,2000,Affilia,"0000-0000,0886-1099",1.0,True,True,True,True,True,Empowerment through welfare-rights organizing: A feminist perspective
96860,10.1177/08861090022093868,2000,Affilia,"0886-1099,1552-3020",1.0,True,True,True,True,True,Facilitating self-esteem and social supports in a family life-skills program
96861,10.1177/08861090022093804,2000,Affilia,"0886-1099,1552-3020",1.0,True,True,True,True,True,Mortgage lending and gender
96862,10.1177/08861090022094010,2000,Affilia,"0886-1099,1552-3020",1.0,True,True,True,True,True,Help seeking for violence: Views of survivors
96863,10.1177/08861090022093912,2000,Affilia,"0000-0000,0886-1099",1.0,True,True,True,True,True,Supporting the move from welfare to work: What women say
96864,10.1177/08861090022093831,2000,Affilia,"0886-1099,1552-3020",1.0,True,True,True,True,True,Women and interracial cooperation in establishing the good samaritan hospital
96865,10.1177/08861099922093743,1999,Affilia,"0886-1099,1552-3020",1.0,True,True,True,True,True,Battered women and their children: A public policy response
96866,10.1177/08861099922093725,1999,Affilia,"0886-1099,1552-3020",1.0,True,True,True,True,True,"Helping clients, helping ourselves: A social work agenda for achieving occupational equity"
96867,10.1177/08861099922093734,1999,Affilia,"0886-1099,1552-3020",1.0,True,True,True,True,True,Ethnic and lesbian: Understanding identity through the life-history approach
96868,10.1177/08861099922093662,1999,Affilia,"0000-0000,0886-1099",1.0,True,True,True,True,True,Time limits under temporary assistance to needy families: A look at the welfare cliff
96869,10.1177/08861099922093653,1999,Affilia,"0000-0000,0886-1099",1.0,True,True,True,True,True,A feminist analysis of welfare reform: The personal responsibility act of 1996
96870,10.1177/08861099922093671,1999,Affilia,"0886-1099,1552-3020",1.0,True,True,True,True,True,Teaching students about collaborative approaches to organizational change
96871,10.1177/08861099922093699,1999,Affilia,"0886-1099,1552-3020",1.0,True,True,True,True,True,Women's issues and social work accreditation: A status report
96872,10.1177/08861099922093617,1999,Affilia,"0886-1099,1552-3020",1.0,True,True,True,True,True,Employment and the Use of welfare among male and female heads of AFDC households
96873,10.1177/08861099922093590,1999,Affilia,"0886-1099,1552-3020",1.0,True,True,True,True,True,Facilitating effective relationships between survivors of childhood sexual abuse and health care professionals
96874,10.1177/08861099922093572,1999,Affilia,"0000-0000,0886-1099",1.0,True,True,True,True,True,"""Crafting a usable past"": The care-centered practice narrative in social work"
96875,10.1177/08861099922093581,1999,Affilia,"0886-1099,1552-3020",1.0,True,True,True,True,True,Restructuring resilience: Emerging voices
96876,10.1177/08861099922093608,1999,Affilia,"0886-1099,1552-3020",1.0,True,True,True,True,True,Domestic violence among AFDC recipients: Implications for welfare-to-work programs
96877,10.1177/08861099922093509,1999,Affilia,"0886-1099,1552-3020",1.0,True,True,True,True,True,Las comadres as a social support system
96878,10.1177/08861099922093518,1999,Affilia,"0886-1099,1552-3020",1.0,True,True,True,True,True,Working and nonworking women: Onset of homelessness within the context of their lives
96879,10.1177/08861099922093527,1999,Affilia,"0886-1099,1552-3020",1.0,True,True,True,True,True,The nature and function of fusion in the dynamics of lesbian relationships
96880,10.1177/08861099922093491,1999,Affilia,"0886-1099,1552-3020",1.0,True,True,True,True,True,Applying relational theory to the treatment of women's addictions
96881,10.1177/08861099922093545,1999,Affilia,"0886-1099,1552-3020",1.0,True,True,True,True,True,Toward a position statement on the congregate care of children
96882,10.1177/08861099922093482,1999,Affilia,"0886-1099,1552-3020",1.0,True,True,True,True,True,Catching Up With Family Change
96883,10.1177/08861099922093635,1999,Affilia,"0886-1099,1552-3020",1.0,True,True,True,True,True,Editorial: “Measuring” Progress Against Sexism
96885,10.1177/08861099922093716,1999,Affilia,"0886-1099,1552-3020",1.0,True,True,True,True,True,Editorial: Feminist “Peacekeepers”
96886,10.1177/08861099922093563,1999,Affilia,"0886-1099,1552-3020",1.0,True,True,True,True,True,Editorial: Hate Crimes Are a Feminist Concern
96887,10.1177/08861099922093644,1999,Affilia,"0886-1099,1552-3020",1.0,True,True,True,True,True,Beatrice Saunders: Founding Editor of Affilia
96888,10.1177/088610999801300313,1998,Affilia,"0886-1099,1552-3020",1.0,True,True,True,True,True,At the Edge of My Dreams
96889,10.1177/088610999801300202,1998,Affilia,"0886-1099,1552-3020",1.0,True,True,True,True,True,Deconstructing the Liberal Consensus on What Is Feminist
96890,10.1177/088610999801300301,1998,Affilia,"0886-1099,1552-3020",1.0,True,True,True,True,True,Motherhood in Feminist Theory
96891,10.1177/088610999801300206,1998,Affilia,"0886-1099,1552-3020",1.0,True,True,True,True,True,Income packaging as a survival strategy for welfare mothers
96892,10.1177/088610999801300306,1998,Affilia,"0886-1099,1552-3020",1.0,True,True,True,True,True,Exploiter or exploited: Topless dancers reflect on their experiences
96893,10.1177/088610999801300103,1998,Affilia,"0886-1099,1552-3020",1.0,True,True,True,True,True,Multicultural perspectives on menopause and the climacteric
96894,10.1177/088610999801300402,1998,Affilia,"0886-1099,1552-3020",1.0,True,True,True,True,True,Feminist Community Organizing on a College Campus
96895,10.1177/088610999801300204,1998,Affilia,"0886-1099,1552-3020",1.0,True,True,True,True,True,The relationship between attitudes: Homophobia and sexism among social work students
96896,10.1177/088610999801300104,1998,Affilia,"0886-1099,1552-3020",1.0,True,True,True,True,True,Occupational status differences among three groups of married mothers
96897,10.1177/088610999801300405,1998,Affilia,"0886-1099,1552-3020",1.0,True,True,True,True,True,Correlates of stress among African American nuns
96898,10.1177/088610999801300304,1998,Affilia,"0886-1099,1552-3020",1.0,True,True,True,True,True,Saints or sinners? The image of social workers from American stage and cinema before World War II
96900,10.1177/088610999801300205,1998,Affilia,"0886-1099,1552-3020",1.0,True,True,True,True,True,Sexual harassment of social work students
96901,10.1177/088610999801300305,1998,Affilia,"0886-1099,1552-3020",1.0,True,True,True,True,True,Using the moral vision of African American stories to empower low-income African American women
96902,10.1177/088610999801300106,1998,Affilia,"0886-1099,1552-3020",1.0,True,True,True,True,True,"Race, gender, and class: Interlocking oppressions in the lives of South Asian women in Canada"
96903,10.1177/088610999801300207,1998,Affilia,"0886-1099,1552-3020",1.0,True,True,True,True,True,Women in prison: Approaches to understanding the lives of a forgotten population
96904,10.1177/088610999801300404,1998,Affilia,"0886-1099,1552-3020",1.0,True,True,True,True,True,Comparisons of rural and urban homeless women
96905,10.1177/088610999801300406,1998,Affilia,"0886-1099,1552-3020",1.0,True,True,True,True,True,Domestic violence gun ban: An analysis of interest-group conflict
96906,10.1177/088610999801300101,1998,Affilia,"0886-1099,1552-3020",1.0,True,True,True,True,True,Reevaluating Feminist Thought for Social Work Practice
96907,10.1177/088610999801300302,1998,Affilia,"0886-1099,1552-3020",1.0,True,True,True,True,True,In-dependence: A feminist postmodern deconstruction
96908,10.1177/088610999801300203,1998,Affilia,"0886-1099,1552-3020",1.0,True,True,True,True,True,Women's perceptions of the glass ceiling in human service organizations and what to do about it
96909,10.1177/088610999601100305,1997,Affilia,"0886-1099,1552-3020",1.0,True,True,True,True,True,Wilderness stationery: Women's letters and women's research
96910,10.1177/088610999701200205,1997,Affilia,"0886-1099,1552-3020",1.0,True,True,True,True,True,Getting down to business and off welfare: Rural women entrepreneurs
96911,10.1177/088610999701200108,1997,Affilia,"0886-1099,1552-3020",1.0,True,True,True,True,True,Are you married? Two sexual-minority students' perspectives on field placements
96912,10.1177/088610999701200201,1997,Affilia,"0886-1099,1552-3020",1.0,True,True,True,True,True,Medicaid as a woman's issue: A conflict of values
96913,10.1177/088610999701200106,1997,Affilia,"0886-1099,1552-3020",1.0,True,True,True,True,True,Lesbians' experiences with helping professionals
96914,10.1177/088610999701200307,1997,Affilia,"0886-1099,1552-3020",1.0,True,True,True,True,True,Long-term AFDC mothers and posttraumatic stress syndrome: Is there a connection?
96915,10.1177/088610999701200306,1997,Affilia,"0886-1099,1552-3020",1.0,True,True,True,True,True,Empowering female offenders: Removing barriers to community-based practice
96916,10.1177/088610999601100303,1997,Affilia,"0886-1099,1552-3020",1.0,True,True,True,True,True,Group work with Bedouin widows of the Negev in a medical clinic
96917,10.1177/088610999701200204,1997,Affilia,"0886-1099,1552-3020",1.0,True,True,True,True,True,Marginalization and the single mother: A comparison of two studies
96918,10.1177/088610999601100301,1997,Affilia,"0886-1099,1552-3020",1.0,True,True,True,True,True,The impact of machismo on hispanic women
96919,10.1177/088610999701200203,1997,Affilia,"0886-1099,1552-3020",1.0,True,True,True,True,True,Partners or protagonists? The transition house movement and conservative churches
96920,10.1177/088610999701200206,1997,Affilia,"0886-1099,1552-3020",1.0,True,True,True,True,True,Nannie Helen Burroughs: A progressive example for modern times
96921,10.1177/088610999701200101,1997,Affilia,"0886-1099,1552-3020",1.0,True,True,True,True,True,“Character talk” and public policy
96922,10.1177/088610999701200305,1997,Affilia,"0886-1099,1552-3020",1.0,True,True,True,True,True,Still caught in a trap: The continued povertization of women
96923,10.1177/088610999701200406,1997,Affilia,"0886-1099,1552-3020",1.0,True,True,True,True,True,Submerged voices: Coordinators of sexual assault services speak of their experiences
96925,10.1177/088610999701200405,1997,Affilia,"0886-1099,1552-3020",1.0,True,True,True,True,True,Homelessness among AFDC families in a rural state: It is bound to get worse
96926,10.1177/088610999701200107,1997,Affilia,"0886-1099,1552-3020",1.0,True,True,True,True,True,Mutuality in the relationship of homeless women and their mothers
96927,10.1177/088610999601100306,1997,Affilia,"0886-1099,1552-3020",1.0,True,True,True,True,True,"Women managers are better: No they're not, yes they are!"
96928,10.1177/088610999601100302,1997,Affilia,"0886-1099,1552-3020",1.0,True,True,True,True,True,Childbearing among unwed African American adolescents: A critique of theories
96929,10.1177/088610999701200407,1997,Affilia,"0886-1099,1552-3020",1.0,True,True,True,True,True,Ladies don't: A historical perspective on attitudes toward alcoholic women
96930,10.1177/088610999701200404,1997,Affilia,"0886-1099,1552-3020",1.0,True,True,True,True,True,Social work with homeless women in emergency rooms: A strengths-feminist perspective
96931,10.1177/088610999701200304,1997,Affilia,"0886-1099,1552-3020",1.0,True,True,True,True,True,"Feminist social work in the inner city: The challenges of race, class, and gender"
96932,10.1177/088610999701200103,1997,Affilia,"0886-1099,1552-3020",0.75,True,True,True,True,True,Empowering research participants
96933,10.1177/088610999701200403,1997,Affilia,"0886-1099,1552-3020",1.0,True,True,True,True,True,Abused women in New Mexican shelters: Factors that influence independence on discharge
96934,10.1177/088610999601100304,1997,Affilia,"0886-1099,1552-3020",1.0,True,True,True,True,True,Stereotypes and stigma: What's changed for welfare mothers
96935,10.1177/088610999701200303,1997,Affilia,"0886-1099,1552-3020",1.0,True,True,True,True,True,"Female protection and empowerment: Travelers aid services, 1919-1934"
96936,10.1177/088610999701200302,1997,Affilia,"0886-1099,1552-3020",1.0,True,True,True,True,True,Hull house and the birth control movement: An untold story
96937,10.1177/088610999701200102,1997,Affilia,"0886-1099,1552-3020",1.0,True,True,True,True,True,Social work research: Is there a feminist method?
96938,10.1177/088610999601100203,1996,Affilia,"0886-1099,1552-3020",1.0,True,True,True,True,True,"Changes in the living arrangements, work patterns, and economic status of middle-aged single women: 1971-1991"
96939,10.1177/088610999601100202,1996,Affilia,"0886-1099,1552-3020",1.0,True,True,True,True,True,When mothers of adult daughters die: A new area of feminist practice
96940,10.1177/088610999601100405,1996,Affilia,"0886-1099,1552-3020",1.0,True,True,True,True,True,"Messages from the NGO forum on women, Beijing 1995"
96941,10.1177/088610999601100103,1996,Affilia,"0886-1099,1552-3020",1.0,True,True,True,True,True,Debunking the myth of progress for women social work educators
96942,10.1177/088610999601100206,1996,Affilia,"0886-1099,1552-3020",1.0,True,True,True,True,True,Health: Elderly rural women's conceptions
96943,10.1177/088610999601100207,1996,Affilia,"0886-1099,1552-3020",1.0,True,True,True,True,True,On the road to Beijing: The evolution of the International Women's Movement
96944,10.1177/088610999601100106,1996,Affilia,"0886-1099,1552-3020",1.0,True,True,True,True,True,Rural elderly women's attitudes toward professional and governmental assistance
96945,10.1177/088610999601100205,1996,Affilia,"0886-1099,1552-3020",1.0,True,True,True,True,True,Identifying gendered outcomes of gender-neutral policies
96946,10.1177/088610999601100108,1996,Affilia,"0886-1099,1552-3020",1.0,True,True,True,True,True,FemSchool: A Work in Progress: The FemSchool '95 Writing Circle
96947,10.1177/088610999601100404,1996,Affilia,"0886-1099,1552-3020",1.0,True,True,True,True,True,Mandatory HIV testing of newborns: The debate and a programmatic response
96948,10.1177/088610999601100102,1996,Affilia,"0886-1099,1552-3020",1.0,True,True,True,True,True,Imagining the Impossible
96949,10.1177/088610999601100204,1996,Affilia,"0886-1099,1552-3020",1.0,True,True,True,True,True,"Women, violence, and fear: One community's experience"
96950,10.1177/088610999601100401,1996,Affilia,"0886-1099,1552-3020",1.0,True,True,True,True,True,Saying Good-Bye and Hello
96952,10.1177/088610999601100403,1996,Affilia,"0886-1099,1552-3020",1.0,True,True,True,True,True,Contributing factors to poor health among incarcerated women: A conceptual model
96953,10.1177/088610999601100201,1996,Affilia,"0886-1099,1552-3020",1.0,True,True,True,True,True,Affilia's Tenth Anniversary
96954,10.1177/088610999601100307,1996,Affilia,"0886-1099,1552-3020",1.0,True,True,True,True,True,An Untenured Professor
96955,10.1177/088610999601100104,1996,Affilia,"0886-1099,1552-3020",1.0,True,True,True,True,True,Adult survivors of childhood sexual abuse: The case of mormon women
96956,10.1177/088610999601100101,1996,Affilia,"0886-1099,1552-3020",1.0,True,True,True,True,True,Remembering Liane Vida Davis
96957,10.1177/088610999501000319,1995,Affilia,"0886-1099,1552-3020",1.0,True,True,True,True,True,Things That Stay:For Arlene and Martha June 1994 From Your Daughter
96958,10.1177/088610999501000105,1995,Affilia,"0886-1099,1552-3020",1.0,True,True,True,True,True,The Role of Mutuality in Mother-Daughter Relationships
96959,10.1177/088610999501000104,1995,Affilia,"0886-1099,1552-3020",1.0,True,True,True,True,True,Caring for Women With HIV and AIDS
96960,10.1177/088610999501000107,1995,Affilia,"0886-1099,1552-3020",1.0,True,True,True,True,True,"Flexibility, the Family Ethic, and Rural Home-Based Work"
96961,10.1177/088610999501000305,1995,Affilia,"0886-1099,1552-3020",1.0,True,True,True,True,True,From Silence to Activism: Approaches to Research and Practice with Young Mothers
96962,10.1177/088610999501000306,1995,Affilia,"0886-1099,1552-3020",1.0,True,True,True,True,True,The Adult Bat Mitzvah: Its Use in the Articulation of Women's Identity
96963,10.1177/088610999501000207,1995,Affilia,"0886-1099,1552-3020",1.0,True,True,True,True,True,Legal and Social Differences Between Men and Women Who Kill Intimate Partners
96965,10.1177/088610999501000308,1995,Affilia,"0886-1099,1552-3020",1.0,True,True,True,True,True,Institutional Johnism: Male Dominance in SW 754
96967,10.1177/088610999501000405,1995,Affilia,"0886-1099,1552-3020",1.0,True,True,True,True,True,Claiming a Lesbian Identity as an Act of Empowerment
96968,10.1177/088610999501000204,1995,Affilia,"0886-1099,1552-3020",1.0,True,True,True,True,True,Economic Empowerment of Low-Income Women Through Self-Employment Programs
96969,10.1177/088610999501000307,1995,Affilia,"0886-1099,1552-3020",1.0,True,True,True,True,True,Birthmothers: Silent Relationships
96970,10.1177/088610999501000403,1995,Affilia,"0886-1099,1552-3020",1.0,True,True,True,True,True,"Women, Work, and Babies: Family-Labor Market Policies in Three European Countries"
96971,10.1177/088610999501000406,1995,Affilia,"0886-1099,1552-3020",1.0,True,True,True,True,True,Reframing the Dialogue on Female-Headed Single-Parent Families
96972,10.1177/088610999501000108,1995,Affilia,"0886-1099,1552-3020",1.0,True,True,True,True,True,Defining Workplace Abuse
96974,10.1177/088610999501000304,1995,Affilia,"0886-1099,1552-3020",1.0,True,True,True,True,True,Over the Edge? Women and Tenure in Today's Academic Environment
96975,10.1177/088610999501000103,1995,Affilia,"0886-1099,1552-3020",1.0,True,True,True,True,True,Gender and Congressional Voting: A Legislative Analysis
96976,10.1177/088610999501000208,1995,Affilia,"0886-1099,1552-3020",1.0,True,True,True,True,True,United Nations Fourth World Conference on Women
96977,10.1177/088610999501000206,1995,Affilia,"0886-1099,1552-3020",1.0,True,True,True,True,True,Battered Women: Keeping the Secret
96978,10.1177/088610999501000416,1995,Affilia,"0886-1099,1552-3020",1.0,True,True,True,True,True,The Individual That I Am
96979,10.1177/088610999501000303,1995,Affilia,"0886-1099,1552-3020",1.0,True,True,True,True,True,Midlife Women With Disabilities: Another Challenge for Social Workers
96980,10.1177/088610999501000407,1995,Affilia,"0886-1099,1552-3020",1.0,True,True,True,True,True,"Teaching Feminist Practice: Support, Transition, Change"
96981,10.1177/088610999501000301,1995,Affilia,"0886-1099,1552-3020",1.0,True,True,True,True,True,In Fond Memory of Naomi S. Gottlieb
96982,10.1177/088610999501000402,1995,Affilia,"0886-1099,1552-3020",1.0,True,True,True,True,True,The Seduction of Political Subtexts
96983,10.1177/088610999501000203,1995,Affilia,"0886-1099,1552-3020",1.0,True,True,True,True,True,Exchanging Welfare Checks for Wedding Rings: Welfare Reform in New Jersey and Wisconsin
96984,10.1177/088610999400900406,1994,Affilia,"0886-1099,1552-3020",1.0,True,True,True,True,True,Students' Attitudes Toward Women: Do Social Work Programs Make a Difference?
96985,10.1177/088610999400900403,1994,Affilia,"0886-1099,1552-3020",1.0,True,True,True,True,True,Perspectives of Women on Family and Social Policy
96986,10.1177/088610999400900301,1994,Affilia,"0886-1099,1552-3020",1.0,True,True,True,True,True,Low-Income Single Mothers: Myths and Realities
96987,10.1177/088610999400900105,1994,Affilia,"0886-1099,1552-3020",1.0,True,True,True,True,True,Battered Women's Experiences with a Preferred Arrest Policy
96988,10.1177/088610999400900103,1994,Affilia,"0886-1099,1552-3020",1.0,True,True,True,True,True,The Role of Working-Class Women in a Changing Economy
96989,10.1177/088610999400900206,1994,Affilia,"0886-1099,1552-3020",1.0,True,True,True,True,True,Women as Social Work Scholars: An Empirical Analysis
96990,10.1177/088610999400900102,1994,Affilia,"0886-1099,1552-3020",1.0,True,True,True,True,True,The Povertization of Women: A Global Phenomenon
96991,10.1177/088610999400900303,1994,Affilia,"0886-1099,1552-3020",1.0,True,True,True,True,True,The Relationship of Attitudes Toward Work and Toward Retirement: A Female Perspective
96992,10.1177/088610999400900207,1994,Affilia,"0886-1099,1552-3020",1.0,True,True,True,True,True,Developing Resources for Incest Survivors Through a Training Project for Service Providers
96993,10.1177/088610999400900302,1994,Affilia,"0886-1099,1552-3020",1.0,True,True,True,True,True,Gender Differences in the Social Networks of Persons With Severe Mental Illnesses
96994,10.1177/088610999400900404,1994,Affilia,"0886-1099,1552-3020",1.0,True,True,True,True,True,Contested Caring: Women's Roles in Foster Family Care
96995,10.1177/088610999400900304,1994,Affilia,"0886-1099,1552-3020",1.0,True,True,True,True,True,The Impact of Economic and Social Changes on the Roles of Women in Botswana and Zimbabwe
96996,10.1177/088610999400900202,1994,Affilia,"0886-1099,1552-3020",1.0,True,True,True,True,True,Midlife for Women: A New Perspective: Ski Hunter and Martin Sundel
96997,10.1177/088610999400900305,1994,Affilia,"0886-1099,1552-3020",1.0,True,True,True,True,True,"Crime, Violence, and the Saga of Lorena Bobbitt"
96998,10.1177/088610999400900104,1994,Affilia,"0886-1099,1552-3020",1.0,True,True,True,True,True,America's Disability Policy: Another Double Standard?
96999,10.1177/088610999400900405,1994,Affilia,"0886-1099,1552-3020",1.0,True,True,True,True,True,Mothers Without Children: Implications for Practice
97000,10.1177/088610999400900106,1994,Affilia,"0886-1099,1552-3020",1.0,True,True,True,True,True,Ethnic Differences in Caregiving: Adult Daughters and Elderly Mothers
97001,10.1177/088610999400900203,1994,Affilia,"0886-1099,1552-3020",1.0,True,True,True,True,True,Women and Drug Policy: Implications of Normalization
97002,10.1177/088610999400900402,1994,Affilia,"0886-1099,1552-3020",1.0,True,True,True,True,True,"Women, Children, and Welfare Reform"
97003,10.1177/088610999400900208,1994,Affilia,"0886-1099,1552-3020",1.0,True,True,True,True,True,In the Present to Come
97004,10.1177/088610999400900204,1994,Affilia,"0886-1099,1552-3020",1.0,True,True,True,True,True,Women and Alcoholism: A Psychosocial Approach
97005,10.1177/088610999400900205,1994,Affilia,"0886-1099,1552-3020",1.0,True,True,True,True,True,Drug-Alcohol Dependence of Women Prisoners in Hawaii
97006,10.1177/088610999300800205,1993,Affilia,"0886-1099,1552-3020",1.0,True,True,True,True,True,Satanic Sexual Abuse: A Paradigm
97007,10.1177/088610999300800403,1993,Affilia,"0886-1099,1552-3020",1.0,True,True,True,True,True,Listening to Middle-Aged Homeless Women Talk About Their Lives
97008,10.1177/088610999300800107,1993,Affilia,"0886-1099,1552-3020",1.0,True,True,True,True,True,Consciousness-Raising through Teaching about the Global Oppression of Women
97009,10.1177/088610999300800102,1993,Affilia,"0886-1099,1552-3020",1.0,True,True,True,True,True,Women and Economic Crisis: The Untold Story
97010,10.1177/088610999300800201,1993,Affilia,"0886-1099,1552-3020",1.0,True,True,True,True,True,Solitude in old age: Effects of female headship on elderly women’s lives
97011,10.1177/088610999300800204,1993,Affilia,"0886-1099,1552-3020",1.0,True,True,True,True,True,Explicitness: The Unspoken Mandate of Feminist Social Work
97012,10.1177/088610999300800405,1993,Affilia,"0886-1099,1552-3020",1.0,True,True,True,True,True,"Women, Welfare, and College: The Impact of Higher Education on Economic Well-Being"
97013,10.1177/088610999300800304,1993,Affilia,"0886-1099,1552-3020",1.0,True,True,True,True,True,Rural Women and Isolation: Pathways to Reconnection
97014,10.1177/088610999300800302,1993,Affilia,"0886-1099,1552-3020",1.0,True,True,True,True,True,Postmodernism and the Conduct of Inquiry in Social Work
97015,10.1177/088610999300800203,1993,Affilia,"0886-1099,1552-3020",1.0,True,True,True,True,True,Feminist Standpoint Theory and the Questions of Social Work Research
97016,10.1177/088610999300800406,1993,Affilia,"0886-1099,1552-3020",1.0,True,True,True,True,True,The Glass Ceiling in Social Work: Is It Shatterproof?
97017,10.1177/088610999300800306,1993,Affilia,"0886-1099,1552-3020",1.0,True,True,True,True,True,Feminist Social Work Education in Mainstream and Nonmainstream Classrooms
97018,10.1177/088610999300800402,1993,Affilia,"0886-1099,1552-3020",1.0,True,True,True,True,True,Economic Self-Sufficiency: It’s Not Just Money
97019,10.1177/088610999300800103,1993,Affilia,"0886-1099,1552-3020",1.0,True,True,True,True,True,Women’s Achievement of Empowerment through Activism in the Workplace
97020,10.1177/088610999300800206,1993,Affilia,"0886-1099,1552-3020",1.0,True,True,True,True,True,Treating Major Depression
97021,10.1177/088610999300800407,1993,Affilia,"0886-1099,1552-3020",1.0,True,True,True,True,True,Wisewomen: Out of the Silence
97022,10.1177/088610999300800106,1993,Affilia,"0886-1099,1552-3020",1.0,True,True,True,True,True,Child sexual abuse: Impact on mothers
97024,10.1177/088610999300800105,1993,Affilia,"0886-1099,1552-3020",1.0,True,True,True,True,True,From voluntarism to paid work
97025,10.1177/088610999300800202,1993,Affilia,"0886-1099,1552-3020",1.0,True,True,True,True,True,"AIDS, Health Policy, and Ethics"
97026,10.1177/088610999300800104,1993,Affilia,"0886-1099,1552-3020",1.0,True,True,True,True,True,Coping with multiple roles: Family configuration and the need for workplace services
97027,10.1177/088610999300800404,1993,Affilia,"0886-1099,1552-3020",1.0,True,True,True,True,True,Factors Contributing to the Success and Achievement of Minority Women
97028,10.1177/088610999300800303,1993,Affilia,"0886-1099,1552-3020",1.0,True,True,True,True,True,Appalachian Women: The Path from the “Hollows” to Higher Education
97029,10.1177/088610999300800305,1993,Affilia,"0886-1099,1552-3020",1.0,True,True,True,True,True,Intentionally Childless Women: Another View of Women’s Development
97030,10.1177/088610999200700209,1992,Affilia,"0886-1099,1552-3020",1.0,True,True,True,True,True,Empowering Single Mothers
97031,10.1177/088610999200700402,1992,Affilia,"0886-1099,1552-3020",1.0,True,True,True,True,True,"Gender, Class, and Motherhood: The Legacy of Federal Child Care Policy"
97032,10.1177/088610999200700303,1992,Affilia,"0886-1099,1552-3020",1.0,True,True,True,True,True,Standing Still in the Workplace: Women in Social Work and Other Female-Dominated Occupations
97033,10.1177/088610999200700101,1992,Affilia,"0886-1099,1552-3020",1.0,True,True,True,True,True,Editorial: Women in social work: Taking charge or terminally self-effacing?
97034,10.1177/088610999200700405,1992,Affilia,"0886-1099,1552-3020",1.0,True,True,True,True,True,Women's Perspectives on the Rural Crisis and Priorities for Rural Development
97036,10.1177/088610999200700104,1992,Affilia,"0886-1099,1552-3020",1.0,True,True,True,True,True,International Adoption: The Exploitation of Women and Children
97037,10.1177/088610999200700212,1992,Affilia,"0886-1099,1552-3020",1.0,True,True,True,True,True,On feminism in action: Feminist Dilemmas in Practice
97038,10.1177/088610999200700302,1992,Affilia,"0886-1099,1552-3020",1.0,True,True,True,True,True,Alcoholism and Depression in Women
97039,10.1177/088610999200700207,1992,Affilia,"0886-1099,1552-3020",1.0,True,True,True,True,True,Questioning the Party Line on Family Violence
97040,10.1177/088610999200700203,1992,Affilia,"0886-1099,1552-3020",1.0,True,True,True,True,True,Poor Women in a Bind: Social Reproduction Without Social Supports
97041,10.1177/088610999200700404,1992,Affilia,"0886-1099,1552-3020",1.0,True,True,True,True,True,The Structure of Lesbian Relationships in Response to Oppression
97042,10.1177/088610999200700103,1992,Affilia,"0886-1099,1552-3020",1.0,True,True,True,True,True,Confronting Women's Caring: Challenges for Practice and Policy
97043,10.1177/088610999200700202,1992,Affilia,"0886-1099,1552-3020",1.0,True,True,True,True,True,Are Families Deteriorating or Changing?
97044,10.1177/088610999200700407,1992,Affilia,"0886-1099,1552-3020",1.0,True,True,True,True,True,“Women Don't Get AIDS: They Just Die from it”
97045,10.1177/088610999200700210,1992,Affilia,"0886-1099,1552-3020",1.0,True,True,True,True,True,Feminization of Poverty and African-American Families: Illusions and Realities
97046,10.1177/088610999200700401,1992,Affilia,"0886-1099,1552-3020",1.0,True,True,True,True,True,History Lesson
97047,10.1177/088610999200700211,1992,Affilia,"0886-1099,1552-3020",1.0,True,True,True,True,True,On the bias: The Dark Side of Family Preservation
97048,10.1177/088610999200700206,1992,Affilia,"0886-1099,1552-3020",1.0,True,True,True,True,True,Is Everything Women's Work?
97049,10.1177/088610999200700301,1992,Affilia,"0886-1099,1552-3020",1.0,True,True,True,True,True,"Whose Backlash is it, Anyway?"
97051,10.1177/088610999200700304,1992,Affilia,"0886-1099,1552-3020",1.0,True,True,True,True,True,Disparities Between African-American Women and Men on Social Work Faculty
97052,10.1177/088610999200700105,1992,Affilia,"0886-1099,1552-3020",1.0,True,True,True,True,True,His Unemployment and Her Reaction: The Effect of Husbands' Unemployment on Wives
97054,10.1177/088610999200700208,1992,Affilia,"0886-1099,1552-3020",1.0,True,True,True,True,True,Costs and Benefits of Reproductive Technologies
97055,10.1177/088610999200700406,1992,Affilia,"0886-1099,1552-3020",1.0,True,True,True,True,True,Groups to Empower Battered Women
97056,10.1177/088610999200700106,1992,Affilia,"0886-1099,1552-3020",1.0,True,True,True,True,True,Women's Content in Social Work Curricula: Separate but Equal?
97057,10.1177/088610999200700204,1992,Affilia,"0886-1099,1552-3020",1.0,True,True,True,True,True,National Family Policy: Sweden Versus the United States
97058,10.1177/088610999200700102,1992,Affilia,"0886-1099,1552-3020",1.0,True,True,True,True,True,Characteristics of Women Who Love Too Much
97059,10.1177/088610999200700107,1992,Affilia,"0886-1099,1552-3020",1.0,True,True,True,True,True,Social Policy on Women Prisoners: A Historical Analysis
97060,10.1177/088610999200700205,1992,Affilia,"0886-1099,1552-3020",1.0,True,True,True,True,True,Who Helps Working Women Care for the Young and the Old?
97061,10.1177/088610999200700403,1992,Affilia,"0886-1099,1552-3020",1.0,True,True,True,True,True,Using Postmodern Feminist Theory to Deconstruct “Phallacies” of Poverty
97063,10.1177/088610999200700306,1992,Affilia,"0886-1099,1552-3020",1.0,True,True,True,True,True,Personal Power in Black Mothers of Handicapped Sons
97064,10.1177/088610999200700305,1992,Affilia,"0886-1099,1552-3020",1.0,True,True,True,True,True,Critical Reflection in Groups with Abused Women
97065,10.1177/088610999100600203,1991,Affilia,"0886-1099,1552-3020",1.0,True,True,True,True,True,Mothers in Jail: Parent-Child Separation and Jail Visitation
97066,10.1177/088610999100600306,1991,Affilia,"0886-1099,1552-3020",1.0,True,True,True,True,True,A Progressive Service Approach for Women on Welfare
97067,10.1177/088610999100600406,1991,Affilia,"0886-1099,1552-3020",1.0,True,True,True,True,True,Winning isn't Everything: Jeannette Rankin's Views on War
97068,10.1177/088610999100600204,1991,Affilia,"0886-1099,1552-3020",1.0,True,True,True,True,True,Enmeshment in the American Family
97069,10.1177/088610999100600403,1991,Affilia,"0886-1099,1552-3020",1.0,True,True,True,True,True,Gender-Related Issues in the Career Development of Social Work Managers
97070,10.1177/088610999100600207,1991,Affilia,"0886-1099,1552-3020",1.0,True,True,True,True,True,Fear and Dangerousness in Shelter Work With Battered Women
97071,10.1177/088610999100600205,1991,Affilia,"0886-1099,1552-3020",1.0,True,True,True,True,True,The Construction of Self by Rural Low-Status Appalachian Women
97072,10.1177/088610999100600305,1991,Affilia,"0886-1099,1552-3020",1.0,True,True,True,True,True,Lesbian Alcoholism: Development of a Construct
97073,10.1177/088610999100600201,1991,Affilia,"0886-1099,1552-3020",1.0,True,True,True,True,True,Guest Editorial
97074,10.1177/088610999100600404,1991,Affilia,"0886-1099,1552-3020",1.0,True,True,True,True,True,Feminist Thinking as an Aid to Teaching Social Work Research
97075,10.1177/088610999100600301,1991,Affilia,"0886-1099,1552-3020",1.0,True,True,True,True,True,Notes for the Next Generation
97076,10.1177/088610999100600202,1991,Affilia,"0886-1099,1552-3020",1.0,True,True,True,True,True,"Commercialism Disguised as Patriotism and Duty By Jane Addams, Social Settlement Leader and Manager of Hull House, Chicago"
97078,10.1177/088610999100600304,1991,Affilia,"0886-1099,1552-3020",1.0,True,True,True,True,True,Consequences of Sexual Harassment in the Workplace
97079,10.1177/088610999100600208,1991,Affilia,"0886-1099,1552-3020",1.0,True,True,True,True,True,Feminist Practice Principles for Social Work Intervention in Wife Abuse
97080,10.1177/088610999100600401,1991,Affilia,"0886-1099,1552-3020",1.0,True,True,True,True,True,Women Who Kill: Offenders or Defenders?
97081,10.1177/088610999100600302,1991,Affilia,"0886-1099,1552-3020",1.0,True,True,True,True,True,Universal Mental Health Classification Systems: Reclaiming Women's Experience
97082,10.1177/088610999100600303,1991,Affilia,"0886-1099,1552-3020",1.0,True,True,True,True,True,Women Social Workers’ Beliefs and Treatment Strategies
97083,10.1177/088610999100600405,1991,Affilia,"0886-1099,1552-3020",1.0,True,True,True,True,True,"Feminism, Empowerment, and Field Education"
97084,10.1177/088610999100600402,1991,Affilia,"0886-1099,1552-3020",1.0,True,True,True,True,True,A Socialist Feminist Analysis of The Family Support Act of 1988
97085,10.1177/088610999100600206,1991,Affilia,"0886-1099,1552-3020",1.0,True,True,True,True,True,Pregnant Chemically Dependent Women: The New Criminals
97087,10.1177/088610999000500102,1990,Affilia,"0886-1099,1552-3020",1.0,True,True,True,True,True,Learned Helplessness: A Factor in Women's Depression
97088,10.1177/088610999000500205,1990,Affilia,"0886-1099,1552-3020",1.0,True,True,True,True,True,Differential Treatment Based on Sex
97089,10.1177/088610999000500302,1990,Affilia,"0886-1099,1552-3020",1.0,True,True,True,True,True,Popular Advice to Women: A Feminist Perspective
97091,10.1177/088610999000500103,1990,Affilia,"0886-1099,1552-3020",1.0,True,True,True,True,True,The Oppression of Caring: Women Caregivers of Relatives With Mental Illness
97092,10.1177/088610999000500404,1990,Affilia,"0886-1099,1552-3020",1.0,True,True,True,True,True,Burnout in the Human Services: A Feminist Perspective
97093,10.1177/088610999000500304,1990,Affilia,"0886-1099,1552-3020",1.0,True,True,True,True,True,Effects of Fetal-Protection Policies on Women Workers
97094,10.1177/088610999000500406,1990,Affilia,"0886-1099,1552-3020",1.0,True,True,True,True,True,Two Outstanding Black Women in Social Welfare History: Mary Church Terrell and Ida B. Wells-Barnett
97095,10.1177/088610999000500203,1990,Affilia,"0886-1099,1552-3020",1.0,True,True,True,True,True,Discrimination Against Women in New Deal Work Programs
97096,10.1177/088610999000500307,1990,Affilia,"0886-1099,1552-3020",1.0,True,True,True,True,True,On the lookout
97097,10.1177/088610999000500101,1990,Affilia,"0886-1099,1552-3020",1.0,True,True,True,True,True,A Feminist Approach to Working With Homeless Women
97098,10.1177/088610999000500105,1990,Affilia,"0886-1099,1552-3020",1.0,True,True,True,True,True,For Love and Money: Women as Foster Mothers
97100,10.1177/088610999000500301,1990,Affilia,"0886-1099,1552-3020",1.0,True,True,True,True,True,What's in a name?
97101,10.1177/088610999000500401,1990,Affilia,"0886-1099,1552-3020",1.0,True,True,True,True,True,On feminism in action
97102,10.1177/088610999000500306,1990,Affilia,"0886-1099,1552-3020",1.0,True,True,True,True,True,A Case Study of Battered Women's Shelters in Appalachia
97103,10.1177/088610999000500206,1990,Affilia,"0886-1099,1552-3020",1.0,True,True,True,True,True,Beyond Women's Issues: Feminism and Social Work
97104,10.1177/088610999000500403,1990,Affilia,"0886-1099,1552-3020",1.0,True,True,True,True,True,Abortion: Ambiguous Criteria and Confusing Policies
97105,10.1177/088610999000500308,1990,Affilia,"0886-1099,1552-3020",1.0,True,True,True,True,True,Leaving Our Fathers' Houses: Redefining Our Religious Concepts
97106,10.1177/088610999000500405,1990,Affilia,"0886-1099,1552-3020",1.0,True,True,True,True,True,Dilemmas and Demands: Working With Adult Survivors of Sexual Abuse
97107,10.1177/088610999000500106,1990,Affilia,"0886-1099,1552-3020",1.0,True,True,True,True,True,Power and Gender Issues in Academic Administration: A Study of Directors of BSW Programs
97108,10.1177/088610999000500305,1990,Affilia,"0886-1099,1552-3020",1.0,True,True,True,True,True,Homeless Women and Men: Their Problems and Use of Services
97109,10.1177/088610999000500303,1990,Affilia,"0886-1099,1552-3020",1.0,True,True,True,True,True,Toward the Psychosocial Empowerment of Women
97110,10.1177/088610999000500204,1990,Affilia,"0886-1099,1552-3020",1.0,True,True,True,True,True,Female Social Workers in the Second Generation
97111,10.1177/088610999000500201,1990,Affilia,"0886-1099,1552-3020",1.0,True,True,True,True,True,Feminist paradoxes and the need for new agendas
97112,10.1177/088610999000500402,1990,Affilia,"0886-1099,1552-3020",1.0,True,True,True,True,True,Pornography and Social Policy: Three Feminist Approaches
97113,10.1177/088610999000500202,1990,Affilia,"0886-1099,1552-3020",1.0,True,True,True,True,True,Family Leave and Gender Justice
97114,10.1177/088610999000500104,1990,Affilia,"0886-1099,1552-3020",1.0,True,True,True,True,True,Drama as a Consciousness-Raising Strategy for the Self-Empowerment of Working Women
