author_id,name,links,category,suggested
129077,7,1,corruption_digits,
144607,7,1,corruption_digits,
159943,570-662-43 (fax nsidell@mansfield.edu,1,corruption_email_url,
159942,"&;#xd;rvig, Kjersti",0,corruption_entity,
2304,"GUMMER, B",82,format_all_caps_legacy,
219,"MEYER, CH",75,format_all_caps_legacy,
2379,"OZAWA, MN",66,format_all_caps_legacy,
103,"THYER, BA",64,format_all_caps_legacy,
189,"BRIELAND, D",62,format_all_caps_legacy,
230,"ROSENBERG, G",58,format_all_caps_legacy,
117,"KIRK, SA",57,format_all_caps_legacy,
2333,"KERSON, TS",57,format_all_caps_legacy,
2393,"REID, WJ",52,format_all_caps_legacy,
3813,"SIPORIN, M",52,format_all_caps_legacy,
145,"SPECHT, H",51,format_all_caps_legacy,
231,"HOLDEN, G",49,format_all_caps_legacy,
3074,"MANTHORPE, J",49,format_all_caps_legacy,
206,"WODARSKI, JS",44,format_all_caps_legacy,
51,"REAMER, FG",43,format_all_caps_legacy,
104,"HARTMAN, A",43,format_all_caps_legacy,
2011,"PROCTOR, EK",43,format_all_caps_legacy,
3673,"GIOVANNONI, JM",43,format_all_caps_legacy,
6365,"PERLMAN, HH",43,format_all_caps_legacy,
4428,"KADUSHIN, A",40,format_all_caps_legacy,
95,"GOLDSTEIN, H",39,format_all_caps_legacy,
2132,"SAARI, C",39,format_all_caps_legacy,
483,"RUBIN, A",37,format_all_caps_legacy,
4175,"EWALT, PL",37,format_all_caps_legacy,
460,"KAHN, AJ",36,format_all_caps_legacy,
2192,"BARTH, RP",35,format_all_caps_legacy,
156,"WITKIN, SL",34,format_all_caps_legacy,
278,"KEIGHER, SM",34,format_all_caps_legacy,
3910,"POLANSKY, NA",34,format_all_caps_legacy,
201,"GERMAIN, CB",33,format_all_caps_legacy,
227,"REHR, H",33,format_all_caps_legacy,
343,"SCHORR, AL",33,format_all_caps_legacy,
14,"CNAAN, RA",31,format_all_caps_legacy,
200,"FRANKLIN, C",31,format_all_caps_legacy,
3322,"SCHAMESS, G",31,format_all_caps_legacy,
2052,"NUGENT, WR",30,format_all_caps_legacy,
2136,"HASENFELD, Y",30,format_all_caps_legacy,
2234,"DELGADO, M",30,format_all_caps_legacy,
5008,"BRIAR, S",30,format_all_caps_legacy,
303,"ATHERTON, CR",29,format_all_caps_legacy,
325,"LONGRES, JF",29,format_all_caps_legacy,
3360,"CAPUTO, RK",29,format_all_caps_legacy,
4194,"TRIPODI, T",29,format_all_caps_legacy,
92,"MALUCCIO, AN",28,format_all_caps_legacy,
194,"EPSTEIN, I",28,format_all_caps_legacy,
467,"MARSH, JC",28,format_all_caps_legacy,
3491,"GIBELMAN, M",28,format_all_caps_legacy,
3967,"WHITTAKER, JK",28,format_all_caps_legacy,
5939,"LINFORD, AA",28,format_all_caps_legacy,
186,"BERKMAN, B",27,format_all_caps_legacy,
2308,"HAGEN, JL",27,format_all_caps_legacy,
7924,"BREUL, FR",27,format_all_caps_legacy,
8932,"AIKIN, D",27,format_all_caps_legacy,
20,"FORTUNE, AE",26,format_all_caps_legacy,
69,"GILBERT, N",26,format_all_caps_legacy,
242,"TOSELAND, RW",26,format_all_caps_legacy,
335,"PARAD, HJ",26,format_all_caps_legacy,
479,"ROSEN, A",26,format_all_caps_legacy,
497,"STOESZ, D",26,format_all_caps_legacy,
2034,"JAYARATNE, S",26,format_all_caps_legacy,
2244,"DOBROF, R",26,format_all_caps_legacy,
71,"BERGER, RM",25,format_all_caps_legacy,
102,"HUDSON, WW",25,format_all_caps_legacy,
452,"GAMBRILL, E",25,format_all_caps_legacy,
2849,"FRASER, MW",25,format_all_caps_legacy,
2982,"ORME, JG",25,format_all_caps_legacy,
3152,"BOEHM, WW",25,format_all_caps_legacy,
3216,"FALCK, HS",25,format_all_caps_legacy,
3226,"MORRIS, R",25,format_all_caps_legacy,
3626,"PRINS, H",25,format_all_caps_legacy,
3628,"AUSTIN, DM",25,format_all_caps_legacy,
3753,"SHYNE, AW",25,format_all_caps_legacy,
4301,"ZIMBALIST, SE",25,format_all_caps_legacy,
2119,"MIDGLEY, J",24,format_all_caps_legacy,
2237,"DESAI, M",24,format_all_caps_legacy,
16,"BURMAN, JJR",23,format_all_caps_legacy,
470,"NETTING, FE",23,format_all_caps_legacy,
2187,"AUSTIN, MJ",23,format_all_caps_legacy,
2484,"EPSTEIN, L",23,format_all_caps_legacy,
2501,"LYNN, LE",23,format_all_caps_legacy,
3277,"MAAS, HS",23,format_all_caps_legacy,
20152,"POWELL, WE",23,format_all_caps_legacy,
31,"HOPPS, JG",22,format_all_caps_legacy,
371,"FELDMAN, RA",22,format_all_caps_legacy,
2270,"GETZEL, GS",22,format_all_caps_legacy,
2386,"PATTI, RJ",22,format_all_caps_legacy,
2514,"PRITCHARD, C",22,format_all_caps_legacy,
2680,"LURIE, A",22,format_all_caps_legacy,
3044,"ROSE, SD",22,format_all_caps_legacy,
4375,"FANSHEL, D",22,format_all_caps_legacy,
78,"CHILMAN, CS",21,format_all_caps_legacy,
96,"GREEN, RG",21,format_all_caps_legacy,
114,"BLOOM, M",21,format_all_caps_legacy,
181,"SHEPPARD, M",21,format_all_caps_legacy,
288,"MIEHLS, D",21,format_all_caps_legacy,
528,"AUSLANDER, GK",21,format_all_caps_legacy,
2505,"MILLER, RR",21,format_all_caps_legacy,
2906,"ROTHMAN, J",21,format_all_caps_legacy,
3157,"LAIRD, J",21,format_all_caps_legacy,
3325,"STREAN, HS",21,format_all_caps_legacy,
4025,"SMITH, M",21,format_all_caps_legacy,
4267,"ROHRLICH, GF",21,format_all_caps_legacy,
5502,"LEVY, CS",21,format_all_caps_legacy,
7400,"MARKS, R",21,format_all_caps_legacy,
260,"COSTIN, LB",20,format_all_caps_legacy,
501,"WAKEFIELD, JC",20,format_all_caps_legacy,
2107,"KAGLE, JD",20,format_all_caps_legacy,
2219,"CHERNESKY, RH",20,format_all_caps_legacy,
2394,"REISCH, M",20,format_all_caps_legacy,
2508,"PANDEY, S",20,format_all_caps_legacy,
2541,"ALLENMEARES, P",20,format_all_caps_legacy,
2726,"MUNSON, CE",20,format_all_caps_legacy,
2879,"ITZHAKY, H",20,format_all_caps_legacy,
3462,"POOLE, DL",20,format_all_caps_legacy,
3838,"MILLER, J",20,format_all_caps_legacy,
4794,"TURNER, FJ",20,format_all_caps_legacy,
5221,"LEADER, AL",20,format_all_caps_legacy,
5259,"HOSHINO, G",20,format_all_caps_legacy,
7516,"SPERGEL, I",20,format_all_caps_legacy,
129,"PALOMBO, J",19,format_all_caps_legacy,
159,"BARBER, JG",19,format_all_caps_legacy,
190,"CHEETHAM, J",19,format_all_caps_legacy,
258,"CHERNUS, LA",19,format_all_caps_legacy,
277,"KAMERMAN, SB",19,format_all_caps_legacy,
3273,"KATZ, AH",19,format_all_caps_legacy,
3997,"BLYTHE, BJ",19,format_all_caps_legacy,
4379,"AIKARA, J",19,format_all_caps_legacy,
5433,"GORDON, WE",19,format_all_caps_legacy,
5911,"ROSENBLATT, A",19,format_all_caps_legacy,
7029,"PILIAVIN, I",19,format_all_caps_legacy,
8160,"SUDBERY, J",19,format_all_caps_legacy,
216,"DAVIS, LV",18,format_all_caps_legacy,
424,"BOGO, M",18,format_all_caps_legacy,
2007,"PHARIS, ME",18,format_all_caps_legacy,
2251,"EPHROSS, PH",18,format_all_caps_legacy,
2335,"MARTIN, LL",18,format_all_caps_legacy,
2373,"NEUGEBOREN, B",18,format_all_caps_legacy,
2436,"ROTHMAN, B",18,format_all_caps_legacy,
2902,"MAILICK, MD",18,format_all_caps_legacy,
2949,"SARMA, AM",18,format_all_caps_legacy,
2963,"BECK, BM",18,format_all_caps_legacy,
3084,"KANE, RA",18,format_all_caps_legacy,
3181,"HUDSON, BL",18,format_all_caps_legacy,
3453,"GALINSKY, MJ",18,format_all_caps_legacy,
3525,"KONOPKA, G",18,format_all_caps_legacy,
3670,"GEISMAR, LL",18,format_all_caps_legacy,
5627,"SEGAL, SP",18,format_all_caps_legacy,
1,"SANDS, RG",17,format_all_caps_legacy,
37,"LINDSEY, D",17,format_all_caps_legacy,
127,"NORTHEN, H",17,format_all_caps_legacy,
488,"SANVILLE, J",17,format_all_caps_legacy,
2055,"PARSLOE, P",17,format_all_caps_legacy,
2108,"KARGER, HJ",17,format_all_caps_legacy,
2147,"KROPF, NP",17,format_all_caps_legacy,
2213,"KOSBERG, JI",17,format_all_caps_legacy,
2301,"GREENE, RR",17,format_all_caps_legacy,
2850,"JENSON, JM",17,format_all_caps_legacy,
2877,"WILLIAMS, B",17,format_all_caps_legacy,
2880,"ABRAMSON, M",17,format_all_caps_legacy,
3022,"JORDAN, B",17,format_all_caps_legacy,
3160,"ROBB, JR",17,format_all_caps_legacy,
3178,"DAVIES, M",17,format_all_caps_legacy,
3702,"LEWIS, H",17,format_all_caps_legacy,
4198,"HAMOVITCH, MB",17,format_all_caps_legacy,
4422,"GINSBERG, LH",17,format_all_caps_legacy,
4466,"DOMINELLI, L",17,format_all_caps_legacy,
4636,"KRAMER, RM",17,format_all_caps_legacy,
5082,"GOLDSTEIN, EG",17,format_all_caps_legacy,
6323,"MINAHAN, A",17,format_all_caps_legacy,
6725,"REIN, M",17,format_all_caps_legacy,
10500,"SHERMAN, SN",17,format_all_caps_legacy,
91,"FEIN, E",16,format_all_caps_legacy,
235,"SCHINKE, SP",16,format_all_caps_legacy,
534,"BARGAL, D",16,format_all_caps_legacy,
561,"BLUMENFIELD, S",16,format_all_caps_legacy,
2041,"KUTCHINS, H",16,format_all_caps_legacy,
2177,"ALEXANDER, LB",16,format_all_caps_legacy,
2329,"KAYE, LW",16,format_all_caps_legacy,
2388,"PERLMUTTER, FD",16,format_all_caps_legacy,
2617,"GLISSON, C",16,format_all_caps_legacy,
3139,"SHERRADEN, M",16,format_all_caps_legacy,
3933,"PAYNE, M",16,format_all_caps_legacy,
4129,"WALSH, J",16,format_all_caps_legacy,
4395,"ROSSETTI, F",16,format_all_caps_legacy,
4423,"FISCHER, J",16,format_all_caps_legacy,
4449,"SCHOTTLAND, CI",16,format_all_caps_legacy,
4717,"FERREIRA, JV",16,format_all_caps_legacy,
5557,"NELSEN, JC",16,format_all_caps_legacy,
5693,"WOLINS, M",16,format_all_caps_legacy,
6041,"SMITH, G",16,format_all_caps_legacy,
6044,"SOMERS, ML",16,format_all_caps_legacy,
6161,"BUTTRICK, SM",16,format_all_caps_legacy,
6418,"SHAW, I",16,format_all_caps_legacy,
8542,"GAMBRILL, ED",16,format_all_caps_legacy,
8754,"HOLLIS, F",16,format_all_caps_legacy,
9330,"ROFFMAN, RA",16,format_all_caps_legacy,
27,"GREIF, GL",15,format_all_caps_legacy,
46,"PARDECK, JT",15,format_all_caps_legacy,
84,"DORE, MM",15,format_all_caps_legacy,
106,"SCHILLING, RF",15,format_all_caps_legacy,
150,"TOBIN, SS",15,format_all_caps_legacy,
252,"ALASZEWSKI, A",15,format_all_caps_legacy,
373,"GORE, MS",15,format_all_caps_legacy,
391,"SALEEBEY, D",15,format_all_caps_legacy,
508,"HOWE, D",15,format_all_caps_legacy,
2003,"MEYER, WS",15,format_all_caps_legacy,
2005,"PETR, CG",15,format_all_caps_legacy,
2091,"GOLDMEIER, J",15,format_all_caps_legacy,
2250,"EGAN, M",15,format_all_caps_legacy,
2290,"POERTNER, J",15,format_all_caps_legacy,
2930,"EDLESON, JL",15,format_all_caps_legacy,
2959,"ABRAMOVITZ, M",15,format_all_caps_legacy,
3003,"WADE, AD",15,format_all_caps_legacy,
3046,"KULKARNI, PD",15,format_all_caps_legacy,
3361,"CHAIKLIN, H",15,format_all_caps_legacy,
3469,"MONK, A",15,format_all_caps_legacy,
4161,"DAVIES, B",15,format_all_caps_legacy,
4217,"KENDALL, KA",15,format_all_caps_legacy,
4911,"MIZRAHI, T",15,format_all_caps_legacy,
5053,"RICHAN, WC",15,format_all_caps_legacy,
5644,"SIMON, BK",15,format_all_caps_legacy,
8937,"BARTLETT, HM",15,format_all_caps_legacy,
9343,"SCHUBERT, M",15,format_all_caps_legacy,
10137,"RAPOPORT, L",15,format_all_caps_legacy,
10590,"MENCHER, S",15,format_all_caps_legacy,
29,"HILL, M",14,format_all_caps_legacy,
211,"KARKAL, M",14,format_all_caps_legacy,
2194,"BENTLEY, KJ",14,format_all_caps_legacy,
2255,"EZELL, M",14,format_all_caps_legacy,
2361,"MERCER, SO",14,format_all_caps_legacy,
2447,"TROPMAN, JE",14,format_all_caps_legacy,
2474,"BENBENISHTY, R",14,format_all_caps_legacy,
2490,"GARFINKEL, I",14,format_all_caps_legacy,
2546,"BRAGER, G",14,format_all_caps_legacy,
2551,"FURSTENBERG, AL",14,format_all_caps_legacy,
2832,"MIDDLEMAN, RR",14,format_all_caps_legacy,
3068,"NURIUS, PS",14,format_all_caps_legacy,
3328,"ANDERSON, SC",14,format_all_caps_legacy,
4156,"CAROFF, P",14,format_all_caps_legacy,
4174,"ERLICH, JL",14,format_all_caps_legacy,
4442,"MCQUAIDE, S",14,format_all_caps_legacy,
4918,"BERNSTEIN, BE",14,format_all_caps_legacy,
4963,"TRAN, TV",14,format_all_caps_legacy,
5388,"EDWARDS, DG",14,format_all_caps_legacy,
5742,"BERRY, J",14,format_all_caps_legacy,
6005,"GRINNELL, RM",14,format_all_caps_legacy,
6570,"GINGERICH, WJ",14,format_all_caps_legacy,
6808,"WEISSMAN, A",14,format_all_caps_legacy,
6813,"WITTMAN, M",14,format_all_caps_legacy,
7821,"SELBY, LG",14,format_all_caps_legacy,
9290,"MOGULOF, MB",14,format_all_caps_legacy,
9346,"SHIREMAN, CH",14,format_all_caps_legacy,
10083,"KOGAN, LS",14,format_all_caps_legacy,
10398,"SCHERZ, FH",14,format_all_caps_legacy,
10703,"MACDONALD, ME",14,format_all_caps_legacy,
6,"WASOW, M",13,format_all_caps_legacy,
18,"CHALLIS, D",13,format_all_caps_legacy,
19,"EPSTEIN, WM",13,format_all_caps_legacy,
93,"GITTERMAN, A",13,format_all_caps_legacy,
109,"JACKSON, AP",13,format_all_caps_legacy,
141,"SICHERMAN, M",13,format_all_caps_legacy,
184,"MATTAINI, MA",13,format_all_caps_legacy,
264,"DRISKO, JW",13,format_all_caps_legacy,
314,"HARRISON, WD",13,format_all_caps_legacy,
353,"ZAYAS, LH",13,format_all_caps_legacy,
439,"DINERMAN, M",13,format_all_caps_legacy,
498,"STREETER, CL",13,format_all_caps_legacy,
2069,"ABRAMSON, JS",13,format_all_caps_legacy,
2089,"CHESS, WA",13,format_all_caps_legacy,
2114,"MACKEY, RA",13,format_all_caps_legacy,
2128,"MORROWHOWELL, N",13,format_all_caps_legacy,
2318,"HOLLAND, TP",13,format_all_caps_legacy,
2544,"NICHOLSCASEBOLT, A",13,format_all_caps_legacy,
2609,"GARVIN, C",13,format_all_caps_legacy,
2611,"GELMAN, SR",13,format_all_caps_legacy,
2690,"MALEKOFF, A",13,format_all_caps_legacy,
2710,"MELLOR, MJ",13,format_all_caps_legacy,
2715,"MOHAN, B",13,format_all_caps_legacy,
2829,"WETZEL, JW",13,format_all_caps_legacy,
2891,"FREED, AO",13,format_all_caps_legacy,
3012,"HARDIKER, P",13,format_all_caps_legacy,
3038,"DESAI, AS",13,format_all_caps_legacy,
3111,"ABELL, N",13,format_all_caps_legacy,
3119,"COOPER, S",13,format_all_caps_legacy,
3468,"COULTON, CJ",13,format_all_caps_legacy,
3764,"WEINBACH, RW",13,format_all_caps_legacy,
3836,"LIEBERMAN, F",13,format_all_caps_legacy,
4091,"KULYS, R",13,format_all_caps_legacy,
4304,"GILCHRIST, LD",13,format_all_caps_legacy,
4457,"THOMAS, EJ",13,format_all_caps_legacy,
5016,"COHEN, J",13,format_all_caps_legacy,
5211,"WILSON, K",13,format_all_caps_legacy,
5394,"ESTES, RJ",13,format_all_caps_legacy,
5548,"MULLEN, EJ",13,format_all_caps_legacy,
6171,"PRAKASH, B",13,format_all_caps_legacy,
8830,"POLLAK, O",13,format_all_caps_legacy,
9941,"SPEIZMAN, MD",13,format_all_caps_legacy,
10307,"TOWLE, C",13,format_all_caps_legacy,
23,"SINCLAIR, I",12,format_all_caps_legacy,
64,"TRISELIOTIS, J",12,format_all_caps_legacy,
83,"DATTALO, P",12,format_all_caps_legacy,
110,"JOHNSON, HC",12,format_all_caps_legacy,
126,"MURDACH, AD",12,format_all_caps_legacy,
142,"SIEGEL, DH",12,format_all_caps_legacy,
221,"OLSEN, L",12,format_all_caps_legacy,
478,"ROOT, LS",12,format_all_caps_legacy,
496,"SPERGEL, IA",12,format_all_caps_legacy,
544,"WALKER, S",12,format_all_caps_legacy,
554,"BLACK, RB",12,format_all_caps_legacy,
2029,"CRAIG, Y",12,format_all_caps_legacy,
2037,"GARAIN, S",12,format_all_caps_legacy,
2197,"BHARAT, S",12,format_all_caps_legacy,
2238,"DHOOPER, SS",12,format_all_caps_legacy,
2330,"APPLEGATE, JS",12,format_all_caps_legacy,
2334,"KETTNER, PM",12,format_all_caps_legacy,
2359,"GINSBERG, L",12,format_all_caps_legacy,
2369,"MULLENDER, A",12,format_all_caps_legacy,
2382,"PAPELL, CP",12,format_all_caps_legacy,
2430,"SOLOMON, P",12,format_all_caps_legacy,
2449,"VALENTINE, DP",12,format_all_caps_legacy,
2478,"CHAMBERS, CA",12,format_all_caps_legacy,
2491,"MEYER, DR",12,format_all_caps_legacy,
2502,"MACDONALD, G",12,format_all_caps_legacy,
2791,"SCHOPLER, JH",12,format_all_caps_legacy,
2794,"SELTZER, MM",12,format_all_caps_legacy,
2909,"SCOTT, D",12,format_all_caps_legacy,
2929,"DZIEGIELEWSKI, SF",12,format_all_caps_legacy,
3004,"WYERS, NL",12,format_all_caps_legacy,
3285,"RAO, V",12,format_all_caps_legacy,
3515,"JANSSON, BS",12,format_all_caps_legacy,
3523,"KHAN, MZ",12,format_all_caps_legacy,
3712,"MCNEELY, RL",12,format_all_caps_legacy,
4248,"MOODY, HR",12,format_all_caps_legacy,
4294,"WEIL, M",12,format_all_caps_legacy,
4602,"COWGER, CD",12,format_all_caps_legacy,
4653,"SANVILLE, JB",12,format_all_caps_legacy,
4860,"SHERRADEN, MW",12,format_all_caps_legacy,
4895,"PARTON, N",12,format_all_caps_legacy,
5492,"KURZMAN, PA",12,format_all_caps_legacy,
5611,"ROSENHEIM, MK",12,format_all_caps_legacy,
5720,"BALL, C",12,format_all_caps_legacy,
5811,"DUNKLE, RE",12,format_all_caps_legacy,
6028,"SHLAKMAN, V",12,format_all_caps_legacy,
6992,"KOESKE, GF",12,format_all_caps_legacy,
8113,"PUMPHREY, RE",12,format_all_caps_legacy,
8425,"MAGNER, GW",12,format_all_caps_legacy,
8868,"SCHREIBER, P",12,format_all_caps_legacy,
9516,"HUSH, H",12,format_all_caps_legacy,
9610,"PUMPHREY, MW",12,format_all_caps_legacy,
15,"BROWN, A",11,format_all_caps_legacy,
52,"SCHUERMAN, JR",11,format_all_caps_legacy,
60,"TRACY, EM",11,format_all_caps_legacy,
74,"BORDEN, W",11,format_all_caps_legacy,
173,"JONES, G",11,format_all_caps_legacy,
187,"BERRY, M",11,format_all_caps_legacy,
191,"CORRIGAN, EM",11,format_all_caps_legacy,
209,"JENKINS, S",11,format_all_caps_legacy,
321,"SALMON, R",11,format_all_caps_legacy,
322,"LECROY, CW",11,format_all_caps_legacy,
411,"ALPERIN, RM",11,format_all_caps_legacy,
437,"DEAN, RG",11,format_all_caps_legacy,
453,"GOCHROS, HL",11,format_all_caps_legacy,
458,"GALAWAY, B",11,format_all_caps_legacy,
502,"WEICK, A",11,format_all_caps_legacy,
2056,"PENHALE, B",11,format_all_caps_legacy,
2073,"BERLIN, SB",11,format_all_caps_legacy,
2120,"MOKUAU, N",11,format_all_caps_legacy,
2158,"DAY, PR",11,format_all_caps_legacy,
2161,"HUGMAN, R",11,format_all_caps_legacy,
2352,"MANCOSKE, RJ",11,format_all_caps_legacy,
2669,"LEE, JAB",11,format_all_caps_legacy,
2767,"ROBERTS, CS",11,format_all_caps_legacy,
2868,"SHIREMAN, C",11,format_all_caps_legacy,
3001,"VANWORMER, K",11,format_all_caps_legacy,
3021,"PACKMAN, J",11,format_all_caps_legacy,
3075,"BERLIN, S",11,format_all_caps_legacy,
3083,"GIBBONS, J",11,format_all_caps_legacy,
3101,"SCHRENZEL, J",11,format_all_caps_legacy,
3144,"SOSIN, MR",11,format_all_caps_legacy,
3165,"SEABERG, JR",11,format_all_caps_legacy,
3201,"ALEXANDER, CA",11,format_all_caps_legacy,
3540,"MCMURTRY, SL",11,format_all_caps_legacy,
3607,"SCHWARTZ, EE",11,format_all_caps_legacy,
3621,"DOWRICK, C",11,format_all_caps_legacy,
3676,"HARTFORD, ME",11,format_all_caps_legacy,
3731,"ORTEN, JD",11,format_all_caps_legacy,
3739,"RAUCH, JB",11,format_all_caps_legacy,
3770,"STEIN, TJ",11,format_all_caps_legacy,
3895,"GOULD, KH",11,format_all_caps_legacy,
3950,"LERMAN, P",11,format_all_caps_legacy,
3990,"JONES, R",11,format_all_caps_legacy,
4105,"BROWN, LB",11,format_all_caps_legacy,
4112,"SHAPIRO, I",11,format_all_caps_legacy,
4173,"ELBOW, M",11,format_all_caps_legacy,
4261,"RAMACHANDRAN, P",11,format_all_caps_legacy,
4484,"GOOGINS, B",11,format_all_caps_legacy,
4886,"TEICHER, MI",11,format_all_caps_legacy,
4922,"BROWN, J",11,format_all_caps_legacy,
5060,"ROSS, JW",11,format_all_caps_legacy,
5077,"WALTON, R",11,format_all_caps_legacy,
5121,"YESUDIAN, CAK",11,format_all_caps_legacy,
5275,"WEBB, NB",11,format_all_caps_legacy,
5352,"CHATTERJEE, P",11,format_all_caps_legacy,
5916,"KOLODNY, RL",11,format_all_caps_legacy,
6300,"LINSK, NL",11,format_all_caps_legacy,
6348,"NOBLE, DN",11,format_all_caps_legacy,
6405,"RUDDICK, J",11,format_all_caps_legacy,
7799,"ROBERTS, RW",11,format_all_caps_legacy,
8523,"SCHWARTZ, A",11,format_all_caps_legacy,
8809,"MELTZER, J",11,format_all_caps_legacy,
9016,"JAMES, A",11,format_all_caps_legacy,
11491,"HALLOWITZ, D",11,format_all_caps_legacy,
11597,"MCCORMICK, MJ",11,format_all_caps_legacy,
24,"GILLESPIE, DF",10,format_all_caps_legacy,
111,"JOHNSON, HW",10,format_all_caps_legacy,
112,"HULL, GH",10,format_all_caps_legacy,
151,"TRACY, MB",10,format_all_caps_legacy,
267,"FIGUEIRAMCDONOUGH, J",10,format_all_caps_legacy,
294,"RABINOVITZ, H",10,format_all_caps_legacy,
348,"TIMBERLAKE, EM",10,format_all_caps_legacy,
388,"RICHEY, CA",10,format_all_caps_legacy,
440,"BECKETT, JO",10,format_all_caps_legacy,
454,"GOLDBERG, GS",10,format_all_caps_legacy,
507,"HUXLEY, P",10,format_all_caps_legacy,
535,"SCHMID, H",10,format_all_caps_legacy,
2012,"VOSLER, NR",10,format_all_caps_legacy,
2086,"GANT, LM",10,format_all_caps_legacy,
2289,"RAPP, CA",10,format_all_caps_legacy,
2291,"FREEMAN, EM",10,format_all_caps_legacy,
2314,"HOEFER, R",10,format_all_caps_legacy,
2336,"KILPATRICK, AC",10,format_all_caps_legacy,
2357,"MCROY, RG",10,format_all_caps_legacy,
2380,"PACKARD, T",10,format_all_caps_legacy,
2389,"POTOCKY, M",10,format_all_caps_legacy,
2443,"STONER, MR",10,format_all_caps_legacy,
2503,"SHELDON, B",10,format_all_caps_legacy,
2507,"ADAMS, P",10,format_all_caps_legacy,
2637,"HENRY, S",10,format_all_caps_legacy,
2665,"KURTZ, PD",10,format_all_caps_legacy,
2679,"LOWY, L",10,format_all_caps_legacy,
2741,"OLSON, MM",10,format_all_caps_legacy,
2772,"ROCK, BD",10,format_all_caps_legacy,
2783,"SALTZ, CC",10,format_all_caps_legacy,
2784,"SARRI, RC",10,format_all_caps_legacy,
2848,"IVANOFF, A",10,format_all_caps_legacy,
2924,"COLLINS, S",10,format_all_caps_legacy,
3147,"THOBURN, J",10,format_all_caps_legacy,
3302,"HARRIS, R",10,format_all_caps_legacy,
3323,"SMITH, T",10,format_all_caps_legacy,
3337,"WILLIAMS, LF",10,format_all_caps_legacy,
3437,"BERGER, CS",10,format_all_caps_legacy,
3614,"SWENSON, CR",10,format_all_caps_legacy,
3634,"BIEGEL, DE",10,format_all_caps_legacy,
3661,"EDWARDS, RL",10,format_all_caps_legacy,
3775,"YORK, RO",10,format_all_caps_legacy,
3994,"MYHILL, J",10,format_all_caps_legacy,
4004,"WILLIAMS, M",10,format_all_caps_legacy,
4060,"COMBSORME, T",10,format_all_caps_legacy,
4257,"POTTICK, KJ",10,format_all_caps_legacy,
4498,"BERNSTEIN, S",10,format_all_caps_legacy,
4509,"DONNER, S",10,format_all_caps_legacy,
4907,"STEVENSON, O",10,format_all_caps_legacy,
4938,"MAGILL, RS",10,format_all_caps_legacy,
5153,"HALL, JA",10,format_all_caps_legacy,
5295,"ULLMANN, A",10,format_all_caps_legacy,
5442,"GROSSMAN, L",10,format_all_caps_legacy,
5480,"KELLEY, P",10,format_all_caps_legacy,
5501,"LEIBY, J",10,format_all_caps_legacy,
5579,"PEARSON, G",10,format_all_caps_legacy,
5882,"HO, MK",10,format_all_caps_legacy,
6016,"SCHULMAN, GL",10,format_all_caps_legacy,
6814,"WOLK, JL",10,format_all_caps_legacy,
6840,"SMITH, AD",10,format_all_caps_legacy,
7038,"MISHNE, J",10,format_all_caps_legacy,
7164,"VATTANO, AJ",10,format_all_caps_legacy,
7286,"EATON, JW",10,format_all_caps_legacy,
7385,"LEES, S",10,format_all_caps_legacy,
8062,"MAYER, MF",10,format_all_caps_legacy,
9280,"MAYERS, F",10,format_all_caps_legacy,
9753,"DUNHAM, A",10,format_all_caps_legacy,
10224,"CHASKEL, R",10,format_all_caps_legacy,
10787,"CLASS, NE",10,format_all_caps_legacy,
20308,"FORTE, JA",10,format_all_caps_legacy,
73,"BONNEFIL, M",9,format_all_caps_legacy,
81,"CORNETT, C",9,format_all_caps_legacy,
101,"HARRISON, DF",9,format_all_caps_legacy,
148,"SUSSAL, CM",9,format_all_caps_legacy,
160,"CRISP, BR",9,format_all_caps_legacy,
172,"HOLMAN, B",9,format_all_caps_legacy,
256,"BASHAM, K",9,format_all_caps_legacy,
315,"HEALY, LM",9,format_all_caps_legacy,
324,"LLOYD, GA",9,format_all_caps_legacy,
327,"MATORIN, S",9,format_all_caps_legacy,
340,"ROBERTS, AR",9,format_all_caps_legacy,
363,"COOPER, M",9,format_all_caps_legacy,
387,"REYNOLDS, J",9,format_all_caps_legacy,
468,"MARTINEZBRAWLEY, EE",9,format_all_caps_legacy,
469,"BRAWLEY, EA",9,format_all_caps_legacy,
522,"ANDERSON, JD",9,format_all_caps_legacy,
2050,"WILLIAMS, J",9,format_all_caps_legacy,
2146,"TULLY, CT",9,format_all_caps_legacy,
2210,"BRETON, M",9,format_all_caps_legacy,
2218,"CONGRESS, EP",9,format_all_caps_legacy,
2222,"COYLE, GS",9,format_all_caps_legacy,
2339,"RITTNER, B",9,format_all_caps_legacy,
2340,"KNIGHT, C",9,format_all_caps_legacy,
2420,"SHULMAN, L",9,format_all_caps_legacy,
2427,"SMYTH, NJ",9,format_all_caps_legacy,
2473,"BELLOW, G",9,format_all_caps_legacy,
2496,"KAPLAN, CP",9,format_all_caps_legacy,
2621,"GOLDBERG, T",9,format_all_caps_legacy,
2774,"AUERBACH, C",9,format_all_caps_legacy,
2878,"YORK, AS",9,format_all_caps_legacy,
2881,"ANASTAS, JW",9,format_all_caps_legacy,
2911,"TOLMAN, RM",9,format_all_caps_legacy,
3016,"JACKSON, S",9,format_all_caps_legacy,
3025,"BECERRA, RM",9,format_all_caps_legacy,
3026,"BERRICK, JD",9,format_all_caps_legacy,
3076,"SAINSBURY, E",9,format_all_caps_legacy,
3194,"SIKKA, KD",9,format_all_caps_legacy,
3281,"PAWLAK, EJ",9,format_all_caps_legacy,
3303,"WEBB, D",9,format_all_caps_legacy,
3315,"PECORA, PJ",9,format_all_caps_legacy,
3396,"LAND, H",9,format_all_caps_legacy,
3408,"SESSIONS, P",9,format_all_caps_legacy,
3419,"TIMMS, N",9,format_all_caps_legacy,
3428,"ABELS, P",9,format_all_caps_legacy,
3461,"CARLTON, TO",9,format_all_caps_legacy,
3527,"KUMAR, P",9,format_all_caps_legacy,
3737,"PILSECKER, C",9,format_all_caps_legacy,
3786,"CORDEN, J",9,format_all_caps_legacy,
3801,"MCNEECE, CA",9,format_all_caps_legacy,
3927,"CIGNO, K",9,format_all_caps_legacy,
3985,"HAWKINS, JD",9,format_all_caps_legacy,
4069,"FABRICANT, M",9,format_all_caps_legacy,
4167,"KNAPP, M",9,format_all_caps_legacy,
4464,"MINTY, B",9,format_all_caps_legacy,
4494,"WASSERMAN, H",9,format_all_caps_legacy,
4496,"BECKER, DG",9,format_all_caps_legacy,
4557,"COHEN, M",9,format_all_caps_legacy,
4570,"WATTENBERG, E",9,format_all_caps_legacy,
4572,"WILTSE, KT",9,format_all_caps_legacy,
4808,"ABBOTT, AA",9,format_all_caps_legacy,
4836,"KORR, WS",9,format_all_caps_legacy,
4883,"ORCUTT, BA",9,format_all_caps_legacy,
4955,"SHARWELL, GR",9,format_all_caps_legacy,
5199,"MCNEIL, JS",9,format_all_caps_legacy,
5281,"HEBSUR, RK",9,format_all_caps_legacy,
5336,"BRACHT, NF",9,format_all_caps_legacy,
5343,"BURNS, EM",9,format_all_caps_legacy,
5418,"WELLS, RA",9,format_all_caps_legacy,
5463,"HOLMES, SA",9,format_all_caps_legacy,
5546,"MOYNIHAN, FM",9,format_all_caps_legacy,
5606,"RICE, RM",9,format_all_caps_legacy,
5637,"SHAW, IF",9,format_all_caps_legacy,
5651,"SMITH, TE",9,format_all_caps_legacy,
5657,"SOSIN, M",9,format_all_caps_legacy,
5795,"DAVIS, LE",9,format_all_caps_legacy,
6015,"SCHRAM, SF",9,format_all_caps_legacy,
6430,"SLAVIN, S",9,format_all_caps_legacy,
6461,"WAX, J",9,format_all_caps_legacy,
6608,"KAPLAN, DM",9,format_all_caps_legacy,
6636,"LEVIN, H",9,format_all_caps_legacy,
6638,"LEVY, RL",9,format_all_caps_legacy,
6902,"DOUGLAS, T",9,format_all_caps_legacy,
7002,"KUDCHEDKAR, LS",9,format_all_caps_legacy,
7007,"LEONARD, P",9,format_all_caps_legacy,
7028,"MCDONALD, TP",9,format_all_caps_legacy,
7036,"MILLER, H",9,format_all_caps_legacy,
7522,"STEIN, HD",9,format_all_caps_legacy,
7775,"PERLMAN, R",9,format_all_caps_legacy,
8158,"STUDT, E",9,format_all_caps_legacy,
8417,"LOURIE, NV",9,format_all_caps_legacy,
8524,"SCHWARTZ, AC",9,format_all_caps_legacy,
9084,"MAYER, JE",9,format_all_caps_legacy,
9197,"COHEN, WJ",9,format_all_caps_legacy,
9274,"MANDELL, B",9,format_all_caps_legacy,
9966,"WEISMAN, I",9,format_all_caps_legacy,
10070,"HERZOG, E",9,format_all_caps_legacy,
10077,"JOSSELYN, IM",9,format_all_caps_legacy,
10271,"LITTNER, N",9,format_all_caps_legacy,
10311,"WASSER, E",9,format_all_caps_legacy,
10686,"HEYMAN, MM",9,format_all_caps_legacy,
10924,"MEIER, EG",9,format_all_caps_legacy,
11021,"MURPHY, M",9,format_all_caps_legacy,
34,"LIE, GY",8,format_all_caps_legacy,
65,"VIJAYALAKSHMI, B",8,format_all_caps_legacy,
97,"HUTCHISON, ED",8,format_all_caps_legacy,
125,"POLLARD, WL",8,format_all_caps_legacy,
220,"NARAYAN, L",8,format_all_caps_legacy,
269,"FYVEL, S",8,format_all_caps_legacy,
306,"DANA, B",8,format_all_caps_legacy,
346,"SULLIVAN, WP",8,format_all_caps_legacy,
436,"COX, C",8,format_all_caps_legacy,
456,"HUDSON, J",8,format_all_caps_legacy,
471,"NEWHILL, CE",8,format_all_caps_legacy,
500,"VIGILANTE, JL",8,format_all_caps_legacy,
504,"CARPENTER, J",8,format_all_caps_legacy,
2067,"TAYLOR, C",8,format_all_caps_legacy,
2178,"ALEXANDER, R",8,format_all_caps_legacy,
2189,"BAILEY, D",8,format_all_caps_legacy,
2204,"BOGOLUB, EB",8,format_all_caps_legacy,
2214,"CALSYN, RJ",8,format_all_caps_legacy,
2278,"HOLTZMAN, RF",8,format_all_caps_legacy,
2331,"KEITH, PM",8,format_all_caps_legacy,
2354,"MATHEW, G",8,format_all_caps_legacy,
2526,"TUCKER, DJ",8,format_all_caps_legacy,
2587,"ELL, K",8,format_all_caps_legacy,
2612,"GIBSON, JW",8,format_all_caps_legacy,
2625,"GONYEA, JG",8,format_all_caps_legacy,
2631,"GUSTAVSSON, NS",8,format_all_caps_legacy,
2727,"MURPHY, JW",8,format_all_caps_legacy,
2807,"BARUSCH, AS",8,format_all_caps_legacy,
2812,"SUBRAMANIAN, K",8,format_all_caps_legacy,
2869,"SIEFERT, K",8,format_all_caps_legacy,
2884,"BERZOFF, J",8,format_all_caps_legacy,
2904,"PARSONS, RJ",8,format_all_caps_legacy,
2913,"GROZE, V",8,format_all_caps_legacy,
2972,"HEGAR, RL",8,format_all_caps_legacy,
3007,"COLTON, M",8,format_all_caps_legacy,
3105,"MILLER, D",8,format_all_caps_legacy,
3128,"IGLEHART, AP",8,format_all_caps_legacy,
3131,"MEYERS, MK",8,format_all_caps_legacy,
3163,"ROSENTHAL, JA",8,format_all_caps_legacy,
3172,"GAUDIN, JM",8,format_all_caps_legacy,
3196,"SINGH, LB",8,format_all_caps_legacy,
3252,"PRESTONSHOOT, M",8,format_all_caps_legacy,
3293,"VISWANATHAN, N",8,format_all_caps_legacy,
3417,"ZIMMERMAN, SL",8,format_all_caps_legacy,
3478,"DOUECK, HJ",8,format_all_caps_legacy,
3492,"DEMONE, HW",8,format_all_caps_legacy,
3493,"GLASSER, PH",8,format_all_caps_legacy,
3529,"KURTZ, LF",8,format_all_caps_legacy,
3542,"MEENAGHAN, TM",8,format_all_caps_legacy,
3664,"MENEFEE, D",8,format_all_caps_legacy,
3669,"GARNER, D",8,format_all_caps_legacy,
3703,"LINDSEY, EW",8,format_all_caps_legacy,
3745,"SAFFORD, F",8,format_all_caps_legacy,
3799,"MANOR, O",8,format_all_caps_legacy,
3871,"LINGAM, L",8,format_all_caps_legacy,
3875,"MCWILLIAMS, W",8,format_all_caps_legacy,
3971,"BAKER, R",8,format_all_caps_legacy,
3973,"BORLAND, M",8,format_all_caps_legacy,
3982,"FELTON, JR",8,format_all_caps_legacy,
4006,"LITWIN, H",8,format_all_caps_legacy,
4114,"SEIPEL, MMO",8,format_all_caps_legacy,
4216,"KEEFE, T",8,format_all_caps_legacy,
4413,"COLBY, IC",8,format_all_caps_legacy,
4435,"POWELL, TJ",8,format_all_caps_legacy,
4480,"APTE, M",8,format_all_caps_legacy,
4586,"HERBERT, M",8,format_all_caps_legacy,
4625,"HANSON, M",8,format_all_caps_legacy,
4813,"BYWATERS, P",8,format_all_caps_legacy,
4869,"BILLINGSLEY, A",8,format_all_caps_legacy,
4992,"PARASURAMAN, S",8,format_all_caps_legacy,
5115,"SINGH, KK",8,format_all_caps_legacy,
5127,"BERNARD, SE",8,format_all_caps_legacy,
5171,"LEIGHNINGER, L",8,format_all_caps_legacy,
5224,"MAYPOLE, DE",8,format_all_caps_legacy,
5228,"SCHWARTZ, M",8,format_all_caps_legacy,
5267,"SCHWARTZ, W",8,format_all_caps_legacy,
5268,"SEED, P",8,format_all_caps_legacy,
5282,"NAIK, RD",8,format_all_caps_legacy,
5358,"CONNAWAY, RS",8,format_all_caps_legacy,
5400,"FINN, J",8,format_all_caps_legacy,
5407,"FRANKFATHER, D",8,format_all_caps_legacy,
5495,"LACKIE, B",8,format_all_caps_legacy,
5563,"OVERBECK, AL",8,format_all_caps_legacy,
5564,"PALLEY, HA",8,format_all_caps_legacy,
5571,"WATTENBERG, SH",8,format_all_caps_legacy,
5759,"BROWN, JA",8,format_all_caps_legacy,
5804,"DINER, SJ",8,format_all_caps_legacy,
5828,"FREEDMAN, J",8,format_all_caps_legacy,
5856,"HAINES, J",8,format_all_caps_legacy,
5885,"HOVDA, P",8,format_all_caps_legacy,
6083,"WIEHE, VR",8,format_all_caps_legacy,
6086,"WILLIAMS, C",8,format_all_caps_legacy,
6315,"MCLEOD, E",8,format_all_caps_legacy,
6317,"MECH, EV",8,format_all_caps_legacy,
6362,"BRENNAN, EM",8,format_all_caps_legacy,
6518,"BUCHANAN, A",8,format_all_caps_legacy,
6595,"HOLMAN, R",8,format_all_caps_legacy,
6798,"BALGOPAL, PR",8,format_all_caps_legacy,
6852,"BLUM, A",8,format_all_caps_legacy,
6946,"GOPUJKAR, PV",8,format_all_caps_legacy,
6990,"KILPATRICK, DM",8,format_all_caps_legacy,
7024,"MATSUSHIMA, J",8,format_all_caps_legacy,
7678,"HASELKORN, F",8,format_all_caps_legacy,
8114,"PUNEKAR, SD",8,format_all_caps_legacy,
8276,"CHESTANG, LW",8,format_all_caps_legacy,
8362,"HERAUD, BJ",8,format_all_caps_legacy,
8413,"LEWIS, VS",8,format_all_caps_legacy,
8746,"HERSTEIN, N",8,format_all_caps_legacy,
8867,"SCHNEIDER, J",8,format_all_caps_legacy,
8939,"BELL, W",8,format_all_caps_legacy,
8979,"FINLAY, DG",8,format_all_caps_legacy,
10060,"GROSSER, CF",8,format_all_caps_legacy,
10259,"KIDNEIGH, JC",8,format_all_caps_legacy,
10313,"WEISS, VW",8,format_all_caps_legacy,
10437,"BOWERS, S",8,format_all_caps_legacy,
10465,"KELMAN, HR",8,format_all_caps_legacy,
10610,"ROBISON, SM",8,format_all_caps_legacy,
20282,"LITTRELL, J",8,format_all_caps_legacy,
20414,"GILGUN, JF",8,format_all_caps_legacy,
49534,"HASKETT, GT",8,format_all_caps_legacy,
77617,LO H.H.M.,8,format_all_caps_legacy,
142789,"HÄMÄLÄINEN, JUHA",8,format_all_caps_legacy,
142819,"PAN, ZIXIN",8,format_all_caps_legacy,
35,"MORONEY, RM",7,format_all_caps_legacy,
99,"GUTHEIL, IA",7,format_all_caps_legacy,
113,"KLEIN, WC",7,format_all_caps_legacy,
128,"OKTAY, JS",7,format_all_caps_legacy,
179,"PRINGLE, K",7,format_all_caps_legacy,
234,"GILBERT, L",7,format_all_caps_legacy,
254,"ALMGREN, G",7,format_all_caps_legacy,
273,"GRONBJERG, KA",7,format_all_caps_legacy,
379,"NADKARNI, VV",7,format_all_caps_legacy,
400,"KRYSIK, J",7,format_all_caps_legacy,
455,"SHOWERS, N",7,format_all_caps_legacy,
459,"HUMPHREYS, NA",7,format_all_caps_legacy,
466,"MILLER, DC",7,format_all_caps_legacy,
472,"OHARE, T",7,format_all_caps_legacy,
511,"PEASE, K",7,format_all_caps_legacy,
2014,"RIBNER, DS",7,format_all_caps_legacy,
2016,"ROSE, SR",7,format_all_caps_legacy,
2051,"NANAVATTY, MC",7,format_all_caps_legacy,
2072,"BERGER, S",7,format_all_caps_legacy,
2090,"GASKINS, R",7,format_all_caps_legacy,
2152,"DEPOY, E",7,format_all_caps_legacy,
2211,"BROWN, LN",7,format_all_caps_legacy,
2217,"CHEUNG, KFM",7,format_all_caps_legacy,
2269,"GENTRY, ME",7,format_all_caps_legacy,
2282,"GLASSMAN, U",7,format_all_caps_legacy,
2320,"IMBROGNO, S",7,format_all_caps_legacy,
2360,"KEYS, PR",7,format_all_caps_legacy,
2383,"PATTERSON, SL",7,format_all_caps_legacy,
2472,"ALDRIDGE, M",7,format_all_caps_legacy,
2548,"BRILLIANT, EL",7,format_all_caps_legacy,
2615,"GILBAR, O",7,format_all_caps_legacy,
2693,"MARCENKO, MO",7,format_all_caps_legacy,
2699,"MARTIN, PY",7,format_all_caps_legacy,
2742,"OYSERMAN, D",7,format_all_caps_legacy,
2797,"MAYER, JB",7,format_all_caps_legacy,
2798,"SHAH, G",7,format_all_caps_legacy,
2824,"VINTON, L",7,format_all_caps_legacy,
2826,"WAYNE, J",7,format_all_caps_legacy,
2859,"LAZAR, A",7,format_all_caps_legacy,
2910,"STAUDT, M",7,format_all_caps_legacy,
2931,"FULLER, R",7,format_all_caps_legacy,
2944,"SASTRY, N",7,format_all_caps_legacy,
2955,"VINCENT, J",7,format_all_caps_legacy,
2977,"LISTER, L",7,format_all_caps_legacy,
2993,"SEGAL, EA",7,format_all_caps_legacy,
3029,"SILVERMAN, PR",7,format_all_caps_legacy,
3031,"CARLSON, BE",7,format_all_caps_legacy,
3033,"COADY, NF",7,format_all_caps_legacy,
3059,"PELTON, LH",7,format_all_caps_legacy,
3066,"SEGAL, UA",7,format_all_caps_legacy,
3135,"PIEPER, MH",7,format_all_caps_legacy,
3183,"MANE, PN",7,format_all_caps_legacy,
3208,"CORCORAN, K",7,format_all_caps_legacy,
3343,"DESAI, KG",7,format_all_caps_legacy,
3422,"RAYNOR, P",7,format_all_caps_legacy,
3442,"BORN, CE",7,format_all_caps_legacy,
3448,"BRODY, EM",7,format_all_caps_legacy,
3475,"DILLON, C",7,format_all_caps_legacy,
3517,"JOSEPH, MV",7,format_all_caps_legacy,
3584,"SIEGEL, K",7,format_all_caps_legacy,
3592,"MEINERT, RG",7,format_all_caps_legacy,
3620,"COOPER, J",7,format_all_caps_legacy,
3637,"VIDEKASHERMAN, L",7,format_all_caps_legacy,
3649,"ROUNDS, KA",7,format_all_caps_legacy,
3679,"HERSH, A",7,format_all_caps_legacy,
3683,"HYDE, C",7,format_all_caps_legacy,
3800,"MARSHALL, M",7,format_all_caps_legacy,
3837,"MARX, JD",7,format_all_caps_legacy,
3858,"BUTLER, A",7,format_all_caps_legacy,
3862,"DAVIS, A",7,format_all_caps_legacy,
3898,"JOHNSON, J",7,format_all_caps_legacy,
4078,"FRASER, M",7,format_all_caps_legacy,
4127,"VIGILANTE, FW",7,format_all_caps_legacy,
4321,"EDWARD, J",7,format_all_caps_legacy,
4343,"SIMONS, RL",7,format_all_caps_legacy,
4396,"SHEKAR, S",7,format_all_caps_legacy,
4458,"WEISSMAN, HH",7,format_all_caps_legacy,
4469,"MIDDLETON, L",7,format_all_caps_legacy,
4471,"SMITH, D",7,format_all_caps_legacy,
4542,"VINOKURKAPLAN, D",7,format_all_caps_legacy,
4578,"DAVIS, J",7,format_all_caps_legacy,
4624,"HAIRSTON, CF",7,format_all_caps_legacy,
4663,"VOLLAND, PJ",7,format_all_caps_legacy,
4768,"PETERSON, KJ",7,format_all_caps_legacy,
4838,"SULMAN, J",7,format_all_caps_legacy,
4961,"SMITH, MJ",7,format_all_caps_legacy,
4974,"HUNT, L",7,format_all_caps_legacy,
4984,"FAVER, CA",7,format_all_caps_legacy,
5071,"TERRELL, P",7,format_all_caps_legacy,
5132,"DANZIGER, S",7,format_all_caps_legacy,
5148,"GOTTLIEB, N",7,format_all_caps_legacy,
5162,"HELLENBRAND, SC",7,format_all_caps_legacy,
5180,"MORRISON, JD",7,format_all_caps_legacy,
5202,"WEINBERG, N",7,format_all_caps_legacy,
5242,"CARO, FG",7,format_all_caps_legacy,
5265,"RADIN, N",7,format_all_caps_legacy,
5299,"CORCORAN, KJ",7,format_all_caps_legacy,
5317,"AUSTIN, CD",7,format_all_caps_legacy,
5397,"FELDSTEIN, D",7,format_all_caps_legacy,
5448,"GYARFAS, MG",7,format_all_caps_legacy,
5462,"HOLMAN, A",7,format_all_caps_legacy,
5467,"IWANIEC, D",7,format_all_caps_legacy,
5488,"KLEIN, MW",7,format_all_caps_legacy,
5489,"KREUGER, LW",7,format_all_caps_legacy,
5573,"PATTI, R",7,format_all_caps_legacy,
5589,"PROCHASKA, JM",7,format_all_caps_legacy,
5648,"SMITH, CR",7,format_all_caps_legacy,
5654,"SOLOMON, BB",7,format_all_caps_legacy,
5766,"BUTRYM, Z",7,format_all_caps_legacy,
5833,"FREY, LA",7,format_all_caps_legacy,
5920,"KRUZICH, JM",7,format_all_caps_legacy,
5934,"LEES, R",7,format_all_caps_legacy,
5982,"PHELAN, P",7,format_all_caps_legacy,
6184,"DAILEY, DM",7,format_all_caps_legacy,
6241,"BLOCK, SR",7,format_all_caps_legacy,
6510,"BORENZWEIG, H",7,format_all_caps_legacy,
6607,"KAPADIA, KR",7,format_all_caps_legacy,
6614,"KING, CH",7,format_all_caps_legacy,
6707,"PFOUTS, JH",7,format_all_caps_legacy,
6752,"SCHILD, S",7,format_all_caps_legacy,
6860,"PRUGER, R",7,format_all_caps_legacy,
6881,"CHRIST, GH",7,format_all_caps_legacy,
7013,"LICHTENBERG, P",7,format_all_caps_legacy,
7017,"LOBO, M",7,format_all_caps_legacy,
7082,"PRATT, M",7,format_all_caps_legacy,
7083,"PRIGMORE, CS",7,format_all_caps_legacy,
7187,"WOOD, KM",7,format_all_caps_legacy,
7241,"BRILL, L",7,format_all_caps_legacy,
7318,"FRIEDLANDER, WA",7,format_all_caps_legacy,
7553,"WOLFF, S",7,format_all_caps_legacy,
7715,"KHANDEKAR, M",7,format_all_caps_legacy,
7977,"FRAIBERG, S",7,format_all_caps_legacy,
7997,"GYARFAS, M",7,format_all_caps_legacy,
8110,"POLSKY, HW",7,format_all_caps_legacy,
8132,"SCHWARTZ, MC",7,format_all_caps_legacy,
8223,"BARDILL, DR",7,format_all_caps_legacy,
8381,"JONES, JF",7,format_all_caps_legacy,
8638,"BECK, DF",7,format_all_caps_legacy,
8642,"BERESFORD, P",7,format_all_caps_legacy,
8883,"SMITH, NF",7,format_all_caps_legacy,
8994,"GOLAN, N",7,format_all_caps_legacy,
9048,"MANDELBAUM, A",7,format_all_caps_legacy,
9137,"WIENER, J",7,format_all_caps_legacy,
9302,"ONEILL, JE",7,format_all_caps_legacy,
9558,"MARKS, RB",7,format_all_caps_legacy,
9905,"WHITE, G",7,format_all_caps_legacy,
10098,"LUKOFF, IF",7,format_all_caps_legacy,
10191,"WEBER, RE",7,format_all_caps_legacy,
10217,"BLENKNER, M",7,format_all_caps_legacy,
10245,"GOULD, RF",7,format_all_caps_legacy,
10251,"HAMMERMAN, J",7,format_all_caps_legacy,
10258,"JOHNSON, WB",7,format_all_caps_legacy,
10303,"SULLIVAN, M",7,format_all_caps_legacy,
10324,"BAKER, MR",7,format_all_caps_legacy,
10635,"WISNER, E",7,format_all_caps_legacy,
11190,"COYLE, GL",7,format_all_caps_legacy,
11376,"SYTZ, F",7,format_all_caps_legacy,
20143,"DRAKE, B",7,format_all_caps_legacy,
49668,"LANGLEY, PA",7,format_all_caps_legacy,
3,"SHERIDAN, MS",6,format_all_caps_legacy,
38,"LITTLE, M",6,format_all_caps_legacy,
43,"NARENDER, A",6,format_all_caps_legacy,
45,"OWEN, M",6,format_all_caps_legacy,
56,"SOARESPEREIRA, M",6,format_all_caps_legacy,
75,"BROWN, SB",6,format_all_caps_legacy,
105,"ICARD, LD",6,format_all_caps_legacy,
107,"ELBASSEL, N",6,format_all_caps_legacy,
116,"LATTING, JK",6,format_all_caps_legacy,
123,"MUDRICK, NR",6,format_all_caps_legacy,
131,"RICHMAN, JM",6,format_all_caps_legacy,
137,"SABLE, P",6,format_all_caps_legacy,
168,"FERGUSON, H",6,format_all_caps_legacy,
197,"FESTINGER, T",6,format_all_caps_legacy,
205,"HOWING, PT",6,format_all_caps_legacy,
250,"ZIPPAY, A",6,format_all_caps_legacy,
287,"MCMILLEN, JC",6,format_all_caps_legacy,
310,"GERHART, UC",6,format_all_caps_legacy,
311,"GLEESON, JP",6,format_all_caps_legacy,
316,"JANZEN, C",6,format_all_caps_legacy,
326,"MARTIN, JA",6,format_all_caps_legacy,
330,"MONAHAN, DJ",6,format_all_caps_legacy,
345,"SIMON, BL",6,format_all_caps_legacy,
350,"TYSON, K",6,format_all_caps_legacy,
375,"KISSMAN, K",6,format_all_caps_legacy,
380,"PATHY, J",6,format_all_caps_legacy,
431,"BUTLER, AC",6,format_all_caps_legacy,
461,"KIRWIN, PM",6,format_all_caps_legacy,
463,"KRILL, DF",6,format_all_caps_legacy,
490,"SHERIDAN, MJ",6,format_all_caps_legacy,
517,"TAYLOR, I",6,format_all_caps_legacy,
541,"BAUMOHL, J",6,format_all_caps_legacy,
2009,"POULIN, JE",6,format_all_caps_legacy,
2065,"SAUNDERS, DN",6,format_all_caps_legacy,
2110,"KOPELS, S",6,format_all_caps_legacy,
2118,"MEEZAN, W",6,format_all_caps_legacy,
2123,"MOORE, ST",6,format_all_caps_legacy,
2127,"YOUNG, TM",6,format_all_caps_legacy,
2143,"STAVER, N",6,format_all_caps_legacy,
2149,"WELLS, K",6,format_all_caps_legacy,
2157,"COULSHED, V",6,format_all_caps_legacy,
2160,"HUGHES, B",6,format_all_caps_legacy,
2200,"DATAR, C",6,format_all_caps_legacy,
2206,"BOTSFORD, AL",6,format_all_caps_legacy,
2260,"FOSTER, LW",6,format_all_caps_legacy,
2315,"BARKER, K",6,format_all_caps_legacy,
2406,"SCHOECH, D",6,format_all_caps_legacy,
2429,"RESNICK, H",6,format_all_caps_legacy,
2431,"DRAINE, J",6,format_all_caps_legacy,
2475,"BERGER, R",6,format_all_caps_legacy,
2477,"BURKE, AC",6,format_all_caps_legacy,
2482,"DEWEAVER, KL",6,format_all_caps_legacy,
2500,"KUTZA, EA",6,format_all_caps_legacy,
2509,"YADAMA, GN",6,format_all_caps_legacy,
2510,"SKOLNIK, L",6,format_all_caps_legacy,
2553,"CANDA, ER",6,format_all_caps_legacy,
2581,"DOLGOFF, R",6,format_all_caps_legacy,
2590,"FARBER, N",6,format_all_caps_legacy,
2602,"GOLDEN, GK",6,format_all_caps_legacy,
2627,"VOURLEKIS, BS",6,format_all_caps_legacy,
2628,"GELFAND, DE",6,format_all_caps_legacy,
2629,"LEWIS, JS",6,format_all_caps_legacy,
2639,"HUGHES, S",6,format_all_caps_legacy,
2644,"SINGH, AK",6,format_all_caps_legacy,
2663,"KRAMER, BJ",6,format_all_caps_legacy,
2678,"LOWE, JI",6,format_all_caps_legacy,
2703,"MAYADAS, NS",6,format_all_caps_legacy,
2711,"SOLOMON, R",6,format_all_caps_legacy,
2761,"RICHARDSON, V",6,format_all_caps_legacy,
2776,"RODWAY, MR",6,format_all_caps_legacy,
2782,"FARIA, G",6,format_all_caps_legacy,
2809,"SPITZER, WJ",6,format_all_caps_legacy,
2811,"STERN, MJ",6,format_all_caps_legacy,
2825,"ZLOTNIK, JL",6,format_all_caps_legacy,
2831,"WOOD, GG",6,format_all_caps_legacy,
2846,"ELLIOTT, D",6,format_all_caps_legacy,
2856,"KAPLAN, BL",6,format_all_caps_legacy,
2898,"KEITHLUCAS, A",6,format_all_caps_legacy,
2917,"BOUSHEL, M",6,format_all_caps_legacy,
2948,"ROUGHTON, H",6,format_all_caps_legacy,
2950,"SAYEED, OB",6,format_all_caps_legacy,
2992,"ROBINSON, MM",6,format_all_caps_legacy,
2994,"SHORE, BK",6,format_all_caps_legacy,
3009,"BULLOCK, R",6,format_all_caps_legacy,
3019,"MASSON, H",6,format_all_caps_legacy,
3151,"BERLINER, AK",6,format_all_caps_legacy,
3155,"GOLDSTEIN, S",6,format_all_caps_legacy,
3191,"RUSHTON, A",6,format_all_caps_legacy,
3206,"APPEL, YH",6,format_all_caps_legacy,
3243,"SHIREMAN, J",6,format_all_caps_legacy,
3245,"SUNDEL, M",6,format_all_caps_legacy,
3248,"WATSON, KW",6,format_all_caps_legacy,
3270,"HART, AF",6,format_all_caps_legacy,
3366,"ERICKSON, AG",6,format_all_caps_legacy,
3387,"KANTER, J",6,format_all_caps_legacy,
3402,"DANE, BO",6,format_all_caps_legacy,
3413,"WALDEN, T",6,format_all_caps_legacy,
3467,"CONSTABLE, RT",6,format_all_caps_legacy,
3477,"GUTIERREZ, L",6,format_all_caps_legacy,
3496,"GRUBER, ML",6,format_all_caps_legacy,
3526,"KRISHNASWAMY, S",6,format_all_caps_legacy,
3530,"LEVINE, B",6,format_all_caps_legacy,
3549,"CALLAHAN, JJ",6,format_all_caps_legacy,
3595,"COX, EO",6,format_all_caps_legacy,
3665,"FOSTER, Z",6,format_all_caps_legacy,
3747,"SCHARLACH, AE",6,format_all_caps_legacy,
3883,"BELCHER, JR",6,format_all_caps_legacy,
3888,"BUSH, M",6,format_all_caps_legacy,
3897,"EISIKOVITS, Z",6,format_all_caps_legacy,
3935,"ROBINSON, M",6,format_all_caps_legacy,
3962,"PRASAD, BD",6,format_all_caps_legacy,
3996,"BRONSON, DE",6,format_all_caps_legacy,
4001,"TREVILLION, S",6,format_all_caps_legacy,
4048,"WHITTINGTON, C",6,format_all_caps_legacy,
4073,"SILVERMAN, AR",6,format_all_caps_legacy,
4113,"SAUNDERS, DG",6,format_all_caps_legacy,
4132,"PAPPENFORT, DM",6,format_all_caps_legacy,
4135,"FORD, J",6,format_all_caps_legacy,
4139,"RAMON, S",6,format_all_caps_legacy,
4178,"FELDMAN, FL",6,format_all_caps_legacy,
4205,"HOKENSTAD, MC",6,format_all_caps_legacy,
4206,"HOOYMAN, NR",6,format_all_caps_legacy,
4210,"KALRA, SK",6,format_all_caps_legacy,
4302,"ALISSI, AS",6,format_all_caps_legacy,
4346,"TRACHTMAN, R",6,format_all_caps_legacy,
4372,"STURKIE, K",6,format_all_caps_legacy,
4465,"DOEL, M",6,format_all_caps_legacy,
4490,"PATHAK, KB",6,format_all_caps_legacy,
4512,"GRUBER, M",6,format_all_caps_legacy,
4529,"PARSONS, R",6,format_all_caps_legacy,
4556,"COHEN, BZ",6,format_all_caps_legacy,
4610,"FAURI, DP",6,format_all_caps_legacy,
4617,"GARNER, JD",6,format_all_caps_legacy,
4664,"VOSBURGH, WW",6,format_all_caps_legacy,
4704,"COUDROGLOU, A",6,format_all_caps_legacy,
4736,"SINGH, DR",6,format_all_caps_legacy,
4750,"HEPWORTH, DH",6,format_all_caps_legacy,
4769,"WRIGHT, S",6,format_all_caps_legacy,
4814,"CAMASSO, MJ",6,format_all_caps_legacy,
4821,"EISENHUTH, E",6,format_all_caps_legacy,
4831,"GUTERMAN, NB",6,format_all_caps_legacy,
4872,"STRETCH, JJ",6,format_all_caps_legacy,
4888,"CORBY, B",6,format_all_caps_legacy,
4889,"SHARMA, ML",6,format_all_caps_legacy,
4919,"BLUMENSTEIN, H",6,format_all_caps_legacy,
4966,"SHAPIRO, CH",6,format_all_caps_legacy,
4988,"MANSER, G",6,format_all_caps_legacy,
4997,"VERMA, RK",6,format_all_caps_legacy,
5017,"DAVIDSON, M",6,format_all_caps_legacy,
5032,"JONES, JA",6,format_all_caps_legacy,
5078,"AKABAS, SH",6,format_all_caps_legacy,
5081,"FREUD, S",6,format_all_caps_legacy,
5094,"SHACHTER, B",6,format_all_caps_legacy,
5102,"GOKARN, NA",6,format_all_caps_legacy,
5130,"PIVEN, FF",6,format_all_caps_legacy,
5138,"FRANK, MG",6,format_all_caps_legacy,
5206,"MANN, P",6,format_all_caps_legacy,
5276,"PHILLIPS, MH",6,format_all_caps_legacy,
5280,"GANGRADE, KD",6,format_all_caps_legacy,
5300,"EUSTER, GL",6,format_all_caps_legacy,
5313,"ALPERIN, DE",6,format_all_caps_legacy,
5353,"CHESCHEIR, MW",6,format_all_caps_legacy,
5383,"DRUCKER, N",6,format_all_caps_legacy,
5499,"LANG, J",6,format_all_caps_legacy,
5516,"MARCHANT, H",6,format_all_caps_legacy,
5526,"MCGOWAN, BG",6,format_all_caps_legacy,
5597,"RAI, GS",6,format_all_caps_legacy,
5647,"SKIDMORE, RA",6,format_all_caps_legacy,
5661,"STEWART, JM",6,format_all_caps_legacy,
5683,"WALLERSTEIN, JS",6,format_all_caps_legacy,
5706,"AMBROSINO, S",6,format_all_caps_legacy,
5715,"BAGAROZZI, DA",6,format_all_caps_legacy,
5736,"BERKOWITZ, M",6,format_all_caps_legacy,
5834,"FRIEDLANDER, W",6,format_all_caps_legacy,
5846,"GOTTESFELD, ML",6,format_all_caps_legacy,
5868,"HARRIS, RJ",6,format_all_caps_legacy,
5936,"LEVITT, JL",6,format_all_caps_legacy,
5941,"LOEWENBERG, FM",6,format_all_caps_legacy,
5991,"BAMBAWALE, U",6,format_all_caps_legacy,
6100,"ZASTROW, C",6,format_all_caps_legacy,
6175,"CLIFTON, J",6,format_all_caps_legacy,
6205,"GREEN, RK",6,format_all_caps_legacy,
6209,"EPSTEIN, N",6,format_all_caps_legacy,
6273,"SMITH, J",6,format_all_caps_legacy,
6344,"NAIDU, US",6,format_all_caps_legacy,
6382,"HARDCASTLE, DA",6,format_all_caps_legacy,
6416,"SHARMA, RN",6,format_all_caps_legacy,
6460,"WATERHOUSE, J",6,format_all_caps_legacy,
6644,"LUM, D",6,format_all_caps_legacy,
6700,"NURSTEN, J",6,format_all_caps_legacy,
6710,"PINDERHUGHES, EB",6,format_all_caps_legacy,
6738,"ROMANYSHYN, JM",6,format_all_caps_legacy,
6811,"WILSON, H",6,format_all_caps_legacy,
6939,"GEISMAR, L",6,format_all_caps_legacy,
7012,"LEWIS, P",6,format_all_caps_legacy,
7085,"PUSIC, E",6,format_all_caps_legacy,
7143,"SWITZER, E",6,format_all_caps_legacy,
7281,"SMITH, LL",6,format_all_caps_legacy,
7296,"FANDETTI, DV",6,format_all_caps_legacy,
7298,"FELDMAN, Y",6,format_all_caps_legacy,
7381,"LANTZ, JE",6,format_all_caps_legacy,
7428,"MULLINS, K",6,format_all_caps_legacy,
7429,"MURASE, K",6,format_all_caps_legacy,
7495,"SEABURY, BA",6,format_all_caps_legacy,
7613,"COHEN, NE",6,format_all_caps_legacy,
7669,"GOODMAN, M",6,format_all_caps_legacy,
7819,"SCHNEIDERMAN, L",6,format_all_caps_legacy,
8053,"LOEWENSTEIN, S",6,format_all_caps_legacy,
8088,"NITZBURG, P",6,format_all_caps_legacy,
8104,"PHILLIPS, DG",6,format_all_caps_legacy,
8281,"MAGURA, S",6,format_all_caps_legacy,
8321,"FISHER, R",6,format_all_caps_legacy,
8365,"HILL, WG",6,format_all_caps_legacy,
8412,"LEWIS, J",6,format_all_caps_legacy,
8448,"PINCUS, A",6,format_all_caps_legacy,
8464,"OXLEY, GB",6,format_all_caps_legacy,
8480,"PINKUS, H",6,format_all_caps_legacy,
8546,"STREET, D",6,format_all_caps_legacy,
8560,"THURSZ, D",6,format_all_caps_legacy,
8703,"FINESTONE, S",6,format_all_caps_legacy,
8792,"CARTER, RD",6,format_all_caps_legacy,
8799,"MANN, A",6,format_all_caps_legacy,
8861,"SAUBER, M",6,format_all_caps_legacy,
9042,"MADISON, B",6,format_all_caps_legacy,
9093,"SENNA, JJ",6,format_all_caps_legacy,
9158,"ANDERSON, OW",6,format_all_caps_legacy,
9174,"BREMNER, RH",6,format_all_caps_legacy,
9292,"MONTIEL, M",6,format_all_caps_legacy,
9575,"MORGAN, JS",6,format_all_caps_legacy,
9721,"JUNG, M",6,format_all_caps_legacy,
9861,"MIZIO, E",6,format_all_caps_legacy,
10093,"LEWIS, M",6,format_all_caps_legacy,
10145,"RYAN, M",6,format_all_caps_legacy,
10163,"SMITH, SL",6,format_all_caps_legacy,
10274,"MERRIFIELD, A",6,format_all_caps_legacy,
10332,"BLOOM, S",6,format_all_caps_legacy,
10415,"WINEMAN, D",6,format_all_caps_legacy,
10494,"RIPPLE, L",6,format_all_caps_legacy,
10506,"SUNLEY, R",6,format_all_caps_legacy,
10526,"BEATMAN, FL",6,format_all_caps_legacy,
10612,"SAMPLE, WC",6,format_all_caps_legacy,
10665,"DESCHIN, CS",6,format_all_caps_legacy,
10693,"KAUFMAN, I",6,format_all_caps_legacy,
10709,"MEIER, G",6,format_all_caps_legacy,
10772,"BAILEY, MB",6,format_all_caps_legacy,
10858,"VINTER, RD",6,format_all_caps_legacy,
10860,"WEISSMAN, I",6,format_all_caps_legacy,
10889,"DAVIS, MM",6,format_all_caps_legacy,
11008,"HOFFMAN, ME",6,format_all_caps_legacy,
11247,"ROSSI, PH",6,format_all_caps_legacy,
11453,"TOWLEY, L",6,format_all_caps_legacy,
11493,"HANFORD, J",6,format_all_caps_legacy,
20094,"TURNBULL, JE",6,format_all_caps_legacy,
20120,"MABREY, T",6,format_all_caps_legacy,
20208,"BIGGS, S",6,format_all_caps_legacy,
20224,"LARSON, LR",6,format_all_caps_legacy,
20579,"MUI, AC",6,format_all_caps_legacy,
94339,"LABARRE, W",6,format_all_caps_legacy,
39,"LLOYD, S",5,format_all_caps_legacy,
41,"SAROJA, K",5,format_all_caps_legacy,
54,"SINGH, RN",5,format_all_caps_legacy,
118,"MARLEY, JA",5,format_all_caps_legacy,
140,"SCHWAB, AJ",5,format_all_caps_legacy,
210,"JONES, L",5,format_all_caps_legacy,
218,"MARTIN, M",5,format_all_caps_legacy,
248,"PEEBLESWILKINS, W",5,format_all_caps_legacy,
262,"DEEPWELL, R",5,format_all_caps_legacy,
265,"DUNKEL, J",5,format_all_caps_legacy,
281,"KONDRAT, ME",5,format_all_caps_legacy,
282,"LEVIN, AM",5,format_all_caps_legacy,
285,"LUKTON, RC",5,format_all_caps_legacy,
320,"KURLAND, R",5,format_all_caps_legacy,
361,"BIGGERSTAFF, MA",5,format_all_caps_legacy,
370,"FARMER, E",5,format_all_caps_legacy,
374,"GOULD, N",5,format_all_caps_legacy,
382,"PILLAI, VK",5,format_all_caps_legacy,
384,"RAMAIAH, A",5,format_all_caps_legacy,
389,"HODGES, VG",5,format_all_caps_legacy,
399,"THOMLISON, B",5,format_all_caps_legacy,
402,"VEEDON, R",5,format_all_caps_legacy,
410,"ALLEN, JA",5,format_all_caps_legacy,
434,"COHEN, MB",5,format_all_caps_legacy,
438,"RHODES, ML",5,format_all_caps_legacy,
474,"RODWELL, MK",5,format_all_caps_legacy,
487,"SACHS, J",5,format_all_caps_legacy,
489,"SARRI, R",5,format_all_caps_legacy,
499,"STUART, PH",5,format_all_caps_legacy,
2116,"MASON, MA",5,format_all_caps_legacy,
2125,"PEILE, C",5,format_all_caps_legacy,
2137,"SHERNOFF, M",5,format_all_caps_legacy,
2283,"KATES, L",5,format_all_caps_legacy,
2292,"GRASSO, AJ",5,format_all_caps_legacy,
2307,"GUZZETTA, C",5,format_all_caps_legacy,
2328,"KASHYAP, LD",5,format_all_caps_legacy,
2370,"WARD, D",5,format_all_caps_legacy,
2392,"RAMEY, JH",5,format_all_caps_legacy,
2414,"FINCH, WA",5,format_all_caps_legacy,
2416,"SHARP, JW",5,format_all_caps_legacy,
2448,"UMBREIT, MS",5,format_all_caps_legacy,
2470,"YEGIDIS, BL",5,format_all_caps_legacy,
2527,"HURL, LF",5,format_all_caps_legacy,
2547,"HOLLOWAY, S",5,format_all_caps_legacy,
2567,"BERG, WE",5,format_all_caps_legacy,
2573,"LUBBEN, JE",5,format_all_caps_legacy,
2608,"GARLAND, JA",5,format_all_caps_legacy,
2656,"WANDREI, KE",5,format_all_caps_legacy,
2662,"KOROTKIN, A",5,format_all_caps_legacy,
2689,"MAIER, HW",5,format_all_caps_legacy,
2716,"MONDROS, JB",5,format_all_caps_legacy,
2744,"PATHAK, S",5,format_all_caps_legacy,
2775,"BECKERMAN, A",5,format_all_caps_legacy,
2777,"ROSENBERG, E",5,format_all_caps_legacy,
2789,"SHIELDS, G",5,format_all_caps_legacy,
2796,"KAPUST, LR",5,format_all_caps_legacy,
2805,"SOSKIS, CW",5,format_all_caps_legacy,
2833,"ZILBERFEIN, F",5,format_all_caps_legacy,
2839,"CADDICK, B",5,format_all_caps_legacy,
2874,"WALZ, T",5,format_all_caps_legacy,
2918,"SCHINDLER, R",5,format_all_caps_legacy,
2923,"CLOUGH, R",5,format_all_caps_legacy,
2934,"GHADIALLY, R",5,format_all_caps_legacy,
2939,"KINGSTON, P",5,format_all_caps_legacy,
2945,"PAREEK, U",5,format_all_caps_legacy,
2953,"SMITH, R",5,format_all_caps_legacy,
2964,"FARMER, RL",5,format_all_caps_legacy,
2971,"HAMLIN, ER",5,format_all_caps_legacy,
2974,"HOROWITZ, J",5,format_all_caps_legacy,
2975,"JONES, DM",5,format_all_caps_legacy,
2991,"SCHWARTZ, S",5,format_all_caps_legacy,
3097,"REITER, L",5,format_all_caps_legacy,
3100,"SCHOFIELD, G",5,format_all_caps_legacy,
3126,"HERRICK, JM",5,format_all_caps_legacy,
3129,"LIGHTMAN, ES",5,format_all_caps_legacy,
3210,"DANZIGER, SK",5,format_all_caps_legacy,
3211,"DUDLEY, JR",5,format_all_caps_legacy,
3251,"BRAYE, S",5,format_all_caps_legacy,
3267,"FIBUSH, E",5,format_all_caps_legacy,
3301,"HANNA, EA",5,format_all_caps_legacy,
3309,"LEASHORE, BR",5,format_all_caps_legacy,
3319,"PLOTNICK, RD",5,format_all_caps_legacy,
3356,"VARGHESE, VG",5,format_all_caps_legacy,
3380,"HUDSON, CG",5,format_all_caps_legacy,
3400,"MILLER, P",5,format_all_caps_legacy,
3403,"RAINES, JC",5,format_all_caps_legacy,
3465,"CLARKE, SS",5,format_all_caps_legacy,
3471,"DASTE, BM",5,format_all_caps_legacy,
3504,"HARDINA, D",5,format_all_caps_legacy,
3531,"LEWIS, EA",5,format_all_caps_legacy,
3533,"MA, JLC",5,format_all_caps_legacy,
3547,"MUTSCHLER, E",5,format_all_caps_legacy,
3601,"RASKIN, MS",5,format_all_caps_legacy,
3622,"GIBSON, F",5,format_all_caps_legacy,
3627,"WILKES, R",5,format_all_caps_legacy,
3643,"BROWER, AM",5,format_all_caps_legacy,
3644,"GARVIN, CD",5,format_all_caps_legacy,
3709,"MACAROV, D",5,format_all_caps_legacy,
3735,"PATEL, V",5,format_all_caps_legacy,
3777,"YOUNG, CL",5,format_all_caps_legacy,
3809,"SHERMAN, E",5,format_all_caps_legacy,
3865,"DUBEY, SN",5,format_all_caps_legacy,
3867,"FULLWOOD, C",5,format_all_caps_legacy,
3872,"MCAULEY, P",5,format_all_caps_legacy,
3899,"KAPLAN, T",5,format_all_caps_legacy,
3923,"HENLEY, HC",5,format_all_caps_legacy,
3930,"HAZEL, N",5,format_all_caps_legacy,
3951,"MCCRACKEN, SG",5,format_all_caps_legacy,
4055,"BUCKINGHAM, SL",5,format_all_caps_legacy,
4062,"DALDIN, H",5,format_all_caps_legacy,
4124,"TOLSON, ER",5,format_all_caps_legacy,
4130,"WILK, RJ",5,format_all_caps_legacy,
4143,"ANDERSON, C",5,format_all_caps_legacy,
4148,"BERGMAN, S",5,format_all_caps_legacy,
4169,"DISCH, R",5,format_all_caps_legacy,
4211,"KAMINSKY, M",5,format_all_caps_legacy,
4218,"KINDERKNECHT, CH",5,format_all_caps_legacy,
4225,"KRAVETZ, D",5,format_all_caps_legacy,
4228,"KROUT, JA",5,format_all_caps_legacy,
4290,"WEBSTER, SA",5,format_all_caps_legacy,
4308,"BIRNBAUM, ML",5,format_all_caps_legacy,
4310,"BLANCK, R",5,format_all_caps_legacy,
4374,"WHITEMAN, M",5,format_all_caps_legacy,
4381,"CHITNIS, S",5,format_all_caps_legacy,
4398,"STUBBS, P",5,format_all_caps_legacy,
4400,"WALRONDSKINNER, S",5,format_all_caps_legacy,
4420,"LOGAN, SL",5,format_all_caps_legacy,
4454,"STEWART, RP",5,format_all_caps_legacy,
4467,"FISHER, T",5,format_all_caps_legacy,
4476,"AXINN, J",5,format_all_caps_legacy,
4488,"MOK, BH",5,format_all_caps_legacy,
4502,"BUMAGIN, VE",5,format_all_caps_legacy,
4505,"TIRRITO, T",5,format_all_caps_legacy,
4544,"WENOCUR, S",5,format_all_caps_legacy,
4560,"FISHER, D",5,format_all_caps_legacy,
4563,"JONES, MA",5,format_all_caps_legacy,
4637,"GROSSMAN, B",5,format_all_caps_legacy,
4696,"VALENTINE, D",5,format_all_caps_legacy,
4715,"FAMIGHETTI, RA",5,format_all_caps_legacy,
4749,"MACKELPRANG, RW",5,format_all_caps_legacy,
4854,"REID, PN",5,format_all_caps_legacy,
4855,"BILLUPS, JO",5,format_all_caps_legacy,
4859,"SHERER, M",5,format_all_caps_legacy,
4861,"ZAKOUR, MJ",5,format_all_caps_legacy,
4928,"SCHLESINGER, EG",5,format_all_caps_legacy,
5005,"BELL, CJ",5,format_all_caps_legacy,
5023,"HAREL, Z",5,format_all_caps_legacy,
5095,"SHIREMAN, JF",5,format_all_caps_legacy,
5109,"IRVINE, E",5,format_all_caps_legacy,
5125,"BECKERMAN, N",5,format_all_caps_legacy,
5187,"JOHNSON, PJ",5,format_all_caps_legacy,
5191,"SMITH, ML",5,format_all_caps_legacy,
5193,"SPANO, RM",5,format_all_caps_legacy,
5238,"BRIAR, KH",5,format_all_caps_legacy,
5273,"TRESEDER, J",5,format_all_caps_legacy,
5324,"BARISH, S",5,format_all_caps_legacy,
5350,"CHAMBERS, DE",5,format_all_caps_legacy,
5431,"GOODMAN, H",5,format_all_caps_legacy,
5465,"HUDSON, WH",5,format_all_caps_legacy,
5466,"IMRE, RW",5,format_all_caps_legacy,
5614,"COULTON, C",5,format_all_caps_legacy,
5645,"SINGER, MI",5,format_all_caps_legacy,
5741,"BERRIDGE, D",5,format_all_caps_legacy,
5810,"DUMPSON, JR",5,format_all_caps_legacy,
5826,"FELLIN, P",5,format_all_caps_legacy,
5891,"IRVINE, EE",5,format_all_caps_legacy,
5987,"QUERALT, M",5,format_all_caps_legacy,
6043,"SOBEY, F",5,format_all_caps_legacy,
6139,"YOUNG, AT",5,format_all_caps_legacy,
6149,"BROWN, DG",5,format_all_caps_legacy,
6173,"CLARKE, S",5,format_all_caps_legacy,
6177,"COLLINS, AH",5,format_all_caps_legacy,
6207,"ELSON, M",5,format_all_caps_legacy,
6217,"FOX, R",5,format_all_caps_legacy,
6249,"HAYES, M",5,format_all_caps_legacy,
6320,"MILLER, I",5,format_all_caps_legacy,
6395,"ROSENFELD, JM",5,format_all_caps_legacy,
6462,"WALTHER, V",5,format_all_caps_legacy,
6527,"CARTER, J",5,format_all_caps_legacy,
6567,"GARY, LE",5,format_all_caps_legacy,
6587,"HALL, JC",5,format_all_caps_legacy,
6705,"PAVEY, R",5,format_all_caps_legacy,
6720,"RANE, AJ",5,format_all_caps_legacy,
6747,"WILSON, M",5,format_all_caps_legacy,
6748,"SAINSBURY, S",5,format_all_caps_legacy,
6775,"SOOTHILL, K",5,format_all_caps_legacy,
6864,"BRANDWEIN, RA",5,format_all_caps_legacy,
6874,"CHEN, PN",5,format_all_caps_legacy,
6897,"DEAR, RB",5,format_all_caps_legacy,
6979,"JACOBSON, DS",5,format_all_caps_legacy,
7023,"LUBOVE, R",5,format_all_caps_legacy,
7076,"PIVEN, H",5,format_all_caps_legacy,
7117,"SHAPIRO, D",5,format_all_caps_legacy,
7145,"TAYLORBROWN, S",5,format_all_caps_legacy,
7153,"THOMAS, G",5,format_all_caps_legacy,
7182,"WILSON, E",5,format_all_caps_legacy,
7320,"GARBARINO, J",5,format_all_caps_legacy,
7365,"JONES, T",5,format_all_caps_legacy,
7375,"KOBRIN, S",5,format_all_caps_legacy,
7393,"LEWIS, MR",5,format_all_caps_legacy,
7558,"ABEL, EK",5,format_all_caps_legacy,
7599,"BUTTERFIELD, WH",5,format_all_caps_legacy,
7604,"CAIN, LP",5,format_all_caps_legacy,
7615,"COLEMAN, JV",5,format_all_caps_legacy,
7630,"DAVIDSON, SM",5,format_all_caps_legacy,
7645,"FARRIS, CE",5,format_all_caps_legacy,
7662,"POWELL, J",5,format_all_caps_legacy,
7693,"JAFFE, ED",5,format_all_caps_legacy,
7768,"OGREN, EH",5,format_all_caps_legacy,
7796,"RHODES, SL",5,format_all_caps_legacy,
7853,"VALK, M",5,format_all_caps_legacy,
7877,"ZALD, MN",5,format_all_caps_legacy,
8031,"KIM, BLC",5,format_all_caps_legacy,
8054,"LURIE, I",5,format_all_caps_legacy,
8060,"MARTIN, JM",5,format_all_caps_legacy,
8128,"SCHRAGER, J",5,format_all_caps_legacy,
8176,"VARLEY, BK",5,format_all_caps_legacy,
8226,"BEGAB, MJ",5,format_all_caps_legacy,
8273,"CHAMBERLAIN, E",5,format_all_caps_legacy,
8286,"COLEMAN, H",5,format_all_caps_legacy,
8289,"CRANE, JA",5,format_all_caps_legacy,
8307,"ELMER, E",5,format_all_caps_legacy,
8512,"ROSENTHAL, L",5,format_all_caps_legacy,
8530,"SHIFFMAN, BM",5,format_all_caps_legacy,
8623,"AMACHER, KA",5,format_all_caps_legacy,
8738,"HANDLER, E",5,format_all_caps_legacy,
8749,"HIRSCH, S",5,format_all_caps_legacy,
8765,"LAZARUS, E",5,format_all_caps_legacy,
8810,"MERRIAM, IC",5,format_all_caps_legacy,
8842,"RANDALL, OA",5,format_all_caps_legacy,
8872,"SHAPIRO, JH",5,format_all_caps_legacy,
8990,"GARTNER, A",5,format_all_caps_legacy,
9154,"ADAMS, M",5,format_all_caps_legacy,
9171,"BOWLES, DD",5,format_all_caps_legacy,
9215,"FRANKEL, AJ",5,format_all_caps_legacy,
9285,"MEYER, HJ",5,format_all_caps_legacy,
9335,"RUDDOCK, R",5,format_all_caps_legacy,
9406,"BERLEMAN, WC",5,format_all_caps_legacy,
9838,"MACRAE, RH",5,format_all_caps_legacy,
9903,"RICHARDS, CV",5,format_all_caps_legacy,
9968,"WEISSMAN, MM",5,format_all_caps_legacy,
10001,"BOEHM, B",5,format_all_caps_legacy,
10027,"DAILEY, WJ",5,format_all_caps_legacy,
10065,"HANLAN, A",5,format_all_caps_legacy,
10121,"ORMSBY, R",5,format_all_caps_legacy,
10141,"ROCKMORE, MJ",5,format_all_caps_legacy,
10214,"BLACK, BJ",5,format_all_caps_legacy,
10230,"DEVIS, DA",5,format_all_caps_legacy,
10244,"GLASSER, MA",5,format_all_caps_legacy,
10282,"OTIS, J",5,format_all_caps_legacy,
10287,"PARSONS, JR",5,format_all_caps_legacy,
10290,"POLLAK, GK",5,format_all_caps_legacy,
10297,"SHAFER, CM",5,format_all_caps_legacy,
10298,"SHAPIRO, J",5,format_all_caps_legacy,
10315,"WILLE, J",5,format_all_caps_legacy,
10362,"GOODMAN, N",5,format_all_caps_legacy,
10366,"HILLMAN, A",5,format_all_caps_legacy,
10396,"SCHEIDLINGER, S",5,format_all_caps_legacy,
10484,"NOVICK, AG",5,format_all_caps_legacy,
10485,"OBRIEN, JP",5,format_all_caps_legacy,
10570,"KINDELSPERGER, WL",5,format_all_caps_legacy,
10603,"PARNICKY, JJ",5,format_all_caps_legacy,
10609,"RICE, EP",5,format_all_caps_legacy,
10650,"BERKOWITZ, SJ",5,format_all_caps_legacy,
10669,"FIZDALE, R",5,format_all_caps_legacy,
10690,"ISENSTADT, TR",5,format_all_caps_legacy,
10754,"TOLLEN, WB",5,format_all_caps_legacy,
10836,"OLDS, V",5,format_all_caps_legacy,
10850,"SHERRARD, TD",5,format_all_caps_legacy,
10984,"DESCHWEINITZ, K",5,format_all_caps_legacy,
11044,"SILVER, H",5,format_all_caps_legacy,
11059,"ACKERMAN, NW",5,format_all_caps_legacy,
11091,"EINSTEIN, G",5,format_all_caps_legacy,
11099,"GOLDSTEIN, HK",5,format_all_caps_legacy,
11151,"SIMONS, SM",5,format_all_caps_legacy,
11177,"BERENGARTEN, S",5,format_all_caps_legacy,
11305,"GOLDMANN, F",5,format_all_caps_legacy,
11370,"SMITH, ED",5,format_all_caps_legacy,
11490,"GREENWOOD, E",5,format_all_caps_legacy,
11529,"SHUGART, G",5,format_all_caps_legacy,
11653,"BECK, E",5,format_all_caps_legacy,
11732,"WILSON, G",5,format_all_caps_legacy,
20237,"WEBBER, HS",5,format_all_caps_legacy,
20586,"CLIFFORD, MW",5,format_all_caps_legacy,
49722,"TAYLOR, JW",5,format_all_caps_legacy,
13,"BLANKERTZ, LE",4,format_all_caps_legacy,
17,"CAMBRIDGE, P",4,format_all_caps_legacy,
28,"HALL, RE",4,format_all_caps_legacy,
30,"HOLLIN, C",4,format_all_caps_legacy,
88,"DUNGEEANDERSON, D",4,format_all_caps_legacy,
94,"GLENNERSTER, H",4,format_all_caps_legacy,
124,"STEINER, JR",4,format_all_caps_legacy,
135,"ROYSE, D",4,format_all_caps_legacy,
138,"SAMANTRAI, K",4,format_all_caps_legacy,
147,"STROM, K",4,format_all_caps_legacy,
152,"WATSON, K",4,format_all_caps_legacy,
157,"ATKIN, K",4,format_all_caps_legacy,
165,"BEEDELL, C",4,format_all_caps_legacy,
169,"GROSS, E",4,format_all_caps_legacy,
175,"MARSH, P",4,format_all_caps_legacy,
176,"OLIVER, JPJ",4,format_all_caps_legacy,
177,"MOHAMAD, H",4,format_all_caps_legacy,
180,"QURESHI, H",4,format_all_caps_legacy,
202,"HESS, PM",4,format_all_caps_legacy,
217,"MANI, RSS",4,format_all_caps_legacy,
270,"GABRIEL, MA",4,format_all_caps_legacy,
299,"TINKER, A",4,format_all_caps_legacy,
307,"DIETZ, CA",4,format_all_caps_legacy,
355,"ABRAHAM, L",4,format_all_caps_legacy,
413,"BAKER, DR",4,format_all_caps_legacy,
425,"POWER, R",4,format_all_caps_legacy,
445,"JORDAN, C",4,format_all_caps_legacy,
465,"MAGEE, M",4,format_all_caps_legacy,
473,"RAYMOND, GT",4,format_all_caps_legacy,
476,"ROGERS, G",4,format_all_caps_legacy,
477,"MCDONALD, L",4,format_all_caps_legacy,
485,"RUDERMAN, EG",4,format_all_caps_legacy,
514,"RABIN, C",4,format_all_caps_legacy,
531,"LOHMANN, RA",4,format_all_caps_legacy,
546,"HOLMES, W",4,format_all_caps_legacy,
551,"BERMANROSSI, T",4,format_all_caps_legacy,
560,"ADLER, G",4,format_all_caps_legacy,
2013,"SIRLES, EA",4,format_all_caps_legacy,
2043,"MANE, P",4,format_all_caps_legacy,
2066,"SINGH, DP",4,format_all_caps_legacy,
2080,"CLARK, KR",4,format_all_caps_legacy,
2081,"COLE, BS",4,format_all_caps_legacy,
2082,"LEWIS, RG",4,format_all_caps_legacy,
2087,"NAGDA, BA",4,format_all_caps_legacy,
2102,"NOL, J",4,format_all_caps_legacy,
2138,"STAGNER, M",4,format_all_caps_legacy,
2209,"BREKKE, JS",4,format_all_caps_legacy,
2231,"CHESLER, MA",4,format_all_caps_legacy,
2233,"DAWSON, SE",4,format_all_caps_legacy,
2246,"DROLEN, CS",4,format_all_caps_legacy,
2248,"DUCHAINEY, D",4,format_all_caps_legacy,
2252,"VASSIL, TV",4,format_all_caps_legacy,
2258,"FATOUT, MF",4,format_all_caps_legacy,
2266,"RAVEIS, VH",4,format_all_caps_legacy,
2288,"GOWDY, EA",4,format_all_caps_legacy,
2303,"GRIGSBY, RK",4,format_all_caps_legacy,
2324,"THORSLUND, M",4,format_all_caps_legacy,
2347,"LAUFFER, A",4,format_all_caps_legacy,
2355,"MCCROSKEY, J",4,format_all_caps_legacy,
2356,"MCIVOR, G",4,format_all_caps_legacy,
2366,"MORBARAK, ME",4,format_all_caps_legacy,
2381,"PADGETT, DL",4,format_all_caps_legacy,
2387,"PERKINS, K",4,format_all_caps_legacy,
2396,"RESNICK, C",4,format_all_caps_legacy,
2397,"NAKANISHI, M",4,format_all_caps_legacy,
2415,"POVERNY, LM",4,format_all_caps_legacy,
2438,"STEMPLER, BL",4,format_all_caps_legacy,
2446,"SULLIVAN, P",4,format_all_caps_legacy,
2452,"VERA, MI",4,format_all_caps_legacy,
2454,"SIMON, EP",4,format_all_caps_legacy,
2465,"WIMPFHEIMER, S",4,format_all_caps_legacy,
2545,"SALCIDO, RM",4,format_all_caps_legacy,
2549,"BROWN, AW",4,format_all_caps_legacy,
2555,"CASSANO, DR",4,format_all_caps_legacy,
2566,"WRIGHT, R",4,format_all_caps_legacy,
2575,"DAS, DKL",4,format_all_caps_legacy,
2577,"DEIMLING, GT",4,format_all_caps_legacy,
2594,"HOWE, JL",4,format_all_caps_legacy,
2630,"GROPPER, M",4,format_all_caps_legacy,
2643,"IVRY, J",4,format_all_caps_legacy,
2645,"JIMENEZ, MA",4,format_all_caps_legacy,
2668,"LECHNER, VM",4,format_all_caps_legacy,
2681,"LYON, E",4,format_all_caps_legacy,
2700,"DINITTO, D",4,format_all_caps_legacy,
2835,"ZUNIGA, ME",4,format_all_caps_legacy,
2836,"BECK, RL",4,format_all_caps_legacy,
2847,"FINNEGAN, DJ",4,format_all_caps_legacy,
2871,"SPRINGER, C",4,format_all_caps_legacy,
2888,"COHEN, JF",4,format_all_caps_legacy,
2889,"COHEN, RS",4,format_all_caps_legacy,
2893,"HARKNESS, D",4,format_all_caps_legacy,
2907,"SCHILD, JS",4,format_all_caps_legacy,
2912,"WAGNER, D",4,format_all_caps_legacy,
2925,"COURNOYER, DE",4,format_all_caps_legacy,
2954,"WEBB, A",4,format_all_caps_legacy,
2960,"ALEXANDER, J",4,format_all_caps_legacy,
2962,"ANDREWS, AB",4,format_all_caps_legacy,
2970,"HALPERN, R",4,format_all_caps_legacy,
2973,"HERRMANN, KJ",4,format_all_caps_legacy,
2979,"LONGRES, J",4,format_all_caps_legacy,
3024,"ASHFORD, JB",4,format_all_caps_legacy,
3034,"DALAL, AK",4,format_all_caps_legacy,
3043,"GAMMON, EA",4,format_all_caps_legacy,
3095,"PARADIS, BA",4,format_all_caps_legacy,
3096,"REID, W",4,format_all_caps_legacy,
3104,"PARRY, JK",4,format_all_caps_legacy,
3107,"LUND, DA",4,format_all_caps_legacy,
3108,"CASERTA, MS",4,format_all_caps_legacy,
3109,"PRATT, C",4,format_all_caps_legacy,
3113,"BAMFORD, T",4,format_all_caps_legacy,
3115,"BROWN, P",4,format_all_caps_legacy,
3140,"SIMPSON, B",4,format_all_caps_legacy,
3149,"WEINTRAUB, CG",4,format_all_caps_legacy,
3219,"GIBBS, P",4,format_all_caps_legacy,
3286,"REDDY, GN",4,format_all_caps_legacy,
3304,"JACOBS, JB",4,format_all_caps_legacy,
3305,"JONES, M",4,format_all_caps_legacy,
3331,"KATZ, L",4,format_all_caps_legacy,
3332,"MARLOW, C",4,format_all_caps_legacy,
3353,"ROBINS, AJ",4,format_all_caps_legacy,
3372,"GUTIERREZ, LM",4,format_all_caps_legacy,
3392,"HARRIGAN, MP",4,format_all_caps_legacy,
3401,"MILLER, SO",4,format_all_caps_legacy,
3412,"VIOLETTE, BL",4,format_all_caps_legacy,
3414,"WEINER, A",4,format_all_caps_legacy,
3420,"COLE, S",4,format_all_caps_legacy,
3421,"LEE, P",4,format_all_caps_legacy,
3452,"FIKE, DF",4,format_all_caps_legacy,
3466,"CONSTABLE, R",4,format_all_caps_legacy,
3490,"LEVINE, J",4,format_all_caps_legacy,
3494,"GOLD, N",4,format_all_caps_legacy,
3508,"HUGHES, SL",4,format_all_caps_legacy,
3541,"MCNUTT, JG",4,format_all_caps_legacy,
3551,"NASON, F",4,format_all_caps_legacy,
3579,"SETTY, ED",4,format_all_caps_legacy,
3603,"RICE, S",4,format_all_caps_legacy,
3604,"MARY, NL",4,format_all_caps_legacy,
3635,"SILVERMAN, M",4,format_all_caps_legacy,
3708,"EDWARDS, ME",4,format_all_caps_legacy,
3710,"MCCASLIN, R",4,format_all_caps_legacy,
3722,"NASH, KB",4,format_all_caps_legacy,
3748,"SCHNEIDER, RL",4,format_all_caps_legacy,
3749,"LOWENSTEIN, A",4,format_all_caps_legacy,
3769,"WELLS, SJ",4,format_all_caps_legacy,
3773,"WHITE, JC",4,format_all_caps_legacy,
3774,"WILLIAMS, CC",4,format_all_caps_legacy,
3782,"COHEN, D",4,format_all_caps_legacy,
3788,"ELSON, A",4,format_all_caps_legacy,
3802,"NOOE, RM",4,format_all_caps_legacy,
3817,"WRIGHT, L",4,format_all_caps_legacy,
3819,"BOGRAD, M",4,format_all_caps_legacy,
3825,"GOLDBERG, A",4,format_all_caps_legacy,
3842,"CAMPBELL, L",4,format_all_caps_legacy,
3848,"TWIGG, RC",4,format_all_caps_legacy,
3882,"BARTH, FD",4,format_all_caps_legacy,
3914,"RZEPNICKI, TL",4,format_all_caps_legacy,
3968,"MORONEY, R",4,format_all_caps_legacy,
3975,"WORRALL, A",4,format_all_caps_legacy,
3987,"HILLMAN, J",4,format_all_caps_legacy,
3995,"ROBINSON, EAR",4,format_all_caps_legacy,
4002,"WALKER, B",4,format_all_caps_legacy,
4024,"STULBERG, I",4,format_all_caps_legacy,
4043,"SMALL, N",4,format_all_caps_legacy,
4049,"ARONOWITZ, E",4,format_all_caps_legacy,
4051,"BERNARD, LD",4,format_all_caps_legacy,
4052,"BLOOM, AA",4,format_all_caps_legacy,
4115,"SHERMAN, SR",4,format_all_caps_legacy,
4147,"BENNETT, C",4,format_all_caps_legacy,
4191,"GOODMAN, CC",4,format_all_caps_legacy,
4196,"HACKSHAW, JOF",4,format_all_caps_legacy,
4201,"HAWTHORNE, L",4,format_all_caps_legacy,
4234,"LAMENDOLA, W",4,format_all_caps_legacy,
4268,"ROSENBERG, M",4,format_all_caps_legacy,
4284,"STRAUSSNER, SLA",4,format_all_caps_legacy,
4287,"TABER, MA",4,format_all_caps_legacy,
4324,"GOLDBERG, EM",4,format_all_caps_legacy,
4333,"MALKINSON, R",4,format_all_caps_legacy,
4339,"REES, S",4,format_all_caps_legacy,
4402,"ANDREWS, J",4,format_all_caps_legacy,
4407,"BLAZYK, S",4,format_all_caps_legacy,
4462,"PHILLIPS, NK",4,format_all_caps_legacy,
4483,"FELD, A",4,format_all_caps_legacy,
4517,"JACOBS, J",4,format_all_caps_legacy,
4522,"MARTIN, GT",4,format_all_caps_legacy,
4525,"WILSON, J",4,format_all_caps_legacy,
4543,"WEISNER, S",4,format_all_caps_legacy,
4545,"WOLOCK, I",4,format_all_caps_legacy,
4589,"PALEY, J",4,format_all_caps_legacy,
4633,"KENEMORE, TK",4,format_all_caps_legacy,
4651,"POPPLE, PR",4,format_all_caps_legacy,
4655,"SHAMROY, JA",4,format_all_caps_legacy,
4659,"SPAKES, P",4,format_all_caps_legacy,
4668,"CARMICHAEL, K",4,format_all_caps_legacy,
4687,"BROMBERG, EM",4,format_all_caps_legacy,
4701,"CLARKE, J",4,format_all_caps_legacy,
4721,"DAK, TM",4,format_all_caps_legacy,
4725,"HEPLER, SE",4,format_all_caps_legacy,
4837,"LANG, NC",4,format_all_caps_legacy,
4853,"HOLMES, KA",4,format_all_caps_legacy,
4865,"VANDIVER, ST",4,format_all_caps_legacy,
4902,"SINHA, B",4,format_all_caps_legacy,
4916,"BERLINER, L",4,format_all_caps_legacy,
4932,"SIMMONS, J",4,format_all_caps_legacy,
4948,"PINE, BA",4,format_all_caps_legacy,
4951,"REID, KE",4,format_all_caps_legacy,
4998,"SHARMA, AK",4,format_all_caps_legacy,
5006,"BERKOWITZ, E",4,format_all_caps_legacy,
5043,"MICHAEL, G",4,format_all_caps_legacy,
5075,"VOGEL, LH",4,format_all_caps_legacy,
5129,"CLOWARD, RA",4,format_all_caps_legacy,
5195,"SPIRA, L",4,format_all_caps_legacy,
5210,"SMITH, GAN",4,format_all_caps_legacy,
5222,"LEVY, AJ",4,format_all_caps_legacy,
5230,"TAUBMAN, S",4,format_all_caps_legacy,
5272,"MILLER, DB",4,format_all_caps_legacy,
5288,"GREENE, GJ",4,format_all_caps_legacy,
5312,"ALCABES, A",4,format_all_caps_legacy,
5338,"BREARLEY, P",4,format_all_caps_legacy,
5360,"COOMBER, S",4,format_all_caps_legacy,
5375,"DAVIDSON, KW",4,format_all_caps_legacy,
5386,"ZURCHER, LA",4,format_all_caps_legacy,
5421,"BROWN, RA",4,format_all_caps_legacy,
5437,"GREEN, S",4,format_all_caps_legacy,
5444,"GUMPERT, J",4,format_all_caps_legacy,
5452,"HANKINS, D",4,format_all_caps_legacy,
5474,"KATZ, D",4,format_all_caps_legacy,
5537,"GOLDBERG, G",4,format_all_caps_legacy,
5545,"MOONEY, JJ",4,format_all_caps_legacy,
5580,"PERLOFF, JD",4,format_all_caps_legacy,
5581,"PITMAN, E",4,format_all_caps_legacy,
5600,"RANK, MR",4,format_all_caps_legacy,
5618,"RUBENSTEIN, H",4,format_all_caps_legacy,
5674,"TRATTNER, WI",4,format_all_caps_legacy,
5703,"ALEXANDER, L",4,format_all_caps_legacy,
5732,"BERGMAN, AS",4,format_all_caps_legacy,
5778,"CLARE, AW",4,format_all_caps_legacy,
5779,"CORNEY, RH",4,format_all_caps_legacy,
5785,"CONTE, JR",4,format_all_caps_legacy,
5791,"CRANDALL, JW",4,format_all_caps_legacy,
5796,"DAVIS, R",4,format_all_caps_legacy,
5797,"DEANDA, D",4,format_all_caps_legacy,
5819,"EMLET, CA",4,format_all_caps_legacy,
5825,"FEIGELMAN, W",4,format_all_caps_legacy,
5827,"FISHER, M",4,format_all_caps_legacy,
5842,"HARTMAN, C",4,format_all_caps_legacy,
5870,"RAIDER, MC",4,format_all_caps_legacy,
5892,"JOHNSON, R",4,format_all_caps_legacy,
5904,"KELLEY, JB",4,format_all_caps_legacy,
5919,"KRISHNA, KP",4,format_all_caps_legacy,
5921,"FRIESEN, BJ",4,format_all_caps_legacy,
5925,"LANE, HJ",4,format_all_caps_legacy,
5927,"LEADER, E",4,format_all_caps_legacy,
5929,"LECHNYR, RJ",4,format_all_caps_legacy,
5960,"MEEK, H",4,format_all_caps_legacy,
5988,"RABINOWITZ, J",4,format_all_caps_legacy,
5990,"RAMANAMMA, A",4,format_all_caps_legacy,
6009,"SANCIER, B",4,format_all_caps_legacy,
6014,"CLARK, E",4,format_all_caps_legacy,
6033,"SINHA, D",4,format_all_caps_legacy,
6049,"STIFFMAN, AR",4,format_all_caps_legacy,
6067,"GRIPTON, J",4,format_all_caps_legacy,
6162,"BUXBAUM, CB",4,format_all_caps_legacy,
6166,"CARRILIO, TE",4,format_all_caps_legacy,
6189,"DAS, B",4,format_all_caps_legacy,
6206,"ELDRIDGE, WD",4,format_all_caps_legacy,
6238,"GRAYCAR, A",4,format_all_caps_legacy,
6291,"KUMAR, A",4,format_all_caps_legacy,
6339,"MULLANEY, JW",4,format_all_caps_legacy,
6341,"MURDIA, R",4,format_all_caps_legacy,
6346,"NELSON, GM",4,format_all_caps_legacy,
6357,"PALMER, SE",4,format_all_caps_legacy,
6387,"REICHERT, K",4,format_all_caps_legacy,
6425,"SILVERSTONE, B",4,format_all_caps_legacy,
6449,"TENDLER, D",4,format_all_caps_legacy,
6458,"WALLACE, ME",4,format_all_caps_legacy,
6530,"CHESTANG, L",4,format_all_caps_legacy,
6584,"EDINBURG, GM",4,format_all_caps_legacy,
6600,"HUDSON, RB",4,format_all_caps_legacy,
6617,"KOLEVZON, MS",4,format_all_caps_legacy,
6631,"LEAPER, RAB",4,format_all_caps_legacy,
6647,"MAHAN, CK",4,format_all_caps_legacy,
6659,"MCDONNELL, P",4,format_all_caps_legacy,
6685,"MORTIMER, E",4,format_all_caps_legacy,
6691,"MULLEN, E",4,format_all_caps_legacy,
6711,"PINKER, R",4,format_all_caps_legacy,
6742,"ROTHENBERG, EZ",4,format_all_caps_legacy,
6754,"SCHULMAN, G",4,format_all_caps_legacy,
6767,"SILVER, M",4,format_all_caps_legacy,
6768,"BURACKWEISS, A",4,format_all_caps_legacy,
6795,"UPLAONKAR, AT",4,format_all_caps_legacy,
6803,"WALSH, JA",4,format_all_caps_legacy,
6899,"DIEPPE, M",4,format_all_caps_legacy,
6955,"JONES, P",4,format_all_caps_legacy,
7033,"MELICHERCIK, J",4,format_all_caps_legacy,
7034,"MILLER, C",4,format_all_caps_legacy,
7043,"MORALES, A",4,format_all_caps_legacy,
7047,"MUTTAGI, PK",4,format_all_caps_legacy,
7104,"SINHA, P",4,format_all_caps_legacy,
7108,"BOLITHO, F",4,format_all_caps_legacy,
7122,"SIMPSON, DF",4,format_all_caps_legacy,
7123,"SINCLAIR, E",4,format_all_caps_legacy,
7133,"SRIVASTAVA, SP",4,format_all_caps_legacy,
7134,"STARR, P",4,format_all_caps_legacy,
7152,"THOMAS, D",4,format_all_caps_legacy,
7176,"WATTS, TD",4,format_all_caps_legacy,
7178,"WEISS, JO",4,format_all_caps_legacy,
7190,"ZOFNASS, J",4,format_all_caps_legacy,
7209,"BENDICK, M",4,format_all_caps_legacy,
7231,"BOISVERT, MJ",4,format_all_caps_legacy,
7258,"COHEN, BJ",4,format_all_caps_legacy,
7308,"FINESTONE, H",4,format_all_caps_legacy,
7332,"GREENE, R",4,format_all_caps_legacy,
7355,"HOWARD, DS",4,format_all_caps_legacy,
7378,"KOLODJIESKI, K",4,format_all_caps_legacy,
7380,"KRAVITZ, S",4,format_all_caps_legacy,
7417,"MILLARD, DW",4,format_all_caps_legacy,
7426,"MOSS, MS",4,format_all_caps_legacy,
7431,"NACMAN, M",4,format_all_caps_legacy,
7456,"PRICE, RR",4,format_all_caps_legacy,
7470,"ROSENBERG, J",4,format_all_caps_legacy,
7502,"SIEGEL, M",4,format_all_caps_legacy,
7504,"SINGH, S",4,format_all_caps_legacy,
7511,"SOUSA, PD",4,format_all_caps_legacy,
7534,"WALKER, L",4,format_all_caps_legacy,
7547,"WHEELER, GR",4,format_all_caps_legacy,
7562,"ANDERSON, CM",4,format_all_caps_legacy,
7579,"BHATTI, RS",4,format_all_caps_legacy,
7581,"BIESTEK, FP",4,format_all_caps_legacy,
7590,"BRANDON, J",4,format_all_caps_legacy,
7654,"GALPER, J",4,format_all_caps_legacy,
7691,"HOROWITZ, R",4,format_all_caps_legacy,
7692,"HYMAN, CA",4,format_all_caps_legacy,
7697,"JESUDASON, V",4,format_all_caps_legacy,
7709,"KELLY, JA",4,format_all_caps_legacy,
7748,"MEANS, R",4,format_all_caps_legacy,
7750,"MENDES, HA",4,format_all_caps_legacy,
7758,"MURCH, M",4,format_all_caps_legacy,
7766,"NICHOLS, BB",4,format_all_caps_legacy,
7845,"TORCZYNER, J",4,format_all_caps_legacy,
7949,"CONNERY, MF",4,format_all_caps_legacy,
7950,"COOPER, EF",4,format_all_caps_legacy,
7957,"DAVENPORT, J",4,format_all_caps_legacy,
7984,"GLEBOW, S",4,format_all_caps_legacy,
8002,"HARDMAN, DG",4,format_all_caps_legacy,
8018,"TAYLOR, SH",4,format_all_caps_legacy,
8034,"KINNERSLEY, S",4,format_all_caps_legacy,
8037,"KNAPMAN, SK",4,format_all_caps_legacy,
8061,"MAUGHAN, B",4,format_all_caps_legacy,
8064,"MCBROOM, E",4,format_all_caps_legacy,
8085,"NEISSER, M",4,format_all_caps_legacy,
8087,"NEWSOME, M",4,format_all_caps_legacy,
8131,"SCHULTZ, LG",4,format_all_caps_legacy,
8170,"TAYLOR, HB",4,format_all_caps_legacy,
8175,"VARGUS, ID",4,format_all_caps_legacy,
8294,"CUNNINGHAM, M",4,format_all_caps_legacy,
8300,"DEAN, WR",4,format_all_caps_legacy,
8303,"EDWARDS, JD",4,format_all_caps_legacy,
8336,"GERSHENSON, CP",4,format_all_caps_legacy,
8337,"GIL, DG",4,format_all_caps_legacy,
8349,"KYTE, NS",4,format_all_caps_legacy,
8380,"JOHNSON, M",4,format_all_caps_legacy,
8386,"KELLEY, VR",4,format_all_caps_legacy,
8422,"SEIDL, FW",4,format_all_caps_legacy,
8470,"PENNER, GL",4,format_all_caps_legacy,
8476,"PHILLIPS, M",4,format_all_caps_legacy,
8495,"RATHBONEMCCUAN, E",4,format_all_caps_legacy,
8497,"RAYMOND, FB",4,format_all_caps_legacy,
8592,"WIJNBERG, MH",4,format_all_caps_legacy,
8595,"WILLIAMS, JC",4,format_all_caps_legacy,
8632,"PANNOR, R",4,format_all_caps_legacy,
8649,"BHENDE, AA",4,format_all_caps_legacy,
8663,"COHEN, SZ",4,format_all_caps_legacy,
8666,"COOK, FL",4,format_all_caps_legacy,
8717,"FREEDMAN, TG",4,format_all_caps_legacy,
8733,"GROSSBARD, H",4,format_all_caps_legacy,
8756,"HOWE, MW",4,format_all_caps_legacy,
8757,"HUDSON, B",4,format_all_caps_legacy,
8781,"KNEE, RI",4,format_all_caps_legacy,
8800,"MANSER, EP",4,format_all_caps_legacy,
8816,"MORGAN, RW",4,format_all_caps_legacy,
8829,"POLEMIS, BW",4,format_all_caps_legacy,
8831,"POPPLESTONE, G",4,format_all_caps_legacy,
8837,"QUARTARO, EG",4,format_all_caps_legacy,
8855,"RUSSELL, MV",4,format_all_caps_legacy,
8895,"TIDWELL, BJ",4,format_all_caps_legacy,
9025,"KHINDUKA, SK",4,format_all_caps_legacy,
9026,"COUGHLIN, BJ",4,format_all_caps_legacy,
9046,"MAIN, MW",4,format_all_caps_legacy,
9055,"MEEKER, BS",4,format_all_caps_legacy,
9064,"ANDERSON, D",4,format_all_caps_legacy,
9082,"ROSE, G",4,format_all_caps_legacy,
9088,"SHOR, J",4,format_all_caps_legacy,
9164,"BEATT, EJ",4,format_all_caps_legacy,
9176,"BRODY, SJ",4,format_all_caps_legacy,
9179,"CAFFERTY, PS",4,format_all_caps_legacy,
9211,"DUKETTE, R",4,format_all_caps_legacy,
9353,"STRICKLER, M",4,format_all_caps_legacy,
9363,"TROPP, E",4,format_all_caps_legacy,
9397,"BAGLEY, C",4,format_all_caps_legacy,
9405,"BERKMAN, BG",4,format_all_caps_legacy,
9419,"BREUL, F",4,format_all_caps_legacy,
9426,"BURIAN, WA",4,format_all_caps_legacy,
9427,"BURNS, ME",4,format_all_caps_legacy,
9440,"CURRAN, BA",4,format_all_caps_legacy,
9472,"FRANKEL, C",4,format_all_caps_legacy,
9573,"MILLER, RB",4,format_all_caps_legacy,
9592,"ORLIN, M",4,format_all_caps_legacy,
9624,"RUBIN, GK",4,format_all_caps_legacy,
9627,"SANDS, RM",4,format_all_caps_legacy,
9650,"THOMAS, C",4,format_all_caps_legacy,
9730,"CLARKE, JN",4,format_all_caps_legacy,
9752,"JACKSON, H",4,format_all_caps_legacy,
9801,"ISHISAKA, HA",4,format_all_caps_legacy,
9808,"KASE, HM",4,format_all_caps_legacy,
9848,"MCCOLLUM, AT",4,format_all_caps_legacy,
9859,"MILLER, R",4,format_all_caps_legacy,
9875,"NEE, RH",4,format_all_caps_legacy,
9925,"YOUNG, T",4,format_all_caps_legacy,
9961,"WALKER, WL",4,format_all_caps_legacy,
9991,"APTEKAR, HH",4,format_all_caps_legacy,
10026,"CORWIN, MD",4,format_all_caps_legacy,
10029,"DAVIS, AF",4,format_all_caps_legacy,
10090,"LESSOR, LR",4,format_all_caps_legacy,
10096,"LLOYD, AK",4,format_all_caps_legacy,
10117,"NEBO, JC",4,format_all_caps_legacy,
10128,"PAULL, JE",4,format_all_caps_legacy,
10132,"PINS, AM",4,format_all_caps_legacy,
10250,"SMITH, K",4,format_all_caps_legacy,
10299,"SIEDER, VM",4,format_all_caps_legacy,
10330,"BERNSTEIN, R",4,format_all_caps_legacy,
10387,"ROACH, JL",4,format_all_caps_legacy,
10390,"ROSE, A",4,format_all_caps_legacy,
10393,"SANDERS, IT",4,format_all_caps_legacy,
10402,"SCOTT, L",4,format_all_caps_legacy,
10417,"ZALBA, SR",4,format_all_caps_legacy,
10470,"LARGE, D",4,format_all_caps_legacy,
10606,"POLEMIS, B",4,format_all_caps_legacy,
10614,"SCHOUR, E",4,format_all_caps_legacy,
10626,"VASEY, W",4,format_all_caps_legacy,
10631,"WEEKS, GC",4,format_all_caps_legacy,
10649,"BENNEY, C",4,format_all_caps_legacy,
10731,"RONEY, JL",4,format_all_caps_legacy,
10764,"WIDEM, P",4,format_all_caps_legacy,
10778,"BERKMAN, TD",4,format_all_caps_legacy,
10814,"KLEIN, AF",4,format_all_caps_legacy,
10900,"GRONEWOLD, DH",4,format_all_caps_legacy,
10904,"HENDRY, CE",4,format_all_caps_legacy,
10909,"KATZ, SN",4,format_all_caps_legacy,
10936,"ROEMER, MI",4,format_all_caps_legacy,
10938,"SCHENK, QF",4,format_all_caps_legacy,
10958,"WEINER, HJ",4,format_all_caps_legacy,
10990,"FIBUSH, EW",4,format_all_caps_legacy,
11088,"DAVIS, AT",4,format_all_caps_legacy,
11094,"FANTL, B",4,format_all_caps_legacy,
11137,"POLANSKY, N",4,format_all_caps_legacy,
11153,"SPENCER, SW",4,format_all_caps_legacy,
11167,"WOODS, FJ",4,format_all_caps_legacy,
11296,"FREEMAN, H",4,format_all_caps_legacy,
11328,"LEWIN, TF",4,format_all_caps_legacy,
11413,"HENRY, CS",4,format_all_caps_legacy,
11432,"MITCHELL, CB",4,format_all_caps_legacy,
11443,"PLANK, R",4,format_all_caps_legacy,
11462,"WRIGHT, HR",4,format_all_caps_legacy,
11468,"BISNO, H",4,format_all_caps_legacy,
11536,"TRECKER, HB",4,format_all_caps_legacy,
11564,"COHEN, RG",4,format_all_caps_legacy,
11610,"RAWLEY, C",4,format_all_caps_legacy,
11655,"BINDER, G",4,format_all_caps_legacy,
11687,"JOSEPH, H",4,format_all_caps_legacy,
20139,"FONG, R",4,format_all_caps_legacy,
20173,"JONES, D",4,format_all_caps_legacy,
20234,"RAE, R",4,format_all_caps_legacy,
20271,"GIBBS, L",4,format_all_caps_legacy,
20288,"CHUNG, WS",4,format_all_caps_legacy,
20382,"LEVENE, JE",4,format_all_caps_legacy,
20391,"HUGHES, J",4,format_all_caps_legacy,
20431,"THOMPSON, JJ",4,format_all_caps_legacy,
20436,"DIMMOCK, B",4,format_all_caps_legacy,
20457,"BARBARIN, OA",4,format_all_caps_legacy,
20517,"RISLEYCURTISS, C",4,format_all_caps_legacy,
20541,"HARTMANN, DJ",4,format_all_caps_legacy,
20597,"RIFE, JC",4,format_all_caps_legacy,
49740,"DUBLIN, RA",4,format_all_caps_legacy,
93361,"RILEY, PV",4,format_all_caps_legacy,
93462,"CANTONI, L",4,format_all_caps_legacy,
94094,"UTZ, C",4,format_all_caps_legacy,
94951,"BAROZZI, RL",4,format_all_caps_legacy,
4,"SIEBOLD, C",3,format_all_caps_legacy,
10,"BHATIA, RC",3,format_all_caps_legacy,
11,"BHATIA, A",3,format_all_caps_legacy,
22,"GIBBS, I",3,format_all_caps_legacy,
25,"KHINDUKA, S",3,format_all_caps_legacy,
55,"DELANGE, J",3,format_all_caps_legacy,
59,"TILAK, D",3,format_all_caps_legacy,
66,"RAMANA, KV",3,format_all_caps_legacy,
76,"CHANDLER, SM",3,format_all_caps_legacy,
82,"CULHANE, DP",3,format_all_caps_legacy,
121,"MOORE, S",3,format_all_caps_legacy,
130,"RICHAN, W",3,format_all_caps_legacy,
136,"ROMPF, EL",3,format_all_caps_legacy,
139,"SEIZ, RC",3,format_all_caps_legacy,
154,"WHEELER, BR",3,format_all_caps_legacy,
163,"MILLER, ME",3,format_all_caps_legacy,
182,"ABRAMOVITZ, R",3,format_all_caps_legacy,
183,"WILLIAMS, JBW",3,format_all_caps_legacy,
185,"AUSTIN, D",3,format_all_caps_legacy,
208,"LANGFORD, CC",3,format_all_caps_legacy,
214,"LAWRENCE, H",3,format_all_caps_legacy,
215,"LIEBERMAN, A",3,format_all_caps_legacy,
253,"HARRISON, L",3,format_all_caps_legacy,
255,"ANDERSSON, G",3,format_all_caps_legacy,
257,"BOOTH, T",3,format_all_caps_legacy,
268,"FORTGANG, S",3,format_all_caps_legacy,
279,"MURPHY, C",3,format_all_caps_legacy,
290,"MORRISON, J",3,format_all_caps_legacy,
297,"STEWART, J",3,format_all_caps_legacy,
339,"RAMANATHAN, CS",3,format_all_caps_legacy,
381,"PAWAR, MS",3,format_all_caps_legacy,
403,"VOURLEKIS, B",3,format_all_caps_legacy,
405,"HALL, G",3,format_all_caps_legacy,
408,"HUNTER, S",3,format_all_caps_legacy,
409,"WONG, SE",3,format_all_caps_legacy,
415,"BECKER, S",3,format_all_caps_legacy,
428,"BRANDELL, JR",3,format_all_caps_legacy,
442,"FENBY, BL",3,format_all_caps_legacy,
448,"MEERS, DR",3,format_all_caps_legacy,
464,"LEUKEFELD, CG",3,format_all_caps_legacy,
484,"SELBER, K",3,format_all_caps_legacy,
486,"RUSSELL, C",3,format_all_caps_legacy,
491,"BULLIS, RK",3,format_all_caps_legacy,
503,"BIEHAL, N",3,format_all_caps_legacy,
506,"HATFIELD, B",3,format_all_caps_legacy,
516,"SMITH, PK",3,format_all_caps_legacy,
518,"WATERHOUSE, L",3,format_all_caps_legacy,
521,"HARRIS, M",3,format_all_caps_legacy,
542,"BEHROOZI, CS",3,format_all_caps_legacy,
545,"BONANDER, E",3,format_all_caps_legacy,
555,"WALTHER, VN",3,format_all_caps_legacy,
558,"BLITSTEIN, S",3,format_all_caps_legacy,
1999,"JOHNSON, DA",3,format_all_caps_legacy,
2001,"WIMBERLEY, ET",3,format_all_caps_legacy,
2010,"WALTER, CA",3,format_all_caps_legacy,
2025,"BALU, R",3,format_all_caps_legacy,
2030,"DAY, P",3,format_all_caps_legacy,
2044,"MANKTELOW, R",3,format_all_caps_legacy,
2060,"GEORGE, A",3,format_all_caps_legacy,
2117,"MCCARTHY, ET",3,format_all_caps_legacy,
2135,"SAUNDERS, EJ",3,format_all_caps_legacy,
2141,"THOMPSON, JK",3,format_all_caps_legacy,
2153,"WRIGHT, J",3,format_all_caps_legacy,
2154,"BENNETT, P",3,format_all_caps_legacy,
2155,"EVANS, R",3,format_all_caps_legacy,
2159,"GILL, O",3,format_all_caps_legacy,
2174,"AGUILAR, GD",3,format_all_caps_legacy,
2186,"SCHWARTZ, FS",3,format_all_caps_legacy,
2196,"BERNSTEIN, SB",3,format_all_caps_legacy,
2198,"BILLIMORIA, J",3,format_all_caps_legacy,
2220,"COTRELL, V",3,format_all_caps_legacy,
2224,"GROB, GG",3,format_all_caps_legacy,
2256,"FARBER, NB",3,format_all_caps_legacy,
2268,"GAMEAU, B",3,format_all_caps_legacy,
2302,"GRIFFIN, LW",3,format_all_caps_legacy,
2317,"BRENNER, B",3,format_all_caps_legacy,
2319,"HOME, AM",3,format_all_caps_legacy,
2391,"RALSTON, PA",3,format_all_caps_legacy,
2398,"ROSE, MK",3,format_all_caps_legacy,
2399,"SOARES, HH",3,format_all_caps_legacy,
2413,"SECK, ET",3,format_all_caps_legacy,
2428,"SOIFER, S",3,format_all_caps_legacy,
2432,"SOSKOLNE, V",3,format_all_caps_legacy,
2433,"SPENCE, SA",3,format_all_caps_legacy,
2453,"WADE, K",3,format_all_caps_legacy,
2461,"WIENER, LS",3,format_all_caps_legacy,
2480,"COX, P",3,format_all_caps_legacy,
2493,"GROSS, GM",3,format_all_caps_legacy,
2494,"HAMOVITCH, M",3,format_all_caps_legacy,
2497,"KELLY, J",3,format_all_caps_legacy,
2499,"KUFELDT, K",3,format_all_caps_legacy,
2513,"POTTS, MK",3,format_all_caps_legacy,
2515,"REESER, LC",3,format_all_caps_legacy,
2516,"REID, C",3,format_all_caps_legacy,
2524,"SOLOMON, MF",3,format_all_caps_legacy,
2529,"WARNER, S",3,format_all_caps_legacy,
2534,"BITONTI, C",3,format_all_caps_legacy,
2538,"CARLTONLANEY, I",3,format_all_caps_legacy,
2540,"MCMAHON, A",3,format_all_caps_legacy,
2559,"CHAU, KL",3,format_all_caps_legacy,
2564,"CRAWLEY, B",3,format_all_caps_legacy,
2571,"DAMRONRODRIGUEZ, J",3,format_all_caps_legacy,
2572,"DORFMAN, R",3,format_all_caps_legacy,
2583,"DRACHMAN, D",3,format_all_caps_legacy,
2588,"NISHIMOTO, R",3,format_all_caps_legacy,
2641,"ILANGO, P",3,format_all_caps_legacy,
2651,"KACEN, L",3,format_all_caps_legacy,
2661,"KOLODNY, R",3,format_all_caps_legacy,
2705,"MCAULEY, WJ",3,format_all_caps_legacy,
2707,"MCCOY, HV",3,format_all_caps_legacy,
2719,"MOORE, EE",3,format_all_caps_legacy,
2724,"MULLINS, LC",3,format_all_caps_legacy,
2728,"NELSON, M",3,format_all_caps_legacy,
2736,"NICHOLS, AW",3,format_all_caps_legacy,
2738,"NORMAN, AJ",3,format_all_caps_legacy,
2739,"ODEWAHN, CA",3,format_all_caps_legacy,
2740,"EZELL, HF",3,format_all_caps_legacy,
2750,"QUAM, JK",3,format_all_caps_legacy,
2780,"WINEBURGH, M",3,format_all_caps_legacy,
2795,"LITCHFIELD, LC",3,format_all_caps_legacy,
2808,"SPANO, RN",3,format_all_caps_legacy,
2842,"CARTWRIGHT, A",3,format_all_caps_legacy,
2843,"CHAMBRE, SM",3,format_all_caps_legacy,
2851,"LEWIS, RE",3,format_all_caps_legacy,
2860,"LINK, R",3,format_all_caps_legacy,
2867,"SHEINER, M",3,format_all_caps_legacy,
2887,"BROWN, L",3,format_all_caps_legacy,
2903,"NURIUS, P",3,format_all_caps_legacy,
2932,"PETCH, A",3,format_all_caps_legacy,
2933,"GANGOPADHYAY, A",3,format_all_caps_legacy,
2969,"GROSKIND, F",3,format_all_caps_legacy,
2985,"RASKIN, M",3,format_all_caps_legacy,
2998,"TEITELBAUM, S",3,format_all_caps_legacy,
3011,"FANSHAWE, P",3,format_all_caps_legacy,
3023,"WARD, H",3,format_all_caps_legacy,
3032,"CERVERA, NJ",3,format_all_caps_legacy,
3039,"SYERS, M",3,format_all_caps_legacy,
3063,"SABHESAN, S",3,format_all_caps_legacy,
3078,"CADWELL, S",3,format_all_caps_legacy,
3080,"DEROOS, YS",3,format_all_caps_legacy,
3087,"MOSCOVICE, I",3,format_all_caps_legacy,
3089,"KUTZA, E",3,format_all_caps_legacy,
3099,"SCHAIN, J",3,format_all_caps_legacy,
3112,"MCDONELL, JR",3,format_all_caps_legacy,
3118,"CHARNLEY, H",3,format_all_caps_legacy,
3120,"DENTON, RT",3,format_all_caps_legacy,
3143,"WALKER, J",3,format_all_caps_legacy,
3167,"WHITMAN, BY",3,format_all_caps_legacy,
3179,"GANGULI, HC",3,format_all_caps_legacy,
3189,"MURTY, KR",3,format_all_caps_legacy,
3209,"CURTIS, PA",3,format_all_caps_legacy,
3241,"SHEAFOR, BW",3,format_all_caps_legacy,
3246,"VANHOOK, M",3,format_all_caps_legacy,
3254,"SHEPHERD, J",3,format_all_caps_legacy,
3257,"ALBERS, DA",3,format_all_caps_legacy,
3265,"HOWARD, J",3,format_all_caps_legacy,
3266,"EJAZ, FK",3,format_all_caps_legacy,
3279,"MATSUOKA, JK",3,format_all_caps_legacy,
3282,"FLYNN, JP",3,format_all_caps_legacy,
3290,"TAYLORGOOBY, P",3,format_all_caps_legacy,
3308,"BEPKO, C",3,format_all_caps_legacy,
3310,"MALIN, NR",3,format_all_caps_legacy,
3314,"PADILLA, YC",3,format_all_caps_legacy,
3333,"PRIDDY, D",3,format_all_caps_legacy,
3335,"PEAK, T",3,format_all_caps_legacy,
3342,"DATTA, RC",3,format_all_caps_legacy,
3354,"SHARMA, JC",3,format_all_caps_legacy,
3368,"FARLEY, JE",3,format_all_caps_legacy,
3377,"NOBLE, JH",3,format_all_caps_legacy,
3385,"LIBASSI, MF",3,format_all_caps_legacy,
3389,"KLEIN, BC",3,format_all_caps_legacy,
3406,"SANDERS, J",3,format_all_caps_legacy,
3426,"WEBB, SA",3,format_all_caps_legacy,
3433,"SAUNDERS, B",3,format_all_caps_legacy,
3434,"ARMSTRONG, K",3,format_all_caps_legacy,
3443,"PETCHERS, MK",3,format_all_caps_legacy,
3460,"CAMPBELL, JA",3,format_all_caps_legacy,
3463,"CASPER, M",3,format_all_caps_legacy,
3470,"CRYSTAL, S",3,format_all_caps_legacy,
3473,"ROYSE, DD",3,format_all_caps_legacy,
3489,"GANTT, AB",3,format_all_caps_legacy,
3510,"HURDLE, DE",3,format_all_caps_legacy,
3514,"JAIN, R",3,format_all_caps_legacy,
3552,"NICHOLSON, ML",3,format_all_caps_legacy,
3554,"PAPELL, C",3,format_all_caps_legacy,
3560,"RANKIN, ED",3,format_all_caps_legacy,
3570,"MOXLEY, D",3,format_all_caps_legacy,
3572,"SAFIER, EJ",3,format_all_caps_legacy,
3574,"STAFFORD, J",3,format_all_caps_legacy,
3580,"SHAPIRO, BZ",3,format_all_caps_legacy,
3590,"MCFADDEN, EJ",3,format_all_caps_legacy,
3615,"TURRINI, P",3,format_all_caps_legacy,
3648,"CERVERA, N",3,format_all_caps_legacy,
3653,"COLLINS, BG",3,format_all_caps_legacy,
3657,"WENSTON, SR",3,format_all_caps_legacy,
3663,"EWALT, P",3,format_all_caps_legacy,
3666,"FREEDBERG, S",3,format_all_caps_legacy,
3678,"HENDERSON, DC",3,format_all_caps_legacy,
3685,"HOWE, E",3,format_all_caps_legacy,
3687,"JIROVEC, RL",3,format_all_caps_legacy,
3695,"KAUFMAN, AV",3,format_all_caps_legacy,
3733,"COOK, J",3,format_all_caps_legacy,
3765,"WEISBERG, J",3,format_all_caps_legacy,
3776,"MORAN, JR",3,format_all_caps_legacy,
3787,"DOLAN, P",3,format_all_caps_legacy,
3807,"ROSENFELD, LB",3,format_all_caps_legacy,
3808,"ROJEK, C",3,format_all_caps_legacy,
3823,"TASKER, M",3,format_all_caps_legacy,
3824,"EVERETT, JE",3,format_all_caps_legacy,
3846,"SISKIND, JG",3,format_all_caps_legacy,
3869,"GOSTICK, C",3,format_all_caps_legacy,
3885,"BOK, M",3,format_all_caps_legacy,
3887,"LANDY, PM",3,format_all_caps_legacy,
3891,"CURRY, GD",3,format_all_caps_legacy,
3920,"STEHNO, SM",3,format_all_caps_legacy,
3924,"GAMBLE, DN",3,format_all_caps_legacy,
3925,"BOWPITT, G",3,format_all_caps_legacy,
3928,"DALE, D",3,format_all_caps_legacy,
3931,"JOHNSON, S",3,format_all_caps_legacy,
3936,"ROSETTI, F",3,format_all_caps_legacy,
3938,"AUDINARAYANA, N",3,format_all_caps_legacy,
3944,"MULINSKI, P",3,format_all_caps_legacy,
3980,"DUNCAN, GJ",3,format_all_caps_legacy,
4003,"WHITBY, J",3,format_all_caps_legacy,
4010,"COMPTON, BR",3,format_all_caps_legacy,
4023,"SMITH, LA",3,format_all_caps_legacy,
4028,"ACHARYA, S",3,format_all_caps_legacy,
4033,"KANITKAR, T",3,format_all_caps_legacy,
4046,"STENSON, K",3,format_all_caps_legacy,
4056,"VANGORP, WG",3,format_all_caps_legacy,
4061,"CROXTON, TA",3,format_all_caps_legacy,
4064,"DLUHY, MJ",3,format_all_caps_legacy,
4070,"BROWNSTEIN, C",3,format_all_caps_legacy,
4074,"FIRST, RJ",3,format_all_caps_legacy,
4082,"KINARD, EM",3,format_all_caps_legacy,
4085,"MAGAZINER, J",3,format_all_caps_legacy,
4096,"BRO, RE",3,format_all_caps_legacy,
4103,"HOOYMAN, N",3,format_all_caps_legacy,
4118,"SINGER, TL",3,format_all_caps_legacy,
4155,"CARLSON, RW",3,format_all_caps_legacy,
4158,"CHESTERMAN, J",3,format_all_caps_legacy,
4172,"DWORKIN, J",3,format_all_caps_legacy,
4187,"GALLANT, CB",3,format_all_caps_legacy,
4202,"WEINER, ME",3,format_all_caps_legacy,
4203,"HILL, EB",3,format_all_caps_legacy,
4207,"FREDRIKSEN, KI",3,format_all_caps_legacy,
4215,"KATAN, J",3,format_all_caps_legacy,
4226,"JONES, LE",3,format_all_caps_legacy,
4227,"KRONICK, JC",3,format_all_caps_legacy,
4230,"VELASQUEZ, JS",3,format_all_caps_legacy,
4253,"PARAD, LG",3,format_all_caps_legacy,
4283,"STAR, B",3,format_all_caps_legacy,
4288,"PROCH, K",3,format_all_caps_legacy,
4292,"WEDEL, KR",3,format_all_caps_legacy,
4296,"WILKERSON, AE",3,format_all_caps_legacy,
4306,"BEDICS, BC",3,format_all_caps_legacy,
4312,"CAMPBELL, C",3,format_all_caps_legacy,
4313,"DOWNS, SW",3,format_all_caps_legacy,
4319,"DAVIS, K",3,format_all_caps_legacy,
4325,"HIL, R",3,format_all_caps_legacy,
4348,"ABEL, EM",3,format_all_caps_legacy,
4359,"DONOVAN, R",3,format_all_caps_legacy,
4367,"BLOKSBERG, LM",3,format_all_caps_legacy,
4383,"DAVE, A",3,format_all_caps_legacy,
4385,"FRUIN, D",3,format_all_caps_legacy,
4408,"CRAWFORD, C",3,format_all_caps_legacy,
4409,"BOSTWICK, GJ",3,format_all_caps_legacy,
4414,"COLSON, P",3,format_all_caps_legacy,
4416,"EKSTEIN, R",3,format_all_caps_legacy,
4431,"MATHEWS, G",3,format_all_caps_legacy,
4437,"LEVANDE, DI",3,format_all_caps_legacy,
4440,"MARTIN, EP",3,format_all_caps_legacy,
4447,"REINARDY, JR",3,format_all_caps_legacy,
4460,"TOOMEY, BG",3,format_all_caps_legacy,
4508,"DANIELS, JE",3,format_all_caps_legacy,
4520,"JONES, MB",3,format_all_caps_legacy,
4540,"TOSELAND, R",3,format_all_caps_legacy,
4580,"DUBEY, S",3,format_all_caps_legacy,
4587,"KELLY, G",3,format_all_caps_legacy,
4588,"MATHEW, A",3,format_all_caps_legacy,
4590,"PANDEY, R",3,format_all_caps_legacy,
4593,"SIDDIQUI, HY",3,format_all_caps_legacy,
4595,"BAILIS, SS",3,format_all_caps_legacy,
4601,"COMPHER, JV",3,format_all_caps_legacy,
4629,"JACKSON, E",3,format_all_caps_legacy,
4639,"LIEBENBERG, B",3,format_all_caps_legacy,
4640,"LIGHT, HL",3,format_all_caps_legacy,
4652,"ROBERTSDEGENNARO, M",3,format_all_caps_legacy,
4656,"SHEPARD, P",3,format_all_caps_legacy,
4677,"BAER, BL",3,format_all_caps_legacy,
4684,"GREENBERG, JS",3,format_all_caps_legacy,
4713,"ELSE, JF",3,format_all_caps_legacy,
4718,"GIFFIN, M",3,format_all_caps_legacy,
4739,"MANN, KB",3,format_all_caps_legacy,
4742,"LEVY, LP",3,format_all_caps_legacy,
4756,"MORYCZ, RK",3,format_all_caps_legacy,
4760,"MYERS, ER",3,format_all_caps_legacy,
4774,"RITVO, RA",3,format_all_caps_legacy,
4778,"SENGSTOCK, MC",3,format_all_caps_legacy,
4783,"GORDON, B",3,format_all_caps_legacy,
4804,"YELDER, JE",3,format_all_caps_legacy,
4822,"FRANKLIN, DL",3,format_all_caps_legacy,
4825,"GRAYER, ED",3,format_all_caps_legacy,
4826,"SAX, PR",3,format_all_caps_legacy,
4829,"BRESLIN, RL",3,format_all_caps_legacy,
4868,"YOUNG, R",3,format_all_caps_legacy,
4884,"TAYLOR, RJ",3,format_all_caps_legacy,
4901,"SILLS, P",3,format_all_caps_legacy,
4904,"KUMARI, R",3,format_all_caps_legacy,
4921,"BROWN, F",3,format_all_caps_legacy,
4934,"LAMMERT, M",3,format_all_caps_legacy,
4953,"TOLMAN, R",3,format_all_caps_legacy,
4964,"TUREM, JS",3,format_all_caps_legacy,
4969,"VIENI, M",3,format_all_caps_legacy,
4986,"HUNTER, MS",3,format_all_caps_legacy,
5000,"PARHAM, TMJ",3,format_all_caps_legacy,
5025,"HIRAYAMA, H",3,format_all_caps_legacy,
5031,"JACOBS, C",3,format_all_caps_legacy,
5034,"KINGSON, ER",3,format_all_caps_legacy,
5054,"ROMANO, MD",3,format_all_caps_legacy,
5057,"ROSENGARTEN, L",3,format_all_caps_legacy,
5059,"ROSENTHAL, MG",3,format_all_caps_legacy,
5070,"STUART, A",3,format_all_caps_legacy,
5091,"HOWARD, JA",3,format_all_caps_legacy,
5096,"JOHNSON, PR",3,format_all_caps_legacy,
5133,"REINHERZ, H",3,format_all_caps_legacy,
5150,"KRUSE, KA",3,format_all_caps_legacy,
5152,"GREENBERG, S",3,format_all_caps_legacy,
5156,"DINEEN, JP",3,format_all_caps_legacy,
5164,"WATT, JW",3,format_all_caps_legacy,
5166,"PRAGER, E",3,format_all_caps_legacy,
5190,"BARRETT, S",3,format_all_caps_legacy,
5194,"LUND, SH",3,format_all_caps_legacy,
5203,"WEISS, JC",3,format_all_caps_legacy,
5204,"WHITE, CM",3,format_all_caps_legacy,
5207,"MURRAY, K",3,format_all_caps_legacy,
5212,"CHOCKALINGAM, K",3,format_all_caps_legacy,
5235,"WEINERT, BA",3,format_all_caps_legacy,
5247,"DALLEY, G",3,format_all_caps_legacy,
5258,"HADLEY, R",3,format_all_caps_legacy,
5321,"BARBARO, F",3,format_all_caps_legacy,
5356,"COLL, BD",3,format_all_caps_legacy,
5363,"COSTELLO, J",3,format_all_caps_legacy,
5369,"CROSBIE, D",3,format_all_caps_legacy,
5373,"DANE, E",3,format_all_caps_legacy,
5391,"ELKIN, R",3,format_all_caps_legacy,
5403,"FOSTER, G",3,format_all_caps_legacy,
5410,"GAMMACK, G",3,format_all_caps_legacy,
5422,"GIORDANO, JA",3,format_all_caps_legacy,
5449,"HABIB, M",3,format_all_caps_legacy,
5470,"JACOBS, PE",3,format_all_caps_legacy,
5485,"KIRSCHNER, C",3,format_all_caps_legacy,
5498,"PLATT, S",3,format_all_caps_legacy,
5505,"LOEWENSTEIN, SF",3,format_all_caps_legacy,
5520,"MAZZA, N",3,format_all_caps_legacy,
5530,"MELTZER, R",3,format_all_caps_legacy,
5551,"WEISSBOURD, B",3,format_all_caps_legacy,
5558,"NELSON, KE",3,format_all_caps_legacy,
5570,"PATCHNER, MA",3,format_all_caps_legacy,
5572,"MURTHY, PK",3,format_all_caps_legacy,
5591,"PROCHASKA, JO",3,format_all_caps_legacy,
5610,"ROSENBLOOM, M",3,format_all_caps_legacy,
5635,"SHARMA, S",3,format_all_caps_legacy,
5664,"SUNDEL, SS",3,format_all_caps_legacy,
5707,"APPELBAUM, S",3,format_all_caps_legacy,
5713,"AUCLAIRE, PA",3,format_all_caps_legacy,
5717,"BAKALINSKY, R",3,format_all_caps_legacy,
5737,"BERMAN, S",3,format_all_caps_legacy,
5749,"BLUMENFELD, H",3,format_all_caps_legacy,
5784,"CONRAD, JP",3,format_all_caps_legacy,
5792,"DASGUPTA, S",3,format_all_caps_legacy,
5798,"HUMMDELGADO, D",3,format_all_caps_legacy,
5812,"EDWARDS, ED",3,format_all_caps_legacy,
5820,"EVANS, RL",3,format_all_caps_legacy,
5831,"NEWMAN, ES",3,format_all_caps_legacy,
5836,"WEST, J",3,format_all_caps_legacy,
5837,"GETZEL, G",3,format_all_caps_legacy,
5851,"GROSSBERG, SH",3,format_all_caps_legacy,
5860,"HANRAHAN, P",3,format_all_caps_legacy,
5898,"KANEKO, SY",3,format_all_caps_legacy,
5902,"GOUDY, WJ",3,format_all_caps_legacy,
5924,"LAHTI, J",3,format_all_caps_legacy,
5928,"LEBOVITZ, RH",3,format_all_caps_legacy,
5930,"LEE, LJ",3,format_all_caps_legacy,
5963,"MILLER, K",3,format_all_caps_legacy,
5983,"PHILIPP, C",3,format_all_caps_legacy,
5996,"RIVAS, RF",3,format_all_caps_legacy,
5997,"ROBERTS, G",3,format_all_caps_legacy,
6000,"ROONEY, RH",3,format_all_caps_legacy,
6030,"SINGH, MK",3,format_all_caps_legacy,
6054,"TAYLOR, J",3,format_all_caps_legacy,
6056,"HUXLEY, PJ",3,format_all_caps_legacy,
6065,"TURNER, J",3,format_all_caps_legacy,
6099,"GLASS, L",3,format_all_caps_legacy,
6108,"KURRIEN, J",3,format_all_caps_legacy,
6122,"BECKERMAN, AH",3,format_all_caps_legacy,
6124,"KILTY, KM",3,format_all_caps_legacy,
6179,"COMPTON, B",3,format_all_caps_legacy,
6211,"FALLCREEK, S",3,format_all_caps_legacy,
6220,"FRUMKIN, M",3,format_all_caps_legacy,
6229,"BROOKS, AD",3,format_all_caps_legacy,
6232,"GOLDSTEIN, E",3,format_all_caps_legacy,
6256,"HOLBROOK, T",3,format_all_caps_legacy,
6266,"JANOWITZ, M",3,format_all_caps_legacy,
6272,"JUDGE, K",3,format_all_caps_legacy,
6276,"MORRISON, BJ",3,format_all_caps_legacy,
6282,"TIMMERS, RL",3,format_all_caps_legacy,
6304,"MANNINO, FV",3,format_all_caps_legacy,
6311,"MAYER, RR",3,format_all_caps_legacy,
6316,"DINITTO, DM",3,format_all_caps_legacy,
6366,"PERRETZ, EA",3,format_all_caps_legacy,
6381,"RANE, A",3,format_all_caps_legacy,
6410,"SCHWARTZ, J",3,format_all_caps_legacy,
6427,"SCHKADE, LL",3,format_all_caps_legacy,
6439,"STONE, N",3,format_all_caps_legacy,
6446,"TAIBBI, R",3,format_all_caps_legacy,
6447,"TAMBOR, M",3,format_all_caps_legacy,
6455,"TUZIL, TJ",3,format_all_caps_legacy,
6456,"TWERSKY, RK",3,format_all_caps_legacy,
6467,"WHITAKER, WH",3,format_all_caps_legacy,
6471,"WILLIAMS, CW",3,format_all_caps_legacy,
6483,"ZIMMER, AH",3,format_all_caps_legacy,
6492,"ANTLER, S",3,format_all_caps_legacy,
6501,"BAYLEY, M",3,format_all_caps_legacy,
6511,"BOWDEN, ML",3,format_all_caps_legacy,
6535,"COLE, SA",3,format_all_caps_legacy,
6541,"ANDERSON, G",3,format_all_caps_legacy,
6642,"LICHTENBERG, B",3,format_all_caps_legacy,
6666,"SPECHT, R",3,format_all_caps_legacy,
6672,"MINDEL, CH",3,format_all_caps_legacy,
6674,"MISRA, G",3,format_all_caps_legacy,
6678,"MONTALVO, FF",3,format_all_caps_legacy,
6679,"MONTERO, D",3,format_all_caps_legacy,
6724,"BAERWALD, EJ",3,format_all_caps_legacy,
6727,"REINER, BS",3,format_all_caps_legacy,
6731,"RICE, N",3,format_all_caps_legacy,
6737,"ROCHEFORT, DA",3,format_all_caps_legacy,
6756,"SELAN, BH",3,format_all_caps_legacy,
6763,"SHRIVER, MC",3,format_all_caps_legacy,
6764,"SHUKLA, KS",3,format_all_caps_legacy,
6778,"SPERO, MH",3,format_all_caps_legacy,
6782,"STEINITZ, LY",3,format_all_caps_legacy,
6791,"TROLANDER, JA",3,format_all_caps_legacy,
6800,"WALDINGER, G",3,format_all_caps_legacy,
6812,"WINEBURG, RJ",3,format_all_caps_legacy,
6845,"KELLY, JJ",3,format_all_caps_legacy,
6865,"BREARLEY, CP",3,format_all_caps_legacy,
6870,"CANNON, WB",3,format_all_caps_legacy,
6871,"CAUTLEY, PW",3,format_all_caps_legacy,
6900,"DIXON, J",3,format_all_caps_legacy,
6950,"HAAR, BI",3,format_all_caps_legacy,
6953,"HANVEY, CP",3,format_all_caps_legacy,
6954,"HARBERT, AS",3,format_all_caps_legacy,
6959,"HATFIELD, AB",3,format_all_caps_legacy,
6974,"HIGGINS, C",3,format_all_caps_legacy,
7016,"LISHMAN, J",3,format_all_caps_legacy,
7019,"LOEB, MB",3,format_all_caps_legacy,
7027,"MCDANIEL, EP",3,format_all_caps_legacy,
7039,"MITCHELL, J",3,format_all_caps_legacy,
7040,"MONKHOUSE, P",3,format_all_caps_legacy,
7044,"MOSELEY, LG",3,format_all_caps_legacy,
7052,"NITZBERG, H",3,format_all_caps_legacy,
7056,"ORFORD, J",3,format_all_caps_legacy,
7074,"PICKETT, J",3,format_all_caps_legacy,
7089,"RAMAKRISHNAN, KR",3,format_all_caps_legacy,
7107,"SCHOECH, DJ",3,format_all_caps_legacy,
7120,"SHORKEY, CT",3,format_all_caps_legacy,
7160,"UHLIG, RH",3,format_all_caps_legacy,
7168,"JAMES, J",3,format_all_caps_legacy,
7191,"ADAMS, CF",3,format_all_caps_legacy,
7206,"BARR, S",3,format_all_caps_legacy,
7216,"BEVILACQUA, JJ",3,format_all_caps_legacy,
7219,"BISSELL, L",3,format_all_caps_legacy,
7220,"FEWELL, CH",3,format_all_caps_legacy,
7225,"BLANCHARD, EL",3,format_all_caps_legacy,
7270,"DANGELO, R",3,format_all_caps_legacy,
7276,"BROWN, M",3,format_all_caps_legacy,
7291,"EMANUEL, J",3,format_all_caps_legacy,
7293,"ERNST, T",3,format_all_caps_legacy,
7328,"GOLDBERG, M",3,format_all_caps_legacy,
7331,"GREENE, M",3,format_all_caps_legacy,
7360,"GOODMAN, L",3,format_all_caps_legacy,
7372,"KAUFMAN, A",3,format_all_caps_legacy,
7376,"KOLA, LA",3,format_all_caps_legacy,
7401,"MARSH, J",3,format_all_caps_legacy,
7418,"MILLER, RS",3,format_all_caps_legacy,
7438,"OPPENHEIMER, JR",3,format_all_caps_legacy,
7440,"PAGE, AN",3,format_all_caps_legacy,
7457,"PUMPHREY, M",3,format_all_caps_legacy,
7458,"PURCELL, FP",3,format_all_caps_legacy,
7467,"FOX, M",3,format_all_caps_legacy,
7469,"VOLLAND, P",3,format_all_caps_legacy,
7474,"ROTHERY, MA",3,format_all_caps_legacy,
7508,"SMITH, NJ",3,format_all_caps_legacy,
7517,"SRIVASTAVA, AK",3,format_all_caps_legacy,
7519,"SRIVASTAVA, V",3,format_all_caps_legacy,
7530,"USHER, CL",3,format_all_caps_legacy,
7543,"WERSHOW, HJ",3,format_all_caps_legacy,
7584,"BONNEFIL, MC",3,format_all_caps_legacy,
7608,"CHERRY, AL",3,format_all_caps_legacy,
7644,"EUSTER, S",3,format_all_caps_legacy,
7652,"FOUTZ, IL",3,format_all_caps_legacy,
7653,"BELL, J",3,format_all_caps_legacy,
7682,"HESKETH, J",3,format_all_caps_legacy,
7689,"HOOKEY, P",3,format_all_caps_legacy,
7702,"JONES, WC",3,format_all_caps_legacy,
7718,"KRAUS, J",3,format_all_caps_legacy,
7724,"KURTZ, B",3,format_all_caps_legacy,
7783,"PINKSTON, EM",3,format_all_caps_legacy,
7831,"SINGH, RG",3,format_all_caps_legacy,
7851,"UNNITHAN, NP",3,format_all_caps_legacy,
7852,"URDANG, E",3,format_all_caps_legacy,
7866,"BERGER, B",3,format_all_caps_legacy,
7869,"WHITE, SL",3,format_all_caps_legacy,
7889,"AUERBACH, AJ",3,format_all_caps_legacy,
7898,"BARNES, GG",3,format_all_caps_legacy,
7912,"BOSE, AB",3,format_all_caps_legacy,
7963,"DYER, PM",3,format_all_caps_legacy,
7970,"FINKELSTEIN, H",3,format_all_caps_legacy,
7994,"GROB, H",3,format_all_caps_legacy,
8010,"HOLBROOK, D",3,format_all_caps_legacy,
8032,"KING, B",3,format_all_caps_legacy,
8038,"KRATOCHVIL, MS",3,format_all_caps_legacy,
8046,"WALTER, CL",3,format_all_caps_legacy,
8105,"PINCUS, C",3,format_all_caps_legacy,
8119,"RAINWATER, L",3,format_all_caps_legacy,
8133,"SCOTT, DW",3,format_all_caps_legacy,
8135,"SEGAL, FZ",3,format_all_caps_legacy,
8173,"TUSS, CJ",3,format_all_caps_legacy,
8183,"WERTKIN, RA",3,format_all_caps_legacy,
8189,"WILLIAMS, G",3,format_all_caps_legacy,
8200,"YOUNG, DR",3,format_all_caps_legacy,
8210,"ALLEN, D",3,format_all_caps_legacy,
8218,"BAKER, F",3,format_all_caps_legacy,
8249,"BRACHT, N",3,format_all_caps_legacy,
8297,"DAVIS, I",3,format_all_caps_legacy,
8393,"KILGUSS, AF",3,format_all_caps_legacy,
8442,"MERLE, S",3,format_all_caps_legacy,
8461,"NORTH, J",3,format_all_caps_legacy,
8466,"PAIVA, JFX",3,format_all_caps_legacy,
8472,"PESTONJEE, DM",3,format_all_caps_legacy,
8503,"REYNOLDS, MM",3,format_all_caps_legacy,
8544,"STONE, OM",3,format_all_caps_legacy,
8550,"STUMPF, J",3,format_all_caps_legacy,
8555,"TAYLOR, SS",3,format_all_caps_legacy,
8558,"THOMAS, SA",3,format_all_caps_legacy,
8561,"TOD, R",3,format_all_caps_legacy,
8604,"WOZNER, Y",3,format_all_caps_legacy,
8674,"DANIELS, RS",3,format_all_caps_legacy,
8679,"DEAKINS, J",3,format_all_caps_legacy,
8759,"JOHNSON, AS",3,format_all_caps_legacy,
8764,"KAPLAN, MF",3,format_all_caps_legacy,
8793,"LOKSHIN, H",3,format_all_caps_legacy,
8811,"MILLER, E",3,format_all_caps_legacy,
8820,"NORRIS, M",3,format_all_caps_legacy,
8839,"QUINN, P",3,format_all_caps_legacy,
8877,"SILVER, GA",3,format_all_caps_legacy,
8891,"TABER, M",3,format_all_caps_legacy,
8892,"THOMAS, E",3,format_all_caps_legacy,
8910,"VISOTSKY, HM",3,format_all_caps_legacy,
8911,"WALKER, A",3,format_all_caps_legacy,
8923,"WICKENDEN, E",3,format_all_caps_legacy,
8927,"WITKIN, LJ",3,format_all_caps_legacy,
8972,"CLARKESTEWART, A",3,format_all_caps_legacy,
8988,"FRIEDMAN, HL",3,format_all_caps_legacy,
8992,"GINSBERG, MI",3,format_all_caps_legacy,
9033,"KUSHIN, F",3,format_all_caps_legacy,
9076,"PIERCE, R",3,format_all_caps_legacy,
9094,"SHELLHASE, LJ",3,format_all_caps_legacy,
9102,"SPARER, EV",3,format_all_caps_legacy,
9126,"VANHOOK, MP",3,format_all_caps_legacy,
9130,"WEAVER, ET",3,format_all_caps_legacy,
9178,"BROWN, PA",3,format_all_caps_legacy,
9206,"DAVIDS, M",3,format_all_caps_legacy,
9227,"GOODMAN, JA",3,format_all_caps_legacy,
9253,"KAHN, M",3,format_all_caps_legacy,
9282,"MELD, MB",3,format_all_caps_legacy,
9283,"MELZER, AE",3,format_all_caps_legacy,
9378,"WEBER, S",3,format_all_caps_legacy,
9446,"DAVISON, EH",3,format_all_caps_legacy,
9466,"FLAX, N",3,format_all_caps_legacy,
9491,"GORDON, JE",3,format_all_caps_legacy,
9492,"GREEN, SH",3,format_all_caps_legacy,
9525,"JONES, CH",3,format_all_caps_legacy,
9527,"SMITH, A",3,format_all_caps_legacy,
9587,"NURSTEN, JP",3,format_all_caps_legacy,
9645,"SMUCKER, GA",3,format_all_caps_legacy,
9653,"TUSTIN, F",3,format_all_caps_legacy,
9669,"WILDER, C",3,format_all_caps_legacy,
9710,"BORELLI, K",3,format_all_caps_legacy,
9733,"COOPER, L",3,format_all_caps_legacy,
9756,"EATON, J",3,format_all_caps_legacy,
9775,"RIESSMAN, F",3,format_all_caps_legacy,
9784,"GREENLEE, RD",3,format_all_caps_legacy,
9816,"KLERMAN, GL",3,format_all_caps_legacy,
9830,"LIND, RM",3,format_all_caps_legacy,
9866,"MOSSMAN, ME",3,format_all_caps_legacy,
9890,"PERLMUTTER, F",3,format_all_caps_legacy,
9922,"SEGAL, B",3,format_all_caps_legacy,
9956,"TURNER, JB",3,format_all_caps_legacy,
9959,"WALDRON, FE",3,format_all_caps_legacy,
9960,"WALKER, PM",3,format_all_caps_legacy,
9977,"WINER, IK",3,format_all_caps_legacy,
10023,"COLE, D",3,format_all_caps_legacy,
10064,"HANDLER, JF",3,format_all_caps_legacy,
10099,"LUMLEY, A",3,format_all_caps_legacy,
10100,"LUMLEY, J",3,format_all_caps_legacy,
10110,"MCNABOLA, M",3,format_all_caps_legacy,
10130,"PHILLIPS, B",3,format_all_caps_legacy,
10161,"SMITH, RE",3,format_all_caps_legacy,
10206,"YEAKEL, M",3,format_all_caps_legacy,
10218,"NIELSEN, M",3,format_all_caps_legacy,
10223,"STUART, RB",3,format_all_caps_legacy,
10247,"GRINKER, RR",3,format_all_caps_legacy,
10254,"HOGREFE, R",3,format_all_caps_legacy,
10255,"HUDSON, HD",3,format_all_caps_legacy,
10269,"LEVINE, RA",3,format_all_caps_legacy,
10301,"STEPNEY, RJF",3,format_all_caps_legacy,
10312,"WEINBERGER, P",3,format_all_caps_legacy,
10320,"HILL, R",3,format_all_caps_legacy,
10328,"BENTRUP, WC",3,format_all_caps_legacy,
10333,"BRAGER, GA",3,format_all_caps_legacy,
10337,"CRAINE, MK",3,format_all_caps_legacy,
10343,"DALY, DB",3,format_all_caps_legacy,
10363,"HAAS, W",3,format_all_caps_legacy,
10364,"HALE, MP",3,format_all_caps_legacy,
10369,"KAHLE, JH",3,format_all_caps_legacy,
10374,"LINDENBERG, RE",3,format_all_caps_legacy,
10377,"SNYDER, PR",3,format_all_caps_legacy,
10382,"PLOTNICK, HL",3,format_all_caps_legacy,
10408,"SKLANSKY, MA",3,format_all_caps_legacy,
10414,"WEINER, PS",3,format_all_caps_legacy,
10420,"ALDRICH, CK",3,format_all_caps_legacy,
10438,"BRUCK, M",3,format_all_caps_legacy,
10467,"KINDELSPERGER, KW",3,format_all_caps_legacy,
10474,"MARLIN, JR",3,format_all_caps_legacy,
10481,"NESER, WB",3,format_all_caps_legacy,
10486,"PANNOR, H",3,format_all_caps_legacy,
10515,"WEBB, RM",3,format_all_caps_legacy,
10536,"BRINK, CB",3,format_all_caps_legacy,
10542,"CHUDD, WV",3,format_all_caps_legacy,
10558,"HERMAN, M",3,format_all_caps_legacy,
10572,"KOHRMAN, R",3,format_all_caps_legacy,
10573,"KRAFT, I",3,format_all_caps_legacy,
10602,"OSBORN, H",3,format_all_caps_legacy,
10621,"SLOANE, HW",3,format_all_caps_legacy,
10625,"TITMUSS, RM",3,format_all_caps_legacy,
10639,"ALDRIDGE, GJ",3,format_all_caps_legacy,
10652,"BORGATTA, EF",3,format_all_caps_legacy,
10694,"KELLAM, SG",3,format_all_caps_legacy,
10695,"SCHIFF, SK",3,format_all_caps_legacy,
10707,"MARCUS, ES",3,format_all_caps_legacy,
10716,"MURPHY, LB",3,format_all_caps_legacy,
10721,"OSBORN, PR",3,format_all_caps_legacy,
10723,"PAULEY, RM",3,format_all_caps_legacy,
10727,"RALL, ME",3,format_all_caps_legacy,
10806,"HUNTER, DR",3,format_all_caps_legacy,
10829,"MORRISSEY, JR",3,format_all_caps_legacy,
10837,"OLSHANSKY, S",3,format_all_caps_legacy,
10842,"REIM, G",3,format_all_caps_legacy,
10847,"SCHINDLERRAINMAN, E",3,format_all_caps_legacy,
10857,"TWENTE, EE",3,format_all_caps_legacy,
10863,"WINSTON, E",3,format_all_caps_legacy,
10868,"YOUNGHUSBAND, EL",3,format_all_caps_legacy,
10893,"FALK, IS",3,format_all_caps_legacy,
10903,"HEMMY, ML",3,format_all_caps_legacy,
10907,"KAHLERT, JM",3,format_all_caps_legacy,
10926,"MEYERSON, ET",3,format_all_caps_legacy,
10933,"REID, MG",3,format_all_caps_legacy,
10939,"SCHROEDER, D",3,format_all_caps_legacy,
10943,"SETLEIS, L",3,format_all_caps_legacy,
10962,"WIRTH, M",3,format_all_caps_legacy,
10969,"BERL, F",3,format_all_caps_legacy,
10977,"CARTER, GW",3,format_all_caps_legacy,
10979,"COLBORN, FM",3,format_all_caps_legacy,
10983,"CRYSTAL, D",3,format_all_caps_legacy,
10987,"FARRAR, M",3,format_all_caps_legacy,
10992,"FREEDMAN, M",3,format_all_caps_legacy,
11001,"GOLTON, MA",3,format_all_caps_legacy,
11003,"HALLECK, SL",3,format_all_caps_legacy,
11005,"HARM, CS",3,format_all_caps_legacy,
11014,"KURLAND, P",3,format_all_caps_legacy,
11038,"RYAN, JJ",3,format_all_caps_legacy,
11045,"SOYER, D",3,format_all_caps_legacy,
11051,"WESSEL, MA",3,format_all_caps_legacy,
11069,"BROOKS, EE",3,format_all_caps_legacy,
11078,"CAUGHLAN, J",3,format_all_caps_legacy,
11086,"COSAND, PM",3,format_all_caps_legacy,
11119,"MARGOLIS, PM",3,format_all_caps_legacy,
11136,"PETTISS, ST",3,format_all_caps_legacy,
11183,"CARNER, LP",3,format_all_caps_legacy,
11244,"REITZES, DC",3,format_all_caps_legacy,
11250,"SHERMAN, R",3,format_all_caps_legacy,
11255,"STITES, MA",3,format_all_caps_legacy,
11257,"TANNAR, VL",3,format_all_caps_legacy,
11271,"WHITE, E",3,format_all_caps_legacy,
11272,"WOODWARD, LE",3,format_all_caps_legacy,
11291,"DAVIS, JA",3,format_all_caps_legacy,
11307,"HALL, PB",3,format_all_caps_legacy,
11320,"KLINE, D",3,format_all_caps_legacy,
11327,"LEVINGER, G",3,format_all_caps_legacy,
11332,"LUTZ, WA",3,format_all_caps_legacy,
11365,"MAYER, H",3,format_all_caps_legacy,
11387,"WERBLE, B",3,format_all_caps_legacy,
11388,"YOUNGDAHL, BE",3,format_all_caps_legacy,
11389,"ZAREFSKY, JL",3,format_all_caps_legacy,
11393,"AUSTIN, LN",3,format_all_caps_legacy,
11404,"FURMAN, SS",3,format_all_caps_legacy,
11423,"LIDE, PD",3,format_all_caps_legacy,
11433,"OHLIN, LE",3,format_all_caps_legacy,
11463,"ALEXANDER, E",3,format_all_caps_legacy,
11496,"HOEY, JM",3,format_all_caps_legacy,
11521,"OSBORN, P",3,format_all_caps_legacy,
11541,"WHITE, RC",3,format_all_caps_legacy,
11543,"WILLIAMS, R",3,format_all_caps_legacy,
11555,"BALDWIN, JE",3,format_all_caps_legacy,
11560,"BRENNER, RF",3,format_all_caps_legacy,
11568,"CYR, FE",3,format_all_caps_legacy,
11609,"POSNER, W",3,format_all_caps_legacy,
11625,"STILES, E",3,format_all_caps_legacy,
11634,"MONROE, RR",3,format_all_caps_legacy,
11700,"MEYERAND, GE",3,format_all_caps_legacy,
11708,"PEDDY, L",3,format_all_caps_legacy,
11714,"MUDD, EH",3,format_all_caps_legacy,
20102,"CHANDLER, SK",3,format_all_caps_legacy,
20105,"ASHERY, RS",3,format_all_caps_legacy,
20108,"SIEGAL, HA",3,format_all_caps_legacy,
20110,"SCHERVISH, PH",3,format_all_caps_legacy,
20122,"MCCHESNEY, KY",3,format_all_caps_legacy,
20126,"PAGEADAMS, D",3,format_all_caps_legacy,
20148,"DORFMAN, LT",3,format_all_caps_legacy,
20165,"CHAPIN, RK",3,format_all_caps_legacy,
20181,"MOTENKO, AK",3,format_all_caps_legacy,
20212,"GALLAGHER, B",3,format_all_caps_legacy,
20226,"SPENCE, M",3,format_all_caps_legacy,
20246,"BROWNE, CV",3,format_all_caps_legacy,
20257,"GOLDSTEIN, M",3,format_all_caps_legacy,
20264,"TEBB, S",3,format_all_caps_legacy,
20279,"HILLIARD, B",3,format_all_caps_legacy,
20291,"CWIKEL, J",3,format_all_caps_legacy,
20334,"ORTHNER, DK",3,format_all_caps_legacy,
20340,"TEARE, RJ",3,format_all_caps_legacy,
20353,"HOLLMAN, L",3,format_all_caps_legacy,
20361,"MILLSTEIN, KH",3,format_all_caps_legacy,
20366,"WANG, YT",3,format_all_caps_legacy,
20370,"REINARDY, J",3,format_all_caps_legacy,
20406,"ARCHES, JL",3,format_all_caps_legacy,
20420,"HARRISON, D",3,format_all_caps_legacy,
20477,"ZAMBRANA, RE",3,format_all_caps_legacy,
20495,"KUMAR, ES",3,format_all_caps_legacy,
20502,"NESBITT, R",3,format_all_caps_legacy,
20509,"MEGLIN, DE",3,format_all_caps_legacy,
20530,"MORROW, DF",3,format_all_caps_legacy,
20532,"YAFFE, J",3,format_all_caps_legacy,
20533,"RAMSDELL, PS",3,format_all_caps_legacy,
20556,"SNYDER, WK",3,format_all_caps_legacy,
20571,"BOMBYK, M",3,format_all_caps_legacy,
27060,"BAZEMORE, G",3,format_all_caps_legacy,
27295,"CARRILLO, DF",3,format_all_caps_legacy,
27319,"LUNDY, M",3,format_all_caps_legacy,
49451,"DECHILLO, N",3,format_all_caps_legacy,
49485,"SANDERS, GR",3,format_all_caps_legacy,
49528,"HARPER, KV",3,format_all_caps_legacy,
49547,"COOLSEN, P",3,format_all_caps_legacy,
49566,"PITTMANMUNKE, P",3,format_all_caps_legacy,
49671,"MARSHALL, NL",3,format_all_caps_legacy,
49679,"MAYFIELD, J",3,format_all_caps_legacy,
49815,"DEVORE, W",3,format_all_caps_legacy,
93356,"GLICK, PM",3,format_all_caps_legacy,
93357,"BORGMAN, RD",3,format_all_caps_legacy,
93374,"REGENSBURG, J",3,format_all_caps_legacy,
93376,"MARGOLIS, VS",3,format_all_caps_legacy,
93453,"BARAN, S",3,format_all_caps_legacy,
93456,"ALDERSON, JJ",3,format_all_caps_legacy,
93457,"ROTTER, S",3,format_all_caps_legacy,
93459,"COHEN, PC",3,format_all_caps_legacy,
93466,"BERGEN, ME",3,format_all_caps_legacy,
93498,"ACKLEY, DC",3,format_all_caps_legacy,
93583,"SUMNER, D",3,format_all_caps_legacy,
93660,"LEYENDECKER, G",3,format_all_caps_legacy,
93662,"DECKER, JH",3,format_all_caps_legacy,
93695,"FARBER, R",3,format_all_caps_legacy,
93726,"MARMOR, J",3,format_all_caps_legacy,
93747,"KRIDER, JW",3,format_all_caps_legacy,
93803,"RUBIN, ER",3,format_all_caps_legacy,
93811,"MORSE, J",3,format_all_caps_legacy,
93836,"EMERY, M",3,format_all_caps_legacy,
93850,"SOTOMAYOR, M",3,format_all_caps_legacy,
93880,"ROSENBLATT, D",3,format_all_caps_legacy,
94506,"MCCABE, AR",3,format_all_caps_legacy,
94927,"ZAENGLEINSENGER, MM",3,format_all_caps_legacy,
94928,"STEWART, CS",3,format_all_caps_legacy,
95039,"ELLENSON, GS",3,format_all_caps_legacy,
150583,DEENA JOSEPH,3,format_all_caps_legacy,
158334,DEENA JOSEPH,3,format_all_caps_legacy,
5,"TYSON, KB",2,format_all_caps_legacy,
12,"BISWAS, PC",2,format_all_caps_legacy,
42,"RAO, A",2,format_all_caps_legacy,
44,"OLSEN, F",2,format_all_caps_legacy,
47,"PARMAR, YA",2,format_all_caps_legacy,
53,"SINGH, A",2,format_all_caps_legacy,
57,"TEXTOR, MR",2,format_all_caps_legacy,
58,"THUDIPARA, JZ",2,format_all_caps_legacy,
61,"BEAN, N",2,format_all_caps_legacy,
62,"GWATKIN, S",2,format_all_caps_legacy,
67,"WESTCOTT, HL",2,format_all_caps_legacy,
70,"BENITEZBLOCH, R",2,format_all_caps_legacy,
72,"BLYTHE, B",2,format_all_caps_legacy,
77,"CHIARAMONTE, JA",2,format_all_caps_legacy,
86,"HERRERIAS, C",2,format_all_caps_legacy,
98,"SAR, BK",2,format_all_caps_legacy,
115,"KRAUS, SJ",2,format_all_caps_legacy,
119,"MCINTOSH, R",2,format_all_caps_legacy,
120,"MCPHATTER, AR",2,format_all_caps_legacy,
132,"ROHRER, GE",2,format_all_caps_legacy,
143,"SMITH, JC",2,format_all_caps_legacy,
144,"SOWERSHOAG, K",2,format_all_caps_legacy,
155,"GIBBONS, WE",2,format_all_caps_legacy,
166,"CLEAVER, H",2,format_all_caps_legacy,
195,"GRELLONG, BA",2,format_all_caps_legacy,
207,"ISELY, BJ",2,format_all_caps_legacy,
222,"PHADKE, S",2,format_all_caps_legacy,
232,"SATHE, SP",2,format_all_caps_legacy,
237,"FORGEY, MA",2,format_all_caps_legacy,
261,"COURTNEY, M",2,format_all_caps_legacy,
266,"FIELDEN, MA",2,format_all_caps_legacy,
272,"KANDALL, SR",2,format_all_caps_legacy,
283,"LEVY, PA",2,format_all_caps_legacy,
284,"LISTER, R",2,format_all_caps_legacy,
286,"MARZIALI, E",2,format_all_caps_legacy,
289,"MITCHELL, G",2,format_all_caps_legacy,
293,"PHILLIPS, N",2,format_all_caps_legacy,
295,"SMITH, P",2,format_all_caps_legacy,
296,"STEWART, G",2,format_all_caps_legacy,
298,"SURI, KB",2,format_all_caps_legacy,
300,"WEBSTER, J",2,format_all_caps_legacy,
308,"DOWNES, TT",2,format_all_caps_legacy,
312,"GOTHARD, S",2,format_all_caps_legacy,
336,"PEARSON, DM",2,format_all_caps_legacy,
337,"PERLMAN, P",2,format_all_caps_legacy,
342,"SAVICKI, K",2,format_all_caps_legacy,
351,"WIKLER, M",2,format_all_caps_legacy,
357,"BARNABAS, AP",2,format_all_caps_legacy,
364,"DAGNAN, D",2,format_all_caps_legacy,
365,"DREWETT, R",2,format_all_caps_legacy,
372,"FERNANDES, W",2,format_all_caps_legacy,
377,"NARAYAN, J",2,format_all_caps_legacy,
383,"PRIOR, PM",2,format_all_caps_legacy,
390,"RUSTOMFRAM, N",2,format_all_caps_legacy,
392,"SANDHAM, J",2,format_all_caps_legacy,
404,"BEMBRY, J",2,format_all_caps_legacy,
406,"ROSENBLUM, P",2,format_all_caps_legacy,
407,"WHYTE, B",2,format_all_caps_legacy,
418,"BLOOM, J",2,format_all_caps_legacy,
426,"BONKOWSKI, SE",2,format_all_caps_legacy,
430,"COSTELLO, EJ",2,format_all_caps_legacy,
432,"CHORNESKY, A",2,format_all_caps_legacy,
433,"CLARK, CF",2,format_all_caps_legacy,
441,"FEDERN, E",2,format_all_caps_legacy,
443,"PEARLINGI, B",2,format_all_caps_legacy,
444,"ROCHELLE, CD",2,format_all_caps_legacy,
457,"NUTTER, R",2,format_all_caps_legacy,
480,"LIVNE, S",2,format_all_caps_legacy,
481,"ROWE, CE",2,format_all_caps_legacy,
495,"SILVERMAN, E",2,format_all_caps_legacy,
505,"FAWCETT, M",2,format_all_caps_legacy,
523,"ANISFELD, LS",2,format_all_caps_legacy,
525,"ASAMOAH, Y",2,format_all_caps_legacy,
526,"HAFFEY, M",2,format_all_caps_legacy,
527,"HODGES, M",2,format_all_caps_legacy,
529,"COHEN, ME",2,format_all_caps_legacy,
532,"BARE, MR",2,format_all_caps_legacy,
548,"BERKOWITZ, G",2,format_all_caps_legacy,
552,"BILIDES, DG",2,format_all_caps_legacy,
557,"GREENFELD, DA",2,format_all_caps_legacy,
1997,"HEIMERDINGER, JF",2,format_all_caps_legacy,
1998,"HUFF, DD",2,format_all_caps_legacy,
2002,"MAYERS, RS",2,format_all_caps_legacy,
2015,"RICH, P",2,format_all_caps_legacy,
2018,"SOUFLEE, F",2,format_all_caps_legacy,
2020,"VEST, GW",2,format_all_caps_legacy,
2023,"BAL, A",2,format_all_caps_legacy,
2026,"BANKS, N",2,format_all_caps_legacy,
2028,"CHERRY, A",2,format_all_caps_legacy,
2039,"JESANI, A",2,format_all_caps_legacy,
2040,"NADKARNI, V",2,format_all_caps_legacy,
2045,"MATHRANI, V",2,format_all_caps_legacy,
2063,"SAINI, DS",2,format_all_caps_legacy,
2068,"WALTON, M",2,format_all_caps_legacy,
2070,"ANDERSON, R",2,format_all_caps_legacy,
2076,"HARTLEY, EK",2,format_all_caps_legacy,
2077,"CANDA, E",2,format_all_caps_legacy,
2078,"CHAPMAN, M",2,format_all_caps_legacy,
2088,"BRABSON, HV",2,format_all_caps_legacy,
2095,"HAWORTH, GO",2,format_all_caps_legacy,
2096,"HOFF, MD",2,format_all_caps_legacy,
2097,"POLACK, RJ",2,format_all_caps_legacy,
2100,"HOLLIDGE, C",2,format_all_caps_legacy,
2106,"JONES, ML",2,format_all_caps_legacy,
2115,"MACKEY, EF",2,format_all_caps_legacy,
2124,"NATTERSON, I",2,format_all_caps_legacy,
2140,"THERIOT, K",2,format_all_caps_legacy,
2142,"RILEY, PM",2,format_all_caps_legacy,
2151,"WERRBACH, GB",2,format_all_caps_legacy,
2163,"MALOS, E",2,format_all_caps_legacy,
2164,"MCGRATH, M",2,format_all_caps_legacy,
2165,"ROBINSON, C",2,format_all_caps_legacy,
2167,"ABRAMOWITZ, L",2,format_all_caps_legacy,
2168,"ALFS, D",2,format_all_caps_legacy,
2169,"GREEMAN, M",2,format_all_caps_legacy,
2171,"MCCLELLAN, T",2,format_all_caps_legacy,
2172,"OBRIEN, N",2,format_all_caps_legacy,
2182,"KORTE, AO",2,format_all_caps_legacy,
2188,"GILMORE, TN",2,format_all_caps_legacy,
2193,"BENSHAHAR, I",2,format_all_caps_legacy,
2195,"BERMAN, HJ",2,format_all_caps_legacy,
2199,"BHATTACHARYA, R",2,format_all_caps_legacy,
2205,"BONUCK, KA",2,format_all_caps_legacy,
2212,"CAIRL, RE",2,format_all_caps_legacy,
2215,"ROADES, LA",2,format_all_caps_legacy,
2221,"LEIN, L",2,format_all_caps_legacy,
2223,"CUZZI, LF",2,format_all_caps_legacy,
2225,"BAZER, C",2,format_all_caps_legacy,
2227,"DAVIDSON, A",2,format_all_caps_legacy,
2230,"DAVISALI, SH",2,format_all_caps_legacy,
2232,"CHESNEY, BK",2,format_all_caps_legacy,
2257,"FASHIMPAR, G",2,format_all_caps_legacy,
2261,"SHARP, J",2,format_all_caps_legacy,
2262,"SCESNY, A",2,format_all_caps_legacy,
2272,"GILBERT, D",2,format_all_caps_legacy,
2273,"GINTHER, SD",2,format_all_caps_legacy,
2276,"MILLER, L",2,format_all_caps_legacy,
2277,"GLADSTEIN, M",2,format_all_caps_legacy,
2279,"PINSKY, S",2,format_all_caps_legacy,
2280,"ROCK, B",2,format_all_caps_legacy,
2298,"ADAMS, S",2,format_all_caps_legacy,
2306,"HENDERSON, JN",2,format_all_caps_legacy,
2309,"WANG, L",2,format_all_caps_legacy,
2321,"IRIZARRY, C",2,format_all_caps_legacy,
2322,"WALTER, R",2,format_all_caps_legacy,
2337,"KING, AEO",2,format_all_caps_legacy,
2342,"KOSTYK, D",2,format_all_caps_legacy,
2343,"FUCHS, D",2,format_all_caps_legacy,
2344,"TABISZ, E",2,format_all_caps_legacy,
2345,"JACYK, WR",2,format_all_caps_legacy,
2346,"KRAFT, S",2,format_all_caps_legacy,
2350,"PULICE, RT",2,format_all_caps_legacy,
2358,"MEINERT, R",2,format_all_caps_legacy,
2365,"MILLISON, MB",2,format_all_caps_legacy,
2384,"BAKER, M",2,format_all_caps_legacy,
2390,"RAHN, S",2,format_all_caps_legacy,
2401,"ROSENBAUM, C",2,format_all_caps_legacy,
2402,"ROSENSON, MK",2,format_all_caps_legacy,
2417,"BLUM, D",2,format_all_caps_legacy,
2419,"SHIELDS, SA",2,format_all_caps_legacy,
2424,"SMITH, KK",2,format_all_caps_legacy,
2425,"SMITH, PM",2,format_all_caps_legacy,
2456,"WEBER, ND",2,format_all_caps_legacy,
2481,"DANGEL, RF",2,format_all_caps_legacy,
2483,"DWINELL, L",2,format_all_caps_legacy,
2489,"GARDNER, R",2,format_all_caps_legacy,
2511,"PHILIP, CE",2,format_all_caps_legacy,
2520,"SIMSARIAN, FP",2,format_all_caps_legacy,
2525,"WEISS, N",2,format_all_caps_legacy,
2528,"VANDALEN, A",2,format_all_caps_legacy,
2535,"BLAU, J",2,format_all_caps_legacy,
2537,"WEATHERLEY, RA",2,format_all_caps_legacy,
2556,"CHARPING, JW",2,format_all_caps_legacy,
2560,"CHECKOWAY, B",2,format_all_caps_legacy,
2563,"COYLE, C",2,format_all_caps_legacy,
2574,"BECK, JC",2,format_all_caps_legacy,
2584,"DUFFY, TK",2,format_all_caps_legacy,
2586,"HALSETH, JH",2,format_all_caps_legacy,
2595,"FULOP, G",2,format_all_caps_legacy,
2599,"MILLER, M",2,format_all_caps_legacy,
2600,"BUTLER, RN",2,format_all_caps_legacy,
2601,"FRANK, PB",2,format_all_caps_legacy,
2603,"GANGULY, KK",2,format_all_caps_legacy,
2616,"GIORDANO, J",2,format_all_caps_legacy,
2626,"GRAZIANO, R",2,format_all_caps_legacy,
2634,"HAYES, R",2,format_all_caps_legacy,
2650,"JOHNSON, RS",2,format_all_caps_legacy,
2652,"ANSON, J",2,format_all_caps_legacy,
2655,"KARLS, JM",2,format_all_caps_legacy,
2658,"KEECH, EK",2,format_all_caps_legacy,
2670,"LEWIS, E",2,format_all_caps_legacy,
2676,"LOVELL, ML",2,format_all_caps_legacy,
2677,"REID, K",2,format_all_caps_legacy,
2682,"MOORE, N",2,format_all_caps_legacy,
2687,"MACNAB, AJ",2,format_all_caps_legacy,
2688,"MAGEE, JJ",2,format_all_caps_legacy,
2691,"MANDELL, BR",2,format_all_caps_legacy,
2695,"HUANG, K",2,format_all_caps_legacy,
2696,"ROHWEDER, C",2,format_all_caps_legacy,
2714,"MISHRA, KN",2,format_all_caps_legacy,
2717,"WOODROW, R",2,format_all_caps_legacy,
2718,"WEINSTEIN, L",2,format_all_caps_legacy,
2721,"MULAK, G",2,format_all_caps_legacy,
2722,"COHEN, ST",2,format_all_caps_legacy,
2731,"BLOOM, L",2,format_all_caps_legacy,
2734,"NEWMAN, S",2,format_all_caps_legacy,
2737,"SCHILIT, R",2,format_all_caps_legacy,
2747,"PRAY, JE",2,format_all_caps_legacy,
2752,"RABINOWITZ, B",2,format_all_caps_legacy,
2758,"REGAN, S",2,format_all_caps_legacy,
2760,"RICHARDSON, LM",2,format_all_caps_legacy,
2763,"COHENMANSFIELD, J",2,format_all_caps_legacy,
2766,"HAMMONS, K",2,format_all_caps_legacy,
2768,"SEVERINSEN, C",2,format_all_caps_legacy,
2788,"SCHONDEL, C",2,format_all_caps_legacy,
2792,"SCHWARTZBEN, SH",2,format_all_caps_legacy,
2793,"SEE, LAL",2,format_all_caps_legacy,
2806,"SPAID, WM",2,format_all_caps_legacy,
2820,"TOLLEY, ES",2,format_all_caps_legacy,
2828,"WEINBERG, JK",2,format_all_caps_legacy,
2837,"BENNETT, M",2,format_all_caps_legacy,
2841,"CALLICUTT, JW",2,format_all_caps_legacy,
2853,"GIDRON, B",2,format_all_caps_legacy,
2857,"RAFFOUL, PR",2,format_all_caps_legacy,
2863,"MOORE, LS",2,format_all_caps_legacy,
2864,"URWIN, CA",2,format_all_caps_legacy,
2866,"ROY, J",2,format_all_caps_legacy,
2872,"STRAND, VC",2,format_all_caps_legacy,
2885,"WOOD, K",2,format_all_caps_legacy,
2886,"CHAMBON, A",2,format_all_caps_legacy,
2890,"COLLINS, T",2,format_all_caps_legacy,
2914,"BHAGWATWAR, PA",2,format_all_caps_legacy,
2927,"DOLKE, AM",2,format_all_caps_legacy,
2928,"DSOUZA, R",2,format_all_caps_legacy,
2956,"WISTOW, G",2,format_all_caps_legacy,
2961,"ANDERSEN, R",2,format_all_caps_legacy,
2966,"BLACK, WG",2,format_all_caps_legacy,
2976,"KAMEOKA, VA",2,format_all_caps_legacy,
2981,"OREILLY, CT",2,format_all_caps_legacy,
2986,"ROBINSON, KE",2,format_all_caps_legacy,
2987,"ROSE, SM",2,format_all_caps_legacy,
3006,"CALLAHAN, M",2,format_all_caps_legacy,
3008,"HELLINCKX, W",2,format_all_caps_legacy,
3014,"BARKER, M",2,format_all_caps_legacy,
3018,"LORENZ, W",2,format_all_caps_legacy,
3027,"KORR, W",2,format_all_caps_legacy,
3036,"SITA, K",2,format_all_caps_legacy,
3037,"DEODHAR, SB",2,format_all_caps_legacy,
3048,"KURTZ, GL",2,format_all_caps_legacy,
3065,"NATARAJAN, M",2,format_all_caps_legacy,
3082,"FLECKHENDERSON, A",2,format_all_caps_legacy,
3085,"PENROD, JD",2,format_all_caps_legacy,
3092,"LYNCH, VJ",2,format_all_caps_legacy,
3106,"WRIGHT, SD",2,format_all_caps_legacy,
3121,"ELDRIDGE, A",2,format_all_caps_legacy,
3125,"HARDIN, R",2,format_all_caps_legacy,
3132,"THIBAULT, JM",2,format_all_caps_legacy,
3134,"PHARIS, M",2,format_all_caps_legacy,
3137,"SCOTT, M",2,format_all_caps_legacy,
3142,"MCCARTHY, P",2,format_all_caps_legacy,
3148,"TIMMS, E",2,format_all_caps_legacy,
3156,"GOODMAN, C",2,format_all_caps_legacy,
3158,"MULROY, E",2,format_all_caps_legacy,
3166,"WATKINS, SA",2,format_all_caps_legacy,
3188,"RAO, ABSVR",2,format_all_caps_legacy,
3193,"SHARDLOW, S",2,format_all_caps_legacy,
3199,"VANWILLIGEN, J",2,format_all_caps_legacy,
3200,"CHADHA, NK",2,format_all_caps_legacy,
3202,"LANE, BA",2,format_all_caps_legacy,
3203,"GIBEAU, JL",2,format_all_caps_legacy,
3222,"GOERGE, RM",2,format_all_caps_legacy,
3224,"HARTMAN, W",2,format_all_caps_legacy,
3229,"OFFEN, JR",2,format_all_caps_legacy,
3230,"OGRADYLESHANE, R",2,format_all_caps_legacy,
3231,"PETERSON, CL",2,format_all_caps_legacy,
3233,"RISSMEYER, DJ",2,format_all_caps_legacy,
3235,"RILEY, JM",2,format_all_caps_legacy,
3237,"ROBINSON, JB",2,format_all_caps_legacy,
3240,"JENKINS, LE",2,format_all_caps_legacy,
3242,"SCHMIDT, LA",2,format_all_caps_legacy,
3249,"WILSON, V",2,format_all_caps_legacy,
3253,"GILLILAND, D",2,format_all_caps_legacy,
3256,"ADELBERG, JH",2,format_all_caps_legacy,
3272,"HOLBROOK, SM",2,format_all_caps_legacy,
3291,"TOBIAS, M",2,format_all_caps_legacy,
3298,"BRAUER, S",2,format_all_caps_legacy,
3311,"MILLS, C",2,format_all_caps_legacy,
3321,"RUVELSON, L",2,format_all_caps_legacy,
3324,"SPICKER, P",2,format_all_caps_legacy,
3326,"UEHARA, E",2,format_all_caps_legacy,
3336,"SMITH, GC",2,format_all_caps_legacy,
3338,"APTE, MJ",2,format_all_caps_legacy,
3340,"BILSON, A",2,format_all_caps_legacy,
3347,"KURIEN, CT",2,format_all_caps_legacy,
3349,"PATTNAIK, BK",2,format_all_caps_legacy,
3352,"REDDY, IUB",2,format_all_caps_legacy,
3373,"HAMILTON, MA",2,format_all_caps_legacy,
3376,"HEPLER, JB",2,format_all_caps_legacy,
3382,"BATTLE, SF",2,format_all_caps_legacy,
3388,"KIVOWITZ, AL",2,format_all_caps_legacy,
3394,"KOHLERT, N",2,format_all_caps_legacy,
3399,"VANKRIEKEN, R",2,format_all_caps_legacy,
3409,"SOLAS, J",2,format_all_caps_legacy,
3416,"ZERBE, DH",2,format_all_caps_legacy,
3436,"BENDOR, SJ",2,format_all_caps_legacy,
3438,"BERTCHER, H",2,format_all_caps_legacy,
3455,"BURMAN, BKR",2,format_all_caps_legacy,
3481,"FRIEDMAN, B",2,format_all_caps_legacy,
3487,"FLANZRAICH, M",2,format_all_caps_legacy,
3488,"FLYNN, ML",2,format_all_caps_legacy,
3497,"GULATI, P",2,format_all_caps_legacy,
3511,"IATRIDIS, DS",2,format_all_caps_legacy,
3512,"INGERSOLLDAYTON, B",2,format_all_caps_legacy,
3513,"ARNDT, B",2,format_all_caps_legacy,
3534,"MALKA, S",2,format_all_caps_legacy,
3535,"MARCUS, LJ",2,format_all_caps_legacy,
3544,"MILLAR, KI",2,format_all_caps_legacy,
3550,"NARAYAN, S",2,format_all_caps_legacy,
3557,"ADAMS, CT",2,format_all_caps_legacy,
3565,"TARTAGLIA, LJ",2,format_all_caps_legacy,
3568,"RUSNACK, B",2,format_all_caps_legacy,
3577,"SCHNEEWIND, EH",2,format_all_caps_legacy,
3585,"SMITH, MC",2,format_all_caps_legacy,
3588,"STAPLES, LH",2,format_all_caps_legacy,
3598,"RABKIN, M",2,format_all_caps_legacy,
3608,"SEINFELD, J",2,format_all_caps_legacy,
3609,"SIEGEL, E",2,format_all_caps_legacy,
3610,"SPUNGEN, CA",2,format_all_caps_legacy,
3632,"BENNETT, CJ",2,format_all_caps_legacy,
3642,"LAWTON, MP",2,format_all_caps_legacy,
3651,"CHRIST, WR",2,format_all_caps_legacy,
3655,"DANIELS, KR",2,format_all_caps_legacy,
3662,"ERERA, IP",2,format_all_caps_legacy,
3672,"GILBERT, MC",2,format_all_caps_legacy,
3701,"LAW, CK",2,format_all_caps_legacy,
3706,"LOWE, GR",2,format_all_caps_legacy,
3715,"MUI, A",2,format_all_caps_legacy,
3719,"NAHMANI, N",2,format_all_caps_legacy,
3727,"NICHOLSCASEBOLT, AM",2,format_all_caps_legacy,
3729,"NUCHO, AO",2,format_all_caps_legacy,
3734,"KIMBOKO, PJ",2,format_all_caps_legacy,
3738,"PRICE, K",2,format_all_caps_legacy,
3742,"RILEY, JL",2,format_all_caps_legacy,
3743,"ROBERTS, L",2,format_all_caps_legacy,
3744,"ROBERTSON, JF",2,format_all_caps_legacy,
3761,"ELL, KO",2,format_all_caps_legacy,
3763,"THOMAS, S",2,format_all_caps_legacy,
3767,"WEISMAN, CB",2,format_all_caps_legacy,
3779,"BARBER, J",2,format_all_caps_legacy,
3780,"BERGMAN, AG",2,format_all_caps_legacy,
3783,"COHLER, BJ",2,format_all_caps_legacy,
3790,"WARDELL, PJ",2,format_all_caps_legacy,
3791,"BRADSHAW, J",2,format_all_caps_legacy,
3803,"NICOLL, AE",2,format_all_caps_legacy,
3811,"SIEGEL, J",2,format_all_caps_legacy,
3830,"HOGAN, PT",2,format_all_caps_legacy,
3833,"LIEBERMAN, AA",2,format_all_caps_legacy,
3843,"PATTI, P",2,format_all_caps_legacy,
3852,"WILLIAMS, MJ",2,format_all_caps_legacy,
3855,"ALDGATE, J",2,format_all_caps_legacy,
3857,"BROWN, T",2,format_all_caps_legacy,
3864,"DOWNES, C",2,format_all_caps_legacy,
3868,"GARROD, GS",2,format_all_caps_legacy,
3870,"LIDMILA, A",2,format_all_caps_legacy,
3873,"CATHERWOOD, ML",2,format_all_caps_legacy,
3874,"QUAYLE, E",2,format_all_caps_legacy,
3893,"GARLAND, DR",2,format_all_caps_legacy,
3901,"LEVY, C",2,format_all_caps_legacy,
3907,"PERLMAN, GL",2,format_all_caps_legacy,
3912,"ROBERTSON, DB",2,format_all_caps_legacy,
3922,"DANIELS, M",2,format_all_caps_legacy,
3929,"ETHERINGTON, S",2,format_all_caps_legacy,
3932,"MYERS, D",2,format_all_caps_legacy,
3939,"BARNES, BL",2,format_all_caps_legacy,
3942,"DAVIS, S",2,format_all_caps_legacy,
3949,"LAZIN, FA",2,format_all_caps_legacy,
3958,"OSMAN, S",2,format_all_caps_legacy,
3991,"KOLODZIEJSKI, K",2,format_all_caps_legacy,
3992,"LOHR, R",2,format_all_caps_legacy,
4005,"GOTTSCHALK, S",2,format_all_caps_legacy,
4020,"LEON, J",2,format_all_caps_legacy,
4021,"RICE, C",2,format_all_caps_legacy,
4022,"SAXTON, PM",2,format_all_caps_legacy,
4031,"FUCHS, S",2,format_all_caps_legacy,
4035,"MILLARD, D",2,format_all_caps_legacy,
4036,"OLIVER, M",2,format_all_caps_legacy,
4037,"RAMASAMY, P",2,format_all_caps_legacy,
4054,"BROWN, JL",2,format_all_caps_legacy,
4059,"COLE, C",2,format_all_caps_legacy,
4067,"BURLEW, AK",2,format_all_caps_legacy,
4071,"SMITH, HY",2,format_all_caps_legacy,
4072,"FEIGEL, W",2,format_all_caps_legacy,
4077,"FRANKEL, H",2,format_all_caps_legacy,
4080,"GONDOLF, EW",2,format_all_caps_legacy,
4081,"JACKSON, J",2,format_all_caps_legacy,
4083,"KINGSON, E",2,format_all_caps_legacy,
4101,"ROBINSONSIMPSON, G",2,format_all_caps_legacy,
4102,"MORTON, MJ",2,format_all_caps_legacy,
4104,"OLIVER, J",2,format_all_caps_legacy,
4125,"KOPP, J",2,format_all_caps_legacy,
4128,"VORKOPER, CF",2,format_all_caps_legacy,
4131,"WILLIAMS, BE",2,format_all_caps_legacy,
4134,"FIMISTER, G",2,format_all_caps_legacy,
4136,"HARDING, J",2,format_all_caps_legacy,
4137,"JENKINS, H",2,format_all_caps_legacy,
4138,"NEWCOMEN, N",2,format_all_caps_legacy,
4141,"SNAITH, R",2,format_all_caps_legacy,
4142,"YANAY, U",2,format_all_caps_legacy,
4145,"ASANO, H",2,format_all_caps_legacy,
4153,"BRANDLER, SM",2,format_all_caps_legacy,
4162,"CHILMAN, C",2,format_all_caps_legacy,
4163,"COLON, I",2,format_all_caps_legacy,
4166,"MORELLI, P",2,format_all_caps_legacy,
4168,"MISSIAKOULIS, S",2,format_all_caps_legacy,
4183,"JAFFE, RS",2,format_all_caps_legacy,
4188,"GLASSER, I",2,format_all_caps_legacy,
4195,"GRATTON, B",2,format_all_caps_legacy,
4204,"HIRSCH, AE",2,format_all_caps_legacy,
4209,"KIRK, S",2,format_all_caps_legacy,
4214,"KAPP, MB",2,format_all_caps_legacy,
4220,"KIRSZNER, ML",2,format_all_caps_legacy,
4222,"KLEINKAUF, C",2,format_all_caps_legacy,
4229,"KUECHLER, CF",2,format_all_caps_legacy,
4231,"WHITE, MS",2,format_all_caps_legacy,
4237,"MARLOW, CR",2,format_all_caps_legacy,
4242,"PARTHASARATHY, R",2,format_all_caps_legacy,
4243,"MCINTOSH, JL",2,format_all_caps_legacy,
4244,"HUBBARD, RW",2,format_all_caps_legacy,
4246,"MIDDLEMAN, R",2,format_all_caps_legacy,
4247,"MOHANTY, RK",2,format_all_caps_legacy,
4251,"WALLACE, B",2,format_all_caps_legacy,
4252,"BERGER, C",2,format_all_caps_legacy,
4255,"HUNTER, J",2,format_all_caps_legacy,
4256,"PERLSTEIN, S",2,format_all_caps_legacy,
4259,"RAJYALAKSHMI, P",2,format_all_caps_legacy,
4295,"WEINGARTEN, HR",2,format_all_caps_legacy,
4307,"HALL, MN",2,format_all_caps_legacy,
4316,"CONWAY, PG",2,format_all_caps_legacy,
4317,"WILLIAMS, MS",2,format_all_caps_legacy,
4322,"ENGSTROM, DW",2,format_all_caps_legacy,
4323,"LOVELOCK, R",2,format_all_caps_legacy,
4329,"MORTON, TD",2,format_all_caps_legacy,
4337,"PIERCE, M",2,format_all_caps_legacy,
4347,"WEINSTEIN, B",2,format_all_caps_legacy,
4354,"CHACHKES, E",2,format_all_caps_legacy,
4365,"MORRISON, JL",2,format_all_caps_legacy,
4376,"GRUNDY, JF",2,format_all_caps_legacy,
4388,"KORER, J",2,format_all_caps_legacy,
4391,"FITZSIMMONS, JS",2,format_all_caps_legacy,
4392,"MCCAUGHAN, N",2,format_all_caps_legacy,
4399,"UNSWORTH, T",2,format_all_caps_legacy,
4401,"ALLPHIN, C",2,format_all_caps_legacy,
4419,"FREED, R",2,format_all_caps_legacy,
4426,"IMRE, R",2,format_all_caps_legacy,
4427,"JENNINGS, J",2,format_all_caps_legacy,
4436,"LEE, C",2,format_all_caps_legacy,
4443,"CRAIG, W",2,format_all_caps_legacy,
4446,"NEWMANN, JP",2,format_all_caps_legacy,
4448,"SAVAGE, A",2,format_all_caps_legacy,
4451,"SISKIND, AB",2,format_all_caps_legacy,
4452,"SMITH, PR",2,format_all_caps_legacy,
4453,"SOHN, NM",2,format_all_caps_legacy,
4468,"JAMES, AL",2,format_all_caps_legacy,
4479,"CALICA, RH",2,format_all_caps_legacy,
4487,"JOHNSON, BB",2,format_all_caps_legacy,
4492,"POWELL, DM",2,format_all_caps_legacy,
4506,"NORLIN, JM",2,format_all_caps_legacy,
4510,"FAHERTY, VE",2,format_all_caps_legacy,
4516,"NUCCIO, KE",2,format_all_caps_legacy,
4519,"JOHNSON, AE",2,format_all_caps_legacy,
4526,"MEAD, LM",2,format_all_caps_legacy,
4530,"MILLIGAN, SE",2,format_all_caps_legacy,
4547,"SEATON, R",2,format_all_caps_legacy,
4548,"YELAJA, SA",2,format_all_caps_legacy,
4552,"MACHT, MW",2,format_all_caps_legacy,
4562,"JACKSON, JA",2,format_all_caps_legacy,
4567,"SALTZMAN, A",2,format_all_caps_legacy,
4575,"SAXENA, PC",2,format_all_caps_legacy,
4577,"FERLIE, E",2,format_all_caps_legacy,
4583,"GARDNER, F",2,format_all_caps_legacy,
4597,"CHETHIK, M",2,format_all_caps_legacy,
4603,"DALEY, DC",2,format_all_caps_legacy,
4604,"DOUGHERTY, N",2,format_all_caps_legacy,
4605,"EULAU, C",2,format_all_caps_legacy,
4630,"JENKS, JA",2,format_all_caps_legacy,
4632,"JOHNSON, RE",2,format_all_caps_legacy,
4642,"MAHER, TF",2,format_all_caps_legacy,
4643,"MORELL, C",2,format_all_caps_legacy,
4657,"SIMMONS, WJ",2,format_all_caps_legacy,
4658,"SOINE, L",2,format_all_caps_legacy,
4666,"ZITER, MLP",2,format_all_caps_legacy,
4667,"PHILLIPS, D",2,format_all_caps_legacy,
4669,"FITZGERALD, J",2,format_all_caps_legacy,
4672,"JONES, RM",2,format_all_caps_legacy,
4673,"PARKER, H",2,format_all_caps_legacy,
4678,"COLEY, SM",2,format_all_caps_legacy,
4683,"BLACKBURN, JA",2,format_all_caps_legacy,
4688,"BRUBAKER, E",2,format_all_caps_legacy,
4692,"CARDER, JH",2,format_all_caps_legacy,
4695,"CASH, T",2,format_all_caps_legacy,
4711,"DSOUZA, NG",2,format_all_caps_legacy,
4712,"ELKIN, M",2,format_all_caps_legacy,
4720,"GROVER, RP",2,format_all_caps_legacy,
4722,"HEDBLOM, JE",2,format_all_caps_legacy,
4726,"HILL, D",2,format_all_caps_legacy,
4727,"HUGHES, RC",2,format_all_caps_legacy,
4737,"GARCIA, JL",2,format_all_caps_legacy,
4743,"JOYCE, PA",2,format_all_caps_legacy,
4761,"WILSON, CC",2,format_all_caps_legacy,
4770,"SCHMALL, V",2,format_all_caps_legacy,
4779,"HWALEK, M",2,format_all_caps_legacy,
4787,"ALTHOLZ, JAS",2,format_all_caps_legacy,
4792,"THURSTON, FD",2,format_all_caps_legacy,
4796,"WALLACE, J",2,format_all_caps_legacy,
4798,"WATSON, TF",2,format_all_caps_legacy,
4801,"WENZEL, L",2,format_all_caps_legacy,
4809,"MACPHERSON, S",2,format_all_caps_legacy,
4823,"GIZYNSKI, MN",2,format_all_caps_legacy,
4824,"MAILICK, M",2,format_all_caps_legacy,
4827,"GREENFELD, D",2,format_all_caps_legacy,
4830,"DECHERNEY, A",2,format_all_caps_legacy,
4833,"KAHN, EM",2,format_all_caps_legacy,
4839,"LAUDERDALE, M",2,format_all_caps_legacy,
4842,"MCCREADY, DJ",2,format_all_caps_legacy,
4843,"RAHN, SL",2,format_all_caps_legacy,
4846,"MOSS, K",2,format_all_caps_legacy,
4851,"PHILLIPS, J",2,format_all_caps_legacy,
4852,"PUGH, RL",2,format_all_caps_legacy,
4858,"ROY, R",2,format_all_caps_legacy,
4873,"KRAUSZ, SL",2,format_all_caps_legacy,
4885,"CHATTERS, LM",2,format_all_caps_legacy,
4893,"MAHATME, AW",2,format_all_caps_legacy,
4898,"ROBERTS, J",2,format_all_caps_legacy,
4900,"SHELDON, F",2,format_all_caps_legacy,
4905,"SINGH, SN",2,format_all_caps_legacy,
4908,"TWELVETREES, A",2,format_all_caps_legacy,
4910,"ABRAMSON, J",2,format_all_caps_legacy,
4912,"ALDERETTE, P",2,format_all_caps_legacy,
4913,"DEGRAFFENRIED, DF",2,format_all_caps_legacy,
4914,"BEATT, E",2,format_all_caps_legacy,
4924,"DECKER, JT",2,format_all_caps_legacy,
4927,"DEMARIS, A",2,format_all_caps_legacy,
4931,"HUTCHINS, J",2,format_all_caps_legacy,
4933,"KRELL, GI",2,format_all_caps_legacy,
4936,"LEVINE, T",2,format_all_caps_legacy,
4944,"PATENAUDE, AF",2,format_all_caps_legacy,
4945,"LEVINGER, L",2,format_all_caps_legacy,
4952,"TALLANT, SH",2,format_all_caps_legacy,
4954,"SCHODEK, K",2,format_all_caps_legacy,
4956,"SHATKIN, BF",2,format_all_caps_legacy,
4957,"FRISMAN, LK",2,format_all_caps_legacy,
4958,"MCGUIRE, TG",2,format_all_caps_legacy,
4960,"WIKLER, L",2,format_all_caps_legacy,
4962,"SWAN, RW",2,format_all_caps_legacy,
4971,"WINTERSTEEN, RT",2,format_all_caps_legacy,
4977,"OCONNOR, I",2,format_all_caps_legacy,
4978,"DALGLEISH, L",2,format_all_caps_legacy,
4981,"DICKINSON, NS",2,format_all_caps_legacy,
4985,"FOX, MF",2,format_all_caps_legacy,
4987,"SHANNON, C",2,format_all_caps_legacy,
4994,"KEEFE, K",2,format_all_caps_legacy,
4995,"BURTON, M",2,format_all_caps_legacy,
5003,"BARTON, BR",2,format_all_caps_legacy,
5007,"CANAVAN, MM",2,format_all_caps_legacy,
5019,"FISHER, S",2,format_all_caps_legacy,
5020,"FURLONG, RM",2,format_all_caps_legacy,
5021,"GIBSON, TL",2,format_all_caps_legacy,
5024,"HIBBARD, M",2,format_all_caps_legacy,
5026,"INDIK, BP",2,format_all_caps_legacy,
5027,"INEICHEN, B",2,format_all_caps_legacy,
5044,"MURPHY, EC",2,format_all_caps_legacy,
5051,"COX, M",2,format_all_caps_legacy,
5055,"ROOKE, PT",2,format_all_caps_legacy,
5056,"SCHNELL, RL",2,format_all_caps_legacy,
5061,"ROTHERY, M",2,format_all_caps_legacy,
5073,"THOMAS, CB",2,format_all_caps_legacy,
5101,"FOX, LM",2,format_all_caps_legacy,
5104,"GUMPRECHT, N",2,format_all_caps_legacy,
5122,"RAMACHANDRAN, S",2,format_all_caps_legacy,
5126,"ABRAMS, RD",2,format_all_caps_legacy,
5131,"CROTTY, P",2,format_all_caps_legacy,
5145,"KANTROW, R",2,format_all_caps_legacy,
5168,"LAWLOR, EF",2,format_all_caps_legacy,
5170,"LEE, S",2,format_all_caps_legacy,
5183,"NOFZ, MP",2,format_all_caps_legacy,
5192,"DAVIS, JM",2,format_all_caps_legacy,
5201,"WALSH, SF",2,format_all_caps_legacy,
5214,"DEHOYOS, G",2,format_all_caps_legacy,
5223,"MAHADEVAN, K",2,format_all_caps_legacy,
5227,"SARASWATHI, TS",2,format_all_caps_legacy,
5232,"CHAPMAN, D",2,format_all_caps_legacy,
5233,"VASUDEVA, P",2,format_all_caps_legacy,
5237,"BLAKE, R",2,format_all_caps_legacy,
5260,"HAPGOOD, M",2,format_all_caps_legacy,
5266,"REISMAN, B",2,format_all_caps_legacy,
5286,"BARRETT, E",2,format_all_caps_legacy,
5290,"MEYER, R",2,format_all_caps_legacy,
5291,"ROSIN, AJ",2,format_all_caps_legacy,
5296,"RUCHLIN, HS",2,format_all_caps_legacy,
5301,"SINGER, M",2,format_all_caps_legacy,
5303,"VERSEN, GR",2,format_all_caps_legacy,
5304,"ADAMS, R",2,format_all_caps_legacy,
5306,"SPIRO, BE",2,format_all_caps_legacy,
5311,"AINSWORTH, F",2,format_all_caps_legacy,
5326,"SULLIVAN, R",2,format_all_caps_legacy,
5332,"BLAND, R",2,format_all_caps_legacy,
5333,"BLAND, RE",2,format_all_caps_legacy,
5341,"WIJNBERG, M",2,format_all_caps_legacy,
5342,"BURGHARDT, S",2,format_all_caps_legacy,
5357,"COMFORT, RL",2,format_all_caps_legacy,
5359,"MORELOCK, M",2,format_all_caps_legacy,
5364,"ABDULLAHZADEH, J",2,format_all_caps_legacy,
5370,"LUTKUS, AM",2,format_all_caps_legacy,
5393,"ELY, AR",2,format_all_caps_legacy,
5429,"GOODALL, J",2,format_all_caps_legacy,
5434,"GOTTLIEB, BH",2,format_all_caps_legacy,
5436,"PORTNER, DL",2,format_all_caps_legacy,
5455,"HENDERSON, M",2,format_all_caps_legacy,
5461,"HOGGETT, B",2,format_all_caps_legacy,
5468,"MCNEISH, AS",2,format_all_caps_legacy,
5475,"KATZ, RK",2,format_all_caps_legacy,
5476,"MARSHALL, DB",2,format_all_caps_legacy,
5477,"ROMANOWSKI, SB",2,format_all_caps_legacy,
5478,"STEWART, NF",2,format_all_caps_legacy,
5482,"KEMLER, B",2,format_all_caps_legacy,
5493,"KUTNER, SS",2,format_all_caps_legacy,
5515,"MANSHARDT, C",2,format_all_caps_legacy,
5518,"MASON, J",2,format_all_caps_legacy,
5523,"MCCLELLAND, G",2,format_all_caps_legacy,
5524,"MCCLELLAND, R",2,format_all_caps_legacy,
5528,"MEEK, HW",2,format_all_caps_legacy,
5529,"MEHRA, S",2,format_all_caps_legacy,
5549,"MUNRO, JD",2,format_all_caps_legacy,
5550,"MUSICK, J",2,format_all_caps_legacy,
5568,"HOME, A",2,format_all_caps_legacy,
5578,"PEACOCK, G",2,format_all_caps_legacy,
5583,"SCHAFFER, S",2,format_all_caps_legacy,
5588,"SHNIT, D",2,format_all_caps_legacy,
5593,"PUNALEKAR, SP",2,format_all_caps_legacy,
5596,"PAHL, J",2,format_all_caps_legacy,
5607,"ROFF, LL",2,format_all_caps_legacy,
5608,"KLEMMACK, DL",2,format_all_caps_legacy,
5612,"ROSENTHAL, M",2,format_all_caps_legacy,
5619,"BLOCH, MH",2,format_all_caps_legacy,
5622,"RZETELNY, H",2,format_all_caps_legacy,
5628,"WATSON, MA",2,format_all_caps_legacy,
5630,"SEITZ, M",2,format_all_caps_legacy,
5631,"SELTZER, GB",2,format_all_caps_legacy,
5634,"SEYMOUR, BJ",2,format_all_caps_legacy,
5638,"SHILMAN, RP",2,format_all_caps_legacy,
5646,"SINGH, UP",2,format_all_caps_legacy,
5658,"SPEAKE, B",2,format_all_caps_legacy,
5659,"STEIN, SD",2,format_all_caps_legacy,
5670,"TOMKO, B",2,format_all_caps_legacy,
5671,"HACKER, L",2,format_all_caps_legacy,
5673,"TRAGLER, A",2,format_all_caps_legacy,
5678,"WALDFOGEL, D",2,format_all_caps_legacy,
5679,"WALDRON, JA",2,format_all_caps_legacy,
5684,"WALSH, F",2,format_all_caps_legacy,
5688,"WELLS, LM",2,format_all_caps_legacy,
5696,"YOUNGEISENDRATH, P",2,format_all_caps_legacy,
5716,"BAINHAM, A",2,format_all_caps_legacy,
5724,"SHAMIR, B",2,format_all_caps_legacy,
5725,"BARROW, A",2,format_all_caps_legacy,
5727,"GORDON, N",2,format_all_caps_legacy,
5729,"BAUM, BH",2,format_all_caps_legacy,
5739,"BERN, EH",2,format_all_caps_legacy,
5750,"BLUTH, H",2,format_all_caps_legacy,
5754,"BORENSTEIN, L",2,format_all_caps_legacy,
5773,"CHAZIN, R",2,format_all_caps_legacy,
5777,"CINGOLANI, J",2,format_all_caps_legacy,
5790,"SILIN, MW",2,format_all_caps_legacy,
5807,"DONADELLO, G",2,format_all_caps_legacy,
5809,"DOWSON, S",2,format_all_caps_legacy,
5835,"FURUKAWA, DK",2,format_all_caps_legacy,
5838,"GHOSH, B",2,format_all_caps_legacy,
5849,"GREENFIELD, WL",2,format_all_caps_legacy,
5852,"GUPTA, SK",2,format_all_caps_legacy,
5855,"HAGGSTROM, WC",2,format_all_caps_legacy,
5857,"HALLETT, C",2,format_all_caps_legacy,
5859,"HAMILTON, DC",2,format_all_caps_legacy,
5866,"HARRIS, H",2,format_all_caps_legacy,
5867,"LIPMAN, A",2,format_all_caps_legacy,
5876,"HENLEY, BM",2,format_all_caps_legacy,
5881,"HIRSCHHORN, L",2,format_all_caps_legacy,
5893,"JONES, A",2,format_all_caps_legacy,
5899,"KAPLAN, IH",2,format_all_caps_legacy,
5900,"KARL, BD",2,format_all_caps_legacy,
5903,"POWERS, EA",2,format_all_caps_legacy,
5909,"KILWEIN, JH",2,format_all_caps_legacy,
5912,"KLIER, J",2,format_all_caps_legacy,
5940,"LIPSKY, M",2,format_all_caps_legacy,
5945,"LYNCH, MM",2,format_all_caps_legacy,
5955,"GURIN, A",2,format_all_caps_legacy,
5961,"MELKOTE, SR",2,format_all_caps_legacy,
5972,"OFFER, J",2,format_all_caps_legacy,
5976,"PANCOAST, D",2,format_all_caps_legacy,
5979,"PAULSON, RI",2,format_all_caps_legacy,
5986,"PYMN, B",2,format_all_caps_legacy,
5993,"REIMER, MS",2,format_all_caps_legacy,
5995,"RESNICK, MD",2,format_all_caps_legacy,
6017,"SCHWARTZ, MS",2,format_all_caps_legacy,
6019,"SEIFERT, SC",2,format_all_caps_legacy,
6022,"GRAHAM, R",2,format_all_caps_legacy,
6027,"ADAMEK, ME",2,format_all_caps_legacy,
6039,"SMALE, GG",2,format_all_caps_legacy,
6042,"SMITH, PB",2,format_all_caps_legacy,
6058,"THOMLISON, RJ",2,format_all_caps_legacy,
6066,"VALENTICH, M",2,format_all_caps_legacy,
6075,"WARING, ML",2,format_all_caps_legacy,
6081,"WEIZMANN, R",2,format_all_caps_legacy,
6084,"WILLARD, SG",2,format_all_caps_legacy,
6102,"ZIEGENFUSS, JT",2,format_all_caps_legacy,
6106,"AHUJA, R",2,format_all_caps_legacy,
6107,"AIGNER, SM",2,format_all_caps_legacy,
6110,"ALLAN, G",2,format_all_caps_legacy,
6112,"RODWAY, M",2,format_all_caps_legacy,
6120,"BARNES, J",2,format_all_caps_legacy,
6125,"FOSTER, SA",2,format_all_caps_legacy,
6128,"GOLDMAN, M",2,format_all_caps_legacy,
6132,"BIEGEL, D",2,format_all_caps_legacy,
6134,"BLACK, R",2,format_all_caps_legacy,
6136,"BOOTH, R",2,format_all_caps_legacy,
6142,"BRISCOE, M",2,format_all_caps_legacy,
6143,"WINNY, J",2,format_all_caps_legacy,
6144,"CHANDLER, V",2,format_all_caps_legacy,
6145,"MULGREW, K",2,format_all_caps_legacy,
6148,"BROOKS, R",2,format_all_caps_legacy,
6158,"BURGESS, P",2,format_all_caps_legacy,
6165,"CARNER, EA",2,format_all_caps_legacy,
6190,"DAUM, M",2,format_all_caps_legacy,
6193,"DENNEY, D",2,format_all_caps_legacy,
6200,"DOELKER, RE",2,format_all_caps_legacy,
6223,"MARTIN, P",2,format_all_caps_legacy,
6226,"REED, BG",2,format_all_caps_legacy,
6233,"CAPOCCIA, VA",2,format_all_caps_legacy,
6234,"KAUFMAN, N",2,format_all_caps_legacy,
6239,"GREEN, BS",2,format_all_caps_legacy,
6254,"HODGE, P",2,format_all_caps_legacy,
6263,"IATRIDIS, D",2,format_all_caps_legacy,
6278,"KAPLAN, LP",2,format_all_caps_legacy,
6281,"KAUFMAN, J",2,format_all_caps_legacy,
6283,"KAUR, M",2,format_all_caps_legacy,
6288,"KUCIC, AR",2,format_all_caps_legacy,
6289,"SORENSEN, JE",2,format_all_caps_legacy,
6290,"HANBERY, GW",2,format_all_caps_legacy,
6295,"LEE, JA",2,format_all_caps_legacy,
6296,"LEER, F",2,format_all_caps_legacy,
6302,"LUSTIG, M",2,format_all_caps_legacy,
6310,"MATHUR, HB",2,format_all_caps_legacy,
6314,"CAMPBELL, D",2,format_all_caps_legacy,
6329,"ADAMS, GL",2,format_all_caps_legacy,
6332,"MONFILS, MJ",2,format_all_caps_legacy,
6342,"MURDOCH, A",2,format_all_caps_legacy,
6347,"NEWHALL, BB",2,format_all_caps_legacy,
6349,"HAMILTON, AK",2,format_all_caps_legacy,
6352,"NULMAN, E",2,format_all_caps_legacy,
6360,"PARSONS, B",2,format_all_caps_legacy,
6372,"AMMONS, PW",2,format_all_caps_legacy,
6376,"PRABHU, P",2,format_all_caps_legacy,
6383,"ROSENZWEIG, J",2,format_all_caps_legacy,
6388,"REIFLER, JP",2,format_all_caps_legacy,
6392,"ROBINSON, BE",2,format_all_caps_legacy,
6409,"SCHWARTZ, G",2,format_all_caps_legacy,
6411,"SEDLAK, MW",2,format_all_caps_legacy,
6431,"SMALDINO, A",2,format_all_caps_legacy,
6433,"STARK, DE",2,format_all_caps_legacy,
6434,"JOHNSON, EM",2,format_all_caps_legacy,
6437,"BAECK, A",2,format_all_caps_legacy,
6459,"WALLEN, J",2,format_all_caps_legacy,
6465,"WETLE, T",2,format_all_caps_legacy,
6469,"WIEST, J",2,format_all_caps_legacy,
6472,"WILLIS, A",2,format_all_caps_legacy,
6473,"WILSON, PA",2,format_all_caps_legacy,
6474,"WILTSE, K",2,format_all_caps_legacy,
6484,"ADDISON, C",2,format_all_caps_legacy,
6486,"AKHURST, C",2,format_all_caps_legacy,
6487,"ALBRECHT, TL",2,format_all_caps_legacy,
6488,"IREY, KV",2,format_all_caps_legacy,
6490,"ALTMAN, H",2,format_all_caps_legacy,
6499,"BASSOFF, BZ",2,format_all_caps_legacy,
6500,"BAXTER, E",2,format_all_caps_legacy,
6505,"BERG, GN",2,format_all_caps_legacy,
6506,"BERRY, BJL",2,format_all_caps_legacy,
6522,"GORDON, AC",2,format_all_caps_legacy,
6528,"CASSETTY, JH",2,format_all_caps_legacy,
6533,"CLARKE, M",2,format_all_caps_legacy,
6534,"COHEN, T",2,format_all_caps_legacy,
6537,"COLEN, JN",2,format_all_caps_legacy,
6539,"COX, RE",2,format_all_caps_legacy,
6540,"DAVIDSON, JL",2,format_all_caps_legacy,
6544,"DOWLING, MJ",2,format_all_caps_legacy,
6545,"DRESSEL, PL",2,format_all_caps_legacy,
6546,"DULANEY, DD",2,format_all_caps_legacy,
6557,"PERRY, LR",2,format_all_caps_legacy,
6574,"GLICKEN, MD",2,format_all_caps_legacy,
6575,"GOKHALE, SD",2,format_all_caps_legacy,
6576,"GOLDBERG, L",2,format_all_caps_legacy,
6581,"ANDERSON, J",2,format_all_caps_legacy,
6586,"GUSTAFSON, JM",2,format_all_caps_legacy,
6590,"HEINEMAN, MB",2,format_all_caps_legacy,
6592,"HEY, AM",2,format_all_caps_legacy,
6611,"KATZ, AJ",2,format_all_caps_legacy,
6612,"CHILAD, BS",2,format_all_caps_legacy,
6620,"PIACHAUD, D",2,format_all_caps_legacy,
6622,"KRISLOV, J",2,format_all_caps_legacy,
6623,"KUPPUSWAMY, B",2,format_all_caps_legacy,
6626,"THOMAS, L",2,format_all_caps_legacy,
6632,"LEBOWITZ, MM",2,format_all_caps_legacy,
6633,"ZISCHKA, PC",2,format_all_caps_legacy,
6643,"GOTTESFELD, M",2,format_all_caps_legacy,
6646,"MAHAJAN, A",2,format_all_caps_legacy,
6649,"SCHREINER, RL",2,format_all_caps_legacy,
6662,"MCGILL, DW",2,format_all_caps_legacy,
6665,"MCQUAKER, BC",2,format_all_caps_legacy,
6667,"LAUDERDALE, ML",2,format_all_caps_legacy,
6670,"MILLARD, DA",2,format_all_caps_legacy,
6683,"MOORE, JE",2,format_all_caps_legacy,
6684,"MORELL, BB",2,format_all_caps_legacy,
6697,"NELSON, G",2,format_all_caps_legacy,
6706,"PETTY, MM",2,format_all_caps_legacy,
6716,"POWELL, F",2,format_all_caps_legacy,
6717,"PRAKASAM, R",2,format_all_caps_legacy,
6721,"RAO, MSA",2,format_all_caps_legacy,
6730,"RHIM, BC",2,format_all_caps_legacy,
6743,"ROUGHTON, HM",2,format_all_caps_legacy,
6755,"SEETHARAM, M",2,format_all_caps_legacy,
6760,"SHARMA, BR",2,format_all_caps_legacy,
6777,"SPENDLOVE, DC",2,format_all_caps_legacy,
6785,"ROSS, A",2,format_all_caps_legacy,
6790,"THORPE, DH",2,format_all_caps_legacy,
6807,"WEIRICH, TW",2,format_all_caps_legacy,
6809,"WELLER, DJ",2,format_all_caps_legacy,
6823,"ALVELO, J",2,format_all_caps_legacy,
6826,"PUNEKAR, V",2,format_all_caps_legacy,
6828,"MONTENEGRO, M",2,format_all_caps_legacy,
6831,"ROBINSON, L",2,format_all_caps_legacy,
6835,"BALDOCK, J",2,format_all_caps_legacy,
6836,"PRIOR, D",2,format_all_caps_legacy,
6846,"FRITZ, GK",2,format_all_caps_legacy,
6847,"BERMAN, JH",2,format_all_caps_legacy,
6848,"BHADAURIA, YS",2,format_all_caps_legacy,
6854,"BOAZ, RF",2,format_all_caps_legacy,
6855,"BOONE, CR",2,format_all_caps_legacy,
6857,"BORLAND, JJ",2,format_all_caps_legacy,
6863,"MILLER, LS",2,format_all_caps_legacy,
6867,"BROMLEY, G",2,format_all_caps_legacy,
6888,"COOPER, CL",2,format_all_caps_legacy,
6890,"COSTANTINO, C",2,format_all_caps_legacy,
6891,"CRISTY, BLE",2,format_all_caps_legacy,
6901,"DLIMA, H",2,format_all_caps_legacy,
6917,"FARRANT, MR",2,format_all_caps_legacy,
6945,"GLISSON, CA",2,format_all_caps_legacy,
6952,"HALLADAY, A",2,format_all_caps_legacy,
6964,"HEFFERNAN, J",2,format_all_caps_legacy,
6970,"HERRENKOHL, RC",2,format_all_caps_legacy,
6972,"KIYAK, HA",2,format_all_caps_legacy,
6977,"INGERSOLL, B",2,format_all_caps_legacy,
6982,"JENKINS, L",2,format_all_caps_legacy,
6983,"COOK, AS",2,format_all_caps_legacy,
6999,"KRISHEF, CH",2,format_all_caps_legacy,
7003,"GAIROLA, L",2,format_all_caps_legacy,
7010,"LEWIS, DA",2,format_all_caps_legacy,
7014,"LIND, R",2,format_all_caps_legacy,
7018,"LOCKER, R",2,format_all_caps_legacy,
7022,"HERRANEN, M",2,format_all_caps_legacy,
7035,"MILLER, DA",2,format_all_caps_legacy,
7048,"NAUMANN, LM",2,format_all_caps_legacy,
7055,"OLSEN, MR",2,format_all_caps_legacy,
7057,"STUART, P",2,format_all_caps_legacy,
7060,"PANDEY, G",2,format_all_caps_legacy,
7061,"PARKER, JK",2,format_all_caps_legacy,
7063,"PARRISH, KJ",2,format_all_caps_legacy,
7084,"PROTESS, D",2,format_all_caps_legacy,
7086,"RABINOWITZ, HN",2,format_all_caps_legacy,
7097,"COHEN, HL",2,format_all_caps_legacy,
7105,"SCHMIDT, MG",2,format_all_caps_legacy,
7115,"SENGUPTA, PB",2,format_all_caps_legacy,
7118,"MISRA, BD",2,format_all_caps_legacy,
7141,"SUTTLES, GD",2,format_all_caps_legacy,
7157,"TOURSE, RWC",2,format_all_caps_legacy,
7167,"VITALIANO, PP",2,format_all_caps_legacy,
7171,"WALTON, HJ",2,format_all_caps_legacy,
7185,"WOLKENSTEIN, AS",2,format_all_caps_legacy,
7188,"WOODSWORTH, DE",2,format_all_caps_legacy,
7189,"ZAPHIRIS, AG",2,format_all_caps_legacy,
7198,"APPOLONE, C",2,format_all_caps_legacy,
7199,"GIBSON, P",2,format_all_caps_legacy,
7200,"ARGLES, P",2,format_all_caps_legacy,
7212,"BERNS, J",2,format_all_caps_legacy,
7215,"HOREJSI, CR",2,format_all_caps_legacy,
7222,"BLACK, EG",2,format_all_caps_legacy,
7227,"BLANK, ML",2,format_all_caps_legacy,
7234,"BRADSHAW, BR",2,format_all_caps_legacy,
7237,"FERGUSON, EA",2,format_all_caps_legacy,
7238,"BRAKE, M",2,format_all_caps_legacy,
7242,"BROWN, SV",2,format_all_caps_legacy,
7245,"BURCH, CA",2,format_all_caps_legacy,
7250,"BURNHAM, V",2,format_all_caps_legacy,
7253,"CAMPBELL, LA",2,format_all_caps_legacy,
7260,"COOK, T",2,format_all_caps_legacy,
7271,"DANIELS, MS",2,format_all_caps_legacy,
7272,"DASTEEL, JC",2,format_all_caps_legacy,
7283,"DOWNING, RA",2,format_all_caps_legacy,
7299,"FERGUSON, K",2,format_all_caps_legacy,
7301,"HALMAN, M",2,format_all_caps_legacy,
7304,"MORGAN, G",2,format_all_caps_legacy,
7306,"FIELD, MH",2,format_all_caps_legacy,
7319,"FROLAND, C",2,format_all_caps_legacy,
7324,"KAZI, KA",2,format_all_caps_legacy,
7325,"GIOIELLA, EC",2,format_all_caps_legacy,
7329,"GORDON, WA",2,format_all_caps_legacy,
7347,"HIPPLE, JL",2,format_all_caps_legacy,
7348,"HIPPLE, L",2,format_all_caps_legacy,
7354,"HORNER, WC",2,format_all_caps_legacy,
7362,"ISSERMAN, AM",2,format_all_caps_legacy,
7368,"KAPLAN, BJ",2,format_all_caps_legacy,
7369,"KAPLAN, M",2,format_all_caps_legacy,
7394,"LITTLE, VC",2,format_all_caps_legacy,
7395,"LUEY, HS",2,format_all_caps_legacy,
7397,"LUSE, FD",2,format_all_caps_legacy,
7403,"MAY, D",2,format_all_caps_legacy,
7405,"MCCULLOCH, JW",2,format_all_caps_legacy,
7407,"EDWARDS, J",2,format_all_caps_legacy,
7412,"MCMASTER, JM",2,format_all_caps_legacy,
7422,"MILOFSKY, C",2,format_all_caps_legacy,
7424,"CRYNS, AG",2,format_all_caps_legacy,
7427,"MOSS, SZ",2,format_all_caps_legacy,
7436,"NEWBOLD, HSL",2,format_all_caps_legacy,
7454,"POWELL, DE",2,format_all_caps_legacy,
7455,"TANAKA, H",2,format_all_caps_legacy,
7459,"PURVINE, M",2,format_all_caps_legacy,
7464,"REINHERZ, HZ",2,format_all_caps_legacy,
7471,"ROSKIN, M",2,format_all_caps_legacy,
7477,"RUTMAN, L",2,format_all_caps_legacy,
7478,"SACKHEIM, G",2,format_all_caps_legacy,
7483,"SANVILLE, JL",2,format_all_caps_legacy,
7491,"SCHROEDER, LO",2,format_all_caps_legacy,
7494,"SCURFIELD, RM",2,format_all_caps_legacy,
7503,"SINGH, R",2,format_all_caps_legacy,
7512,"SOUZA, PD",2,format_all_caps_legacy,
7515,"SPENCER, F",2,format_all_caps_legacy,
7526,"TAYLOR, S",2,format_all_caps_legacy,
7528,"TOTH, A",2,format_all_caps_legacy,
7529,"TOTH, S",2,format_all_caps_legacy,
7536,"WALZ, TH",2,format_all_caps_legacy,
7537,"WATT, S",2,format_all_caps_legacy,
7544,"WERTHEIMER, MR",2,format_all_caps_legacy,
7556,"ZEFF, SB",2,format_all_caps_legacy,
7566,"BAKER, D",2,format_all_caps_legacy,
7591,"BRANDON, S",2,format_all_caps_legacy,
7598,"BURIAN, W",2,format_all_caps_legacy,
7603,"KRIEG, RM",2,format_all_caps_legacy,
7605,"CANDELA, JL",2,format_all_caps_legacy,
7634,"DESOUSA, P",2,format_all_caps_legacy,
7643,"ELWELL, ME",2,format_all_caps_legacy,
7646,"DAVIES, LJ",2,format_all_caps_legacy,
7648,"FELDMAN, HW",2,format_all_caps_legacy,
7660,"BOW, I",2,format_all_caps_legacy,
7661,"BUTLER, J",2,format_all_caps_legacy,
7677,"HARDY, G",2,format_all_caps_legacy,
7683,"HEWITT, P",2,format_all_caps_legacy,
7688,"HOLMAN, SL",2,format_all_caps_legacy,
7690,"HOPKINS, TJ",2,format_all_caps_legacy,
7700,"JOFFE, C",2,format_all_caps_legacy,
7707,"KATZ, IR",2,format_all_caps_legacy,
7710,"PATTERSON, J",2,format_all_caps_legacy,
7713,"SNOWDEN, EE",2,format_all_caps_legacy,
7727,"LANDY, A",2,format_all_caps_legacy,
7736,"DAVIS, G",2,format_all_caps_legacy,
7737,"BAILEY, RH",2,format_all_caps_legacy,
7756,"MOSES, AB",2,format_all_caps_legacy,
7757,"MULVEY, T",2,format_all_caps_legacy,
7760,"NARAIN, V",2,format_all_caps_legacy,
7763,"NETTING, E",2,format_all_caps_legacy,
7764,"SAMPSON, A",2,format_all_caps_legacy,
7776,"PERRY, F",2,format_all_caps_legacy,
7777,"PERTZOFF, L",2,format_all_caps_legacy,
7781,"WILLIAMS, DP",2,format_all_caps_legacy,
7785,"RABINOWITZ, HS",2,format_all_caps_legacy,
7791,"RAO, KR",2,format_all_caps_legacy,
7792,"RATH, GC",2,format_all_caps_legacy,
7800,"ROBINSON, CM",2,format_all_caps_legacy,
7815,"SANTACRUZ, LA",2,format_all_caps_legacy,
7816,"HEPLER, M",2,format_all_caps_legacy,
7823,"SHANMUGAVELAYUTHAM, K",2,format_all_caps_legacy,
7826,"SHAW, J",2,format_all_caps_legacy,
7832,"SITES, EW",2,format_all_caps_legacy,
7843,"THAYER, JM",2,format_all_caps_legacy,
7847,"TOTMAN, J",2,format_all_caps_legacy,
7849,"TRADER, HP",2,format_all_caps_legacy,
7858,"WALTON, RG",2,format_all_caps_legacy,
7868,"WHAN, MW",2,format_all_caps_legacy,
7871,"WILGUS, A",2,format_all_caps_legacy,
7872,"WILLS, D",2,format_all_caps_legacy,
7873,"WILSON, D",2,format_all_caps_legacy,
7875,"HALL, WT",2,format_all_caps_legacy,
7880,"ABRAMS, HA",2,format_all_caps_legacy,
7882,"ADAMS, MA",2,format_all_caps_legacy,
7884,"ANDERSON, DM",2,format_all_caps_legacy,
7896,"BANDLER, LS",2,format_all_caps_legacy,
7899,"BARRON, E",2,format_all_caps_legacy,
7904,"WITKIN, S",2,format_all_caps_legacy,
7913,"BOYD, LH",2,format_all_caps_legacy,
7919,"BRANCH, J",2,format_all_caps_legacy,
7920,"BRANDON, D",2,format_all_caps_legacy,
7922,"BRENNER, MN",2,format_all_caps_legacy,
7925,"BRILL, N",2,format_all_caps_legacy,
7926,"BRODY, R",2,format_all_caps_legacy,
7929,"BROWN, B",2,format_all_caps_legacy,
7942,"CLECKLEY, BJ",2,format_all_caps_legacy,
7943,"COATES, RB",2,format_all_caps_legacy,
7951,"COTTLE, TJ",2,format_all_caps_legacy,
7953,"CRAWSHAW, L",2,format_all_caps_legacy,
7954,"CROHN, HM",2,format_all_caps_legacy,
7955,"CROWELL, E",2,format_all_caps_legacy,
7961,"DICKIE, J",2,format_all_caps_legacy,
7966,"EMLEN, AC",2,format_all_caps_legacy,
7969,"FIELDS, G",2,format_all_caps_legacy,
7971,"ROSENTHAL, K",2,format_all_caps_legacy,
7976,"BROWN, DL",2,format_all_caps_legacy,
7978,"FURGERI, LB",2,format_all_caps_legacy,
7979,"GANGLOFF, PJ",2,format_all_caps_legacy,
7986,"WARBURTON, RW",2,format_all_caps_legacy,
7989,"GOODMAN, DM",2,format_all_caps_legacy,
7991,"GOULD, RP",2,format_all_caps_legacy,
7996,"CRANDALL, L",2,format_all_caps_legacy,
7998,"HALL, M",2,format_all_caps_legacy,
8000,"HANCOCK, E",2,format_all_caps_legacy,
8013,"COLEMAN, J",2,format_all_caps_legacy,
8014,"HOPKINS, J",2,format_all_caps_legacy,
8016,"JACKSON, P",2,format_all_caps_legacy,
8029,"KEZUR, D",2,format_all_caps_legacy,
8036,"LOUNSBURY, JW",2,format_all_caps_legacy,
8044,"WATSON, M",2,format_all_caps_legacy,
8059,"MARIN, RC",2,format_all_caps_legacy,
8065,"MCCULLOCH, W",2,format_all_caps_legacy,
8067,"MCWHINNIE, A",2,format_all_caps_legacy,
8073,"MONKHOUSE, AP",2,format_all_caps_legacy,
8074,"MUDD, MW",2,format_all_caps_legacy,
8075,"MYERS, JP",2,format_all_caps_legacy,
8076,"NAIDU, R",2,format_all_caps_legacy,
8089,"OBERMAN, E",2,format_all_caps_legacy,
8100,"PENROSE, JB",2,format_all_caps_legacy,
8120,"RICHARDS, M",2,format_all_caps_legacy,
8122,"RODGERS, B",2,format_all_caps_legacy,
8123,"RUBIN, S",2,format_all_caps_legacy,
8142,"SHOTTER, J",2,format_all_caps_legacy,
8146,"SIEFFERT, A",2,format_all_caps_legacy,
8147,"SIMHADRI, YC",2,format_all_caps_legacy,
8152,"CONOVER, CG",2,format_all_caps_legacy,
8156,"STEVENSON, KM",2,format_all_caps_legacy,
8163,"ZELMAN, WN",2,format_all_caps_legacy,
8179,"OROURKE, TW",2,format_all_caps_legacy,
8182,"WEINER, M",2,format_all_caps_legacy,
8191,"COPELAND, F",2,format_all_caps_legacy,
8195,"WILSON, S",2,format_all_caps_legacy,
8197,"WITHORN, A",2,format_all_caps_legacy,
8203,"ABBOTT, E",2,format_all_caps_legacy,
8208,"AKHURST, CR",2,format_all_caps_legacy,
8211,"ANDERSON, CW",2,format_all_caps_legacy,
8217,"BETTEN, N",2,format_all_caps_legacy,
8220,"EDSON, JB",2,format_all_caps_legacy,
8230,"SPLAVER, G",2,format_all_caps_legacy,
8235,"BESSELL, R",2,format_all_caps_legacy,
8253,"BREARLEY, JM",2,format_all_caps_legacy,
8258,"BROWN, EG",2,format_all_caps_legacy,
8260,"BRULL, HF",2,format_all_caps_legacy,
8266,"BUTLER, EM",2,format_all_caps_legacy,
8270,"CARROLL, NK",2,format_all_caps_legacy,
8278,"CHOUGH, SK",2,format_all_caps_legacy,
8280,"CLABURN, WE",2,format_all_caps_legacy,
8295,"DALE, J",2,format_all_caps_legacy,
8301,"DESHPANDE, SH",2,format_all_caps_legacy,
8305,"ELLIS, J",2,format_all_caps_legacy,
8309,"EVERITT, A",2,format_all_caps_legacy,
8317,"FESTINGER, TB",2,format_all_caps_legacy,
8324,"FOX, V",2,format_all_caps_legacy,
8327,"FULLER, TK",2,format_all_caps_legacy,
8328,"GABBITAS, E",2,format_all_caps_legacy,
8329,"GABRIEL, E",2,format_all_caps_legacy,
8343,"SCHUTZ, ML",2,format_all_caps_legacy,
8345,"GREEN, M",2,format_all_caps_legacy,
8346,"GRIFFIN, ML",2,format_all_caps_legacy,
8355,"HAEUSER, AA",2,format_all_caps_legacy,
8359,"HARRIS, C",2,format_all_caps_legacy,
8361,"HARRIS, LH",2,format_all_caps_legacy,
8366,"HOCHBERG, L",2,format_all_caps_legacy,
8371,"HUTCHINS, TK",2,format_all_caps_legacy,
8382,"JORAPUR, PB",2,format_all_caps_legacy,
8383,"KAPLAN, MA",2,format_all_caps_legacy,
8390,"KETCHAM, OW",2,format_all_caps_legacy,
8407,"LEIBOWITZ, M",2,format_all_caps_legacy,
8409,"LESOFF, R",2,format_all_caps_legacy,
8411,"LEVINSON, HC",2,format_all_caps_legacy,
8415,"LOCKLEAR, HH",2,format_all_caps_legacy,
8421,"MACDONALD, M",2,format_all_caps_legacy,
8443,"MICHAELS, DM",2,format_all_caps_legacy,
8449,"MINOR, JD",2,format_all_caps_legacy,
8455,"MURTHY, BS",2,format_all_caps_legacy,
8474,"AHMAD, N",2,format_all_caps_legacy,
8485,"PUESCHEL, SM",2,format_all_caps_legacy,
8489,"RABICHOW, HG",2,format_all_caps_legacy,
8490,"RADOV, CG",2,format_all_caps_legacy,
8493,"RANSOHOFF, R",2,format_all_caps_legacy,
8508,"CAYNER, JJ",2,format_all_caps_legacy,
8509,"ROSEN, WB",2,format_all_caps_legacy,
8517,"SATHYAVATHI, K",2,format_all_caps_legacy,
8519,"SCHILLING, R",2,format_all_caps_legacy,
8521,"SCHRAM, S",2,format_all_caps_legacy,
8525,"SCOTCH, CB",2,format_all_caps_legacy,
8536,"SNYDER, V",2,format_all_caps_legacy,
8537,"SORTER, D",2,format_all_caps_legacy,
8559,"THOMPSON, K",2,format_all_caps_legacy,
8575,"WALKER, CW",2,format_all_caps_legacy,
8586,"MILLER, PM",2,format_all_caps_legacy,
8587,"WHELAN, E",2,format_all_caps_legacy,
8588,"WHITAKER, DS",2,format_all_caps_legacy,
8597,"LEWIS, CP",2,format_all_caps_legacy,
8602,"PEDI, SJ",2,format_all_caps_legacy,
8618,"AGUILAR, I",2,format_all_caps_legacy,
8631,"BARAN, A",2,format_all_caps_legacy,
8633,"SOROSKY, AD",2,format_all_caps_legacy,
8643,"BERG, LK",2,format_all_caps_legacy,
8645,"YOUNG, A",2,format_all_caps_legacy,
8646,"BERMAN, SP",2,format_all_caps_legacy,
8655,"BROWN, HF",2,format_all_caps_legacy,
8659,"BUTRYM, ZT",2,format_all_caps_legacy,
8672,"CRANE, J",2,format_all_caps_legacy,
8683,"DESHPANDE, CD",2,format_all_caps_legacy,
8686,"DOBELSTEIN, AW",2,format_all_caps_legacy,
8691,"DSOUZA, VS",2,format_all_caps_legacy,
8695,"DURMAN, EC",2,format_all_caps_legacy,
8711,"FOGEL, D",2,format_all_caps_legacy,
8719,"FREESTON, B",2,format_all_caps_legacy,
8723,"GITLIN, P",2,format_all_caps_legacy,
8729,"GORDON, AL",2,format_all_caps_legacy,
8735,"HACKLER, JC",2,format_all_caps_legacy,
8742,"HAYES, J",2,format_all_caps_legacy,
8743,"HAYES, LS",2,format_all_caps_legacy,
8747,"HESKETH, JL",2,format_all_caps_legacy,
8748,"HIMMELFARB, C",2,format_all_caps_legacy,
8762,"JORGENSEN, LAB",2,format_all_caps_legacy,
8768,"KAUFMAN, M",2,format_all_caps_legacy,
8772,"KEVE, PW",2,format_all_caps_legacy,
8775,"STERNE, R",2,format_all_caps_legacy,
8782,"KOGUT, A",2,format_all_caps_legacy,
8786,"KULKARNI, A",2,format_all_caps_legacy,
8791,"LEVINE, RS",2,format_all_caps_legacy,
8798,"MAHAFFEY, M",2,format_all_caps_legacy,
8801,"MARINE, E",2,format_all_caps_legacy,
8802,"MAYER, J",2,format_all_caps_legacy,
8815,"MONGER, M",2,format_all_caps_legacy,
8821,"NORTH, M",2,format_all_caps_legacy,
8836,"PROTESS, DL",2,format_all_caps_legacy,
8846,"KLASS, SB",2,format_all_caps_legacy,
8849,"ROMNEY, LS",2,format_all_caps_legacy,
8852,"ROWE, DC",2,format_all_caps_legacy,
8859,"SALINAS, JE",2,format_all_caps_legacy,
8881,"SMITH, EA",2,format_all_caps_legacy,
8885,"SOKOL, B",2,format_all_caps_legacy,
8890,"SWACK, LG",2,format_all_caps_legacy,
8901,"TREGER, H",2,format_all_caps_legacy,
8919,"WEISS, M",2,format_all_caps_legacy,
8929,"ZIETZ, D",2,format_all_caps_legacy,
8936,"BALDWIN, B",2,format_all_caps_legacy,
8941,"BENNETT, IB",2,format_all_caps_legacy,
8950,"BOETTCHER, RE",2,format_all_caps_legacy,
8962,"BURNETT, M",2,format_all_caps_legacy,
8966,"CARTER, BD",2,format_all_caps_legacy,
8980,"FISHER, LD",2,format_all_caps_legacy,
8985,"FOX, A",2,format_all_caps_legacy,
8993,"GOEKE, JC",2,format_all_caps_legacy,
9003,"BRADLEY, AK",2,format_all_caps_legacy,
9014,"JACKMAN, R",2,format_all_caps_legacy,
9015,"JAFFEE, B",2,format_all_caps_legacy,
9024,"WESTON, HB",2,format_all_caps_legacy,
9029,"KORBELIK, KH",2,format_all_caps_legacy,
9034,"LARSEN, BW",2,format_all_caps_legacy,
9035,"LEBEDUN, M",2,format_all_caps_legacy,
9044,"MAHONEY, K",2,format_all_caps_legacy,
9045,"MAHONEY, MJ",2,format_all_caps_legacy,
9047,"MALDONADO, D",2,format_all_caps_legacy,
9056,"MILLER, SI",2,format_all_caps_legacy,
9075,"PICTON, C",2,format_all_caps_legacy,
9087,"SANDERS, G",2,format_all_caps_legacy,
9091,"SCHREIBER, M",2,format_all_caps_legacy,
9092,"SENG, M",2,format_all_caps_legacy,
9101,"SOLOMON, JR",2,format_all_caps_legacy,
9108,"STRETCH, J",2,format_all_caps_legacy,
9111,"TALBOT, P",2,format_all_caps_legacy,
9121,"TRACY, JJ",2,format_all_caps_legacy,
9123,"CLARK, EH",2,format_all_caps_legacy,
9140,"WILSON, P",2,format_all_caps_legacy,
9141,"WISEMAN, M",2,format_all_caps_legacy,
9145,"WOLFE, CH",2,format_all_caps_legacy,
9147,"WOODROOFE, K",2,format_all_caps_legacy,
9148,"WOODS, TL",2,format_all_caps_legacy,
9152,"ZWICK, ML",2,format_all_caps_legacy,
9155,"ALDERSON, J",2,format_all_caps_legacy,
9156,"ALT, E",2,format_all_caps_legacy,
9169,"BLONSKY, LE",2,format_all_caps_legacy,
9177,"BROWN, AG",2,format_all_caps_legacy,
9184,"CHAFETZ, JS",2,format_all_caps_legacy,
9195,"CLIFFORD, G",2,format_all_caps_legacy,
9196,"ODIN, K",2,format_all_caps_legacy,
9203,"CRAIGEN, JE",2,format_all_caps_legacy,
9217,"GAREFFA, DN",2,format_all_caps_legacy,
9218,"NEFF, SA",2,format_all_caps_legacy,
9221,"BROWN, C",2,format_all_caps_legacy,
9222,"GLAZER, N",2,format_all_caps_legacy,
9228,"GREENBERG, M",2,format_all_caps_legacy,
9230,"GROW, LJ",2,format_all_caps_legacy,
9233,"HARPER, MJR",2,format_all_caps_legacy,
9234,"HAUSMAN, M",2,format_all_caps_legacy,
9237,"HERRICK, JE",2,format_all_caps_legacy,
9251,"JONES, CJ",2,format_all_caps_legacy,
9261,"GREENLEY, JR",2,format_all_caps_legacy,
9265,"KURLAND, PB",2,format_all_caps_legacy,
9268,"LINDBECK, VL",2,format_all_caps_legacy,
9270,"LODGE, R",2,format_all_caps_legacy,
9272,"MARLOW, WD",2,format_all_caps_legacy,
9277,"ROONEY, HL",2,format_all_caps_legacy,
9278,"MARGOLIN, MH",2,format_all_caps_legacy,
9279,"GOLDMAN, S",2,format_all_caps_legacy,
9286,"MOFFETT, AD",2,format_all_caps_legacy,
9289,"MOGULOF, M",2,format_all_caps_legacy,
9293,"MORALES, J",2,format_all_caps_legacy,
9297,"MURRAY, L",2,format_all_caps_legacy,
9307,"PAYNE, JE",2,format_all_caps_legacy,
9312,"POLLOCK, GH",2,format_all_caps_legacy,
9314,"BERGER, M",2,format_all_caps_legacy,
9359,"TILLEY, M",2,format_all_caps_legacy,
9361,"TORRES, I",2,format_all_caps_legacy,
9379,"WEISS, CH",2,format_all_caps_legacy,
9393,"ANDERSON, DJ",2,format_all_caps_legacy,
9407,"BERMAN, GS",2,format_all_caps_legacy,
9410,"BLAKE, W",2,format_all_caps_legacy,
9428,"BUTLER, E",2,format_all_caps_legacy,
9456,"DRUCKER, R",2,format_all_caps_legacy,
9460,"EASTMAN, PC",2,format_all_caps_legacy,
9470,"FISHER, MA",2,format_all_caps_legacy,
9475,"FREY, NC",2,format_all_caps_legacy,
9479,"GARBER, R",2,format_all_caps_legacy,
9483,"GAZAWAY, DM",2,format_all_caps_legacy,
9497,"NEE, R",2,format_all_caps_legacy,
9520,"JOEL, S",2,format_all_caps_legacy,
9541,"LEE, LK",2,format_all_caps_legacy,
9542,"LYDEN, FJ",2,format_all_caps_legacy,
9546,"LIDE, P",2,format_all_caps_legacy,
9549,"LONG, N",2,format_all_caps_legacy,
9551,"LOWENSTEIN, ER",2,format_all_caps_legacy,
9564,"MEEHAN, KM",2,format_all_caps_legacy,
9566,"MELLI, MS",2,format_all_caps_legacy,
9570,"BENSON, M",2,format_all_caps_legacy,
9574,"MILLER, WD",2,format_all_caps_legacy,
9586,"NURSE, J",2,format_all_caps_legacy,
9598,"PAYNE, CJ",2,format_all_caps_legacy,
9607,"PORTER, A",2,format_all_caps_legacy,
9612,"LAWSON, TR",2,format_all_caps_legacy,
9617,"ROBINSON, G",2,format_all_caps_legacy,
9639,"SIMOS, BG",2,format_all_caps_legacy,
9647,"STANLEY, JH",2,format_all_caps_legacy,
9648,"SUCHBAER, M",2,format_all_caps_legacy,
9671,"WILLIAMS, V",2,format_all_caps_legacy,
9697,"REVELL, R",2,format_all_caps_legacy,
9704,"KIRK, AB",2,format_all_caps_legacy,
9711,"BOWEN, DE",2,format_all_caps_legacy,
9717,"BROGAN, CL",2,format_all_caps_legacy,
9745,"DEYKIN, EY",2,format_all_caps_legacy,
9750,"DOUGLAS, RR",2,format_all_caps_legacy,
9760,"FARBER, A",2,format_all_caps_legacy,
9761,"FARRIS, LJ",2,format_all_caps_legacy,
9773,"FULLER, JS",2,format_all_caps_legacy,
9778,"GLASGOW, D",2,format_all_caps_legacy,
9779,"GLICK, FZ",2,format_all_caps_legacy,
9782,"GOLD, M",2,format_all_caps_legacy,
9789,"HALLOWITZ, E",2,format_all_caps_legacy,
9805,"JONES, K",2,format_all_caps_legacy,
9812,"KENNER, RW",2,format_all_caps_legacy,
9822,"KUNST, MS",2,format_all_caps_legacy,
9824,"LEIGH, JW",2,format_all_caps_legacy,
9833,"LUBIN, A",2,format_all_caps_legacy,
9839,"MALONEY, SE",2,format_all_caps_legacy,
9860,"PODELL, L",2,format_all_caps_legacy,
9862,"MONGE, RA",2,format_all_caps_legacy,
9868,"CHAZIN, RM",2,format_all_caps_legacy,
9883,"PAPO, BC",2,format_all_caps_legacy,
9899,"RAPHAEL, EE",2,format_all_caps_legacy,
9904,"ROBERTS, K",2,format_all_caps_legacy,
9906,"ROBINSON, HB",2,format_all_caps_legacy,
9907,"ROBINSON, NM",2,format_all_caps_legacy,
9909,"ROSE, J",2,format_all_caps_legacy,
9911,"ROTH, EF",2,format_all_caps_legacy,
9915,"RUIZ, R",2,format_all_caps_legacy,
9924,"LARSEN, C",2,format_all_caps_legacy,
9931,"SIDEL, R",2,format_all_caps_legacy,
9935,"SIMMONS, LC",2,format_all_caps_legacy,
9938,"SMITH, EM",2,format_all_caps_legacy,
9943,"STARK, J",2,format_all_caps_legacy,
9967,"WEISSMAN, H",2,format_all_caps_legacy,
9975,"WILLIAMS, MA",2,format_all_caps_legacy,
10009,"CHAMBERS, CD",2,format_all_caps_legacy,
10042,"FORMAN, M",2,format_all_caps_legacy,
10047,"GERSUNY, C",2,format_all_caps_legacy,
10052,"GOLBER, E",2,format_all_caps_legacy,
10054,"GOLNER, JH",2,format_all_caps_legacy,
10055,"GORDON, D",2,format_all_caps_legacy,
10068,"HARTMAN, CW",2,format_all_caps_legacy,
10075,"HUDSON, K",2,format_all_caps_legacy,
10095,"LINDEN, S",2,format_all_caps_legacy,
10109,"MCGOVERN, G",2,format_all_caps_legacy,
10134,"KIRGAN, D",2,format_all_caps_legacy,
10149,"SCOLES, P",2,format_all_caps_legacy,
10159,"SKLANSKY, M",2,format_all_caps_legacy,
10165,"SNELLING, JM",2,format_all_caps_legacy,
10173,"STPIERRE, CA",2,format_all_caps_legacy,
10181,"TITZL, MT",2,format_all_caps_legacy,
10186,"DAVIS, MS",2,format_all_caps_legacy,
10190,"WEBER, JR",2,format_all_caps_legacy,
10193,"WESTHUES, K",2,format_all_caps_legacy,
10197,"WILLIAMS, S",2,format_all_caps_legacy,
10198,"WILLNER, M",2,format_all_caps_legacy,
10215,"BLACKEY, E",2,format_all_caps_legacy,
10232,"DOWLING, JP",2,format_all_caps_legacy,
10238,"FRAZIER, TL",2,format_all_caps_legacy,
10240,"FUNNYE, C",2,format_all_caps_legacy,
10243,"GIBBONS, DC",2,format_all_caps_legacy,
10263,"LAMBERT, C",2,format_all_caps_legacy,
10265,"LANGER, MF",2,format_all_caps_legacy,
10266,"LEEDY, RW",2,format_all_caps_legacy,
10276,"WALZER, H",2,format_all_caps_legacy,
10277,"MILLER, DH",2,format_all_caps_legacy,
10280,"MOSTWIN, D",2,format_all_caps_legacy,
10294,"SEGAL, A",2,format_all_caps_legacy,
10309,"VARON, E",2,format_all_caps_legacy,
10310,"WADSWORTH, HG",2,format_all_caps_legacy,
10322,"BABCOCK, CG",2,format_all_caps_legacy,
10339,"CUNNINGHAM, MK",2,format_all_caps_legacy,
10346,"EISMAN, M",2,format_all_caps_legacy,
10349,"FLOMENHAFT, K",2,format_all_caps_legacy,
10357,"GIFFORD, CG",2,format_all_caps_legacy,
10372,"LEVENSTEIN, S",2,format_all_caps_legacy,
10376,"MANGANO, AF",2,format_all_caps_legacy,
10380,"MORALES, JA",2,format_all_caps_legacy,
10381,"PHILPOTT, T",2,format_all_caps_legacy,
10392,"ROSENTHAL, D",2,format_all_caps_legacy,
10409,"SUSSMAN, MB",2,format_all_caps_legacy,
10411,"TREANOR, PJ",2,format_all_caps_legacy,
10419,"ZWEIG, FM",2,format_all_caps_legacy,
10425,"AUGENBRAUN, B",2,format_all_caps_legacy,
10429,"BANES, L",2,format_all_caps_legacy,
10440,"BUTTENWIESER, HL",2,format_all_caps_legacy,
10441,"DUEHN, WD",2,format_all_caps_legacy,
10442,"CASPER, G",2,format_all_caps_legacy,
10448,"DUNKEL, ML",2,format_all_caps_legacy,
10454,"FELLNER, IW",2,format_all_caps_legacy,
10461,"HOBBS, DF",2,format_all_caps_legacy,
10480,"NAPARSTEK, AJ",2,format_all_caps_legacy,
10491,"REECE, SA",2,format_all_caps_legacy,
10492,"LEVIN, B",2,format_all_caps_legacy,
10497,"SCHULTZ, L",2,format_all_caps_legacy,
10503,"STERN, H",2,format_all_caps_legacy,
10512,"VORWALLER, DJ",2,format_all_caps_legacy,
10517,"WU, YC",2,format_all_caps_legacy,
10519,"APAKA, TK",2,format_all_caps_legacy,
10524,"ATKESON, P",2,format_all_caps_legacy,
10532,"BOYER, SL",2,format_all_caps_legacy,
10539,"BURKE, EM",2,format_all_caps_legacy,
10541,"CHETKOW, BH",2,format_all_caps_legacy,
10556,"GREENBLATT, S",2,format_all_caps_legacy,
10557,"HARTMAN, NM",2,format_all_caps_legacy,
10559,"HERON, JP",2,format_all_caps_legacy,
10563,"JACOB, MI",2,format_all_caps_legacy,
10564,"JACOBUCCI, L",2,format_all_caps_legacy,
10577,"LIEBERMAN, L",2,format_all_caps_legacy,
10579,"LUCAS, L",2,format_all_caps_legacy,
10585,"MARTIN, WA",2,format_all_caps_legacy,
10599,"NORTON, NM",2,format_all_caps_legacy,
10607,"PREUCIL, CH",2,format_all_caps_legacy,
10611,"ROWEN, RB",2,format_all_caps_legacy,
10619,"SHANAS, E",2,format_all_caps_legacy,
10624,"SWELL, L",2,format_all_caps_legacy,
10630,"WARREN, RL",2,format_all_caps_legacy,
10633,"WHITMAN, PS",2,format_all_caps_legacy,
10636,"YOUNG, WM",2,format_all_caps_legacy,
10645,"ASKEY, LS",2,format_all_caps_legacy,
10646,"BALDWIN, DS",2,format_all_caps_legacy,
10653,"BRENZ, M",2,format_all_caps_legacy,
10666,"DOVERMAN, M",2,format_all_caps_legacy,
10668,"FINCK, GH",2,format_all_caps_legacy,
10670,"FOSTER, J",2,format_all_caps_legacy,
10678,"GRANGER, LB",2,format_all_caps_legacy,
10689,"HYDE, L",2,format_all_caps_legacy,
10696,"KELLEY, J",2,format_all_caps_legacy,
10700,"LEVINSON, P",2,format_all_caps_legacy,
10708,"MATTICK, HW",2,format_all_caps_legacy,
10710,"MEIKLEJOHN, D",2,format_all_caps_legacy,
10717,"NICHOLLS, GK",2,format_all_caps_legacy,
10728,"RAWITSCHER, A",2,format_all_caps_legacy,
10737,"SCHUERMAN, J",2,format_all_caps_legacy,
10739,"SHADER, RI",2,format_all_caps_legacy,
10753,"RILEY, DP",2,format_all_caps_legacy,
10765,"WILCOX, PR",2,format_all_caps_legacy,
10769,"ADESSA, S",2,format_all_caps_legacy,
10774,"BECK, FC",2,format_all_caps_legacy,
10779,"BERNARD, J",2,format_all_caps_legacy,
10783,"BOARDMAN, HE",2,format_all_caps_legacy,
10791,"DANSTEDT, RT",2,format_all_caps_legacy,
10798,"FREEMAN, D",2,format_all_caps_legacy,
10800,"FREEMAN, HE",2,format_all_caps_legacy,
10801,"FRICKE, H",2,format_all_caps_legacy,
10802,"GOLDEN, J",2,format_all_caps_legacy,
10808,"JACKSON, DD",2,format_all_caps_legacy,
10819,"KORNER, AF",2,format_all_caps_legacy,
10824,"MACKAY, JR",2,format_all_caps_legacy,
10828,"MCGRIFF, D",2,format_all_caps_legacy,
10830,"MOWAT, CL",2,format_all_caps_legacy,
10845,"SAVARD, RJ",2,format_all_caps_legacy,
10864,"WITMER, HL",2,format_all_caps_legacy,
10885,"CHWAST, J",2,format_all_caps_legacy,
10887,"CURTI, M",2,format_all_caps_legacy,
10888,"DAVID, P",2,format_all_caps_legacy,
10894,"FASSLER, L",2,format_all_caps_legacy,
10896,"FOGELSON, FB",2,format_all_caps_legacy,
10902,"HEFFERNAN, WJ",2,format_all_caps_legacy,
10911,"KLEBANER, BJ",2,format_all_caps_legacy,
10912,"KRISBERG, J",2,format_all_caps_legacy,
10914,"LARKIN, KO",2,format_all_caps_legacy,
10918,"NORTHWOOD, LK",2,format_all_caps_legacy,
10934,"REYNOLDS, BC",2,format_all_caps_legacy,
10940,"SCHULTZ, TW",2,format_all_caps_legacy,
10942,"SCOTCH, B",2,format_all_caps_legacy,
10947,"STRINGER, LA",2,format_all_caps_legacy,
10963,"WORTIS, H",2,format_all_caps_legacy,
10967,"ALLEN, FA",2,format_all_caps_legacy,
10970,"BEYRER, JB",2,format_all_caps_legacy,
10971,"BLOCH, HA",2,format_all_caps_legacy,
10975,"BUELL, B",2,format_all_caps_legacy,
10976,"BUTLER, RM",2,format_all_caps_legacy,
10980,"COOPER, R",2,format_all_caps_legacy,
10999,"LASORTE, MA",2,format_all_caps_legacy,
11007,"HARWARD, N",2,format_all_caps_legacy,
11012,"KITANO, HHL",2,format_all_caps_legacy,
11023,"SMITSON, WS",2,format_all_caps_legacy,
11025,"OLDS, VM",2,format_all_caps_legacy,
11039,"SAMPLE, W",2,format_all_caps_legacy,
11050,"WEBER, AR",2,format_all_caps_legacy,
11063,"BECK, WE",2,format_all_caps_legacy,
11064,"BISHOP, HC",2,format_all_caps_legacy,
11074,"BUCKMAN, R",2,format_all_caps_legacy,
11107,"KNEE, R",2,format_all_caps_legacy,
11114,"LICHTER, SO",2,format_all_caps_legacy,
11118,"MANNING, SW",2,format_all_caps_legacy,
11120,"MARKOWITZ, J",2,format_all_caps_legacy,
11125,"MURRAY, C",2,format_all_caps_legacy,
11126,"NATHANSON, T",2,format_all_caps_legacy,
11132,"OETTINGER, KB",2,format_all_caps_legacy,
11133,"OSTROWER, R",2,format_all_caps_legacy,
11134,"PARKER, EB",2,format_all_caps_legacy,
11143,"SANDERS, I",2,format_all_caps_legacy,
11148,"SHARKEY, HB",2,format_all_caps_legacy,
11152,"SMITH, LB",2,format_all_caps_legacy,
11156,"STROUP, H",2,format_all_caps_legacy,
11158,"TEETERS, NK",2,format_all_caps_legacy,
11161,"TORGERSON, FG",2,format_all_caps_legacy,
11189,"COUGHLIN, B",2,format_all_caps_legacy,
11192,"DANIEL, RW",2,format_all_caps_legacy,
11208,"HANDEL, G",2,format_all_caps_legacy,
11210,"HOFF, IS",2,format_all_caps_legacy,
11230,"WASSERMAN, S",2,format_all_caps_legacy,
11234,"MCDONALD, E",2,format_all_caps_legacy,
11240,"PALMER, BB",2,format_all_caps_legacy,
11246,"ROPCHAN, A",2,format_all_caps_legacy,
11253,"STERNAU, AI",2,format_all_caps_legacy,
11265,"WALLACE, BC",2,format_all_caps_legacy,
11273,"WYLLIE, IG",2,format_all_caps_legacy,
11278,"ASTRO, S",2,format_all_caps_legacy,
11286,"BUCKMAN, RO",2,format_all_caps_legacy,
11295,"FISHER, BC",2,format_all_caps_legacy,
11302,"GINOTT, HG",2,format_all_caps_legacy,
11316,"JOHNSON, EI",2,format_all_caps_legacy,
11329,"LINDENFIELD, R",2,format_all_caps_legacy,
11346,"CAPLAN, G",2,format_all_caps_legacy,
11350,"PHILLIPS, DC",2,format_all_caps_legacy,
11355,"ROSS, B",2,format_all_caps_legacy,
11361,"SHOLTIS, H",2,format_all_caps_legacy,
11362,"SIKKEMA, M",2,format_all_caps_legacy,
11363,"SHAPIRO, S",2,format_all_caps_legacy,
11368,"SLEAR, MG",2,format_all_caps_legacy,
11369,"SMALLEY, RE",2,format_all_caps_legacy,
11372,"SOMERS, AR",2,format_all_caps_legacy,
11377,"TAYLOR, RK",2,format_all_caps_legacy,
11384,"WALKER, DR",2,format_all_caps_legacy,
11395,"BALLARD, JH",2,format_all_caps_legacy,
11400,"COCKERILL, E",2,format_all_caps_legacy,
11401,"CURRY, AE",2,format_all_caps_legacy,
11405,"AYRES, B",2,format_all_caps_legacy,
11407,"GOLDSMITH, AO",2,format_all_caps_legacy,
11410,"HAGBERG, K",2,format_all_caps_legacy,
11416,"JOHNSON, DM",2,format_all_caps_legacy,
11417,"JUDGE, JG",2,format_all_caps_legacy,
11421,"KUTNER, B",2,format_all_caps_legacy,
11426,"LYNDON, BH",2,format_all_caps_legacy,
11427,"MACLAURIN, H",2,format_all_caps_legacy,
11429,"MUDGETT, MH",2,format_all_caps_legacy,
11431,"MILLER, WB",2,format_all_caps_legacy,
11444,"ROSTAS, I",2,format_all_caps_legacy,
11445,"SANDI, PL",2,format_all_caps_legacy,
11455,"BERKMAN, VC",2,format_all_caps_legacy,
11461,"WITTE, EF",2,format_all_caps_legacy,
11464,"ANDRIOLA, J",2,format_all_caps_legacy,
11476,"DILLICK, S",2,format_all_caps_legacy,
11504,"KAISER, CA",2,format_all_caps_legacy,
11507,"KORET, S",2,format_all_caps_legacy,
11515,"MCMILLEN, W",2,format_all_caps_legacy,
11530,"SOLENDER, S",2,format_all_caps_legacy,
11538,"WALKER, W",2,format_all_caps_legacy,
11552,"ALTMEYER, JR",2,format_all_caps_legacy,
11556,"BIERMAN, P",2,format_all_caps_legacy,
11575,"GOLLER, G",2,format_all_caps_legacy,
11598,"MCGUIRE, F",2,format_all_caps_legacy,
11602,"MITCHELL, GW",2,format_all_caps_legacy,
11605,"NICHOLS, MS",2,format_all_caps_legacy,
11613,"RICHMOND, JB",2,format_all_caps_legacy,
11617,"ROSEN, T",2,format_all_caps_legacy,
11622,"SIEGEL, D",2,format_all_caps_legacy,
11626,"STREET, E",2,format_all_caps_legacy,
11631,"WALLACE, DL",2,format_all_caps_legacy,
11632,"WALLACE, M",2,format_all_caps_legacy,
11671,"GARRETT, A",2,format_all_caps_legacy,
11684,"HURWITZ, JI",2,format_all_caps_legacy,
11692,"LERNER, M",2,format_all_caps_legacy,
11701,"MICHAELS, R",2,format_all_caps_legacy,
11712,"POLIER, JW",2,format_all_caps_legacy,
11721,"SILVERSTEIN, M",2,format_all_caps_legacy,
11722,"SIMON, AJ",2,format_all_caps_legacy,
11723,"SOULE, TH",2,format_all_caps_legacy,
20091,"SHEMMINGS, D",2,format_all_caps_legacy,
20097,"ATKINSON, VL",2,format_all_caps_legacy,
20104,"FALCK, RS",2,format_all_caps_legacy,
20106,"CARLSON, RG",2,format_all_caps_legacy,
20116,"ORLANDO, BP",2,format_all_caps_legacy,
20118,"RAUBE, K",2,format_all_caps_legacy,
20125,"OVERSTREET, EJ",2,format_all_caps_legacy,
20127,"CHENG, LC",2,format_all_caps_legacy,
20128,"GOGINENI, A",2,format_all_caps_legacy,
20138,"SPICKARD, PR",2,format_all_caps_legacy,
20156,"ALEXANDER, CL",2,format_all_caps_legacy,
20157,"ROBERTS, EM",2,format_all_caps_legacy,
20171,"HOLMES, TR",2,format_all_caps_legacy,
20175,"KRUK, E",2,format_all_caps_legacy,
20177,"DIXON, DR",2,format_all_caps_legacy,
20185,"DEVITO, J",2,format_all_caps_legacy,
20198,"OWUSUBEMPAH, J",2,format_all_caps_legacy,
20206,"BATH, HI",2,format_all_caps_legacy,
20207,"HAAPALA, DA",2,format_all_caps_legacy,
20215,"GEHLERT, S",2,format_all_caps_legacy,
20217,"GLENDENNING, F",2,format_all_caps_legacy,
20218,"GOLDNER, R",2,format_all_caps_legacy,
20235,"ROTHMAN, LJ",2,format_all_caps_legacy,
20248,"DORFMAN, RA",2,format_all_caps_legacy,
20253,"MATTHIAS, RE",2,format_all_caps_legacy,
20258,"QUITKIN, E",2,format_all_caps_legacy,
20261,"SHARMA, SB",2,format_all_caps_legacy,
20262,"ELKINS, D",2,format_all_caps_legacy,
20263,"VANSICKLE, A",2,format_all_caps_legacy,
20265,"THRASHER, SP",2,format_all_caps_legacy,
20266,"BARTON, TR",2,format_all_caps_legacy,
20270,"DZIEGIELEWSKA, J",2,format_all_caps_legacy,
20284,"GRIMWOOD, C",2,format_all_caps_legacy,
20297,"AMADO, AN",2,format_all_caps_legacy,
20300,"MICHALSKI, JH",2,format_all_caps_legacy,
20301,"RAPHAEL, D",2,format_all_caps_legacy,
20302,"ROBERTS, R",2,format_all_caps_legacy,
20312,"ALSUP, R",2,format_all_caps_legacy,
20318,"HALTER, A",2,format_all_caps_legacy,
20321,"HOLMES, G",2,format_all_caps_legacy,
20323,"HININGS, D",2,format_all_caps_legacy,
20356,"CHRISTOPHERSON, PM",2,format_all_caps_legacy,
20365,"HAMILTON, B",2,format_all_caps_legacy,
20368,"GROZE, VK",2,format_all_caps_legacy,
20384,"ZURAVIN, S",2,format_all_caps_legacy,
20385,"ARNOLD, J",2,format_all_caps_legacy,
20386,"BRANTLEY, D",2,format_all_caps_legacy,
20399,"NELLIS, M",2,format_all_caps_legacy,
20400,"COX, CE",2,format_all_caps_legacy,
20410,"COMINGS, DE",2,format_all_caps_legacy,
20411,"COMINGS, BG",2,format_all_caps_legacy,
20433,"BARTFELD, J",2,format_all_caps_legacy,
20442,"GUY, P",2,format_all_caps_legacy,
20453,"MELLOR, J",2,format_all_caps_legacy,
20455,"RANDALL, EJ",2,format_all_caps_legacy,
20461,"FALLON, BJ",2,format_all_caps_legacy,
20462,"BROWNE, C",2,format_all_caps_legacy,
20465,"CASTEX, GM",2,format_all_caps_legacy,
20470,"PEARSON, V",2,format_all_caps_legacy,
20486,"COOPER, DT",2,format_all_caps_legacy,
20490,"GUPTA, RK",2,format_all_caps_legacy,
20496,"MAHAJAN, V",2,format_all_caps_legacy,
20500,"SCHINKE, S",2,format_all_caps_legacy,
20508,"WILNER, ME",2,format_all_caps_legacy,
20527,"KOESKE, RD",2,format_all_caps_legacy,
20534,"RAMSDELL, ER",2,format_all_caps_legacy,
20559,"ALBERT, R",2,format_all_caps_legacy,
20564,"AU, CF",2,format_all_caps_legacy,
20573,"BRACY, HL",2,format_all_caps_legacy,
20574,"BRATTON, LB",2,format_all_caps_legacy,
20600,"MCCALLUM, J",2,format_all_caps_legacy,
20604,"RYCRAFT, JR",2,format_all_caps_legacy,
26980,"FRANS, D",2,format_all_caps_legacy,
26989,"BENNETT, LW",2,format_all_caps_legacy,
26996,"DEJONG, P",2,format_all_caps_legacy,
26998,"FOLEY, JW",2,format_all_caps_legacy,
27002,"HARRIS, AP",2,format_all_caps_legacy,
27021,"BOSWELL, G",2,format_all_caps_legacy,
27093,"CUSHMAN, LF",2,format_all_caps_legacy,
27095,"NAMEROW, PB",2,format_all_caps_legacy,
27113,"EDLEFSEN, M",2,format_all_caps_legacy,
27114,"BAIRD, M",2,format_all_caps_legacy,
27131,"HEATH, DT",2,format_all_caps_legacy,
27132,"MCKENRY, PC",2,format_all_caps_legacy,
27135,"HIDALGO, H",2,format_all_caps_legacy,
27142,"JACOBSON, S",2,format_all_caps_legacy,
27148,"KIRBY, NJ",2,format_all_caps_legacy,
27153,"LERER, G",2,format_all_caps_legacy,
27169,"NEWCOMB, PR",2,format_all_caps_legacy,
27177,"NELSONZLUPKO, L",2,format_all_caps_legacy,
27178,"KAUFFMAN, E",2,format_all_caps_legacy,
27211,"CHRIST, G",2,format_all_caps_legacy,
27236,"ZIESEMER, C",2,format_all_caps_legacy,
27237,"MARCOUX, L",2,format_all_caps_legacy,
27238,"MARWELL, BE",2,format_all_caps_legacy,
27242,"COWLEY, ADS",2,format_all_caps_legacy,
27266,"HOLMES, GE",2,format_all_caps_legacy,
27270,"MCPHATTEL, A",2,format_all_caps_legacy,
27332,"COOPER, H",2,format_all_caps_legacy,
27358,"LEVINE, DL",2,format_all_caps_legacy,
27375,"TAYLOR, R",2,format_all_caps_legacy,
27421,"WEINSTEIN, DL",2,format_all_caps_legacy,
27424,"SHACHTER, E",2,format_all_caps_legacy,
27465,"ELIASOPH, E",2,format_all_caps_legacy,
49465,"MELENDEZ, MP",2,format_all_caps_legacy,
49476,"SCULLION, T",2,format_all_caps_legacy,
49480,"JOHNSON, IM",2,format_all_caps_legacy,
49489,"LUCCO, AA",2,format_all_caps_legacy,
49491,"SMITH, MK",2,format_all_caps_legacy,
49494,"RICHARDSON, RA",2,format_all_caps_legacy,
49512,"BROOKINGS, JB",2,format_all_caps_legacy,
49517,"DELUCA, RV",2,format_all_caps_legacy,
49519,"BERNIER, JC",2,format_all_caps_legacy,
49529,"MENNEN, FE",2,format_all_caps_legacy,
49532,"SZABO, AG",2,format_all_caps_legacy,
49537,"WILLIAMS, BL",2,format_all_caps_legacy,
49544,"WOODY, JD",2,format_all_caps_legacy,
49550,"BAUER, JW",2,format_all_caps_legacy,
49561,"TRAD, PV",2,format_all_caps_legacy,
49589,"BOWMAN, T",2,format_all_caps_legacy,
49595,"CULOTTI, M",2,format_all_caps_legacy,
49596,"SQUIRE, M",2,format_all_caps_legacy,
49600,"MACKS, J",2,format_all_caps_legacy,
49603,"STROBINO, J",2,format_all_caps_legacy,
49624,"HINES, PM",2,format_all_caps_legacy,
49625,"GARCIAPRETO, N",2,format_all_caps_legacy,
49642,"BROWN, G",2,format_all_caps_legacy,
49657,"WHITSETT, D",2,format_all_caps_legacy,
49663,"LOCKHART, LL",2,format_all_caps_legacy,
49674,"COOPERMAN, A",2,format_all_caps_legacy,
49680,"STAFF, I",2,format_all_caps_legacy,
49685,"PAQUIN, GW",2,format_all_caps_legacy,
49698,"MARX, F",2,format_all_caps_legacy,
49699,"RUBENSTEIN, E",2,format_all_caps_legacy,
49716,"WALTMAN, GH",2,format_all_caps_legacy,
49721,"PERLMUTTER, MS",2,format_all_caps_legacy,
49771,"DAUGHERTY, WK",2,format_all_caps_legacy,
49786,"KILDUFF, M",2,format_all_caps_legacy,
49938,"GULLERUD, EN",2,format_all_caps_legacy,
85233,KUMARAPPA J.,2,format_all_caps_legacy,
85250,MATTHEW A.,2,format_all_caps_legacy,
90910,ZVOMUYA W.,2,format_all_caps_legacy,
92555,"COMBSORME, TD",2,format_all_caps_legacy,
92568,"FINCH, SJ",2,format_all_caps_legacy,
92585,"MEMMOTT, J",2,format_all_caps_legacy,
92617,"MEMMOTT, JL",2,format_all_caps_legacy,
93354,"RIGGS, RT",2,format_all_caps_legacy,
93358,"PERKINS, RA",2,format_all_caps_legacy,
93359,"EYSENCK, HJ",2,format_all_caps_legacy,
93365,"GANGER, R",2,format_all_caps_legacy,
93368,"WAGENFELD, MO",2,format_all_caps_legacy,
93371,"FUNT, IG",2,format_all_caps_legacy,
93377,"DAVIDSON, GF",2,format_all_caps_legacy,
93378,"HOUK, M",2,format_all_caps_legacy,
93400,"CORMICAN, JD",2,format_all_caps_legacy,
93404,"KOVAC, DC",2,format_all_caps_legacy,
93425,"MAXTED, MC",2,format_all_caps_legacy,
93461,"KERNS, E",2,format_all_caps_legacy,
93476,"CONRAD, GJ",2,format_all_caps_legacy,
93480,"GOMBERG, MR",2,format_all_caps_legacy,
93481,"GREEN, SL",2,format_all_caps_legacy,
93485,"KAPLAN, AH",2,format_all_caps_legacy,
93502,"KURAMOTO, FH",2,format_all_caps_legacy,
93514,"LEICHTER, E",2,format_all_caps_legacy,
93515,"LINDSAY, IB",2,format_all_caps_legacy,
93516,"ELLIS, BG",2,format_all_caps_legacy,
93517,"JOLESCH, M",2,format_all_caps_legacy,
93522,"BENJAMIN, A",2,format_all_caps_legacy,
93555,"URBANOWSKI, ML",2,format_all_caps_legacy,
93561,"SCHEIN, EB",2,format_all_caps_legacy,
93608,"MAGLIN, A",2,format_all_caps_legacy,
93615,"LIPSCOMB, NI",2,format_all_caps_legacy,
93618,"SIEGEL, N",2,format_all_caps_legacy,
93627,"SPRAFKIN, BR",2,format_all_caps_legacy,
93661,"SIEGLE, E",2,format_all_caps_legacy,
93698,"DALY, RM",2,format_all_caps_legacy,
93700,"GRANT, ML",2,format_all_caps_legacy,
93713,"ALT, H",2,format_all_caps_legacy,
93721,"FAUCETT, EC",2,format_all_caps_legacy,
93744,"ETZIONI, A",2,format_all_caps_legacy,
93758,"STRNAD, LJ",2,format_all_caps_legacy,
93762,"GREENE, EL",2,format_all_caps_legacy,
93766,"BONAN, AF",2,format_all_caps_legacy,
93767,"KAHN, JP",2,format_all_caps_legacy,
93797,"MOYNIHAN, SK",2,format_all_caps_legacy,
93802,"RUBIN, BS",2,format_all_caps_legacy,
93809,"COHEN, MG",2,format_all_caps_legacy,
93813,"COHEN, P",2,format_all_caps_legacy,
93835,"FAATZ, AJ",2,format_all_caps_legacy,
93849,"TRZCINSKI, JJ",2,format_all_caps_legacy,
93857,"GRANITE, U",2,format_all_caps_legacy,
93859,"ROSENBERG, BN",2,format_all_caps_legacy,
93863,"KELLER, GN",2,format_all_caps_legacy,
93865,"AGUIRRE, LR",2,format_all_caps_legacy,
93866,"BURKE, VM",2,format_all_caps_legacy,
93867,"REEVES, GD",2,format_all_caps_legacy,
93881,"FREUD, C",2,format_all_caps_legacy,
93920,"GELFAND, B",2,format_all_caps_legacy,
93942,"BLACKBURN, CW",2,format_all_caps_legacy,
93944,"AARONS, ZA",2,format_all_caps_legacy,
93984,"BARCLAY, LE",2,format_all_caps_legacy,
93991,"DENNIS, MA",2,format_all_caps_legacy,
94004,"KRAUSE, MS",2,format_all_caps_legacy,
94038,"FOY, E",2,format_all_caps_legacy,
94040,"SOLIS, F",2,format_all_caps_legacy,
94052,"MALONEY, E",2,format_all_caps_legacy,
94053,"FLECK, S",2,format_all_caps_legacy,
94054,"ITZIN, F",2,format_all_caps_legacy,
94069,"TUSZYNSKI, A",2,format_all_caps_legacy,
94081,"FLOREZ, J",2,format_all_caps_legacy,
94082,"SILVER, LB",2,format_all_caps_legacy,
94098,"THACKERAY, MG",2,format_all_caps_legacy,
94102,"FALSBERG, M",2,format_all_caps_legacy,
94131,"MARTENS, WM",2,format_all_caps_legacy,
94136,"NACKMAN, NS",2,format_all_caps_legacy,
94137,"VYAS, A",2,format_all_caps_legacy,
94141,"MCLANEY, MJ",2,format_all_caps_legacy,
94148,"WATSON, EL",2,format_all_caps_legacy,
94152,"EPSTEIN, DW",2,format_all_caps_legacy,
94155,"ZENTNER, EB",2,format_all_caps_legacy,
94162,"LIFSCHUTZ, JE",2,format_all_caps_legacy,
94166,"JANOWICZ, R",2,format_all_caps_legacy,
94191,"BROWN, HJ",2,format_all_caps_legacy,
94193,"THALE, T",2,format_all_caps_legacy,
94194,"MILLOY, M",2,format_all_caps_legacy,
94210,"DORPAT, TL",2,format_all_caps_legacy,
94221,"JENNINGS, DE",2,format_all_caps_legacy,
94244,"FOSTER, MG",2,format_all_caps_legacy,
94256,"FRENCH, B",2,format_all_caps_legacy,
94268,"STEIN, IM",2,format_all_caps_legacy,
94276,"LINDEN, ME",2,format_all_caps_legacy,
94278,"WALLACE, HM",2,format_all_caps_legacy,
94280,"DICK, K",2,format_all_caps_legacy,
94282,"JAHN, JA",2,format_all_caps_legacy,
94300,"MOREHOUSE, ER",2,format_all_caps_legacy,
94310,"KRUPP, G",2,format_all_caps_legacy,
94315,"ORTOF, SB",2,format_all_caps_legacy,
94327,"VESPER, S",2,format_all_caps_legacy,
94328,"HERTEL, FJ",2,format_all_caps_legacy,
94332,"RUSSELL, B",2,format_all_caps_legacy,
94341,"MINTON, E",2,format_all_caps_legacy,
94357,"LARSON, CC",2,format_all_caps_legacy,
94358,"GILBERTSON, DL",2,format_all_caps_legacy,
94367,"DESAIX, C",2,format_all_caps_legacy,
94389,"TROVATO, VW",2,format_all_caps_legacy,
94396,"ROMALIS, F",2,format_all_caps_legacy,
94397,"BALLARD, RG",2,format_all_caps_legacy,
94398,"WELSCH, EE",2,format_all_caps_legacy,
94422,"DAVIS, IP",2,format_all_caps_legacy,
94452,"MADER, E",2,format_all_caps_legacy,
94484,"DUCKWORTH, GL",2,format_all_caps_legacy,
94487,"YOUNG, LR",2,format_all_caps_legacy,
94511,"SCHWARTZBERG, B",2,format_all_caps_legacy,
94534,"LEMON, EC",2,format_all_caps_legacy,
94549,"MITCHELL, HE",2,format_all_caps_legacy,
94565,"BITTERMANN, CM",2,format_all_caps_legacy,
94605,"RYAN, FJ",2,format_all_caps_legacy,
94608,"FRINGS, J",2,format_all_caps_legacy,
94653,"NEUBAUER, PB",2,format_all_caps_legacy,
94656,"SHANNON, BE",2,format_all_caps_legacy,
94663,"STULBERG, B",2,format_all_caps_legacy,
94679,"LESLIE, GR",2,format_all_caps_legacy,
94700,"HAUFRECHT, B",2,format_all_caps_legacy,
94702,"MILLER, S",2,format_all_caps_legacy,
94730,"KOZIER, A",2,format_all_caps_legacy,
94759,"SIMCOX, BR",2,format_all_caps_legacy,
94911,"KALIK, LM",2,format_all_caps_legacy,
94914,"GULLOTTA, TP",2,format_all_caps_legacy,
94918,"CONRAD, AP",2,format_all_caps_legacy,
94929,"ZENTNER, M",2,format_all_caps_legacy,
94946,"PALMER, CE",2,format_all_caps_legacy,
94947,"KLASS, MD",2,format_all_caps_legacy,
94977,"STERNBERG, M",2,format_all_caps_legacy,
94999,"CASSETTY, J",2,format_all_caps_legacy,
95004,"RYAN, AS",2,format_all_caps_legacy,
95079,"FRIEDMAN, DH",2,format_all_caps_legacy,
95136,"CATE, RM",2,format_all_caps_legacy,
95152,"HOORWITZ, AN",2,format_all_caps_legacy,
95210,"BISHOP, G",2,format_all_caps_legacy,
127259,"HÄMÄLÄINEN, JUHA",2,format_all_caps_legacy,
2,"NUCCIO, K",1,format_all_caps_legacy,
7,"WHITE, DJ",1,format_all_caps_legacy,
9,"ABRAMS, R",1,format_all_caps_legacy,
21,"GHOSH, A",1,format_all_caps_legacy,
26,"GITTELSOHN, J",1,format_all_caps_legacy,
32,"KALYAN, M",1,format_all_caps_legacy,
33,"LEVY, QCA",1,format_all_caps_legacy,
36,"LIEBMANN, M",1,format_all_caps_legacy,
40,"NADAGOUDA, SG",1,format_all_caps_legacy,
48,"RAJAGOPAL, P",1,format_all_caps_legacy,
49,"MYREDDI, V",1,format_all_caps_legacy,
50,"PRAKASAM, BS",1,format_all_caps_legacy,
63,"HILL, B",1,format_all_caps_legacy,
68,"AHN, HN",1,format_all_caps_legacy,
79,"COLANGELO, CB",1,format_all_caps_legacy,
80,"COLBY, I",1,format_all_caps_legacy,
85,"EPSTEIN, BN",1,format_all_caps_legacy,
87,"DUBLIN, P",1,format_all_caps_legacy,
90,"EVANS, PM",1,format_all_caps_legacy,
100,"HANCOCK, TU",1,format_all_caps_legacy,
108,"YOUNG, D",1,format_all_caps_legacy,
133,"SMITH, WC",1,format_all_caps_legacy,
134,"PETERSON, VJ",1,format_all_caps_legacy,
146,"STAHL, E",1,format_all_caps_legacy,
149,"TIERNEY, J",1,format_all_caps_legacy,
153,"WEBBER, H",1,format_all_caps_legacy,
158,"ROLLINGS, J",1,format_all_caps_legacy,
161,"ROSS, MW",1,format_all_caps_legacy,
162,"WODAK, A",1,format_all_caps_legacy,
164,"GOLD, J",1,format_all_caps_legacy,
167,"COLLINGS, S",1,format_all_caps_legacy,
170,"LAMBERT, L",1,format_all_caps_legacy,
171,"BUIST, M",1,format_all_caps_legacy,
174,"LYON, K",1,format_all_caps_legacy,
178,"OSBORNE, SP",1,format_all_caps_legacy,
188,"BISSELL, HG",1,format_all_caps_legacy,
192,"EICHLER, M",1,format_all_caps_legacy,
193,"ELLIOT, N",1,format_all_caps_legacy,
196,"KOHN, A",1,format_all_caps_legacy,
198,"TURNBULL, J",1,format_all_caps_legacy,
199,"MONCHER, MS",1,format_all_caps_legacy,
203,"FOLARON, G",1,format_all_caps_legacy,
204,"JEFFERSON, AB",1,format_all_caps_legacy,
212,"KRISHNARAJ, M",1,format_all_caps_legacy,
213,"KUDCHEDKAR, S",1,format_all_caps_legacy,
224,"RAJAGOPALAN, M",1,format_all_caps_legacy,
225,"RAVINDRAN, K",1,format_all_caps_legacy,
226,"REDDY, GR",1,format_all_caps_legacy,
228,"MORRISON, B",1,format_all_caps_legacy,
229,"GREENBERG, R",1,format_all_caps_legacy,
233,"KOH, N",1,format_all_caps_legacy,
236,"ORLANDI, MA",1,format_all_caps_legacy,
238,"RUGG, DL",1,format_all_caps_legacy,
239,"DOUGLAS, KA",1,format_all_caps_legacy,
240,"SILVER, C",1,format_all_caps_legacy,
241,"SMITH, MF",1,format_all_caps_legacy,
243,"SREENIVASAN, S",1,format_all_caps_legacy,
244,"STANLEY, L",1,format_all_caps_legacy,
245,"WISE, S",1,format_all_caps_legacy,
246,"SUBADRA, N",1,format_all_caps_legacy,
247,"THOMPSON, MS",1,format_all_caps_legacy,
249,"WELLDON, EV",1,format_all_caps_legacy,
259,"COLONE, MA",1,format_all_caps_legacy,
263,"DEMARIA, W",1,format_all_caps_legacy,
271,"GAINES, J",1,format_all_caps_legacy,
274,"HANNAM, C",1,format_all_caps_legacy,
275,"HOWARD, HE",1,format_all_caps_legacy,
276,"HUCKINS, BA",1,format_all_caps_legacy,
280,"KLEMPNER, LG",1,format_all_caps_legacy,
291,"NEWBURN, T",1,format_all_caps_legacy,
292,"ODONNELL, SM",1,format_all_caps_legacy,
301,"WULCZYN, FH",1,format_all_caps_legacy,
302,"GEORGE, RM",1,format_all_caps_legacy,
304,"CARRUTH, D",1,format_all_caps_legacy,
305,"COALE, HW",1,format_all_caps_legacy,
309,"FROLA, JV",1,format_all_caps_legacy,
317,"JOHNSTON, N",1,format_all_caps_legacy,
318,"KALAHAR, KA",1,format_all_caps_legacy,
323,"LEITER, D",1,format_all_caps_legacy,
328,"MCKINNEY, CM",1,format_all_caps_legacy,
331,"GREENE, VL",1,format_all_caps_legacy,
332,"COLEMAN, PD",1,format_all_caps_legacy,
333,"OBRIEN, PJ",1,format_all_caps_legacy,
334,"PAGE, DP",1,format_all_caps_legacy,
338,"PETERSON, JS",1,format_all_caps_legacy,
349,"CHIPUNGU, SS",1,format_all_caps_legacy,
352,"WILLIAMS, SL",1,format_all_caps_legacy,
354,"DYCHE, LA",1,format_all_caps_legacy,
356,"ACHUTHAN, MR",1,format_all_caps_legacy,
358,"BERGMARK, A",1,format_all_caps_legacy,
359,"OSCARSSON, L",1,format_all_caps_legacy,
360,"BHADURI, R",1,format_all_caps_legacy,
362,"BLACKSTONE, T",1,format_all_caps_legacy,
366,"DANA, RH",1,format_all_caps_legacy,
367,"BEHN, JD",1,format_all_caps_legacy,
368,"GONWA, T",1,format_all_caps_legacy,
369,"DHOND, MV",1,format_all_caps_legacy,
376,"MADHAVAN, T",1,format_all_caps_legacy,
378,"MOORHEAD, D",1,format_all_caps_legacy,
385,"RANI, V",1,format_all_caps_legacy,
386,"KHANDELWAL, P",1,format_all_caps_legacy,
393,"SARMA, PG",1,format_all_caps_legacy,
394,"SATYANARAYANA, G",1,format_all_caps_legacy,
395,"SEARS, M",1,format_all_caps_legacy,
397,"SNOW, DJ",1,format_all_caps_legacy,
398,"THANE, P",1,format_all_caps_legacy,
412,"HOLLMAN, BC",1,format_all_caps_legacy,
414,"WILSON, MVK",1,format_all_caps_legacy,
416,"BEHR, WA",1,format_all_caps_legacy,
417,"BLAKELY, TJ",1,format_all_caps_legacy,
419,"GROSSMAN, A",1,format_all_caps_legacy,
420,"BLEECKER, B",1,format_all_caps_legacy,
421,"DOLBER, A",1,format_all_caps_legacy,
422,"LIEBERMAN, JS",1,format_all_caps_legacy,
423,"LUKTON, CR",1,format_all_caps_legacy,
427,"YANOS, JH",1,format_all_caps_legacy,
429,"BROMBERGER, JT",1,format_all_caps_legacy,
435,"DERI, R",1,format_all_caps_legacy,
446,"GAETA, R",1,format_all_caps_legacy,
447,"REES, K",1,format_all_caps_legacy,
449,"MARANS, S",1,format_all_caps_legacy,
450,"ELLIOTTNEELY, CJ",1,format_all_caps_legacy,
451,"KING, AM",1,format_all_caps_legacy,
462,"KRACKOW, HH",1,format_all_caps_legacy,
475,"BLANKEBAKER, A",1,format_all_caps_legacy,
482,"ROWE, F",1,format_all_caps_legacy,
492,"ADCOCK, CR",1,format_all_caps_legacy,
493,"BERLIN, SD",1,format_all_caps_legacy,
494,"MILLER, PC",1,format_all_caps_legacy,
512,"MAWHINEY, AM",1,format_all_caps_legacy,
513,"PAYNE, S",1,format_all_caps_legacy,
515,"ZELNER, D",1,format_all_caps_legacy,
519,"CARNIE, J",1,format_all_caps_legacy,
520,"AMANN, KR",1,format_all_caps_legacy,
524,"ANTHONY, DJ",1,format_all_caps_legacy,
530,"BARBEAU, EJ",1,format_all_caps_legacy,
533,"BARER, BM",1,format_all_caps_legacy,
536,"BACK, A",1,format_all_caps_legacy,
537,"ARIAV, P",1,format_all_caps_legacy,
538,"BARNETT, L",1,format_all_caps_legacy,
539,"HARNETT, PT",1,format_all_caps_legacy,
540,"BOND, AF",1,format_all_caps_legacy,
543,"BERGMAN, L",1,format_all_caps_legacy,
547,"BERKOVITZ, IH",1,format_all_caps_legacy,
549,"HALFON, N",1,format_all_caps_legacy,
550,"KLEE, L",1,format_all_caps_legacy,
553,"BILLIS, D",1,format_all_caps_legacy,
556,"CHUTE, D",1,format_all_caps_legacy,
559,"BLOEDOW, RA",1,format_all_caps_legacy,
562,"BOYDOLEVICH, CP",1,format_all_caps_legacy,
1996,"DUFFY, JJ",1,format_all_caps_legacy,
2000,"LORING, MT",1,format_all_caps_legacy,
2004,"NAH, KH",1,format_all_caps_legacy,
2006,"BARNEY, DD",1,format_all_caps_legacy,
2008,"POTTER, S",1,format_all_caps_legacy,
2017,"SCHLEY, HW",1,format_all_caps_legacy,
2019,"TOURSE, R",1,format_all_caps_legacy,
2021,"WELLS, PJ",1,format_all_caps_legacy,
2022,"WHYTE, DA",1,format_all_caps_legacy,
2024,"PILGAONKAR, A",1,format_all_caps_legacy,
2027,"BURGESS, H",1,format_all_caps_legacy,
2031,"DUGGAL, R",1,format_all_caps_legacy,
2032,"FERNANDES, L",1,format_all_caps_legacy,
2033,"FREIBAND, D",1,format_all_caps_legacy,
2035,"TALSMA, E",1,format_all_caps_legacy,
2036,"TOMMASULO, C",1,format_all_caps_legacy,
2038,"HUGEN, B",1,format_all_caps_legacy,
2042,"RIES, JB",1,format_all_caps_legacy,
2046,"MILNE, D",1,format_all_caps_legacy,
2047,"PITT, I",1,format_all_caps_legacy,
2048,"SABIN, N",1,format_all_caps_legacy,
2053,"THOMAS, JW",1,format_all_caps_legacy,
2054,"PANDYA, SK",1,format_all_caps_legacy,
2057,"PINTO, M",1,format_all_caps_legacy,
2058,"POONACHA, V",1,format_all_caps_legacy,
2059,"PRAKASH, P",1,format_all_caps_legacy,
2061,"PANALAL, R",1,format_all_caps_legacy,
2062,"RAPOPORT, RN",1,format_all_caps_legacy,
2064,"SAUNDERS, RI",1,format_all_caps_legacy,
2071,"BAYES, M",1,format_all_caps_legacy,
2074,"BLACK, PN",1,format_all_caps_legacy,
2075,"JEFFREYS, D",1,format_all_caps_legacy,
2079,"CIFFONE, J",1,format_all_caps_legacy,
2083,"COTTER, S",1,format_all_caps_legacy,
2084,"CRANDELL, V",1,format_all_caps_legacy,
2085,"FALKENHEIM, JV",1,format_all_caps_legacy,
2092,"GROSSMAN, AH",1,format_all_caps_legacy,
2093,"SILVERSTEIN, C",1,format_all_caps_legacy,
2094,"HANCOCK, ME",1,format_all_caps_legacy,
2098,"LAKE, SD",1,format_all_caps_legacy,
2099,"DEMONT, P",1,format_all_caps_legacy,
2101,"MANGIARDI, P",1,format_all_caps_legacy,
2103,"RUDD, J",1,format_all_caps_legacy,
2104,"STALKER, C",1,format_all_caps_legacy,
2105,"TWOMEY, J",1,format_all_caps_legacy,
2111,"LEVY, P",1,format_all_caps_legacy,
2112,"LUTZ, ME",1,format_all_caps_legacy,
2113,"FLORY, MJ",1,format_all_caps_legacy,
2121,"BURKETT, S",1,format_all_caps_legacy,
2126,"PESSEIN, DE",1,format_all_caps_legacy,
2129,"LOTT, CL",1,format_all_caps_legacy,
2130,"PROZAN, C",1,format_all_caps_legacy,
2131,"REGULUS, T",1,format_all_caps_legacy,
2133,"SALAMON, LM",1,format_all_caps_legacy,
2134,"SARTI, DM",1,format_all_caps_legacy,
2144,"STEINMAN, CZ",1,format_all_caps_legacy,
2145,"TRUST, C",1,format_all_caps_legacy,
2148,"PRICE, JL",1,format_all_caps_legacy,
2150,"WHITTINGTON, D",1,format_all_caps_legacy,
2156,"TATTERSALL, A",1,format_all_caps_legacy,
2162,"MALINOWSKI, A",1,format_all_caps_legacy,
2166,"STALKER, K",1,format_all_caps_legacy,
2170,"MANSKE, J",1,format_all_caps_legacy,
2173,"QUAM, J",1,format_all_caps_legacy,
2175,"AKNER, L",1,format_all_caps_legacy,
2176,"ALBERT, RA",1,format_all_caps_legacy,
2179,"ALTHAUSEN, L",1,format_all_caps_legacy,
2180,"AMELIO, RC",1,format_all_caps_legacy,
2181,"ANDRADA, PA",1,format_all_caps_legacy,
2183,"ARCHER, CK",1,format_all_caps_legacy,
2184,"MACLEAN, MJ",1,format_all_caps_legacy,
2185,"ARONS, RD",1,format_all_caps_legacy,
2190,"GROCHAU, KE",1,format_all_caps_legacy,
2191,"BAILEY, PL",1,format_all_caps_legacy,
2201,"BLAKELY, BE",1,format_all_caps_legacy,
2202,"DOLON, R",1,format_all_caps_legacy,
2203,"MAY, DD",1,format_all_caps_legacy,
2207,"BRECHLING, BG",1,format_all_caps_legacy,
2208,"SCHNEIDER, CA",1,format_all_caps_legacy,
2216,"CHANDIRAMANI, K",1,format_all_caps_legacy,
2226,"DAUNNO, T",1,format_all_caps_legacy,
2228,"DAVIS, AH",1,format_all_caps_legacy,
2229,"GERRARD, C",1,format_all_caps_legacy,
2235,"DEMPSEY, NP",1,format_all_caps_legacy,
2236,"PRUCHNO, RA",1,format_all_caps_legacy,
2239,"GREEN, SM",1,format_all_caps_legacy,
2240,"HUFF, MB",1,format_all_caps_legacy,
2241,"AUSTINMURPHY, J",1,format_all_caps_legacy,
2242,"DICKSON, B",1,format_all_caps_legacy,
2245,"DOUVILLE, ML",1,format_all_caps_legacy,
2247,"DROWER, S",1,format_all_caps_legacy,
2249,"EDLIS, N",1,format_all_caps_legacy,
2253,"EVANS, D",1,format_all_caps_legacy,
2254,"SHAW, W",1,format_all_caps_legacy,
2259,"FEATHER, J",1,format_all_caps_legacy,
2263,"MCLELLAN, L",1,format_all_caps_legacy,
2264,"COTMAN, K",1,format_all_caps_legacy,
2265,"GALLOSILVER, L",1,format_all_caps_legacy,
2267,"MOYNIHAN, RT",1,format_all_caps_legacy,
2271,"MAHONY, KF",1,format_all_caps_legacy,
2274,"WEBBER, P",1,format_all_caps_legacy,
2275,"FOX, PJ",1,format_all_caps_legacy,
2281,"WOLBROM, E",1,format_all_caps_legacy,
2284,"SMITH, JH",1,format_all_caps_legacy,
2285,"DUBOIS, AC",1,format_all_caps_legacy,
2286,"GOLDAPPLE, GC",1,format_all_caps_legacy,
2287,"MONTGOMERY, D",1,format_all_caps_legacy,
2293,"GREENBERG, JR",1,format_all_caps_legacy,
2294,"MONSON, T",1,format_all_caps_legacy,
2295,"GESINO, J",1,format_all_caps_legacy,
2296,"GREENE, DC",1,format_all_caps_legacy,
2297,"MCVINNEY, LD",1,format_all_caps_legacy,
2299,"GREENE, JH",1,format_all_caps_legacy,
2300,"GREENE, PR",1,format_all_caps_legacy,
2305,"GUTIERREZMAYKA, M",1,format_all_caps_legacy,
2310,"HANNAPPEL, M",1,format_all_caps_legacy,
2311,"ALLEN, G",1,format_all_caps_legacy,
2312,"HAYWOOD, M",1,format_all_caps_legacy,
2313,"HEGGAR, A",1,format_all_caps_legacy,
2316,"TUHRIM, S",1,format_all_caps_legacy,
2323,"JOHANSSON, L",1,format_all_caps_legacy,
2325,"SMEDBY, B",1,format_all_caps_legacy,
2326,"JOINER, CM",1,format_all_caps_legacy,
2327,"FREUDIGER, PT",1,format_all_caps_legacy,
2332,"WACKER, RR",1,format_all_caps_legacy,
2338,"KIRK, A",1,format_all_caps_legacy,
2341,"KOOTTE, AF",1,format_all_caps_legacy,
2348,"LIEBMANN, GW",1,format_all_caps_legacy,
2349,"LYMAN, SR",1,format_all_caps_legacy,
2351,"MCCORMICK, LAL",1,format_all_caps_legacy,
2353,"DELEVAN, SM",1,format_all_caps_legacy,
2362,"HEACOCK, P",1,format_all_caps_legacy,
2363,"BECK, C",1,format_all_caps_legacy,
2364,"PERDUE, JD",1,format_all_caps_legacy,
2367,"TYNAN, M",1,format_all_caps_legacy,
2368,"MOSHERASHLEY, P",1,format_all_caps_legacy,
2371,"NATHANSON, IL",1,format_all_caps_legacy,
2372,"EGGLETON, E",1,format_all_caps_legacy,
2374,"NORTON, DG",1,format_all_caps_legacy,
2375,"CARPENTER, D",1,format_all_caps_legacy,
2376,"PARKS, J",1,format_all_caps_legacy,
2377,"OCONNOR, D",1,format_all_caps_legacy,
2378,"OTT, RL",1,format_all_caps_legacy,
2385,"MAECK, JP",1,format_all_caps_legacy,
2395,"REMSEN, MF",1,format_all_caps_legacy,
2400,"JOSEPH, C",1,format_all_caps_legacy,
2403,"ROSS, E",1,format_all_caps_legacy,
2404,"SABIN, EP",1,format_all_caps_legacy,
2405,"SANDERS, K",1,format_all_caps_legacy,
2407,"CAVALIER, AR",1,format_all_caps_legacy,
2408,"HOOVER, B",1,format_all_caps_legacy,
2409,"SCHONFELD, L",1,format_all_caps_legacy,
2410,"ZIMA, M",1,format_all_caps_legacy,
2411,"SPIEGEL, T",1,format_all_caps_legacy,
2412,"SCHWARTZ, V",1,format_all_caps_legacy,
2418,"AVIV, L",1,format_all_caps_legacy,
2421,"SKELLY, MC",1,format_all_caps_legacy,
2422,"MCADOO, CM",1,format_all_caps_legacy,
2423,"OSTERGARD, SM",1,format_all_caps_legacy,
2426,"SCHWARTZ, PE",1,format_all_caps_legacy,
2434,"STEGMAN, PA",1,format_all_caps_legacy,
2435,"STEIN, L",1,format_all_caps_legacy,
2437,"STEINBERG, DM",1,format_all_caps_legacy,
2439,"STICER, T",1,format_all_caps_legacy,
2440,"STOLAR, GE",1,format_all_caps_legacy,
2441,"MACENTEE, MI",1,format_all_caps_legacy,
2442,"HILL, P",1,format_all_caps_legacy,
2444,"STROM, R",1,format_all_caps_legacy,
2445,"STROM, S",1,format_all_caps_legacy,
2455,"WAITE, LM",1,format_all_caps_legacy,
2457,"WEISS, Y",1,format_all_caps_legacy,
2458,"ELAD, N",1,format_all_caps_legacy,
2459,"WEST, L",1,format_all_caps_legacy,
2460,"ALTHEIMER, E",1,format_all_caps_legacy,
2462,"SPENCER, ED",1,format_all_caps_legacy,
2463,"DAVIDSON, R",1,format_all_caps_legacy,
2464,"FAIR, C",1,format_all_caps_legacy,
2466,"KLEIN, M",1,format_all_caps_legacy,
2467,"KRAMER, M",1,format_all_caps_legacy,
2468,"WINGERTER, T",1,format_all_caps_legacy,
2469,"WRIGHT, MM",1,format_all_caps_legacy,
2471,"ZALKIND, C",1,format_all_caps_legacy,
2476,"BLASI, G",1,format_all_caps_legacy,
2485,"FLEISHMAN, JA",1,format_all_caps_legacy,
2486,"MOR, V",1,format_all_caps_legacy,
2487,"PIETTE, JD",1,format_all_caps_legacy,
2488,"ALLEN, SM",1,format_all_caps_legacy,
2492,"SANDEFUR, GD",1,format_all_caps_legacy,
2495,"HOFFMAN, KS",1,format_all_caps_legacy,
2498,"KOLEVZON, M",1,format_all_caps_legacy,
2504,"GILLESPIE, J",1,format_all_caps_legacy,
2506,"PAMPEL, FC",1,format_all_caps_legacy,
2512,"STEVENS, EV",1,format_all_caps_legacy,
2517,"ROSENTHAL, BS",1,format_all_caps_legacy,
2518,"WILSON, WC",1,format_all_caps_legacy,
2519,"SCOTT, W",1,format_all_caps_legacy,
2521,"SLATER, R",1,format_all_caps_legacy,
2522,"SMITH, H",1,format_all_caps_legacy,
2523,"BROWN, H",1,format_all_caps_legacy,
2530,"WESTON, C",1,format_all_caps_legacy,
2531,"WHITSETT, DP",1,format_all_caps_legacy,
2532,"YU, MM",1,format_all_caps_legacy,
2533,"ONEAL, B",1,format_all_caps_legacy,
2536,"BUTLER, SS",1,format_all_caps_legacy,
2539,"COLE, AB",1,format_all_caps_legacy,
2542,"MILLS, CS",1,format_all_caps_legacy,
2543,"GRANOFF, BJ",1,format_all_caps_legacy,
2550,"BROWN, JST",1,format_all_caps_legacy,
2552,"BURKE, SG",1,format_all_caps_legacy,
2554,"PHAOBTONG, T",1,format_all_caps_legacy,
2557,"BELL, WJ",1,format_all_caps_legacy,
2558,"STRECKER, JB",1,format_all_caps_legacy,
2561,"ZIMMERMAN, MA",1,format_all_caps_legacy,
2562,"LYONS, BP",1,format_all_caps_legacy,
2565,"CREECY, RF",1,format_all_caps_legacy,
2568,"CULLEN, DL",1,format_all_caps_legacy,
2569,"DAIL, PW",1,format_all_caps_legacy,
2570,"KOSHES, RJ",1,format_all_caps_legacy,
2576,"SEKHAR, SFC",1,format_all_caps_legacy,
2578,"BURKE, JP",1,format_all_caps_legacy,
2579,"SHERWEN, L",1,format_all_caps_legacy,
2580,"DHANDA, A",1,format_all_caps_legacy,
2582,"DONNELLY, JP",1,format_all_caps_legacy,
2585,"EICHLER, RL",1,format_all_caps_legacy,
2589,"MANTELL, J",1,format_all_caps_legacy,
2591,"FEIGELMAN, B",1,format_all_caps_legacy,
2592,"JAQUITH, P",1,format_all_caps_legacy,
2593,"FILLIT, H",1,format_all_caps_legacy,
2596,"SACHS, C",1,format_all_caps_legacy,
2597,"SELL, L",1,format_all_caps_legacy,
2598,"SIEGEL, P",1,format_all_caps_legacy,
2604,"YADAV, S",1,format_all_caps_legacy,
2605,"MAHAPATRA, A",1,format_all_caps_legacy,
2606,"DAM, PK",1,format_all_caps_legacy,
2607,"KRISHNAMACHARI, KAVR",1,format_all_caps_legacy,
2610,"GATHIAWALA, JI",1,format_all_caps_legacy,
2613,"RABKIN, J",1,format_all_caps_legacy,
2614,"MUNSON, R",1,format_all_caps_legacy,
2618,"JAMES, L",1,format_all_caps_legacy,
2619,"GOLD, B",1,format_all_caps_legacy,
2620,"ROSEN, S",1,format_all_caps_legacy,
2622,"LAMONT, AE",1,format_all_caps_legacy,
2623,"GOLDMAN, BM",1,format_all_caps_legacy,
2624,"ROSSLAND, S",1,format_all_caps_legacy,
2632,"HARRIS, D",1,format_all_caps_legacy,
2633,"HARRIS, DM",1,format_all_caps_legacy,
2635,"GANTT, A",1,format_all_caps_legacy,
2636,"DAVIDOWITZ, RG",1,format_all_caps_legacy,
2638,"HOFFMAN, RG",1,format_all_caps_legacy,
2640,"KELLER, MJ",1,format_all_caps_legacy,
2642,"NIRMALA, V",1,format_all_caps_legacy,
2646,"JIMENEZ, DR",1,format_all_caps_legacy,
2647,"JOHNSON, HA",1,format_all_caps_legacy,
2648,"KUDER, LC",1,format_all_caps_legacy,
2649,"WELLONS, K",1,format_all_caps_legacy,
2653,"NIR, S",1,format_all_caps_legacy,
2654,"LIVNEH, N",1,format_all_caps_legacy,
2657,"KATZ, G",1,format_all_caps_legacy,
2659,"KERN, JC",1,format_all_caps_legacy,
2660,"KNESEK, GE",1,format_all_caps_legacy,
2664,"KUGELMAN, W",1,format_all_caps_legacy,
2666,"LANTZ, J",1,format_all_caps_legacy,
2667,"LAWRENCE, L",1,format_all_caps_legacy,
2671,"LOVELAND, CA",1,format_all_caps_legacy,
2672,"CHADIHA, L",1,format_all_caps_legacy,
2673,"SCHMIDT, B",1,format_all_caps_legacy,
2674,"HOLLOWAY, J",1,format_all_caps_legacy,
2675,"SATTERWHITE, JL",1,format_all_caps_legacy,
2683,"LEXIUS, C",1,format_all_caps_legacy,
2684,"MACKENZIE, P",1,format_all_caps_legacy,
2685,"MACLEAN, M",1,format_all_caps_legacy,
2686,"MACMORAN, CC",1,format_all_caps_legacy,
2692,"POSTEL, P",1,format_all_caps_legacy,
2694,"SERAYDARIAN, L",1,format_all_caps_legacy,
2697,"SMITH, LK",1,format_all_caps_legacy,
2698,"MARTIN, ML",1,format_all_caps_legacy,
2701,"BYINGTON, D",1,format_all_caps_legacy,
2702,"MAXWELL, MS",1,format_all_caps_legacy,
2706,"SAFEWRIGHT, MP",1,format_all_caps_legacy,
2708,"KIPP, CW",1,format_all_caps_legacy,
2709,"AHERN, M",1,format_all_caps_legacy,
2712,"MILGRAM, D",1,format_all_caps_legacy,
2713,"RUBIN, JS",1,format_all_caps_legacy,
2720,"STARKES, AJ",1,format_all_caps_legacy,
2723,"TEETSGRIMM, K",1,format_all_caps_legacy,
2725,"TUCKER, RD",1,format_all_caps_legacy,
2729,"RUCH, S",1,format_all_caps_legacy,
2730,"JACKSON, Z",1,format_all_caps_legacy,
2732,"PART, R",1,format_all_caps_legacy,
2733,"NEWMAN, E",1,format_all_caps_legacy,
2735,"RIESS, J",1,format_all_caps_legacy,
2743,"PANDEY, A",1,format_all_caps_legacy,
2745,"PRATHYUSHA, K",1,format_all_caps_legacy,
2746,"VENKATARAMAIAH, SR",1,format_all_caps_legacy,
2748,"PURDY, JK",1,format_all_caps_legacy,
2749,"ARGUELLO, D",1,format_all_caps_legacy,
2751,"WHITFORD, GS",1,format_all_caps_legacy,
2753,"FLORIAN, V",1,format_all_caps_legacy,
2754,"RANGANATH, V",1,format_all_caps_legacy,
2755,"REASONER, SH",1,format_all_caps_legacy,
2756,"REEKIE, LJ",1,format_all_caps_legacy,
2757,"HANSEN, FJ",1,format_all_caps_legacy,
2759,"LEE, G",1,format_all_caps_legacy,
2762,"RIDDICK, CC",1,format_all_caps_legacy,
2764,"FLESHNER, E",1,format_all_caps_legacy,
2765,"KRAFT, G",1,format_all_caps_legacy,
2769,"KUEHN, C",1,format_all_caps_legacy,
2770,"STRAKER, D",1,format_all_caps_legacy,
2771,"FRITZ, CJ",1,format_all_caps_legacy,
2773,"HAYMES, E",1,format_all_caps_legacy,
2778,"BERNABO, L",1,format_all_caps_legacy,
2779,"ROSENBERGER, J",1,format_all_caps_legacy,
2781,"RUNYAN, CL",1,format_all_caps_legacy,
2785,"SARRI, CM",1,format_all_caps_legacy,
2786,"SCHODERBEK, PP",1,format_all_caps_legacy,
2787,"DESHPANDE, SP",1,format_all_caps_legacy,
2790,"OREL, N",1,format_all_caps_legacy,
2799,"SHETH, NR",1,format_all_caps_legacy,
2800,"SICILIANO, J",1,format_all_caps_legacy,
2801,"SPIRO, G",1,format_all_caps_legacy,
2802,"SINHA, RK",1,format_all_caps_legacy,
2803,"SMITHSREEN, P",1,format_all_caps_legacy,
2804,"SMITHSREEN, J",1,format_all_caps_legacy,
2810,"NEELY, K",1,format_all_caps_legacy,
2813,"THIRUNAVAKKARASU, M",1,format_all_caps_legacy,
2814,"PRABAHARAN, R",1,format_all_caps_legacy,
2815,"RAMASAMY, C",1,format_all_caps_legacy,
2816,"THYER, KB",1,format_all_caps_legacy,
2817,"TIERNEY, JM",1,format_all_caps_legacy,
2818,"TODTMAN, K",1,format_all_caps_legacy,
2819,"GUSTAFSON, AW",1,format_all_caps_legacy,
2821,"TURNER, L",1,format_all_caps_legacy,
2822,"UPLAONKAR, A",1,format_all_caps_legacy,
2823,"VELASQUEZ, J",1,format_all_caps_legacy,
2827,"WEGENER, N",1,format_all_caps_legacy,
2830,"WILSON, MG",1,format_all_caps_legacy,
2834,"ESKIN, V",1,format_all_caps_legacy,
2838,"BUCHAN, VV",1,format_all_caps_legacy,
2840,"CALDOCK, K",1,format_all_caps_legacy,
2844,"CHANCE, R",1,format_all_caps_legacy,
2845,"DUANE, M",1,format_all_caps_legacy,
2852,"FREDERICKSON, J",1,format_all_caps_legacy,
2854,"GLADSTONE, D",1,format_all_caps_legacy,
2855,"GORMLEY, WT",1,format_all_caps_legacy,
2858,"LAWSON, C",1,format_all_caps_legacy,
2861,"MASCHINOT, B",1,format_all_caps_legacy,
2862,"MCMULLIN, TA",1,format_all_caps_legacy,
2865,"ORFIELD, G",1,format_all_caps_legacy,
2870,"SINGER, LR",1,format_all_caps_legacy,
2873,"VERNON, B",1,format_all_caps_legacy,
2875,"CRAFT, J",1,format_all_caps_legacy,
2876,"BLUM, N",1,format_all_caps_legacy,
2882,"ATKINSON, JC",1,format_all_caps_legacy,
2883,"AUBREY, R",1,format_all_caps_legacy,
2892,"GLUECKSELIG, N",1,format_all_caps_legacy,
2894,"HENSLEY, H",1,format_all_caps_legacy,
2895,"HURLBERT, DF",1,format_all_caps_legacy,
2896,"MUNOZ, CJ",1,format_all_caps_legacy,
2897,"APT, C",1,format_all_caps_legacy,
2899,"LEE, KC",1,format_all_caps_legacy,
2900,"MCGILL, C",1,format_all_caps_legacy,
2901,"LOHMAN, R",1,format_all_caps_legacy,
2905,"PENKA, CE",1,format_all_caps_legacy,
2908,"SCHREIBER, MS",1,format_all_caps_legacy,
2915,"BIELENBERG, LT",1,format_all_caps_legacy,
2916,"BIRSINGER, P",1,format_all_caps_legacy,
2919,"BRIMBLECOMBE, F",1,format_all_caps_legacy,
2920,"CHATTOPADHYAY, GP",1,format_all_caps_legacy,
2921,"MALHOTRA, A",1,format_all_caps_legacy,
2922,"CHATTOPADHYAY, S",1,format_all_caps_legacy,
2926,"DAYAL, I",1,format_all_caps_legacy,
2935,"JONES, F",1,format_all_caps_legacy,
2936,"FLETCHER, B",1,format_all_caps_legacy,
2937,"IBBETSON, K",1,format_all_caps_legacy,
2938,"KANUNGO, RN",1,format_all_caps_legacy,
2940,"MIYAN, MA",1,format_all_caps_legacy,
2941,"MONAPPA, A",1,format_all_caps_legacy,
2942,"NAG, PK",1,format_all_caps_legacy,
2943,"NAIR, NGK",1,format_all_caps_legacy,
2946,"PUTTI, JM",1,format_all_caps_legacy,
2947,"RAO, TV",1,format_all_caps_legacy,
2951,"SCOTT, MJ",1,format_all_caps_legacy,
2952,"STRADLING, SG",1,format_all_caps_legacy,
2957,"WRAY, K",1,format_all_caps_legacy,
2958,"WILKINS, M",1,format_all_caps_legacy,
2965,"PHILLIPS, ME",1,format_all_caps_legacy,
2967,"COURTENAY, W",1,format_all_caps_legacy,
2968,"GORDON, KH",1,format_all_caps_legacy,
2978,"INMAN, A",1,format_all_caps_legacy,
2980,"MARTIN, CJ",1,format_all_caps_legacy,
2983,"PETZOLD, JE",1,format_all_caps_legacy,
2984,"PROZAN, CK",1,format_all_caps_legacy,
2988,"PEABODY, CG",1,format_all_caps_legacy,
2989,"STRATIGEAS, B",1,format_all_caps_legacy,
2990,"SCHNEIDER, EL",1,format_all_caps_legacy,
2995,"SOWERSHOAG, KM",1,format_all_caps_legacy,
2996,"STADUM, B",1,format_all_caps_legacy,
2997,"STOUT, KD",1,format_all_caps_legacy,
2999,"TUOMINEN, M",1,format_all_caps_legacy,
3000,"UCKO, LG",1,format_all_caps_legacy,
3002,"VAYDA, E",1,format_all_caps_legacy,
3005,"YOST, DM",1,format_all_caps_legacy,
3010,"VANDENBRUEL, B",1,format_all_caps_legacy,
3013,"EXTON, K",1,format_all_caps_legacy,
3015,"HEVEY, D",1,format_all_caps_legacy,
3017,"LOMAS, R",1,format_all_caps_legacy,
3020,"MORRISON, T",1,format_all_caps_legacy,
3028,"CAMPBELL, LH",1,format_all_caps_legacy,
3030,"PATTI, PB",1,format_all_caps_legacy,
3035,"DAS, M",1,format_all_caps_legacy,
3040,"FIENE, JI",1,format_all_caps_legacy,
3041,"TAYLOR, PA",1,format_all_caps_legacy,
3042,"FRIEDMAN, HT",1,format_all_caps_legacy,
3045,"JAIN, U",1,format_all_caps_legacy,
3047,"JARVIS, SV",1,format_all_caps_legacy,
3049,"BLUNDALL, J",1,format_all_caps_legacy,
3051,"MURTHY, PV",1,format_all_caps_legacy,
3052,"RAMAKRISHNAN, R",1,format_all_caps_legacy,
3053,"SELVARAJ, V",1,format_all_caps_legacy,
3054,"SUNDARAMOORTHY, L",1,format_all_caps_legacy,
3055,"KUMAR, BK",1,format_all_caps_legacy,
3056,"RADHAKRISHNA, S",1,format_all_caps_legacy,
3057,"NARAYANA, EA",1,format_all_caps_legacy,
3058,"NATARAJAN, S",1,format_all_caps_legacy,
3061,"ROLLINSON, PA",1,format_all_caps_legacy,
3062,"ROY, SK",1,format_all_caps_legacy,
3064,"RAJASAKTHIVEL, M",1,format_all_caps_legacy,
3067,"SEMKE, JI",1,format_all_caps_legacy,
3069,"SIA, N",1,format_all_caps_legacy,
3070,"SAHOO, FM",1,format_all_caps_legacy,
3071,"SWAMINATHAN, MS",1,format_all_caps_legacy,
3077,"BOYKIN, FF",1,format_all_caps_legacy,
3079,"CAMPBELL, M",1,format_all_caps_legacy,
3081,"ELSON, MA",1,format_all_caps_legacy,
3086,"DAVIDSON, G",1,format_all_caps_legacy,
3088,"RICH, E",1,format_all_caps_legacy,
3090,"LANGER, R",1,format_all_caps_legacy,
3091,"LARID, J",1,format_all_caps_legacy,
3093,"NICKERSON, M",1,format_all_caps_legacy,
3094,"HANKINS, JA",1,format_all_caps_legacy,
3098,"SAXTON, P",1,format_all_caps_legacy,
3102,"WRENN, RM",1,format_all_caps_legacy,
3103,"MERDINGER, J",1,format_all_caps_legacy,
3110,"YEADON, A",1,format_all_caps_legacy,
3114,"BONIELLO, M",1,format_all_caps_legacy,
3122,"SCHMIDT, E",1,format_all_caps_legacy,
3123,"FURLONG, M",1,format_all_caps_legacy,
3124,"GLASS, BL",1,format_all_caps_legacy,
3127,"HOLLIS, M",1,format_all_caps_legacy,
3130,"SHEINGOLD, A",1,format_all_caps_legacy,
3133,"ELLOR, JW",1,format_all_caps_legacy,
3136,"SCHWARTZMAN, J",1,format_all_caps_legacy,
3138,"SHARKEY, P",1,format_all_caps_legacy,
3141,"CORLYON, J",1,format_all_caps_legacy,
3145,"SULLIVAN, TA",1,format_all_caps_legacy,
3146,"TAYLOR, FA",1,format_all_caps_legacy,
3150,"WYNN, JR",1,format_all_caps_legacy,
3153,"COLLINS, B",1,format_all_caps_legacy,
3154,"DARMSTADT, GL",1,format_all_caps_legacy,
3159,"PENMAN, N",1,format_all_caps_legacy,
3161,"RODRIGUEZ, P",1,format_all_caps_legacy,
3162,"MEYER, AS",1,format_all_caps_legacy,
3164,"CURIEL, H",1,format_all_caps_legacy,
3168,"ACCARDO, P",1,format_all_caps_legacy,
3169,"BOYERT, M",1,format_all_caps_legacy,
3170,"KENDAGOR, R",1,format_all_caps_legacy,
3171,"WINSLOW, SM",1,format_all_caps_legacy,
3173,"BEBBINGTON, A",1,format_all_caps_legacy,
3174,"BHAT, R",1,format_all_caps_legacy,
3175,"PHADKE, VS",1,format_all_caps_legacy,
3176,"BHATT, U",1,format_all_caps_legacy,
3177,"BURKE, PC",1,format_all_caps_legacy,
3180,"HOLLIN, CR",1,format_all_caps_legacy,
3182,"MACDONALD, GM",1,format_all_caps_legacy,
3184,"PANDA, P",1,format_all_caps_legacy,
3185,"MOHANTY, AK",1,format_all_caps_legacy,
3186,"PRADHAN, RC",1,format_all_caps_legacy,
3187,"RAVINDRAN, S",1,format_all_caps_legacy,
3190,"RAO, SVJ",1,format_all_caps_legacy,
3192,"MARTYN, H",1,format_all_caps_legacy,
3195,"PANDEY, J",1,format_all_caps_legacy,
3197,"SUBRAHMANYAM, YS",1,format_all_caps_legacy,
3198,"SONDHI, P",1,format_all_caps_legacy,
3204,"LARSON, PJ",1,format_all_caps_legacy,
3205,"ANECHIARICO, B",1,format_all_caps_legacy,
3207,"CARTER, I",1,format_all_caps_legacy,
3212,"HELFGOTT, C",1,format_all_caps_legacy,
3213,"EASTWOOD, J",1,format_all_caps_legacy,
3214,"SPIELVOGEL, A",1,format_all_caps_legacy,
3215,"WILE, J",1,format_all_caps_legacy,
3217,"GEDDES, MJ",1,format_all_caps_legacy,
3218,"PAJIC, AK",1,format_all_caps_legacy,
3220,"LOCKE, BL",1,format_all_caps_legacy,
3221,"LOHMANN, R",1,format_all_caps_legacy,
3223,"GOMEZ, MR",1,format_all_caps_legacy,
3225,"LAMBERT, S",1,format_all_caps_legacy,
3227,"LOTT, L",1,format_all_caps_legacy,
3228,"OZAWA, M",1,format_all_caps_legacy,
3232,"PATRICK, SL",1,format_all_caps_legacy,
3234,"PETERSON, DA",1,format_all_caps_legacy,
3236,"RINGSTROM, PA",1,format_all_caps_legacy,
3238,"ROSENTHAL, ES",1,format_all_caps_legacy,
3239,"SCHATZ, MS",1,format_all_caps_legacy,
3244,"SINICROPE, RF",1,format_all_caps_legacy,
3247,"VENTURINI, VJ",1,format_all_caps_legacy,
3255,"WHYNES, DK",1,format_all_caps_legacy,
3258,"MORRIS, RJ",1,format_all_caps_legacy,
3259,"ALLEN, JG",1,format_all_caps_legacy,
3260,"CARTER, MV",1,format_all_caps_legacy,
3261,"COUGHLIN, PC",1,format_all_caps_legacy,
3262,"DEWAN, R",1,format_all_caps_legacy,
3263,"EDELSTEIN, S",1,format_all_caps_legacy,
3264,"KROPENSKE, V",1,format_all_caps_legacy,
3268,"FISHER, H",1,format_all_caps_legacy,
3269,"GANESH, K",1,format_all_caps_legacy,
3271,"HIND, J",1,format_all_caps_legacy,
3274,"LADO, LL",1,format_all_caps_legacy,
3275,"LAKSHMANASAMY, T",1,format_all_caps_legacy,
3276,"LYMAN, S",1,format_all_caps_legacy,
3278,"MACHADO, E",1,format_all_caps_legacy,
3283,"PRASAD, K",1,format_all_caps_legacy,
3284,"RAO, MH",1,format_all_caps_legacy,
3287,"SCOTT, T",1,format_all_caps_legacy,
3288,"SHARMA, KR",1,format_all_caps_legacy,
3289,"SRIVASTAVA, RK",1,format_all_caps_legacy,
3294,"WIENER, JG",1,format_all_caps_legacy,
3295,"WILDING, P",1,format_all_caps_legacy,
3296,"ASBURY, H",1,format_all_caps_legacy,
3297,"BELSEY, P",1,format_all_caps_legacy,
3299,"CAREY, MC",1,format_all_caps_legacy,
3300,"CRUZ, W",1,format_all_caps_legacy,
3306,"KERR, VR",1,format_all_caps_legacy,
3307,"KRESTAN, JA",1,format_all_caps_legacy,
3312,"VINE, P",1,format_all_caps_legacy,
3313,"MORRISSEY, MH",1,format_all_caps_legacy,
3316,"KINNEY, JM",1,format_all_caps_legacy,
3317,"MITCHELL, L",1,format_all_caps_legacy,
3318,"TOLLEY, G",1,format_all_caps_legacy,
3320,"ROSENBERGER, JB",1,format_all_caps_legacy,
3327,"WOLPER, ML",1,format_all_caps_legacy,
3329,"ZITO, JM",1,format_all_caps_legacy,
3330,"HERBST, EN",1,format_all_caps_legacy,
3334,"ROSSITER, CM",1,format_all_caps_legacy,
3339,"BARON, AA",1,format_all_caps_legacy,
3344,"ILES, P",1,format_all_caps_legacy,
3345,"AULUCK, R",1,format_all_caps_legacy,
3346,"KARANDIKAR, M",1,format_all_caps_legacy,
3348,"MISRA, S",1,format_all_caps_legacy,
3350,"RANADA, SN",1,format_all_caps_legacy,
3351,"RANDERIA, KN",1,format_all_caps_legacy,
3355,"TULPULE, B",1,format_all_caps_legacy,
3357,"BELLOW, J",1,format_all_caps_legacy,
3358,"BRANDT, DB",1,format_all_caps_legacy,
3359,"BUTLER, BB",1,format_all_caps_legacy,
3363,"DOBRIN, A",1,format_all_caps_legacy,
3364,"EHRLICH, EJ",1,format_all_caps_legacy,
3365,"MOORE, PA",1,format_all_caps_legacy,
3367,"EVISON, IS",1,format_all_caps_legacy,
3369,"FIORENTINE, R",1,format_all_caps_legacy,
3370,"GRUSKY, O",1,format_all_caps_legacy,
3374,"HARMLESS, A",1,format_all_caps_legacy,
3375,"HAVASSY, HM",1,format_all_caps_legacy,
3379,"HOWARD, H",1,format_all_caps_legacy,
3381,"ATKINS, SP",1,format_all_caps_legacy,
3383,"HERNANDEZARATA, L",1,format_all_caps_legacy,
3384,"HESSELBROCK, M",1,format_all_caps_legacy,
3386,"PARISH, MS",1,format_all_caps_legacy,
3391,"KOERIN, BB",1,format_all_caps_legacy,
3393,"REEVES, JW",1,format_all_caps_legacy,
3395,"LUKES, CA",1,format_all_caps_legacy,
3397,"MAROHN, RC",1,format_all_caps_legacy,
3398,"MICHIELSE, HCM",1,format_all_caps_legacy,
3404,"RANIERI, RF",1,format_all_caps_legacy,
3405,"ROSTEN, CD",1,format_all_caps_legacy,
3407,"SEEVER, FS",1,format_all_caps_legacy,
3410,"TICE, K",1,format_all_caps_legacy,
3418,"ASHFORD, S",1,format_all_caps_legacy,
3423,"STEWART, JK",1,format_all_caps_legacy,
3424,"YEE, MD",1,format_all_caps_legacy,
3425,"BROWN, RJ",1,format_all_caps_legacy,
3427,"MCBEATH, GB",1,format_all_caps_legacy,
3429,"ABELS, SL",1,format_all_caps_legacy,
3430,"AHMED, F",1,format_all_caps_legacy,
3431,"MCRAE, JA",1,format_all_caps_legacy,
3432,"AHMED, N",1,format_all_caps_legacy,
3435,"BEATRICE, DF",1,format_all_caps_legacy,
3439,"BESSON, C",1,format_all_caps_legacy,
3440,"BOND, GR",1,format_all_caps_legacy,
3441,"DEGRAAFKASER, R",1,format_all_caps_legacy,
3444,"WEDEL, K",1,format_all_caps_legacy,
3445,"BENTON, BB",1,format_all_caps_legacy,
3446,"BRENNER, J",1,format_all_caps_legacy,
3447,"RESNICK, W",1,format_all_caps_legacy,
3449,"KERSLAKE, A",1,format_all_caps_legacy,
3450,"WHITING, D",1,format_all_caps_legacy,
3451,"BIRCH, D",1,format_all_caps_legacy,
3454,"DAVIS, L",1,format_all_caps_legacy,
3456,"CAIN, CE",1,format_all_caps_legacy,
3457,"CAMBLIN, LM",1,format_all_caps_legacy,
3458,"STONE, WN",1,format_all_caps_legacy,
3459,"MERRITT, LC",1,format_all_caps_legacy,
3464,"CHAN, LM",1,format_all_caps_legacy,
3472,"DHANAGARE, DN",1,format_all_caps_legacy,
3474,"WOLFE, LC",1,format_all_caps_legacy,
3476,"DODD, P",1,format_all_caps_legacy,
3479,"BONDANZA, A",1,format_all_caps_legacy,
3480,"EGGERT, GM",1,format_all_caps_legacy,
3482,"ZIMMER, JG",1,format_all_caps_legacy,
3483,"FARMER, R",1,format_all_caps_legacy,
3484,"FEEMAN, DJ",1,format_all_caps_legacy,
3485,"HAGEN, JW",1,format_all_caps_legacy,
3486,"FERNANDEZ, HC",1,format_all_caps_legacy,
3495,"GRILLODIDEMENICO, B",1,format_all_caps_legacy,
3498,"GUEST, G",1,format_all_caps_legacy,
3499,"GURLAND, B",1,format_all_caps_legacy,
3500,"HACKSTAFFGOLDIS, L",1,format_all_caps_legacy,
3501,"HOUSE, ST",1,format_all_caps_legacy,
3502,"HAMLET, E",1,format_all_caps_legacy,
3503,"READ, S",1,format_all_caps_legacy,
3505,"HAVENS, CM",1,format_all_caps_legacy,
3506,"CHIN, A",1,format_all_caps_legacy,
3507,"HEMMADI, U",1,format_all_caps_legacy,
3509,"GUIHAN, M",1,format_all_caps_legacy,
3516,"JARVIK, LF",1,format_all_caps_legacy,
3518,"KENNARD, BD",1,format_all_caps_legacy,
3519,"PETRIK, K",1,format_all_caps_legacy,
3520,"STEWART, SM",1,format_all_caps_legacy,
3521,"WALLER, DA",1,format_all_caps_legacy,
3522,"ANDREWS, WS",1,format_all_caps_legacy,
3524,"THOMAS, ME",1,format_all_caps_legacy,
3528,"TRIVEDI, SR",1,format_all_caps_legacy,
3532,"FORD, B",1,format_all_caps_legacy,
3536,"MULCAHEY, AL",1,format_all_caps_legacy,
3537,"HELFAND, L",1,format_all_caps_legacy,
3538,"HEINLEIN, AN",1,format_all_caps_legacy,
3539,"LEVIN, RJ",1,format_all_caps_legacy,
3543,"MERRITT, J",1,format_all_caps_legacy,
3545,"WILSON, SM",1,format_all_caps_legacy,
3546,"MOYSESTEINBERG, D",1,format_all_caps_legacy,
3548,"MUTSCHLER, PH",1,format_all_caps_legacy,
3553,"NIGHTENGALE, J",1,format_all_caps_legacy,
3555,"PARSONNET, L",1,format_all_caps_legacy,
3556,"OHARE, J",1,format_all_caps_legacy,
3558,"RAMACHANDRAN, C",1,format_all_caps_legacy,
3559,"VIJAYAKUMARI, GDA",1,format_all_caps_legacy,
3561,"RAO, MN",1,format_all_caps_legacy,
3562,"RASTOGI, PN",1,format_all_caps_legacy,
3563,"RIVERA, FG",1,format_all_caps_legacy,
3564,"RODGERS, A",1,format_all_caps_legacy,
3566,"ROSEN, SM",1,format_all_caps_legacy,
3567,"ROUNTREE, RL",1,format_all_caps_legacy,
3569,"SCHAEFER, SM",1,format_all_caps_legacy,
3571,"RUTCHICK, IE",1,format_all_caps_legacy,
3573,"SAMAHAKAHI, H",1,format_all_caps_legacy,
3575,"MCCLELLAND, M",1,format_all_caps_legacy,
3576,"SCHAEFER, G",1,format_all_caps_legacy,
3578,"SCHWARTZBEN, S",1,format_all_caps_legacy,
3581,"SHARIFF, A",1,format_all_caps_legacy,
3582,"FARSANA, C",1,format_all_caps_legacy,
3583,"SHOBHA, J",1,format_all_caps_legacy,
3586,"STAIGHT, PR",1,format_all_caps_legacy,
3587,"HARVEY, SM",1,format_all_caps_legacy,
3589,"MCDERMOTT, CJ",1,format_all_caps_legacy,
3591,"MCMAHON, J",1,format_all_caps_legacy,
3593,"MUSHENO, MC",1,format_all_caps_legacy,
3594,"PARRISH, VL",1,format_all_caps_legacy,
3596,"PODELL, C",1,format_all_caps_legacy,
3597,"QUINN, B",1,format_all_caps_legacy,
3599,"RAPHAEL, FB",1,format_all_caps_legacy,
3600,"ROSENBLUM, AF",1,format_all_caps_legacy,
3602,"RICCELLI, A",1,format_all_caps_legacy,
3605,"ROSE, NE",1,format_all_caps_legacy,
3606,"SACHS, N",1,format_all_caps_legacy,
3611,"JENSEN, SE",1,format_all_caps_legacy,
3612,"FINKELSTEIN, NW",1,format_all_caps_legacy,
3613,"SATINSKY, FA",1,format_all_caps_legacy,
3616,"WASHINGTON, RO",1,format_all_caps_legacy,
3617,"ZIMMERMAN, JH",1,format_all_caps_legacy,
3618,"BURFORD, G",1,format_all_caps_legacy,
3619,"CASSON, SF",1,format_all_caps_legacy,
3623,"MCGRATH, A",1,format_all_caps_legacy,
3624,"REID, N",1,format_all_caps_legacy,
3625,"POWER, WE",1,format_all_caps_legacy,
3629,"BAUMAN, JA",1,format_all_caps_legacy,
3630,"JAMES, GL",1,format_all_caps_legacy,
3631,"BENINATI, J",1,format_all_caps_legacy,
3633,"LEGON, J",1,format_all_caps_legacy,
3636,"BIENSTOCK, CR",1,format_all_caps_legacy,
3638,"BOLTON, C",1,format_all_caps_legacy,
3639,"CAMP, DJ",1,format_all_caps_legacy,
3640,"BRAUNER, SS",1,format_all_caps_legacy,
3641,"SAPERSTEIN, AR",1,format_all_caps_legacy,
3645,"BROWNING, RX",1,format_all_caps_legacy,
3646,"BURG, OE",1,format_all_caps_legacy,
3647,"BUTCHER, S",1,format_all_caps_legacy,
3650,"CHILD, R",1,format_all_caps_legacy,
3654,"WHALEN, MB",1,format_all_caps_legacy,
3656,"DELON, M",1,format_all_caps_legacy,
3658,"DREWS, JR",1,format_all_caps_legacy,
3659,"BRADLEY, TT",1,format_all_caps_legacy,
3660,"DUHATSCHEKKRAUSE, AL",1,format_all_caps_legacy,
3667,"FREYANGEL, J",1,format_all_caps_legacy,
3668,"GANDEVIA, KY",1,format_all_caps_legacy,
3671,"BIALIKGILAD, R",1,format_all_caps_legacy,
3674,"GREENBAUM, J",1,format_all_caps_legacy,
3675,"RADER, L",1,format_all_caps_legacy,
3677,"HAWKINS, BD",1,format_all_caps_legacy,
3680,"HIMLE, DP",1,format_all_caps_legacy,
3681,"THYNESS, PA",1,format_all_caps_legacy,
3682,"HOLMESGARRETT, C",1,format_all_caps_legacy,
3684,"JAFFE, DJ",1,format_all_caps_legacy,
3686,"JASWAL, SKP",1,format_all_caps_legacy,
3688,"ERICH, JA",1,format_all_caps_legacy,
3689,"SANDERS, LJ",1,format_all_caps_legacy,
3690,"JOHNSON, HR",1,format_all_caps_legacy,
3691,"JONES, SA",1,format_all_caps_legacy,
3692,"COBB, N",1,format_all_caps_legacy,
3693,"MCCULLY, R",1,format_all_caps_legacy,
3694,"KAPOOR, SL",1,format_all_caps_legacy,
3696,"DEWEAVER, K",1,format_all_caps_legacy,
3697,"GLICKEN, M",1,format_all_caps_legacy,
3698,"KING, S",1,format_all_caps_legacy,
3699,"KUMAR, BV",1,format_all_caps_legacy,
3700,"LALITHA, NV",1,format_all_caps_legacy,
3704,"COLOSETTI, S",1,format_all_caps_legacy,
3705,"ROACH, B",1,format_all_caps_legacy,
3707,"LYMAN, AJ",1,format_all_caps_legacy,
3711,"MCDANIEL, BA",1,format_all_caps_legacy,
3713,"MIRCHANDANI, D",1,format_all_caps_legacy,
3714,"MORRO, BC",1,format_all_caps_legacy,
3716,"WOODLAND, A",1,format_all_caps_legacy,
3717,"PUTNAM, J",1,format_all_caps_legacy,
3718,"NADKARNI, A",1,format_all_caps_legacy,
3720,"NEEMAN, E",1,format_all_caps_legacy,
3721,"NIR, C",1,format_all_caps_legacy,
3725,"NES, JA",1,format_all_caps_legacy,
3726,"IADICOLA, P",1,format_all_caps_legacy,
3728,"MCCLURE, J",1,format_all_caps_legacy,
3730,"OBRIEN, D",1,format_all_caps_legacy,
3732,"ALLEN, M",1,format_all_caps_legacy,
3736,"PEREZ, M",1,format_all_caps_legacy,
3740,"TIVOLI, L",1,format_all_caps_legacy,
3741,"KNEEN, KK",1,format_all_caps_legacy,
3746,"SAVUR, M",1,format_all_caps_legacy,
3751,"VANDERWEELE, T",1,format_all_caps_legacy,
3752,"WEATHERLEY, R",1,format_all_caps_legacy,
3754,"SINK, DW",1,format_all_caps_legacy,
3755,"STOWERS, G",1,format_all_caps_legacy,
3756,"SIZEMORE, MT",1,format_all_caps_legacy,
3757,"BENNETT, BE",1,format_all_caps_legacy,
3758,"ANDERSON, RJ",1,format_all_caps_legacy,
3759,"STONE, JP",1,format_all_caps_legacy,
3760,"OLSON, JF",1,format_all_caps_legacy,
3762,"SURATI, M",1,format_all_caps_legacy,
3766,"HABERMAN, MR",1,format_all_caps_legacy,
3768,"SCHWARTZ, P",1,format_all_caps_legacy,
3771,"FLUKE, J",1,format_all_caps_legacy,
3772,"DOWNING, J",1,format_all_caps_legacy,
3778,"DOMBROWSKI, M",1,format_all_caps_legacy,
3781,"CARROLL, DJ",1,format_all_caps_legacy,
3784,"CORBETT, T",1,format_all_caps_legacy,
3785,"SCHAEFFER, NC",1,format_all_caps_legacy,
3789,"FARWELL, AF",1,format_all_caps_legacy,
3792,"CROOKS, PD",1,format_all_caps_legacy,
3793,"JAUDES, P",1,format_all_caps_legacy,
3794,"KARJALA, YI",1,format_all_caps_legacy,
3795,"KROLIAN, EB",1,format_all_caps_legacy,
3796,"LAMME, M",1,format_all_caps_legacy,
3797,"GOODWIN, CC",1,format_all_caps_legacy,
3798,"MAAS, E",1,format_all_caps_legacy,
3804,"PAVIOUR, R",1,format_all_caps_legacy,
3805,"CHOW, JC",1,format_all_caps_legacy,
3806,"RICE, A",1,format_all_caps_legacy,
3810,"SKINNER, KW",1,format_all_caps_legacy,
3812,"SIMPSON, V",1,format_all_caps_legacy,
3814,"SLUCKIN, A",1,format_all_caps_legacy,
3815,"WEICHER, JC",1,format_all_caps_legacy,
3816,"WHITFIELD, G",1,format_all_caps_legacy,
3818,"ANDUJO, E",1,format_all_caps_legacy,
3820,"BOLAND, MG",1,format_all_caps_legacy,
3821,"ALLEN, TJ",1,format_all_caps_legacy,
3822,"LONG, GI",1,format_all_caps_legacy,
3827,"GUNDERSON, JM",1,format_all_caps_legacy,
3828,"HARRIS, DV",1,format_all_caps_legacy,
3829,"HUNZEKER, JM",1,format_all_caps_legacy,
3831,"SIU, SF",1,format_all_caps_legacy,
3832,"KARAGON, JJ",1,format_all_caps_legacy,
3834,"HORNBY, H",1,format_all_caps_legacy,
3835,"RUSSELL, M",1,format_all_caps_legacy,
3839,"PRATER, G",1,format_all_caps_legacy,
3840,"KING, LT",1,format_all_caps_legacy,
3841,"RYAN, CC",1,format_all_caps_legacy,
3844,"STYLE, CB",1,format_all_caps_legacy,
3845,"SIMS, AR",1,format_all_caps_legacy,
3847,"SUNENBLICK, MB",1,format_all_caps_legacy,
3849,"WEAVER, MD",1,format_all_caps_legacy,
3850,"WOOD, S",1,format_all_caps_legacy,
3851,"HATCH, RJ",1,format_all_caps_legacy,
3853,"ABEL, R",1,format_all_caps_legacy,
3854,"AHMAD, B",1,format_all_caps_legacy,
3856,"ASH, A",1,format_all_caps_legacy,
3859,"CLARE, M",1,format_all_caps_legacy,
3860,"SINHA, A",1,format_all_caps_legacy,
3861,"SAH, U",1,format_all_caps_legacy,
3863,"DCUNHA, J",1,format_all_caps_legacy,
3866,"MELLER, Y",1,format_all_caps_legacy,
3876,"SRIVASTAVA, HC",1,format_all_caps_legacy,
3877,"SWAMIDASAN, N",1,format_all_caps_legacy,
3878,"TRIPATHY, SK",1,format_all_caps_legacy,
3879,"VANDERBOGAERT, M",1,format_all_caps_legacy,
3880,"ARYE, L",1,format_all_caps_legacy,
3881,"BARRY, J",1,format_all_caps_legacy,
3884,"BERLENT, J",1,format_all_caps_legacy,
3886,"BRYAN, B",1,format_all_caps_legacy,
3889,"GASSNER, SM",1,format_all_caps_legacy,
3890,"COX, BJ",1,format_all_caps_legacy,
3892,"FELD, S",1,format_all_caps_legacy,
3894,"ESCOBAR, D",1,format_all_caps_legacy,
3896,"GUTTMAN, E",1,format_all_caps_legacy,
3900,"CHAU, K",1,format_all_caps_legacy,
3902,"LYNWOOD, B",1,format_all_caps_legacy,
3903,"MARMOR, TR",1,format_all_caps_legacy,
3904,"PIERSON, P",1,format_all_caps_legacy,
3905,"HERNANDEZ, SH",1,format_all_caps_legacy,
3906,"JORGENSEN, JD",1,format_all_caps_legacy,
3908,"PILISUK, M",1,format_all_caps_legacy,
3909,"PARKS, SH",1,format_all_caps_legacy,
3911,"STROTHER, P",1,format_all_caps_legacy,
3913,"ROSEN, C",1,format_all_caps_legacy,
3915,"SALEM, DA",1,format_all_caps_legacy,
3916,"SEIDMAN, E",1,format_all_caps_legacy,
3917,"RAPPAPORT, J",1,format_all_caps_legacy,
3918,"SCHULZ, LG",1,format_all_caps_legacy,
3919,"SIEPKER, BB",1,format_all_caps_legacy,
3921,"PIPPIN, JA",1,format_all_caps_legacy,
3926,"BRUMMER, N",1,format_all_caps_legacy,
3934,"ROBERTSON, D",1,format_all_caps_legacy,
3937,"WALLACE, E",1,format_all_caps_legacy,
3940,"BECK, B",1,format_all_caps_legacy,
3941,"CATTELLGORDON, D",1,format_all_caps_legacy,
3943,"HARKNESS, L",1,format_all_caps_legacy,
3945,"HOPE, M",1,format_all_caps_legacy,
3946,"KANBARGI, R",1,format_all_caps_legacy,
3947,"KUMAR, NA",1,format_all_caps_legacy,
3948,"GNANESHWAR, V",1,format_all_caps_legacy,
3952,"MCLAUGHLIN, SD",1,format_all_caps_legacy,
3953,"PEARCE, SE",1,format_all_caps_legacy,
3954,"MANNINEN, DL",1,format_all_caps_legacy,
3955,"WINGES, LD",1,format_all_caps_legacy,
3956,"NAGEL, JJ",1,format_all_caps_legacy,
3959,"SHUEMAN, SA",1,format_all_caps_legacy,
3960,"PLATT, T",1,format_all_caps_legacy,
3961,"CHANDLER, S",1,format_all_caps_legacy,
3963,"RANI, TJ",1,format_all_caps_legacy,
3964,"RAJAIAH, B",1,format_all_caps_legacy,
3965,"SAHAYAM, MD",1,format_all_caps_legacy,
3966,"SEGALMAN, R",1,format_all_caps_legacy,
3970,"AHERN, MM",1,format_all_caps_legacy,
3972,"BLISS, SB",1,format_all_caps_legacy,
3974,"HUDSON, A",1,format_all_caps_legacy,
3978,"BURCH, B",1,format_all_caps_legacy,
3979,"CHESCHEIN, MW",1,format_all_caps_legacy,
3981,"HOFFMAN, SD",1,format_all_caps_legacy,
3983,"FRUSTACI, J",1,format_all_caps_legacy,
3984,"FUERST, JS",1,format_all_caps_legacy,
3986,"LISHNER, DM",1,format_all_caps_legacy,
3988,"HOULDING, S",1,format_all_caps_legacy,
3989,"HOLLAND, P",1,format_all_caps_legacy,
3993,"MARTON, FK",1,format_all_caps_legacy,
3998,"SCHAPIRO, A",1,format_all_caps_legacy,
3999,"STANFORTH, L",1,format_all_caps_legacy,
4000,"OCONNOR, P",1,format_all_caps_legacy,
4007,"YOSHIKAMI, R",1,format_all_caps_legacy,
4008,"GOODFIELD, RK",1,format_all_caps_legacy,
4009,"CARSON, ML",1,format_all_caps_legacy,
4011,"DICKERT, J",1,format_all_caps_legacy,
4012,"HANKS, LL",1,format_all_caps_legacy,
4013,"GALEA, RP",1,format_all_caps_legacy,
4014,"LEWIS, BF",1,format_all_caps_legacy,
4015,"BAKER, LA",1,format_all_caps_legacy,
4016,"GLASS, R",1,format_all_caps_legacy,
4017,"HANEY, P",1,format_all_caps_legacy,
4018,"KRIEGER, I",1,format_all_caps_legacy,
4019,"ONEILL, M",1,format_all_caps_legacy,
4026,"SUSZYCKI, LH",1,format_all_caps_legacy,
4027,"WOODS, LJ",1,format_all_caps_legacy,
4029,"ATHERTON, JS",1,format_all_caps_legacy,
4030,"CHAKRABORTY, DD",1,format_all_caps_legacy,
4032,"GOLSWORTHY, E",1,format_all_caps_legacy,
4034,"MAHATME, A",1,format_all_caps_legacy,
4038,"JEYASINGH, P",1,format_all_caps_legacy,
4039,"BENNETT, B",1,format_all_caps_legacy,
4040,"ARUMUGHAM, R",1,format_all_caps_legacy,
4041,"ANDAL, G",1,format_all_caps_legacy,
4042,"SANDHU, MK",1,format_all_caps_legacy,
4044,"CONLON, I",1,format_all_caps_legacy,
4045,"STATHAM, D",1,format_all_caps_legacy,
4047,"THORPE, D",1,format_all_caps_legacy,
4050,"BECK, AT",1,format_all_caps_legacy,
4053,"BLOOM, SD",1,format_all_caps_legacy,
4058,"SLAUGHTER, MM",1,format_all_caps_legacy,
4063,"DARLING, A",1,format_all_caps_legacy,
4065,"ENOCH, Y",1,format_all_caps_legacy,
4066,"EVANS, RC",1,format_all_caps_legacy,
4068,"OLER, CH",1,format_all_caps_legacy,
4075,"ROTH, D",1,format_all_caps_legacy,
4076,"AREWA, BD",1,format_all_caps_legacy,
4079,"GENENDE, J",1,format_all_caps_legacy,
4084,"PETERSEN, CS",1,format_all_caps_legacy,
4086,"LOPEZ, ED",1,format_all_caps_legacy,
4087,"JOYCE, C",1,format_all_caps_legacy,
4088,"KASSNER, E",1,format_all_caps_legacy,
4089,"SOWERS, S",1,format_all_caps_legacy,
4090,"KRAUSZ, S",1,format_all_caps_legacy,
4092,"LINDENTHAL, JJ",1,format_all_caps_legacy,
4093,"JORDAN, TJ",1,format_all_caps_legacy,
4094,"LENTZ, JD",1,format_all_caps_legacy,
4095,"THOMAS, CS",1,format_all_caps_legacy,
4097,"LUSSEN, LB",1,format_all_caps_legacy,
4098,"MALONEY, LJ",1,format_all_caps_legacy,
4099,"MARSH, SR",1,format_all_caps_legacy,
4100,"MAY, M",1,format_all_caps_legacy,
4106,"SAMUEL, S",1,format_all_caps_legacy,
4107,"SARAVAY, SM",1,format_all_caps_legacy,
4108,"LOVETTE, E",1,format_all_caps_legacy,
4109,"TANENBAUM, C",1,format_all_caps_legacy,
4110,"MCCARTNEY, L",1,format_all_caps_legacy,
4111,"ROSENBLATT, I",1,format_all_caps_legacy,
4116,"WARD, RA",1,format_all_caps_legacy,
4117,"LAGORY, M",1,format_all_caps_legacy,
4119,"SURBER, RW",1,format_all_caps_legacy,
4120,"DWYER, E",1,format_all_caps_legacy,
4121,"RYAN, KJ",1,format_all_caps_legacy,
4122,"GOLDFINGER, SM",1,format_all_caps_legacy,
4123,"KELLY, JT",1,format_all_caps_legacy,
4126,"TUZI, M",1,format_all_caps_legacy,
4133,"BIRCHALL, E",1,format_all_caps_legacy,
4140,"READING, P",1,format_all_caps_legacy,
4144,"STARK, C",1,format_all_caps_legacy,
4146,"SAITO, C",1,format_all_caps_legacy,
4149,"BEDELL, D",1,format_all_caps_legacy,
4150,"PARKER, E",1,format_all_caps_legacy,
4151,"MCCARTHY, L",1,format_all_caps_legacy,
4152,"BLOOMBERG, K",1,format_all_caps_legacy,
4154,"BRENNAN, A",1,format_all_caps_legacy,
4157,"CHESSUM, R",1,format_all_caps_legacy,
4159,"LUCKETT, R",1,format_all_caps_legacy,
4160,"WOODS, B",1,format_all_caps_legacy,
4164,"CYBRIWSKY, R",1,format_all_caps_legacy,
4165,"DALTON, GL",1,format_all_caps_legacy,
4170,"DRENNAN, J",1,format_all_caps_legacy,
4171,"DRIEST, PF",1,format_all_caps_legacy,
4176,"FARLEY, D",1,format_all_caps_legacy,
4177,"MAGILL, J",1,format_all_caps_legacy,
4179,"FISCHELWOLOVICK, L",1,format_all_caps_legacy,
4180,"COTTER, C",1,format_all_caps_legacy,
4181,"MASSER, I",1,format_all_caps_legacy,
4182,"KELMANBRAVO, E",1,format_all_caps_legacy,
4184,"WITTENBERG, B",1,format_all_caps_legacy,
4185,"FISHMAN, R",1,format_all_caps_legacy,
4186,"FRANCIS, D",1,format_all_caps_legacy,
4189,"SUROVIAK, J",1,format_all_caps_legacy,
4190,"GOLDBERG, MK",1,format_all_caps_legacy,
4192,"PYNOOS, J",1,format_all_caps_legacy,
4193,"STEVENSON, LM",1,format_all_caps_legacy,
4197,"ROBERTSHAW, N",1,format_all_caps_legacy,
4199,"HARAN, J",1,format_all_caps_legacy,
4200,"HARRIS, GE",1,format_all_caps_legacy,
4208,"PERLMUTTER, B",1,format_all_caps_legacy,
4212,"KANEKAR, S",1,format_all_caps_legacy,
4213,"SHIRGAVI, K",1,format_all_caps_legacy,
4219,"FRITCH, JA",1,format_all_caps_legacy,
4221,"KIVNICK, HQ",1,format_all_caps_legacy,
4223,"BAINES, B",1,format_all_caps_legacy,
4224,"FENYO, A",1,format_all_caps_legacy,
4232,"LALONDE, B",1,format_all_caps_legacy,
4233,"BLUMHAGEN, J",1,format_all_caps_legacy,
4235,"LEVESQUE, JD",1,format_all_caps_legacy,
4238,"SARTOR, C",1,format_all_caps_legacy,
4239,"MARTIN, MA",1,format_all_caps_legacy,
4240,"NAYOWITH, SA",1,format_all_caps_legacy,
4241,"MATHEW, S",1,format_all_caps_legacy,
4245,"MEEKS, S",1,format_all_caps_legacy,
4249,"NEYSMITH, SM",1,format_all_caps_legacy,
4250,"NOSKO, A",1,format_all_caps_legacy,
4254,"BAYS, J",1,format_all_caps_legacy,
4258,"QUIGLEY, AN",1,format_all_caps_legacy,
4260,"GEERVANI, P",1,format_all_caps_legacy,
4262,"REARDON, GT",1,format_all_caps_legacy,
4264,"RENSHAW, J",1,format_all_caps_legacy,
4265,"REZNICEK, I",1,format_all_caps_legacy,
4266,"ROBERTSON, E",1,format_all_caps_legacy,
4269,"MCNULTY, S",1,format_all_caps_legacy,
4270,"SAUL, S",1,format_all_caps_legacy,
4271,"WEATHERLY, RA",1,format_all_caps_legacy,
4272,"SCHOBORGWINTERBERG, T",1,format_all_caps_legacy,
4273,"SHANNON, J",1,format_all_caps_legacy,
4274,"SCHOFIELD, R",1,format_all_caps_legacy,
4275,"SCHUMANN, J",1,format_all_caps_legacy,
4276,"SCHWARTZ, AY",1,format_all_caps_legacy,
4277,"GOTTESMAN, EW",1,format_all_caps_legacy,
4278,"SESKIN, J",1,format_all_caps_legacy,
4279,"WALSMA, J",1,format_all_caps_legacy,
4280,"LYTLEBARNABY, R",1,format_all_caps_legacy,
4281,"LANDER, LC",1,format_all_caps_legacy,
4282,"SPRINKART, P",1,format_all_caps_legacy,
4285,"SUGARMAN, B",1,format_all_caps_legacy,
4286,"SUNDSTROM, G",1,format_all_caps_legacy,
4291,"WYLIE, ML",1,format_all_caps_legacy,
4293,"COLSTON, SW",1,format_all_caps_legacy,
4297,"WILSON, ML",1,format_all_caps_legacy,
4298,"WOODWARD, K",1,format_all_caps_legacy,
4299,"XENARIOS, S",1,format_all_caps_legacy,
4300,"YAMATANI, H",1,format_all_caps_legacy,
4303,"ASHBY, MR",1,format_all_caps_legacy,
4305,"MIRAMONTEZ, A",1,format_all_caps_legacy,
4309,"BLANCK, G",1,format_all_caps_legacy,
4311,"BROWN, GW",1,format_all_caps_legacy,
4314,"CASSEL, CK",1,format_all_caps_legacy,
4315,"COCOZZELLI, C",1,format_all_caps_legacy,
4318,"GREEN, JL",1,format_all_caps_legacy,
4320,"DOOLEY, AM",1,format_all_caps_legacy,
4326,"HUNT, SM",1,format_all_caps_legacy,
4327,"KATZ, SL",1,format_all_caps_legacy,
4328,"YARBROUGH, DB",1,format_all_caps_legacy,
4330,"LOPEZ, D",1,format_all_caps_legacy,
4331,"BUREK, M",1,format_all_caps_legacy,
4332,"CHARKOUDIAN, S",1,format_all_caps_legacy,
4334,"DWECK, T",1,format_all_caps_legacy,
4335,"NORMAN, A",1,format_all_caps_legacy,
4336,"NORMAN, EJ",1,format_all_caps_legacy,
4338,"RAVER, S",1,format_all_caps_legacy,
4340,"FIKE, D",1,format_all_caps_legacy,
4341,"RUSSELL, P",1,format_all_caps_legacy,
4342,"SCHUERMAN, CK",1,format_all_caps_legacy,
4344,"SISKIND, D",1,format_all_caps_legacy,
4345,"THOMPSON, T",1,format_all_caps_legacy,
4349,"SUH, EK",1,format_all_caps_legacy,
4350,"BESHAROV, DJ",1,format_all_caps_legacy,
4351,"BESHAROV, SH",1,format_all_caps_legacy,
4352,"GOODMAN, DR",1,format_all_caps_legacy,
4353,"BROD, BJ",1,format_all_caps_legacy,
4355,"CULP, RE",1,format_all_caps_legacy,
4356,"RICHARDSON, MT",1,format_all_caps_legacy,
4357,"HEIDE, JS",1,format_all_caps_legacy,
4358,"DILLON, KM",1,format_all_caps_legacy,
4361,"FRENCH, L",1,format_all_caps_legacy,
4362,"FREY, C",1,format_all_caps_legacy,
4363,"LABELLE, IR",1,format_all_caps_legacy,
4364,"MALUCCIO, AW",1,format_all_caps_legacy,
4366,"PANCOAST, DL",1,format_all_caps_legacy,
4368,"STEWART, C",1,format_all_caps_legacy,
4369,"SENGER, MM",1,format_all_caps_legacy,
4370,"KALLEN, D",1,format_all_caps_legacy,
4371,"SCHEURER, S",1,format_all_caps_legacy,
4373,"FLANZER, JP",1,format_all_caps_legacy,
4377,"HARRIS, P",1,format_all_caps_legacy,
4380,"BATLIWALA, S",1,format_all_caps_legacy,
4382,"DASWANI, M",1,format_all_caps_legacy,
4384,"DHARMADHIKARI, A",1,format_all_caps_legacy,
4386,"GOWDA, YSS",1,format_all_caps_legacy,
4387,"INDIRA, R",1,format_all_caps_legacy,
4389,"TOLLEY, S",1,format_all_caps_legacy,
4390,"KORER, JR",1,format_all_caps_legacy,
4393,"MIDWINTER, E",1,format_all_caps_legacy,
4394,"RANADE, P",1,format_all_caps_legacy,
4397,"SRINIVASAN, V",1,format_all_caps_legacy,
4403,"BASSO, RVJ",1,format_all_caps_legacy,
4404,"BEAN, GJ",1,format_all_caps_legacy,
4405,"STEFL, ME",1,format_all_caps_legacy,
4406,"HOWE, SR",1,format_all_caps_legacy,
4410,"CARSTENSEN, LL",1,format_all_caps_legacy,
4411,"CARTER, RK",1,format_all_caps_legacy,
4412,"ADAR, H",1,format_all_caps_legacy,
4415,"COOK, WJ",1,format_all_caps_legacy,
4417,"FISHER, N",1,format_all_caps_legacy,
4418,"FRENKEL, A",1,format_all_caps_legacy,
4421,"FRIEDMAN, BL",1,format_all_caps_legacy,
4424,"HOCH, C",1,format_all_caps_legacy,
4425,"HEMMENS, GC",1,format_all_caps_legacy,
4429,"KANE, TJ",1,format_all_caps_legacy,
4430,"KRAMER, H",1,format_all_caps_legacy,
4432,"ENDIAS, R",1,format_all_caps_legacy,
4433,"KUPFERMANN, K",1,format_all_caps_legacy,
4434,"SMALDINO, C",1,format_all_caps_legacy,
4438,"LEVINE, M",1,format_all_caps_legacy,
4439,"QUAGLIA, S",1,format_all_caps_legacy,
4441,"MARTIN, R",1,format_all_caps_legacy,
4444,"PITT, L",1,format_all_caps_legacy,
4445,"MOUNT, GV",1,format_all_caps_legacy,
4450,"SCHRIVER, JM",1,format_all_caps_legacy,
4455,"SYKES, DK",1,format_all_caps_legacy,
4456,"TAYLOR, MS",1,format_all_caps_legacy,
4459,"WISNIEWSKI, JJ",1,format_all_caps_legacy,
4461,"WITHERSPOON, R",1,format_all_caps_legacy,
4463,"DANDO, I",1,format_all_caps_legacy,
4470,"PRATT, J",1,format_all_caps_legacy,
4472,"TOLFREE, DK",1,format_all_caps_legacy,
4473,"TOMPKINSMCGILL, P",1,format_all_caps_legacy,
4474,"AUERBACK, S",1,format_all_caps_legacy,
4475,"MOSER, C",1,format_all_caps_legacy,
4477,"BROWN, CC",1,format_all_caps_legacy,
4481,"JAFFE, N",1,format_all_caps_legacy,
4482,"PIRIE, VM",1,format_all_caps_legacy,
4485,"BURDEN, D",1,format_all_caps_legacy,
4486,"HORTON, EW",1,format_all_caps_legacy,
4489,"PAL, Y",1,format_all_caps_legacy,
4491,"RAM, F",1,format_all_caps_legacy,
4493,"MILLER, MG",1,format_all_caps_legacy,
4495,"ZIMA, S",1,format_all_caps_legacy,
4497,"BELBAS, NF",1,format_all_caps_legacy,
4499,"BINGHAM, RL",1,format_all_caps_legacy,
4500,"BOUMAN, MJ",1,format_all_caps_legacy,
4501,"BRACHT, NS",1,format_all_caps_legacy,
4503,"BUNYAN, A",1,format_all_caps_legacy,
4504,"CASUSO, J",1,format_all_caps_legacy,
4507,"JAYARATNE, SD",1,format_all_caps_legacy,
4511,"FINNEGAN, E",1,format_all_caps_legacy,
4513,"HILDEBRAND, J",1,format_all_caps_legacy,
4515,"IACONOHARRIS, DA",1,format_all_caps_legacy,
4518,"JAMES, CS",1,format_all_caps_legacy,
4521,"KELLY, D",1,format_all_caps_legacy,
4523,"MASLYN, RT",1,format_all_caps_legacy,
4524,"MASTERSON, J",1,format_all_caps_legacy,
4527,"MOFFITT, R",1,format_all_caps_legacy,
4528,"WOLF, DA",1,format_all_caps_legacy,
4531,"PHARIS, DB",1,format_all_caps_legacy,
4532,"RIMER, E",1,format_all_caps_legacy,
4533,"ROBINSON, CE",1,format_all_caps_legacy,
4534,"ROHRBAUGH, J",1,format_all_caps_legacy,
4535,"SAVIN, DL",1,format_all_caps_legacy,
4536,"SHULMAN, S",1,format_all_caps_legacy,
4537,"SIMONSON, SK",1,format_all_caps_legacy,
4538,"STUART, N",1,format_all_caps_legacy,
4539,"THOMAS, JE",1,format_all_caps_legacy,
4541,"EPHROSS, P",1,format_all_caps_legacy,
4546,"SCHLESINGER, E",1,format_all_caps_legacy,
4549,"YORK, GY",1,format_all_caps_legacy,
4550,"ZAKUS, G",1,format_all_caps_legacy,
4551,"WILDAY, S",1,format_all_caps_legacy,
4553,"MYLYM, M",1,format_all_caps_legacy,
4554,"BAUMEISTER, DE",1,format_all_caps_legacy,
4555,"BROMLEY, MA",1,format_all_caps_legacy,
4558,"ROTHENBERG, R",1,format_all_caps_legacy,
4561,"GAUDIA, R",1,format_all_caps_legacy,
4564,"MORTLAND, CA",1,format_all_caps_legacy,
4565,"EGAN, MG",1,format_all_caps_legacy,
4566,"POLANSKY, NR",1,format_all_caps_legacy,
4568,"SARRI, RL",1,format_all_caps_legacy,
4569,"TEEGARDEN, M",1,format_all_caps_legacy,
4571,"KUEHNER, KM",1,format_all_caps_legacy,
4573,"BHABHA, JJ",1,format_all_caps_legacy,
4574,"BHARGAVA, PK",1,format_all_caps_legacy,
4576,"BILTON, K",1,format_all_caps_legacy,
4579,"FIELD, S",1,format_all_caps_legacy,
4581,"FODEN, A",1,format_all_caps_legacy,
4582,"GANDHI, R",1,format_all_caps_legacy,
4584,"GENDERS, E",1,format_all_caps_legacy,
4585,"HAMM, B",1,format_all_caps_legacy,
4591,"COLLINS, SA",1,format_all_caps_legacy,
4594,"ALFIN, PL",1,format_all_caps_legacy,
4596,"BRODSKY, I",1,format_all_caps_legacy,
4598,"COHEN, SM",1,format_all_caps_legacy,
4599,"COHN, S",1,format_all_caps_legacy,
4600,"COLLIN, RW",1,format_all_caps_legacy,
4606,"EURE, GK",1,format_all_caps_legacy,
4607,"GRIFFIN, JE",1,format_all_caps_legacy,
4608,"FASHIMPAR, GA",1,format_all_caps_legacy,
4609,"HARRIS, LT",1,format_all_caps_legacy,
4611,"FERRIS, PA",1,format_all_caps_legacy,
4612,"MARSHALL, CA",1,format_all_caps_legacy,
4613,"FLOWER, M",1,format_all_caps_legacy,
4614,"FROST, CH",1,format_all_caps_legacy,
4615,"ANDERSON, MF",1,format_all_caps_legacy,
4616,"SUBLETTE, S",1,format_all_caps_legacy,
4618,"GARNER, LH",1,format_all_caps_legacy,
4619,"GOE, SJ",1,format_all_caps_legacy,
4620,"KESTENBAUM, S",1,format_all_caps_legacy,
4621,"SHEBAR, V",1,format_all_caps_legacy,
4622,"GRANGER, BP",1,format_all_caps_legacy,
4623,"MOYNIHAN, L",1,format_all_caps_legacy,
4626,"HOCH, SF",1,format_all_caps_legacy,
4627,"HUNZEKER, J",1,format_all_caps_legacy,
4628,"IODICE, JD",1,format_all_caps_legacy,
4631,"HUFF, D",1,format_all_caps_legacy,
4634,"CUPAIUOLO, A",1,format_all_caps_legacy,
4635,"KLINGBEIL, KS",1,format_all_caps_legacy,
4638,"GABRIEL, ER",1,format_all_caps_legacy,
4641,"LUCENTE, RL",1,format_all_caps_legacy,
4644,"NIELSON, SK",1,format_all_caps_legacy,
4645,"PARKER, MW",1,format_all_caps_legacy,
4646,"CHYNOWETH, GH",1,format_all_caps_legacy,
4647,"BLANKINSHIP, DA",1,format_all_caps_legacy,
4648,"ZALDO, ER",1,format_all_caps_legacy,
4649,"MATTHEWS, MJ",1,format_all_caps_legacy,
4650,"PENNELL, JT",1,format_all_caps_legacy,
4654,"SHALANSKI, J",1,format_all_caps_legacy,
4660,"STEHNO, S",1,format_all_caps_legacy,
4661,"TALAN, CS",1,format_all_caps_legacy,
4662,"TAYLOR, EH",1,format_all_caps_legacy,
4665,"ZEICHNER, S",1,format_all_caps_legacy,
4670,"GREENWOOD, A",1,format_all_caps_legacy,
4671,"HARRIS, N",1,format_all_caps_legacy,
4674,"JARVIS, G",1,format_all_caps_legacy,
4675,"SUMNER, M",1,format_all_caps_legacy,
4676,"WELCH, GJ",1,format_all_caps_legacy,
4679,"BELLIVEAU, M",1,format_all_caps_legacy,
4680,"BENOKRAITIS, N",1,format_all_caps_legacy,
4681,"BENSIRA, Z",1,format_all_caps_legacy,
4682,"BLACKBURN, J",1,format_all_caps_legacy,
4685,"BOSS, PG",1,format_all_caps_legacy,
4686,"BRAZDA, SS",1,format_all_caps_legacy,
4689,"SCHIEFER, AW",1,format_all_caps_legacy,
4690,"CAMBLIN, L",1,format_all_caps_legacy,
4691,"WEINLAND, L",1,format_all_caps_legacy,
4693,"CONNELLY, JR",1,format_all_caps_legacy,
4694,"POULTON, JL",1,format_all_caps_legacy,
4697,"CHAFETZ, P",1,format_all_caps_legacy,
4698,"WEST, H",1,format_all_caps_legacy,
4699,"EBBS, E",1,format_all_caps_legacy,
4700,"CHARYULU, UVN",1,format_all_caps_legacy,
4702,"CORNETT, CW",1,format_all_caps_legacy,
4703,"HUDSON, RA",1,format_all_caps_legacy,
4705,"COWARD, RT",1,format_all_caps_legacy,
4706,"DAHL, AS",1,format_all_caps_legacy,
4707,"COWGILL, KM",1,format_all_caps_legacy,
4708,"ASMUNDSSON, R",1,format_all_caps_legacy,
4709,"DAVIS, DE",1,format_all_caps_legacy,
4710,"DOBRISH, CM",1,format_all_caps_legacy,
4714,"SANFORD, MJ",1,format_all_caps_legacy,
4716,"FAUST, RG",1,format_all_caps_legacy,
4719,"GOODMAN, S",1,format_all_caps_legacy,
4723,"HELPER, S",1,format_all_caps_legacy,
4724,"HENRY, SD",1,format_all_caps_legacy,
4728,"JUNKER, L",1,format_all_caps_legacy,
4729,"KRAUSS, C",1,format_all_caps_legacy,
4730,"JOHN, M",1,format_all_caps_legacy,
4731,"KAISER, MA",1,format_all_caps_legacy,
4732,"CAMP, HJ",1,format_all_caps_legacy,
4733,"KARANTH, GK",1,format_all_caps_legacy,
4734,"SIVAPRASAD, R",1,format_all_caps_legacy,
4735,"KEIZER, J",1,format_all_caps_legacy,
4738,"KULKARNI, KM",1,format_all_caps_legacy,
4740,"BOWDEN, SW",1,format_all_caps_legacy,
4741,"MOLLEMA, J",1,format_all_caps_legacy,
4744,"LIST, JA",1,format_all_caps_legacy,
4746,"PETT, MA",1,format_all_caps_legacy,
4747,"LYTLEVIEIRA, JE",1,format_all_caps_legacy,
4748,"MACDONALD, R",1,format_all_caps_legacy,
4751,"MCCLINTOCK, JC",1,format_all_caps_legacy,
4752,"PAMILLA, TM",1,format_all_caps_legacy,
4753,"MARYLAND, P",1,format_all_caps_legacy,
4754,"WARD, AL",1,format_all_caps_legacy,
4755,"ZIEGLER, H",1,format_all_caps_legacy,
4757,"MALLOY, J",1,format_all_caps_legacy,
4758,"BOZICH, M",1,format_all_caps_legacy,
4759,"MARTZ, P",1,format_all_caps_legacy,
4762,"NEW, JC",1,format_all_caps_legacy,
4763,"NICARTHY, G",1,format_all_caps_legacy,
4764,"ORTIZ, ET",1,format_all_caps_legacy,
4765,"PANIGRAHI, SC",1,format_all_caps_legacy,
4766,"MENON, GS",1,format_all_caps_legacy,
4767,"JOSHI, V",1,format_all_caps_legacy,
4771,"PRUZINSKY, EW",1,format_all_caps_legacy,
4772,"RIGG, P",1,format_all_caps_legacy,
4773,"KAZEMEK, F",1,format_all_caps_legacy,
4775,"ELLIOTT, J",1,format_all_caps_legacy,
4776,"SAWA, RJ",1,format_all_caps_legacy,
4777,"SANDERS, DS",1,format_all_caps_legacy,
4780,"SHARMA, SK",1,format_all_caps_legacy,
4781,"RYBACK, R",1,format_all_caps_legacy,
4782,"SIMONTON, LJ",1,format_all_caps_legacy,
4784,"STALEY, JC",1,format_all_caps_legacy,
4785,"HATFIELD, AK",1,format_all_caps_legacy,
4786,"STEELE, CI",1,format_all_caps_legacy,
4788,"STRAIN, LA",1,format_all_caps_legacy,
4789,"CHAPPELL, NL",1,format_all_caps_legacy,
4790,"BLANDFORD, AA",1,format_all_caps_legacy,
4791,"TESFAYE, A",1,format_all_caps_legacy,
4793,"GUSTAFSON, JD",1,format_all_caps_legacy,
4795,"VIVVOGEL, N",1,format_all_caps_legacy,
4797,"WALSH, AM",1,format_all_caps_legacy,
4799,"WEIS, DL",1,format_all_caps_legacy,
4800,"WEISSMAN, LA",1,format_all_caps_legacy,
4802,"WOLF, PA",1,format_all_caps_legacy,
4803,"MAST, E",1,format_all_caps_legacy,
4805,"ZEMMELMAN, SE",1,format_all_caps_legacy,
4806,"STEINMAN, SB",1,format_all_caps_legacy,
4807,"KNOBLAUCH, TM",1,format_all_caps_legacy,
4810,"BOTHWELL, M",1,format_all_caps_legacy,
4811,"EISENBERG, C",1,format_all_caps_legacy,
4812,"BROOKS, WK",1,format_all_caps_legacy,
4815,"CLARKE, E",1,format_all_caps_legacy,
4816,"COX, GH",1,format_all_caps_legacy,
4817,"BROGAN, DR",1,format_all_caps_legacy,
4818,"DANDRIDGE, MA",1,format_all_caps_legacy,
4819,"FAERMAN, SR",1,format_all_caps_legacy,
4820,"MCGRATH, MR",1,format_all_caps_legacy,
4828,"DIAMOND, MP",1,format_all_caps_legacy,
4832,"HARTNOLL, M",1,format_all_caps_legacy,
4834,"KIRSH, E",1,format_all_caps_legacy,
4835,"EDELSON, JS",1,format_all_caps_legacy,
4840,"LAYBOURN, A",1,format_all_caps_legacy,
4841,"LOWRY, CF",1,format_all_caps_legacy,
4844,"BLACKMON, B",1,format_all_caps_legacy,
4845,"MILLAR, K",1,format_all_caps_legacy,
4847,"OCONNOR, R",1,format_all_caps_legacy,
4848,"OSTRANDER, SA",1,format_all_caps_legacy,
4849,"PETERSSON, MM",1,format_all_caps_legacy,
4850,"CUSHENMORRO, B",1,format_all_caps_legacy,
4856,"RICHES, P",1,format_all_caps_legacy,
4857,"STRANGE, MK",1,format_all_caps_legacy,
4862,"FLETCHER, J",1,format_all_caps_legacy,
4863,"GAYLER, C",1,format_all_caps_legacy,
4864,"SOKOLSKY, A",1,format_all_caps_legacy,
4866,"WARREN, P",1,format_all_caps_legacy,
4867,"SETTURLUND, D",1,format_all_caps_legacy,
4870,"HUTCHISON, WJ",1,format_all_caps_legacy,
4871,"SEARIGHT, P",1,format_all_caps_legacy,
4874,"DAVIS, MA",1,format_all_caps_legacy,
4875,"LONG, JM",1,format_all_caps_legacy,
4876,"MACHIRAN, NM",1,format_all_caps_legacy,
4877,"BERTELL, BL",1,format_all_caps_legacy,
4878,"MAY, R",1,format_all_caps_legacy,
4879,"MCINTYRE, ELG",1,format_all_caps_legacy,
4880,"OKEEFFE, NK",1,format_all_caps_legacy,
4881,"BROCKOPP, K",1,format_all_caps_legacy,
4882,"CHEW, E",1,format_all_caps_legacy,
4887,"CLIFFORD, W",1,format_all_caps_legacy,
4890,"GHORPADE, MB",1,format_all_caps_legacy,
4891,"LAHARIA, SN",1,format_all_caps_legacy,
4892,"TALUKDAR, RK",1,format_all_caps_legacy,
4894,"MASON, R",1,format_all_caps_legacy,
4896,"AMBROISE, R",1,format_all_caps_legacy,
4897,"AMBROISE, Y",1,format_all_caps_legacy,
4899,"SHARMA, U",1,format_all_caps_legacy,
4903,"SINGH, CBP",1,format_all_caps_legacy,
4906,"SINGH, T",1,format_all_caps_legacy,
4909,"VISHWANATH, LS",1,format_all_caps_legacy,
4915,"BERKUN, CS",1,format_all_caps_legacy,
4917,"BERMAN, LC",1,format_all_caps_legacy,
4920,"BOYER, PA",1,format_all_caps_legacy,
4923,"CAMASSO, AE",1,format_all_caps_legacy,
4925,"STARRETT, R",1,format_all_caps_legacy,
4926,"REDHORSE, J",1,format_all_caps_legacy,
4929,"LAMONT, A",1,format_all_caps_legacy,
4930,"HOLLANDER, R",1,format_all_caps_legacy,
4935,"RATNER, M",1,format_all_caps_legacy,
4937,"LIGHT, DW",1,format_all_caps_legacy,
4939,"MAURER, S",1,format_all_caps_legacy,
4941,"MORRIS, W",1,format_all_caps_legacy,
4942,"NUEHRING, EM",1,format_all_caps_legacy,
4943,"PASCONE, AB",1,format_all_caps_legacy,
4946,"BAKER, K",1,format_all_caps_legacy,
4947,"PETERSON, TL",1,format_all_caps_legacy,
4949,"POTUCHEK, JL",1,format_all_caps_legacy,
4950,"PYLE, KS",1,format_all_caps_legacy,
4959,"SLATER, MA",1,format_all_caps_legacy,
4965,"TURNER, SF",1,format_all_caps_legacy,
4967,"VANGHELUWE, B",1,format_all_caps_legacy,
4968,"BARBER, JK",1,format_all_caps_legacy,
4970,"VIOLA, J",1,format_all_caps_legacy,
4972,"BARACLOUGH, J",1,format_all_caps_legacy,
4973,"LAWSON, B",1,format_all_caps_legacy,
4975,"KATS, R",1,format_all_caps_legacy,
4976,"SHARLIN, S",1,format_all_caps_legacy,
4979,"DORNAN, DH",1,format_all_caps_legacy,
4980,"ALLEGRANTE, JP",1,format_all_caps_legacy,
4982,"DINESH, BM",1,format_all_caps_legacy,
4983,"RAYAPPA, PH",1,format_all_caps_legacy,
4989,"MOHANTY, A",1,format_all_caps_legacy,
4990,"HAZARY, N",1,format_all_caps_legacy,
4991,"OJHA, JM",1,format_all_caps_legacy,
4993,"RABIN, J",1,format_all_caps_legacy,
4996,"SAPRU, RK",1,format_all_caps_legacy,
4999,"SOMEN, KS",1,format_all_caps_legacy,
5001,"BLACKBURN, BW",1,format_all_caps_legacy,
5002,"BART, PB",1,format_all_caps_legacy,
5004,"MARSHALL, AS",1,format_all_caps_legacy,
5009,"BROWN, BS",1,format_all_caps_legacy,
5010,"BROWNE, CT",1,format_all_caps_legacy,
5011,"CELNICK, A",1,format_all_caps_legacy,
5012,"CHAVKIN, NF",1,format_all_caps_legacy,
5013,"NEUWIRTH, L",1,format_all_caps_legacy,
5014,"BERNSTEIN, RH",1,format_all_caps_legacy,
5015,"CLENDENEN, R",1,format_all_caps_legacy,
5018,"ELAND, A",1,format_all_caps_legacy,
5022,"HALL, PA",1,format_all_caps_legacy,
5028,"ISAAC, BC",1,format_all_caps_legacy,
5029,"MINTY, EB",1,format_all_caps_legacy,
5030,"MORRISON, RM",1,format_all_caps_legacy,
5033,"KALISH, R",1,format_all_caps_legacy,
5035,"LARSON, RE",1,format_all_caps_legacy,
5036,"PETERSEN, C",1,format_all_caps_legacy,
5037,"RIVELOIS, K",1,format_all_caps_legacy,
5038,"KRASSNER, M",1,format_all_caps_legacy,
5039,"KUNZ, K",1,format_all_caps_legacy,
5040,"LEE, JJ",1,format_all_caps_legacy,
5041,"LEPONTOIS, J",1,format_all_caps_legacy,
5042,"MEDDIN, B",1,format_all_caps_legacy,
5045,"NATHAN, PK",1,format_all_caps_legacy,
5046,"PEARSON, J",1,format_all_caps_legacy,
5047,"POINTING, J",1,format_all_caps_legacy,
5048,"POLLARD, LJ",1,format_all_caps_legacy,
5049,"FIELDING, M",1,format_all_caps_legacy,
5050,"CHOUDRY, N",1,format_all_caps_legacy,
5052,"DIAMOND, I",1,format_all_caps_legacy,
5058,"ROSENTHAL, JL",1,format_all_caps_legacy,
5062,"RUDERMAN, EB",1,format_all_caps_legacy,
5063,"SANCHEZ, CD",1,format_all_caps_legacy,
5064,"SCHWARTZ, JA",1,format_all_caps_legacy,
5065,"SHIFMAN, L",1,format_all_caps_legacy,
5066,"SCOTT, CS",1,format_all_caps_legacy,
5067,"FAWCETT, N",1,format_all_caps_legacy,
5068,"ORR, L",1,format_all_caps_legacy,
5069,"STARRETT, RA",1,format_all_caps_legacy,
5072,"THAYER, VB",1,format_all_caps_legacy,
5074,"TONELLI, G",1,format_all_caps_legacy,
5076,"PATTERSON, I",1,format_all_caps_legacy,
5079,"BIDWELL, RJ",1,format_all_caps_legacy,
5080,"FEIGON, J",1,format_all_caps_legacy,
5083,"HERTZEL, C",1,format_all_caps_legacy,
5084,"JACKSON, N",1,format_all_caps_legacy,
5085,"SCHAFER, C",1,format_all_caps_legacy,
5086,"HOLMES, WM",1,format_all_caps_legacy,
5087,"KING, CW",1,format_all_caps_legacy,
5088,"LEMMON, JA",1,format_all_caps_legacy,
5089,"LUCAS, JA",1,format_all_caps_legacy,
5090,"MCNELIS, PJ",1,format_all_caps_legacy,
5092,"SEELIG, JM",1,format_all_caps_legacy,
5093,"CHESNUT, SR",1,format_all_caps_legacy,
5097,"STANTON, GW",1,format_all_caps_legacy,
5098,"SYNOR, JP",1,format_all_caps_legacy,
5099,"COOMBS, M",1,format_all_caps_legacy,
5100,"DAS, SRM",1,format_all_caps_legacy,
5103,"GOOD, V",1,format_all_caps_legacy,
5105,"PEDLEY, J",1,format_all_caps_legacy,
5106,"LITTLEWOOD, J",1,format_all_caps_legacy,
5107,"OLLEY, D",1,format_all_caps_legacy,
5108,"HOLDAWAY, S",1,format_all_caps_legacy,
5110,"KURIAN, G",1,format_all_caps_legacy,
5111,"LAHIRI, S",1,format_all_caps_legacy,
5112,"PEELER, D",1,format_all_caps_legacy,
5113,"SINGH, GMP",1,format_all_caps_legacy,
5114,"GILL, S",1,format_all_caps_legacy,
5116,"SINGH, BN",1,format_all_caps_legacy,
5117,"TAYLOR, K",1,format_all_caps_legacy,
5118,"UMA, KG",1,format_all_caps_legacy,
5119,"VAIDYA, S",1,format_all_caps_legacy,
5120,"WHAN, M",1,format_all_caps_legacy,
5123,"BARBER, G",1,format_all_caps_legacy,
5124,"BEAVER, ML",1,format_all_caps_legacy,
5128,"BREED, J",1,format_all_caps_legacy,
5134,"DROMI, PG",1,format_all_caps_legacy,
5135,"KRAMPF, Z",1,format_all_caps_legacy,
5136,"DUNCAN, R",1,format_all_caps_legacy,
5137,"HATFIELD, S",1,format_all_caps_legacy,
5139,"MCROY, R",1,format_all_caps_legacy,
5141,"GARBER, L",1,format_all_caps_legacy,
5142,"BRENNER, S",1,format_all_caps_legacy,
5143,"LITWIN, D",1,format_all_caps_legacy,
5144,"GLYNN, JF",1,format_all_caps_legacy,
5146,"KREMEN, E",1,format_all_caps_legacy,
5147,"LAUTER, L",1,format_all_caps_legacy,
5149,"GREEN, GJ",1,format_all_caps_legacy,
5151,"KULPER, T",1,format_all_caps_legacy,
5154,"FORD, LH",1,format_all_caps_legacy,
5155,"MOSS, JW",1,format_all_caps_legacy,
5157,"HAMMOUD, HR",1,format_all_caps_legacy,
5158,"HANRAHAN, M",1,format_all_caps_legacy,
5159,"BORLAND, D",1,format_all_caps_legacy,
5160,"HARDYFANTA, C",1,format_all_caps_legacy,
5161,"HEAVEY, C",1,format_all_caps_legacy,
5163,"HODIS, L",1,format_all_caps_legacy,
5165,"JOSEPH, BR",1,format_all_caps_legacy,
5167,"LATTING, JE",1,format_all_caps_legacy,
5169,"LAZAR, M",1,format_all_caps_legacy,
5172,"LEPANTOIS, J",1,format_all_caps_legacy,
5173,"MAGARY, L",1,format_all_caps_legacy,
5176,"MAURO, LM",1,format_all_caps_legacy,
5177,"FEYERHERM, WH",1,format_all_caps_legacy,
5178,"MITTENESS, LS",1,format_all_caps_legacy,
5179,"WOOD, SJ",1,format_all_caps_legacy,
5181,"MUELLER, M",1,format_all_caps_legacy,
5182,"LEVITON, A",1,format_all_caps_legacy,
5184,"ORNSTEIN, A",1,format_all_caps_legacy,
5185,"OSEIPEL, MM",1,format_all_caps_legacy,
5186,"ROSMAN, M",1,format_all_caps_legacy,
5189,"RUSSELLERLICH, JL",1,format_all_caps_legacy,
5196,"THEILEN, GL",1,format_all_caps_legacy,
5197,"THOMS, A",1,format_all_caps_legacy,
5198,"TRUESDELL, DL",1,format_all_caps_legacy,
5200,"DESCHNER, JP",1,format_all_caps_legacy,
5205,"LEWIS, BH",1,format_all_caps_legacy,
5208,"PILALIS, J",1,format_all_caps_legacy,
5209,"REAY, R",1,format_all_caps_legacy,
5213,"DE, D",1,format_all_caps_legacy,
5215,"DEHOYOS, A",1,format_all_caps_legacy,
5216,"ANDERSON, CB",1,format_all_caps_legacy,
5217,"DEIVASENAPATHY, P",1,format_all_caps_legacy,
5218,"GETTMAN, D",1,format_all_caps_legacy,
5219,"PENA, DG",1,format_all_caps_legacy,
5220,"KUNKEL, DA",1,format_all_caps_legacy,
5225,"MEHTA, BH",1,format_all_caps_legacy,
5226,"PLAWSKY, B",1,format_all_caps_legacy,
5229,"SMITH, AV",1,format_all_caps_legacy,
5231,"PALMERGANELES, J",1,format_all_caps_legacy,
5234,"LEHAL, N",1,format_all_caps_legacy,
5236,"BEITJONES, MS",1,format_all_caps_legacy,
5239,"CAMPLING, J",1,format_all_caps_legacy,
5240,"CAREY, B",1,format_all_caps_legacy,
5241,"HANSEN, SS",1,format_all_caps_legacy,
5243,"COLE, L",1,format_all_caps_legacy,
5244,"GRIFFIN, K",1,format_all_caps_legacy,
5245,"RUIZ, B",1,format_all_caps_legacy,
5246,"CULLEN, YT",1,format_all_caps_legacy,
5248,"FABISEWSKI, KJ",1,format_all_caps_legacy,
5249,"HOWELL, MC",1,format_all_caps_legacy,
5250,"FRVIN, D",1,format_all_caps_legacy,
5251,"GREEN, RS",1,format_all_caps_legacy,
5252,"GAUTIERI, F",1,format_all_caps_legacy,
5253,"GINSBERG, R",1,format_all_caps_legacy,
5254,"GROSSMAN, HD",1,format_all_caps_legacy,
5255,"WEINER, AS",1,format_all_caps_legacy,
5256,"SALAMON, MJ",1,format_all_caps_legacy,
5257,"BURROS, N",1,format_all_caps_legacy,
5261,"HAWKER, M",1,format_all_caps_legacy,
5262,"KAPLAN, R",1,format_all_caps_legacy,
5263,"KOHN, I",1,format_all_caps_legacy,
5264,"PEPPARD, NR",1,format_all_caps_legacy,
5269,"SHIBBALCHAMPAGNE, S",1,format_all_caps_legacy,
5270,"LIPINSKASTACHOW, DM",1,format_all_caps_legacy,
5271,"SPENCE, DL",1,format_all_caps_legacy,
5274,"VATUK, S",1,format_all_caps_legacy,
5277,"WILSON, WJ",1,format_all_caps_legacy,
5278,"BHAVE, S",1,format_all_caps_legacy,
5279,"BRYANT, C",1,format_all_caps_legacy,
5283,"DESOUSA, D",1,format_all_caps_legacy,
5284,"SHAH, A",1,format_all_caps_legacy,
5285,"SINARI, R",1,format_all_caps_legacy,
5287,"GOODMAN, LM",1,format_all_caps_legacy,
5289,"HABERSCHARF, M",1,format_all_caps_legacy,
5292,"DIAMOND, J",1,format_all_caps_legacy,
5293,"JESSELSON, P",1,format_all_caps_legacy,
5294,"VERHAEGHE, G",1,format_all_caps_legacy,
5297,"ABRAMOWITZ, M",1,format_all_caps_legacy,
5298,"BLOSTEIN, S",1,format_all_caps_legacy,
5302,"ACS, K",1,format_all_caps_legacy,
5305,"ADES, J",1,format_all_caps_legacy,
5307,"ADKINS, BJ",1,format_all_caps_legacy,
5308,"TABER, JI",1,format_all_caps_legacy,
5309,"RUSSO, AM",1,format_all_caps_legacy,
5310,"AGUIRRE, BE",1,format_all_caps_legacy,
5314,"ANGLEM, EE",1,format_all_caps_legacy,
5315,"APGAR, K",1,format_all_caps_legacy,
5316,"COPLON, JK",1,format_all_caps_legacy,
5318,"POLLOCK, KL",1,format_all_caps_legacy,
5319,"BALACHANDRAN, R",1,format_all_caps_legacy,
5320,"BALLEW, JR",1,format_all_caps_legacy,
5322,"CHRISTMAN, D",1,format_all_caps_legacy,
5323,"HOLZINGER, SM",1,format_all_caps_legacy,
5325,"BARRITT, A",1,format_all_caps_legacy,
5327,"BEDFORD, A",1,format_all_caps_legacy,
5328,"BEDFORD, J",1,format_all_caps_legacy,
5329,"BERKOWITZ, ED",1,format_all_caps_legacy,
5330,"BERZ, MJ",1,format_all_caps_legacy,
5331,"BIRCH, WG",1,format_all_caps_legacy,
5334,"BLOCK, LR",1,format_all_caps_legacy,
5335,"BOMBYK, MJ",1,format_all_caps_legacy,
5337,"BRANNON, D",1,format_all_caps_legacy,
5339,"BROWNSTEIN, CD",1,format_all_caps_legacy,
5340,"BUNKER, DR",1,format_all_caps_legacy,
5344,"BURROUGHS, CH",1,format_all_caps_legacy,
5345,"CAPUTO, L",1,format_all_caps_legacy,
5346,"CHACKO, T",1,format_all_caps_legacy,
5347,"KRISHNAN, S",1,format_all_caps_legacy,
5348,"RAMANAN, M",1,format_all_caps_legacy,
5349,"CHALLIS, L",1,format_all_caps_legacy,
5351,"CHAPMAN, R",1,format_all_caps_legacy,
5354,"CHETWYND, J",1,format_all_caps_legacy,
5362,"CORSINI, E",1,format_all_caps_legacy,
5365,"COUNTS, RM",1,format_all_caps_legacy,
5366,"SACKS, A",1,format_all_caps_legacy,
5367,"CRAMOND, D",1,format_all_caps_legacy,
5368,"TITUS, LM",1,format_all_caps_legacy,
5371,"DALEY, W",1,format_all_caps_legacy,
5372,"MCLANE, SP",1,format_all_caps_legacy,
5374,"COX, PO",1,format_all_caps_legacy,
5376,"DAVISSACKS, ML",1,format_all_caps_legacy,
5377,"DAZZO, B",1,format_all_caps_legacy,
5378,"DELACOUR, EP",1,format_all_caps_legacy,
5379,"DOVE, HG",1,format_all_caps_legacy,
5380,"SCHNEIDER, KC",1,format_all_caps_legacy,
5381,"GITELSON, DA",1,format_all_caps_legacy,
5382,"DRESP, CSW",1,format_all_caps_legacy,
5384,"DURST, PL",1,format_all_caps_legacy,
5385,"WEDEMEYER, NV",1,format_all_caps_legacy,
5387,"ECKRICH, S",1,format_all_caps_legacy,
5389,"EHRLICH, P",1,format_all_caps_legacy,
5390,"FINNICAN, M",1,format_all_caps_legacy,
5392,"MOLITOR, M",1,format_all_caps_legacy,
5395,"EVANS, N",1,format_all_caps_legacy,
5396,"FEINSTEIN, KW",1,format_all_caps_legacy,
5398,"FESSLER, SR",1,format_all_caps_legacy,
5399,"ADAMS, CG",1,format_all_caps_legacy,
5401,"FLYNN, MC",1,format_all_caps_legacy,
5402,"FORBES, I",1,format_all_caps_legacy,
5404,"FOX, JR",1,format_all_caps_legacy,
5405,"FOX, S",1,format_all_caps_legacy,
5406,"DINGWALL, R",1,format_all_caps_legacy,
5408,"FRITZ, AS",1,format_all_caps_legacy,
5409,"FRY, A",1,format_all_caps_legacy,
5411,"GANDOTRA, VS",1,format_all_caps_legacy,
5412,"GARDELLA, LG",1,format_all_caps_legacy,
5413,"GARROD, G",1,format_all_caps_legacy,
5414,"GEGG, A",1,format_all_caps_legacy,
5415,"GENKINS, M",1,format_all_caps_legacy,
5416,"GEORGE, KN",1,format_all_caps_legacy,
5417,"GIANNETTI, VJ",1,format_all_caps_legacy,
5419,"GIBB, M",1,format_all_caps_legacy,
5420,"GILFILLAN, SS",1,format_all_caps_legacy,
5423,"BECKHAM, K",1,format_all_caps_legacy,
5424,"GLASTONBURY, B",1,format_all_caps_legacy,
5425,"GLESSNER, R",1,format_all_caps_legacy,
5426,"GOMEZ, E",1,format_all_caps_legacy,
5427,"FARRIS, BE",1,format_all_caps_legacy,
5428,"BECKER, RE",1,format_all_caps_legacy,
5430,"GOODBAN, N",1,format_all_caps_legacy,
5432,"GODFREY, J",1,format_all_caps_legacy,
5435,"GRANGER, JM",1,format_all_caps_legacy,
5438,"GREENE, G",1,format_all_caps_legacy,
5439,"ARTHURS, RJ",1,format_all_caps_legacy,
5440,"GRIFFIN, M",1,format_all_caps_legacy,
5441,"WALLER, MV",1,format_all_caps_legacy,
5445,"GUMPERTZ, B",1,format_all_caps_legacy,
5446,"GUPTA, OK",1,format_all_caps_legacy,
5447,"GUPTA, SO",1,format_all_caps_legacy,
5450,"GUTWILL, S",1,format_all_caps_legacy,
5451,"HACKWORTH, BB",1,format_all_caps_legacy,
5453,"HANVEY, C",1,format_all_caps_legacy,
5456,"ARGYLE, M",1,format_all_caps_legacy,
5457,"HENDRICKSON, RM",1,format_all_caps_legacy,
5458,"AXELSON, LJ",1,format_all_caps_legacy,
5459,"HESS, H",1,format_all_caps_legacy,
5460,"HEYRMAN, M",1,format_all_caps_legacy,
5464,"HOPKINS, HL",1,format_all_caps_legacy,
5469,"AHRONS, C",1,format_all_caps_legacy,
5471,"COWLEY, J",1,format_all_caps_legacy,
5472,"JERRELL, JM",1,format_all_caps_legacy,
5473,"KNIGHT, MA",1,format_all_caps_legacy,
5479,"KEECH, JG",1,format_all_caps_legacy,
5481,"ALEXANDER, P",1,format_all_caps_legacy,
5483,"KHER, BG",1,format_all_caps_legacy,
5484,"KIRLIN, BA",1,format_all_caps_legacy,
5486,"KLEIN, B",1,format_all_caps_legacy,
5487,"KLEIN, BR",1,format_all_caps_legacy,
5490,"RUCKDESCHEL, R",1,format_all_caps_legacy,
5491,"KUMARAPPA, JM",1,format_all_caps_legacy,
5494,"KIRSCH, RD",1,format_all_caps_legacy,
5496,"LALONDE, BID",1,format_all_caps_legacy,
5497,"FALLCREEK, SJ",1,format_all_caps_legacy,
5500,"LASSNER, J",1,format_all_caps_legacy,
5503,"LEWIS, BY",1,format_all_caps_legacy,
5504,"LILLISTON, BA",1,format_all_caps_legacy,
5506,"MACGREGOR, C",1,format_all_caps_legacy,
5507,"SHECKTER, LA",1,format_all_caps_legacy,
5508,"HENDRY, NJ",1,format_all_caps_legacy,
5509,"PENDRAY, MR",1,format_all_caps_legacy,
5510,"MACNAB, G",1,format_all_caps_legacy,
5511,"GOLLOUB, M",1,format_all_caps_legacy,
5512,"MALON, DW",1,format_all_caps_legacy,
5513,"SPENCER, DM",1,format_all_caps_legacy,
5514,"MANOHAR, SV",1,format_all_caps_legacy,
5517,"MARSHALL, C",1,format_all_caps_legacy,
5519,"MATULIS, DJ",1,format_all_caps_legacy,
5521,"PRICE, BD",1,format_all_caps_legacy,
5522,"MCCAFFREY, CM",1,format_all_caps_legacy,
5525,"MCCREADY, W",1,format_all_caps_legacy,
5527,"MECKEL, RA",1,format_all_caps_legacy,
5531,"MERVIS, BA",1,format_all_caps_legacy,
5532,"METRESS, SP",1,format_all_caps_legacy,
5533,"MICHAEL, S",1,format_all_caps_legacy,
5534,"LURIE, E",1,format_all_caps_legacy,
5535,"RUSSELL, N",1,format_all_caps_legacy,
5536,"UNGER, L",1,format_all_caps_legacy,
5538,"MILLER, PA",1,format_all_caps_legacy,
5539,"MIRANDA, MM",1,format_all_caps_legacy,
5540,"MISPELBLOM, F",1,format_all_caps_legacy,
5541,"MITCHELL, CA",1,format_all_caps_legacy,
5542,"MITCHELL, P",1,format_all_caps_legacy,
5543,"MODY, J",1,format_all_caps_legacy,
5544,"MONROE, C",1,format_all_caps_legacy,
5547,"MUKERJEE, R",1,format_all_caps_legacy,
5552,"MUTHUKRISHNAN, AV",1,format_all_caps_legacy,
5553,"SETHURAMAN, TV",1,format_all_caps_legacy,
5554,"NAIK, C",1,format_all_caps_legacy,
5555,"NANDAKUMAR, P",1,format_all_caps_legacy,
5556,"NEIGHBORS, HW",1,format_all_caps_legacy,
5559,"NEWBERGER, CM",1,format_all_caps_legacy,
5560,"NICHOLSON, B",1,format_all_caps_legacy,
5565,"PANT, KC",1,format_all_caps_legacy,
5566,"PAQUETDEEHY, A",1,format_all_caps_legacy,
5567,"HOPMEYER, E",1,format_all_caps_legacy,
5569,"KISLOWICZ, L",1,format_all_caps_legacy,
5574,"SKURSKI, M",1,format_all_caps_legacy,
5575,"CREAMER, D",1,format_all_caps_legacy,
5576,"GUNDY, J",1,format_all_caps_legacy,
5577,"BISHOP, A",1,format_all_caps_legacy,
5582,"POLLAK, JM",1,format_all_caps_legacy,
5584,"DALEY, JM",1,format_all_caps_legacy,
5585,"POTTEREFRON, RT",1,format_all_caps_legacy,
5586,"ADAMS, AC",1,format_all_caps_legacy,
5587,"FAULKNER, AO",1,format_all_caps_legacy,
5590,"DIBARI, PM",1,format_all_caps_legacy,
5592,"HEFFNER, CW",1,format_all_caps_legacy,
5594,"QUARANTA, MA",1,format_all_caps_legacy,
5595,"QUINE, L",1,format_all_caps_legacy,
5598,"GRIGGS, MB",1,format_all_caps_legacy,
5599,"RANDO, TA",1,format_all_caps_legacy,
5601,"RAO, PH",1,format_all_caps_legacy,
5602,"CHAMBERLAIN, R",1,format_all_caps_legacy,
5604,"REGE, P",1,format_all_caps_legacy,
5605,"KING, J",1,format_all_caps_legacy,
5609,"ROSE, IC",1,format_all_caps_legacy,
5613,"ROSSEN, S",1,format_all_caps_legacy,
5615,"HNAT, SA",1,format_all_caps_legacy,
5616,"ROTHOLZ, T",1,format_all_caps_legacy,
5617,"ROUSSO, H",1,format_all_caps_legacy,
5620,"WACHTER, AR",1,format_all_caps_legacy,
5621,"VAUGHN, HH",1,format_all_caps_legacy,
5623,"SACKS, JG",1,format_all_caps_legacy,
5624,"SALOMON, MM",1,format_all_caps_legacy,
5625,"SALTZSTEIN, BJ",1,format_all_caps_legacy,
5626,"SCHAEFER, SPM",1,format_all_caps_legacy,
5629,"NELSON, LS",1,format_all_caps_legacy,
5632,"SERVICE, P",1,format_all_caps_legacy,
5636,"LANGSTON, EJ",1,format_all_caps_legacy,
5639,"GILADI, BH",1,format_all_caps_legacy,
5640,"SHOHAM, H",1,format_all_caps_legacy,
5641,"NEUSCHATZ, S",1,format_all_caps_legacy,
5642,"SIEGEL, DI",1,format_all_caps_legacy,
5643,"SILVERBERG, RA",1,format_all_caps_legacy,
5649,"SMITH, HL",1,format_all_caps_legacy,
5650,"DOEING, CP",1,format_all_caps_legacy,
5652,"SNYDER, B",1,format_all_caps_legacy,
5653,"SOFFEN, J",1,format_all_caps_legacy,
5655,"SORICELLI, BA",1,format_all_caps_legacy,
5656,"UTECH, CL",1,format_all_caps_legacy,
5660,"STERN, ME",1,format_all_caps_legacy,
5662,"STUEN, C",1,format_all_caps_legacy,
5663,"SUMBERG, D",1,format_all_caps_legacy,
5665,"TANNENBAUM, DT",1,format_all_caps_legacy,
5666,"TARTASKY, DJ",1,format_all_caps_legacy,
5668,"TICE, CJ",1,format_all_caps_legacy,
5669,"TITUS, PM",1,format_all_caps_legacy,
5672,"TOWELL, D",1,format_all_caps_legacy,
5675,"TRENT, JW",1,format_all_caps_legacy,
5676,"TYNE, A",1,format_all_caps_legacy,
5677,"VANDENBERGH, N",1,format_all_caps_legacy,
5680,"ASAYAMA, VH",1,format_all_caps_legacy,
5681,"WHITTINGTON, RR",1,format_all_caps_legacy,
5682,"JENSEN, S",1,format_all_caps_legacy,
5685,"WARDE, S",1,format_all_caps_legacy,
5686,"WEED, V",1,format_all_caps_legacy,
5687,"WALLERSTEIN, F",1,format_all_caps_legacy,
5689,"SINGER, C",1,format_all_caps_legacy,
5690,"WHITTINGTON, R",1,format_all_caps_legacy,
5691,"WILSON, MB",1,format_all_caps_legacy,
5692,"WOLF, JH",1,format_all_caps_legacy,
5694,"HASTINGS, T",1,format_all_caps_legacy,
5695,"YOUNG, JE",1,format_all_caps_legacy,
5697,"ZBOROWSKY, E",1,format_all_caps_legacy,
5698,"ZEISEL, H",1,format_all_caps_legacy,
5700,"ACOSTA, FX",1,format_all_caps_legacy,
5701,"YAMAMOTO, J",1,format_all_caps_legacy,
5702,"ALAN, L",1,format_all_caps_legacy,
5704,"ALLFORD, JB",1,format_all_caps_legacy,
5705,"AMATI, BH",1,format_all_caps_legacy,
5708,"ARGUELLO, DF",1,format_all_caps_legacy,
5709,"MAEDA, D",1,format_all_caps_legacy,
5710,"SHIMIZU, Y",1,format_all_caps_legacy,
5711,"ASHLEY, V",1,format_all_caps_legacy,
5712,"ASHWAY, JA",1,format_all_caps_legacy,
5714,"BACKHAUS, KA",1,format_all_caps_legacy,
5718,"BAKER, PKS",1,format_all_caps_legacy,
5719,"BALASUBRAMANIAN, K",1,format_all_caps_legacy,
5721,"BANERJI, D",1,format_all_caps_legacy,
5722,"BARACKS, B",1,format_all_caps_legacy,
5723,"BARBOUR, RS",1,format_all_caps_legacy,
5726,"BATTYE, J",1,format_all_caps_legacy,
5728,"BEEMSTERBOER, J",1,format_all_caps_legacy,
5730,"BERGER, JM",1,format_all_caps_legacy,
5731,"ANDERSON, S",1,format_all_caps_legacy,
5733,"CONTRO, N",1,format_all_caps_legacy,
5734,"ZIVETZ, N",1,format_all_caps_legacy,
5735,"BERKOWITZ, AJ",1,format_all_caps_legacy,
5738,"RAPPAPORT, MB",1,format_all_caps_legacy,
5740,"BERN, LL",1,format_all_caps_legacy,
5743,"BERZY, B",1,format_all_caps_legacy,
5744,"BHADKAMKAR, SM",1,format_all_caps_legacy,
5745,"BIELAWSKI, B",1,format_all_caps_legacy,
5746,"FURLONG, R",1,format_all_caps_legacy,
5747,"BLOCK, MR",1,format_all_caps_legacy,
5748,"BLOTZER, MA",1,format_all_caps_legacy,
5751,"BOGEN, H",1,format_all_caps_legacy,
5752,"BOLDY, D",1,format_all_caps_legacy,
5753,"KUH, D",1,format_all_caps_legacy,
5755,"BOWLING, A",1,format_all_caps_legacy,
5756,"BOYNTON, RM",1,format_all_caps_legacy,
5757,"BOZIGAR, JA",1,format_all_caps_legacy,
5758,"HANSEN, RA",1,format_all_caps_legacy,
5760,"BROWN, PC",1,format_all_caps_legacy,
5761,"BUFFUM, WE",1,format_all_caps_legacy,
5762,"BURDEN, DS",1,format_all_caps_legacy,
5763,"KLERMAN, LV",1,format_all_caps_legacy,
5764,"BURKE, JT",1,format_all_caps_legacy,
5765,"BUTCHER, H",1,format_all_caps_legacy,
5767,"BYWATER, EM",1,format_all_caps_legacy,
5768,"CAIRNS, B",1,format_all_caps_legacy,
5769,"MUNSON, M",1,format_all_caps_legacy,
5770,"PEACO, D",1,format_all_caps_legacy,
5771,"KUPFERBERG, J",1,format_all_caps_legacy,
5772,"CHATURVEDI, H",1,format_all_caps_legacy,
5774,"CHRISTMAN, DM",1,format_all_caps_legacy,
5775,"CHU, J",1,format_all_caps_legacy,
5776,"SUE, S",1,format_all_caps_legacy,
5780,"CAIRNS, VE",1,format_all_caps_legacy,
5781,"COLLINS, SK",1,format_all_caps_legacy,
5782,"COMASDIAZ, L",1,format_all_caps_legacy,
5783,"CONNELL, S",1,format_all_caps_legacy,
5786,"COURNOS, F",1,format_all_caps_legacy,
5787,"HERMAN, R",1,format_all_caps_legacy,
5788,"GLICKEN, N",1,format_all_caps_legacy,
5789,"COZZARELLI, LA",1,format_all_caps_legacy,
5793,"DAVENPORT, JJ",1,format_all_caps_legacy,
5794,"DAVIDSON, AH",1,format_all_caps_legacy,
5799,"DERN, TA",1,format_all_caps_legacy,
5800,"DEVASIA, VV",1,format_all_caps_legacy,
5801,"DEVASIA, L",1,format_all_caps_legacy,
5802,"DEVI, DR",1,format_all_caps_legacy,
5803,"DICKMAN, DE",1,format_all_caps_legacy,
5805,"DOBELSTEIN, A",1,format_all_caps_legacy,
5806,"DOGOLOFF, LI",1,format_all_caps_legacy,
5808,"DOSSETTDAVIES, JW",1,format_all_caps_legacy,
5813,"EDWARDS, SSM",1,format_all_caps_legacy,
5814,"EILBERG, A",1,format_all_caps_legacy,
5815,"EINHORN, RL",1,format_all_caps_legacy,
5816,"EISENBERG, DM",1,format_all_caps_legacy,
5817,"ELEY, R",1,format_all_caps_legacy,
5818,"ELLIS, NB",1,format_all_caps_legacy,
5821,"FOX, HR",1,format_all_caps_legacy,
5822,"PRITZL, DO",1,format_all_caps_legacy,
5823,"HALAR, EM",1,format_all_caps_legacy,
5824,"FASSETT, JD",1,format_all_caps_legacy,
5829,"FRENCH, C",1,format_all_caps_legacy,
5830,"FRENKEL, ER",1,format_all_caps_legacy,
5832,"DERICO, A",1,format_all_caps_legacy,
5839,"GIBSON, G",1,format_all_caps_legacy,
5840,"GIORDANO, NH",1,format_all_caps_legacy,
5841,"GLENDINNING, C",1,format_all_caps_legacy,
5843,"LENN, M",1,format_all_caps_legacy,
5844,"GOODMAN, K",1,format_all_caps_legacy,
5845,"GOODWIN, L",1,format_all_caps_legacy,
5847,"MAZURE, C",1,format_all_caps_legacy,
5848,"HASELTINE, F",1,format_all_caps_legacy,
5850,"GROSS, MJ",1,format_all_caps_legacy,
5853,"GUZETTA, C",1,format_all_caps_legacy,
5854,"HABER, D",1,format_all_caps_legacy,
5858,"HAM, JP",1,format_all_caps_legacy,
5861,"CURNOCK, K",1,format_all_caps_legacy,
5862,"WYATT, J",1,format_all_caps_legacy,
5863,"LUICK, M",1,format_all_caps_legacy,
5864,"HARIBABU, E",1,format_all_caps_legacy,
5869,"HARVEY, SH",1,format_all_caps_legacy,
5871,"HATCH, RC",1,format_all_caps_legacy,
5872,"FRANKEN, ML",1,format_all_caps_legacy,
5873,"HAYNIE, RL",1,format_all_caps_legacy,
5874,"HEAP, K",1,format_all_caps_legacy,
5875,"HEFNER, CW",1,format_all_caps_legacy,
5877,"HILL, BK",1,format_all_caps_legacy,
5878,"ROTEGARD, LL",1,format_all_caps_legacy,
5879,"BRUININKS, RH",1,format_all_caps_legacy,
5880,"HIPGRAVE, T",1,format_all_caps_legacy,
5883,"SETTLES, A",1,format_all_caps_legacy,
5884,"HOLTZMAN, BL",1,format_all_caps_legacy,
5886,"HUBLEY, J",1,format_all_caps_legacy,
5887,"HUNSDON, S",1,format_all_caps_legacy,
5888,"HURLEY, DJ",1,format_all_caps_legacy,
5889,"FITZPATRICK, R",1,format_all_caps_legacy,
5894,"JONES, JM",1,format_all_caps_legacy,
5895,"KAILES, JI",1,format_all_caps_legacy,
5896,"GHOSH, S",1,format_all_caps_legacy,
5897,"KAMARAJU, MSS",1,format_all_caps_legacy,
5901,"KARNIK, VG",1,format_all_caps_legacy,
5905,"WINEBERG, LD",1,format_all_caps_legacy,
5906,"KEOHANE, RG",1,format_all_caps_legacy,
5907,"NEWMAN, CE",1,format_all_caps_legacy,
5908,"RAY, R",1,format_all_caps_legacy,
5910,"KING, BL",1,format_all_caps_legacy,
5913,"GENERO, C",1,format_all_caps_legacy,
5914,"KNIGHTON, A",1,format_all_caps_legacy,
5915,"HEIDELMAN, N",1,format_all_caps_legacy,
5917,"KOSLOF, KE",1,format_all_caps_legacy,
5922,"ROHATGI, K",1,format_all_caps_legacy,
5923,"LADNER, JA",1,format_all_caps_legacy,
5926,"LAWRENCE, JS",1,format_all_caps_legacy,
5931,"LEE, PC",1,format_all_caps_legacy,
5932,"JUAN, G",1,format_all_caps_legacy,
5933,"HOM, AB",1,format_all_caps_legacy,
5935,"LEGIARDILAURA, R",1,format_all_caps_legacy,
5937,"LEWIS, LA",1,format_all_caps_legacy,
5938,"LEWIS, SB",1,format_all_caps_legacy,
5942,"LONDON, SM",1,format_all_caps_legacy,
5943,"LOW, SM",1,format_all_caps_legacy,
5944,"RICH, JC",1,format_all_caps_legacy,
5946,"MACKLIN, R",1,format_all_caps_legacy,
5947,"MANDAL, K",1,format_all_caps_legacy,
5948,"MANOLEAS, P",1,format_all_caps_legacy,
5950,"MAYER, MJ",1,format_all_caps_legacy,
5951,"JACOBS, MD",1,format_all_caps_legacy,
5952,"CARR, CS",1,format_all_caps_legacy,
5953,"MCCONAGHY, R",1,format_all_caps_legacy,
5954,"MCCREATH, J",1,format_all_caps_legacy,
5956,"KANE, VL",1,format_all_caps_legacy,
5957,"BADAMI, MK",1,format_all_caps_legacy,
5958,"OGLESBY, Z",1,format_all_caps_legacy,
5959,"MEDOW, J",1,format_all_caps_legacy,
5962,"MELVIN, LI",1,format_all_caps_legacy,
5965,"MORONE, JA",1,format_all_caps_legacy,
5968,"NETZER, J",1,format_all_caps_legacy,
5969,"NORTHEN, HE",1,format_all_caps_legacy,
5970,"NUSSBAUM, D",1,format_all_caps_legacy,
5971,"KHAN, J",1,format_all_caps_legacy,
5973,"OGBU, JU",1,format_all_caps_legacy,
5974,"OSBORNE, S",1,format_all_caps_legacy,
5975,"ALPERT, WT",1,format_all_caps_legacy,
5977,"PARISH, B",1,format_all_caps_legacy,
5978,"LANDSBERG, G",1,format_all_caps_legacy,
5980,"PFEIFER, GD",1,format_all_caps_legacy,
5981,"WEINSTOCKSAVOY, D",1,format_all_caps_legacy,
5984,"PINO, CJ",1,format_all_caps_legacy,
5985,"HOWARD, S",1,format_all_caps_legacy,
5989,"WELSH, BL",1,format_all_caps_legacy,
5992,"RATNER, R",1,format_all_caps_legacy,
5994,"REITZ, M",1,format_all_caps_legacy,
5998,"ROBINS, PK",1,format_all_caps_legacy,
5999,"DICKINSON, KP",1,format_all_caps_legacy,
6001,"ROTHMAN, GH",1,format_all_caps_legacy,
6002,"ROYER, TD",1,format_all_caps_legacy,
6003,"RUSSELL, PA",1,format_all_caps_legacy,
6004,"LANKFORD, MW",1,format_all_caps_legacy,
6006,"SAHA, SC",1,format_all_caps_legacy,
6007,"SALNER, M",1,format_all_caps_legacy,
6008,"SALTZBERG, M",1,format_all_caps_legacy,
6010,"SANGER, MB",1,format_all_caps_legacy,
6011,"POLLAK, J",1,format_all_caps_legacy,
6012,"SCHOENFELD, M",1,format_all_caps_legacy,
6013,"MYERS, RH",1,format_all_caps_legacy,
6018,"SECEMSKY, VO",1,format_all_caps_legacy,
6020,"SIMMONS, K",1,format_all_caps_legacy,
6021,"LITCHFIELD, L",1,format_all_caps_legacy,
6023,"SETHI, G",1,format_all_caps_legacy,
6024,"MARSTON, B",1,format_all_caps_legacy,
6026,"SHERNOFF, MJ",1,format_all_caps_legacy,
6029,"SILVERSTEIN, DH",1,format_all_caps_legacy,
6031,"YADAVA, KNS",1,format_all_caps_legacy,
6032,"SHARMA, HL",1,format_all_caps_legacy,
6034,"SINHA, S",1,format_all_caps_legacy,
6035,"SINHA, UP",1,format_all_caps_legacy,
6036,"SIVLEY, JP",1,format_all_caps_legacy,
6037,"FIEGENER, JJ",1,format_all_caps_legacy,
6040,"SMID, G",1,format_all_caps_legacy,
6045,"BRITT, D",1,format_all_caps_legacy,
6046,"FROST, C",1,format_all_caps_legacy,
6047,"STARKEY, J",1,format_all_caps_legacy,
6048,"STEINER, J",1,format_all_caps_legacy,
6050,"EVANS, DA",1,format_all_caps_legacy,
6052,"STRICKLER, T",1,format_all_caps_legacy,
6053,"STUTZ, RP",1,format_all_caps_legacy,
6055,"TAYLOR, RDW",1,format_all_caps_legacy,
6057,"JOHNSON, DAW",1,format_all_caps_legacy,
6059,"COOK, KO",1,format_all_caps_legacy,
6060,"TODRES, S",1,format_all_caps_legacy,
6061,"TORRES, EE",1,format_all_caps_legacy,
6062,"TOTMAN, JM",1,format_all_caps_legacy,
6063,"TROP, JL",1,format_all_caps_legacy,
6068,"VANDENBRINKBUDGEN, RP",1,format_all_caps_legacy,
6069,"VANDIVORT, R",1,format_all_caps_legacy,
6070,"KURREN, GM",1,format_all_caps_legacy,
6071,"BRAUN, K",1,format_all_caps_legacy,
6072,"VAUGHAN, PB",1,format_all_caps_legacy,
6073,"VIRMANI, BR",1,format_all_caps_legacy,
6074,"VOGEL, L",1,format_all_caps_legacy,
6076,"WATKINS, JM",1,format_all_caps_legacy,
6077,"WATKINS, DA",1,format_all_caps_legacy,
6078,"WEEKS, KK",1,format_all_caps_legacy,
6079,"WEINER, AH",1,format_all_caps_legacy,
6080,"WEINER, EC",1,format_all_caps_legacy,
6082,"WHEATLEY, SC",1,format_all_caps_legacy,
6085,"WINSTEAD, DK",1,format_all_caps_legacy,
6087,"WILLIS, DC",1,format_all_caps_legacy,
6088,"WITHERIDGE, TF",1,format_all_caps_legacy,
6089,"WOLFE, L",1,format_all_caps_legacy,
6092,"WORSLEY, D",1,format_all_caps_legacy,
6093,"WORTH, G",1,format_all_caps_legacy,
6094,"WRIGHT, JC",1,format_all_caps_legacy,
6095,"KAULUKUKUI, M",1,format_all_caps_legacy,
6096,"YALE, R",1,format_all_caps_legacy,
6097,"MARTINDALE, B",1,format_all_caps_legacy,
6098,"YASSEN, J",1,format_all_caps_legacy,
6101,"ZAVATSKY, B",1,format_all_caps_legacy,
6103,"ZIMRIM, H",1,format_all_caps_legacy,
6104,"AARONSON, L",1,format_all_caps_legacy,
6105,"ADOLPH, M",1,format_all_caps_legacy,
6109,"AKABAS, S",1,format_all_caps_legacy,
6111,"ALLISON, H",1,format_all_caps_legacy,
6113,"ANGSTREICH, B",1,format_all_caps_legacy,
6114,"ARNOWITZ, E",1,format_all_caps_legacy,
6115,"BRUNSWICK, L",1,format_all_caps_legacy,
6116,"KAPLAN, BH",1,format_all_caps_legacy,
6117,"GIDDINGS, CW",1,format_all_caps_legacy,
6118,"BAKER, CT",1,format_all_caps_legacy,
6119,"BAKER, DM",1,format_all_caps_legacy,
6121,"BEAVER, M",1,format_all_caps_legacy,
6123,"BEHLING, JH",1,format_all_caps_legacy,
6126,"CAMPION, EW",1,format_all_caps_legacy,
6127,"SWAGERTY, E",1,format_all_caps_legacy,
6129,"BERNARDEZ, T",1,format_all_caps_legacy,
6130,"BERNS, GT",1,format_all_caps_legacy,
6131,"MCCUTCHAN, B",1,format_all_caps_legacy,
6133,"BIENEN, L",1,format_all_caps_legacy,
6135,"BLOCK, NM",1,format_all_caps_legacy,
6137,"BOROWSKI, A",1,format_all_caps_legacy,
6138,"CINCOTTA, N",1,format_all_caps_legacy,
6140,"BRADY, T",1,format_all_caps_legacy,
6146,"WILLIMENT, S",1,format_all_caps_legacy,
6147,"BRODKIN, E",1,format_all_caps_legacy,
6150,"GLAZER, H",1,format_all_caps_legacy,
6151,"HIGGINS, M",1,format_all_caps_legacy,
6152,"BRUNNER, M",1,format_all_caps_legacy,
6153,"BUCKLEY, LB",1,format_all_caps_legacy,
6154,"ROLFE, TA",1,format_all_caps_legacy,
6155,"BUNIN, A",1,format_all_caps_legacy,
6156,"EINZIG, J",1,format_all_caps_legacy,
6157,"JUDD, D",1,format_all_caps_legacy,
6159,"BURKITT, B",1,format_all_caps_legacy,
6160,"BURKITT, BM",1,format_all_caps_legacy,
6163,"CAMPER, FA",1,format_all_caps_legacy,
6164,"CANTLEY, C",1,format_all_caps_legacy,
6167,"CASEY, RD",1,format_all_caps_legacy,
6168,"CANTOR, L",1,format_all_caps_legacy,
6169,"SHEPHERD, R",1,format_all_caps_legacy,
6170,"CHAUBE, SK",1,format_all_caps_legacy,
6172,"CHRIST, JS",1,format_all_caps_legacy,
6174,"CLEVELAND, TS",1,format_all_caps_legacy,
6176,"COLEMAN, P",1,format_all_caps_legacy,
6178,"COMENITZ, L",1,format_all_caps_legacy,
6180,"CORDOBA, OA",1,format_all_caps_legacy,
6181,"WILSON, W",1,format_all_caps_legacy,
6182,"CROW, GA",1,format_all_caps_legacy,
6183,"CURRIE, DW",1,format_all_caps_legacy,
6185,"SHEIN, L",1,format_all_caps_legacy,
6186,"CLOWARD, L",1,format_all_caps_legacy,
6187,"DARROW, NR",1,format_all_caps_legacy,
6188,"LYNCH, MT",1,format_all_caps_legacy,
6191,"JAMISON, PW",1,format_all_caps_legacy,
6192,"DAVIS, JL",1,format_all_caps_legacy,
6194,"DENTONLEWIS, M",1,format_all_caps_legacy,
6195,"DESHLER, JA",1,format_all_caps_legacy,
6196,"DHILLON, G",1,format_all_caps_legacy,
6197,"DHINGRA, LC",1,format_all_caps_legacy,
6198,"DAHIYA, JS",1,format_all_caps_legacy,
6199,"DIAMOND, RC",1,format_all_caps_legacy,
6201,"LYNETT, PA",1,format_all_caps_legacy,
6202,"DOOLEY, B",1,format_all_caps_legacy,
6203,"KLIBANOFF, P",1,format_all_caps_legacy,
6204,"DUDLEY, A",1,format_all_caps_legacy,
6208,"GRUBER, T",1,format_all_caps_legacy,
6210,"MARAGOS, N",1,format_all_caps_legacy,
6212,"METTLER, M",1,format_all_caps_legacy,
6213,"FATIS, M",1,format_all_caps_legacy,
6214,"KONEWKO, PJ",1,format_all_caps_legacy,
6215,"FIELDS, NS",1,format_all_caps_legacy,
6216,"FISHER, J",1,format_all_caps_legacy,
6218,"FREEMAN, PB",1,format_all_caps_legacy,
6219,"FREY, G",1,format_all_caps_legacy,
6221,"IMERSHEIN, A",1,format_all_caps_legacy,
6222,"CHACKERIAN, R",1,format_all_caps_legacy,
6224,"FUERSTEIN, LA",1,format_all_caps_legacy,
6225,"GALUSZKA, A",1,format_all_caps_legacy,
6227,"GEISS, G",1,format_all_caps_legacy,
6228,"GEKAS, AB",1,format_all_caps_legacy,
6230,"MASTERS, R",1,format_all_caps_legacy,
6231,"GOLDMAN, HS",1,format_all_caps_legacy,
6236,"GRAEBNER, W",1,format_all_caps_legacy,
6237,"GRAMICK, J",1,format_all_caps_legacy,
6240,"GROSSER, RC",1,format_all_caps_legacy,
6242,"GRUBB, WN",1,format_all_caps_legacy,
6243,"GUENDELMAN, S",1,format_all_caps_legacy,
6244,"HAGEN, BH",1,format_all_caps_legacy,
6245,"MACINTOSH, B",1,format_all_caps_legacy,
6246,"ENGLEHARDT, B",1,format_all_caps_legacy,
6247,"HARTMAN, S",1,format_all_caps_legacy,
6248,"HAUSSMANN, MJ",1,format_all_caps_legacy,
6250,"SCHMEDES, C",1,format_all_caps_legacy,
6251,"KORSHIN, PM",1,format_all_caps_legacy,
6252,"HEMALATHA, P",1,format_all_caps_legacy,
6253,"SURYANARAYANA, M",1,format_all_caps_legacy,
6255,"HOEKSTRA, KO",1,format_all_caps_legacy,
6257,"COOK, MA",1,format_all_caps_legacy,
6258,"HOROWITZ, A",1,format_all_caps_legacy,
6259,"SHINDELMAN, LW",1,format_all_caps_legacy,
6260,"HOWIE, M",1,format_all_caps_legacy,
6261,"HUGHES, DS",1,format_all_caps_legacy,
6262,"ONEAL, BC",1,format_all_caps_legacy,
6264,"INNISS, P",1,format_all_caps_legacy,
6265,"JAIN, A",1,format_all_caps_legacy,
6267,"JENKINS, ET",1,format_all_caps_legacy,
6268,"JOYCE, K",1,format_all_caps_legacy,
6269,"DIFFENBACHER, G",1,format_all_caps_legacy,
6270,"GREENE, J",1,format_all_caps_legacy,
6271,"SOROKIN, Y",1,format_all_caps_legacy,
6274,"KANE, R",1,format_all_caps_legacy,
6275,"SILVERTON, M",1,format_all_caps_legacy,
6277,"KANTER, JS",1,format_all_caps_legacy,
6279,"KATZ, P",1,format_all_caps_legacy,
6280,"LONGDEN, S",1,format_all_caps_legacy,
6284,"KEEFE, DE",1,format_all_caps_legacy,
6285,"KILBURN, LH",1,format_all_caps_legacy,
6286,"KIMMEL, D",1,format_all_caps_legacy,
6287,"KLOEPPEL, DA",1,format_all_caps_legacy,
6292,"KUMAR, K",1,format_all_caps_legacy,
6293,"SINGH, SR",1,format_all_caps_legacy,
6294,"KUTZIK, AJ",1,format_all_caps_legacy,
6297,"LEVINSON, HL",1,format_all_caps_legacy,
6298,"LIGHTUP, R",1,format_all_caps_legacy,
6299,"LINCOLN, R",1,format_all_caps_legacy,
6301,"LOBBY, T",1,format_all_caps_legacy,
6303,"MALIN, N",1,format_all_caps_legacy,
6305,"MANTELL, JE",1,format_all_caps_legacy,
6306,"SHEVELL, SK",1,format_all_caps_legacy,
6307,"MARSHACK, E",1,format_all_caps_legacy,
6308,"SHANAHAN, KA",1,format_all_caps_legacy,
6312,"SKAINE, R",1,format_all_caps_legacy,
6313,"BOLTON, R",1,format_all_caps_legacy,
6318,"MEYERS, SC",1,format_all_caps_legacy,
6319,"MILLER, AD",1,format_all_caps_legacy,
6321,"MILLINGTON, S",1,format_all_caps_legacy,
6324,"MINER, I",1,format_all_caps_legacy,
6325,"MIRINGOFF, N",1,format_all_caps_legacy,
6326,"MOFFIC, HS",1,format_all_caps_legacy,
6327,"BROCHSTEIN, J",1,format_all_caps_legacy,
6328,"BLATTSTEIN, A",1,format_all_caps_legacy,
6330,"MOLLER, J",1,format_all_caps_legacy,
6331,"MONE, LC",1,format_all_caps_legacy,
6333,"MENOLASCINO, FJ",1,format_all_caps_legacy,
6334,"MONTGOMERY, RJV",1,format_all_caps_legacy,
6335,"MOORE, G",1,format_all_caps_legacy,
6336,"MORSON, T",1,format_all_caps_legacy,
6337,"MCINNIS, R",1,format_all_caps_legacy,
6338,"MORTIMER, EA",1,format_all_caps_legacy,
6340,"ANDREWS, BF",1,format_all_caps_legacy,
6343,"PILOTTA, JJ",1,format_all_caps_legacy,
6345,"NEAL, G",1,format_all_caps_legacy,
6350,"KATCH, M",1,format_all_caps_legacy,
6351,"MERVIS, P",1,format_all_caps_legacy,
6353,"OLEARY, B",1,format_all_caps_legacy,
6354,"OLMSTEAD, KA",1,format_all_caps_legacy,
6355,"OROMANER, M",1,format_all_caps_legacy,
6356,"PALMER, DS",1,format_all_caps_legacy,
6358,"PANWALKAR, P",1,format_all_caps_legacy,
6359,"PARKINSON, L",1,format_all_caps_legacy,
6361,"PARSONS, RJS",1,format_all_caps_legacy,
6367,"PERRY, WH",1,format_all_caps_legacy,
6368,"HILL, K",1,format_all_caps_legacy,
6369,"PICCIONE, PM",1,format_all_caps_legacy,
6370,"PIES, C",1,format_all_caps_legacy,
6371,"PITMAN, EH",1,format_all_caps_legacy,
6373,"WEATHERSBY, BL",1,format_all_caps_legacy,
6375,"PONCELET, NM",1,format_all_caps_legacy,
6377,"DOSHY, A",1,format_all_caps_legacy,
6378,"PRITLOVE, J",1,format_all_caps_legacy,
6379,"PROHASKA, TR",1,format_all_caps_legacy,
6384,"REDDI, M",1,format_all_caps_legacy,
6385,"REECE, D",1,format_all_caps_legacy,
6386,"HAGEBOECK, H",1,format_all_caps_legacy,
6389,"TAYLOR, CL",1,format_all_caps_legacy,
6390,"RICHTER, B",1,format_all_caps_legacy,
6391,"ROBINOVITCH, AE",1,format_all_caps_legacy,
6393,"FIELDS, NH",1,format_all_caps_legacy,
6394,"ROBINSON, T",1,format_all_caps_legacy,
6396,"ROSENTRAUB, MS",1,format_all_caps_legacy,
6397,"HARLOW, KS",1,format_all_caps_legacy,
6398,"ROSMAN, MD",1,format_all_caps_legacy,
6399,"ROTHSTEIN, DG",1,format_all_caps_legacy,
6403,"RUCKER, NG",1,format_all_caps_legacy,
6404,"SLATER, ET",1,format_all_caps_legacy,
6406,"SALWEN, L",1,format_all_caps_legacy,
6407,"SCHENENGA, K",1,format_all_caps_legacy,
6408,"TURBETT, JP",1,format_all_caps_legacy,
6412,"SHADDEN, BB",1,format_all_caps_legacy,
6413,"SHANKER, R",1,format_all_caps_legacy,
6414,"SEEBER, BC",1,format_all_caps_legacy,
6415,"SHARAN, MB",1,format_all_caps_legacy,
6417,"SHARP, AE",1,format_all_caps_legacy,
6419,"SHERMAN, WR",1,format_all_caps_legacy,
6420,"SHILKOFF, D",1,format_all_caps_legacy,
6421,"SHINAR, D",1,format_all_caps_legacy,
6422,"SIDDELL, M",1,format_all_caps_legacy,
6423,"SILBERT, MH",1,format_all_caps_legacy,
6424,"PINES, AM",1,format_all_caps_legacy,
6426,"SIRCAR, S",1,format_all_caps_legacy,
6428,"SKLAR, H",1,format_all_caps_legacy,
6429,"SKLENAR, DR",1,format_all_caps_legacy,
6432,"CAULUM, S",1,format_all_caps_legacy,
6435,"STEIN, TS",1,format_all_caps_legacy,
6436,"STENZEL, AK",1,format_all_caps_legacy,
6438,"STENZER, AK",1,format_all_caps_legacy,
6440,"STREIB, VL",1,format_all_caps_legacy,
6441,"SUDAME, GR",1,format_all_caps_legacy,
6442,"THIAGARAJAN, AP",1,format_all_caps_legacy,
6443,"SURTI, K",1,format_all_caps_legacy,
6444,"SARUPRIA, D",1,format_all_caps_legacy,
6445,"SUSEELAN, MA",1,format_all_caps_legacy,
6448,"TAUSSIG, MK",1,format_all_caps_legacy,
6450,"THOMAS, CH",1,format_all_caps_legacy,
6451,"TIKTIN, EA",1,format_all_caps_legacy,
6452,"COBB, C",1,format_all_caps_legacy,
6453,"TISHBAUGH, F",1,format_all_caps_legacy,
6454,"TROPF, WD",1,format_all_caps_legacy,
6457,"WILLIAMSON, P",1,format_all_caps_legacy,
6463,"WEBER, SB",1,format_all_caps_legacy,
6464,"SANCHEZ, E",1,format_all_caps_legacy,
6466,"LEVKOFF, S",1,format_all_caps_legacy,
6468,"WHITMER, GE",1,format_all_caps_legacy,
6470,"HATFIELD, E",1,format_all_caps_legacy,
6475,"WINTERS, WG",1,format_all_caps_legacy,
6476,"WOOD, C",1,format_all_caps_legacy,
6477,"WOOD, JD",1,format_all_caps_legacy,
6478,"TOMBRINK, J",1,format_all_caps_legacy,
6479,"WOYCHIK, JP",1,format_all_caps_legacy,
6480,"YOUNGSON, M",1,format_all_caps_legacy,
6481,"YUDKOVITZ, E",1,format_all_caps_legacy,
6482,"ZECHARIAH, J",1,format_all_caps_legacy,
6485,"AIGNER, S",1,format_all_caps_legacy,
6489,"MUNDY, AK",1,format_all_caps_legacy,
6491,"AMSTERDAM, S",1,format_all_caps_legacy,
6493,"ARCHER, JL",1,format_all_caps_legacy,
6494,"ATWOOD, N",1,format_all_caps_legacy,
6495,"BAGAROZZI, JI",1,format_all_caps_legacy,
6496,"SRIVENKATARAMANA, T",1,format_all_caps_legacy,
6497,"BARRET, RL",1,format_all_caps_legacy,
6498,"MARTINDAYS, C",1,format_all_caps_legacy,
6502,"BELLE, D",1,format_all_caps_legacy,
6503,"BENDER, C",1,format_all_caps_legacy,
6504,"WILEY, T",1,format_all_caps_legacy,
6507,"BERRY, SL",1,format_all_caps_legacy,
6508,"ROATH, M",1,format_all_caps_legacy,
6509,"BLACKMAN, D",1,format_all_caps_legacy,
6512,"HOPWOOD, NJ",1,format_all_caps_legacy,
6513,"BRADY, J",1,format_all_caps_legacy,
6514,"BRICE, GC",1,format_all_caps_legacy,
6515,"BRISCOE, ME",1,format_all_caps_legacy,
6516,"GARDINER, M",1,format_all_caps_legacy,
6517,"SLEEMAN, S",1,format_all_caps_legacy,
6519,"WEBSTER, A",1,format_all_caps_legacy,
6520,"BURGESS, LC",1,format_all_caps_legacy,
6521,"BURNETT, DB",1,format_all_caps_legacy,
6523,"CAMBLIN, LD",1,format_all_caps_legacy,
6524,"MILGRAM, J",1,format_all_caps_legacy,
6525,"CAROZZA, PM",1,format_all_caps_legacy,
6526,"HEIRSTEINER, CL",1,format_all_caps_legacy,
6529,"CHALLIS, DJ",1,format_all_caps_legacy,
6531,"CHOJNACKI, MJ",1,format_all_caps_legacy,
6532,"CLARK, P",1,format_all_caps_legacy,
6536,"COLE, DS",1,format_all_caps_legacy,
6538,"COVEY, HC",1,format_all_caps_legacy,
6542,"DELLUMS, RV",1,format_all_caps_legacy,
6543,"DEVI, L",1,format_all_caps_legacy,
6547,"MACKINTOSH, J",1,format_all_caps_legacy,
6548,"GOODE, RA",1,format_all_caps_legacy,
6549,"EASTMAN, KS",1,format_all_caps_legacy,
6550,"FAHEY, CJ",1,format_all_caps_legacy,
6551,"FARRANT, M",1,format_all_caps_legacy,
6552,"FIELD, JL",1,format_all_caps_legacy,
6553,"BARNES, FH",1,format_all_caps_legacy,
6554,"FINE, M",1,format_all_caps_legacy,
6555,"BELLINGER, S",1,format_all_caps_legacy,
6556,"FOSTER, M",1,format_all_caps_legacy,
6558,"FRAM, EH",1,format_all_caps_legacy,
6559,"FRIEDENBERG, EC",1,format_all_caps_legacy,
6560,"FRIEDMAN, MB",1,format_all_caps_legacy,
6561,"FRIEDMAN, RM",1,format_all_caps_legacy,
6562,"BARON, A",1,format_all_caps_legacy,
6563,"LARDIERI, S",1,format_all_caps_legacy,
6564,"QUICK, J",1,format_all_caps_legacy,
6565,"GALLO, F",1,format_all_caps_legacy,
6566,"SORENSEN, A",1,format_all_caps_legacy,
6568,"GETZEL, J",1,format_all_caps_legacy,
6569,"GHALI, SB",1,format_all_caps_legacy,
6571,"KLECZEWSKI, M",1,format_all_caps_legacy,
6572,"GIVLER, TL",1,format_all_caps_legacy,
6573,"GLICKEN, VK",1,format_all_caps_legacy,
6577,"GOLDBERG, W",1,format_all_caps_legacy,
6578,"GOLDSTEIN, R",1,format_all_caps_legacy,
6579,"GOODFADER, RA",1,format_all_caps_legacy,
6580,"GORMAN, D",1,format_all_caps_legacy,
6582,"GROB, MC",1,format_all_caps_legacy,
6583,"EISEN, SV",1,format_all_caps_legacy,
6585,"GURNACK, AM",1,format_all_caps_legacy,
6588,"TOD, V",1,format_all_caps_legacy,
6589,"HECHT, E",1,format_all_caps_legacy,
6591,"HELFER, RE",1,format_all_caps_legacy,
6593,"HICKEY, T",1,format_all_caps_legacy,
6594,"HODGES, RL",1,format_all_caps_legacy,
6596,"HORN, B",1,format_all_caps_legacy,
6597,"MANUELE, GM",1,format_all_caps_legacy,
6598,"OLVANY, BF",1,format_all_caps_legacy,
6599,"HOSHINO, S",1,format_all_caps_legacy,
6601,"HUFNAGEL, PG",1,format_all_caps_legacy,
6602,"HUMMEL, C",1,format_all_caps_legacy,
6603,"IVEY, HS",1,format_all_caps_legacy,
6604,"JACOBSON, D",1,format_all_caps_legacy,
6605,"JAYEWARDENE, CHS",1,format_all_caps_legacy,
6606,"JOSLYN, BE",1,format_all_caps_legacy,
6609,"KARANJA, S",1,format_all_caps_legacy,
6610,"KASSEBAUM, G",1,format_all_caps_legacy,
6613,"KHATRI, AA",1,format_all_caps_legacy,
6615,"KNUPP, W",1,format_all_caps_legacy,
6616,"GEORGIOPOULOS, J",1,format_all_caps_legacy,
6618,"MAYKRANZ, J",1,format_all_caps_legacy,
6619,"KRAMER, J",1,format_all_caps_legacy,
6621,"KREIMAN, J",1,format_all_caps_legacy,
6624,"KUPST, MJ",1,format_all_caps_legacy,
6625,"TYLKE, L",1,format_all_caps_legacy,
6627,"MUDD, ME",1,format_all_caps_legacy,
6628,"RICHARDSON, C",1,format_all_caps_legacy,
6629,"SCHULMAN, JL",1,format_all_caps_legacy,
6630,"LASKA, KF",1,format_all_caps_legacy,
6634,"MAHON, M",1,format_all_caps_legacy,
6635,"MCCARLEY, LD",1,format_all_caps_legacy,
6637,"TOOMEY, B",1,format_all_caps_legacy,
6639,"LODISH, D",1,format_all_caps_legacy,
6640,"PAWLAKFLOYD, C",1,format_all_caps_legacy,
6641,"LEWIS, R",1,format_all_caps_legacy,
6645,"LYONS, W",1,format_all_caps_legacy,
6648,"KRUEGER, JC",1,format_all_caps_legacy,
6650,"MARKOWITZ, MA",1,format_all_caps_legacy,
6651,"NITZBERG, ML",1,format_all_caps_legacy,
6652,"MASON, RE",1,format_all_caps_legacy,
6653,"MAWBY, RI",1,format_all_caps_legacy,
6654,"FISHER, CJ",1,format_all_caps_legacy,
6655,"MCADOO, HP",1,format_all_caps_legacy,
6656,"MCCATHREN, RR",1,format_all_caps_legacy,
6657,"MCCONNELL, K",1,format_all_caps_legacy,
6658,"MCCREADIE, R",1,format_all_caps_legacy,
6660,"MCGEE, GW",1,format_all_caps_legacy,
6661,"CROW, RT",1,format_all_caps_legacy,
6663,"PEARCE, JK",1,format_all_caps_legacy,
6664,"MCKINNEY, JB",1,format_all_caps_legacy,
6668,"ANDERSON, RN",1,format_all_caps_legacy,
6669,"MENGEOT, SW",1,format_all_caps_legacy,
6671,"MILNE, F",1,format_all_caps_legacy,
6673,"MINTZ, NE",1,format_all_caps_legacy,
6675,"MONKMAN, MM",1,format_all_caps_legacy,
6676,"MONSOUR, N",1,format_all_caps_legacy,
6677,"ROBB, SS",1,format_all_caps_legacy,
6680,"DIEPPA, I",1,format_all_caps_legacy,
6681,"MONTGOMERY, S",1,format_all_caps_legacy,
6682,"MOONILAL, JM",1,format_all_caps_legacy,
6686,"MOSS, JA",1,format_all_caps_legacy,
6687,"MOSS, NE",1,format_all_caps_legacy,
6688,"ABRAMOWITZ, SI",1,format_all_caps_legacy,
6689,"KASCHAK, E",1,format_all_caps_legacy,
6690,"MUKERJI, S",1,format_all_caps_legacy,
6692,"MYERS, JEB",1,format_all_caps_legacy,
6693,"NAGLA, BK",1,format_all_caps_legacy,
6694,"NAHEMOW, L",1,format_all_caps_legacy,
6695,"NARANG, L",1,format_all_caps_legacy,
6696,"NEILL, J",1,format_all_caps_legacy,
6698,"NIELSEN, E",1,format_all_caps_legacy,
6699,"NIETO, DS",1,format_all_caps_legacy,
6701,"OHLSON, JE",1,format_all_caps_legacy,
6702,"LEEVES, R",1,format_all_caps_legacy,
6703,"CANZONA, L",1,format_all_caps_legacy,
6704,"WAI, L",1,format_all_caps_legacy,
6708,"PHILLIPS, E",1,format_all_caps_legacy,
6709,"PILLAI, TV",1,format_all_caps_legacy,
6713,"PORTER, RA",1,format_all_caps_legacy,
6714,"PETERS, JA",1,format_all_caps_legacy,
6715,"HEADY, HR",1,format_all_caps_legacy,
6718,"PUNIA, RK",1,format_all_caps_legacy,
6719,"RAM, VJ",1,format_all_caps_legacy,
6722,"RAYNES, NV",1,format_all_caps_legacy,
6723,"REED, PJ",1,format_all_caps_legacy,
6726,"REINDERS, RC",1,format_all_caps_legacy,
6728,"RESCH, JP",1,format_all_caps_legacy,
6729,"REYNOLDS, F",1,format_all_caps_legacy,
6732,"DOHERTY, R",1,format_all_caps_legacy,
6733,"RINCON, EL",1,format_all_caps_legacy,
6734,"KEYS, CB",1,format_all_caps_legacy,
6735,"ROBINSON, MV",1,format_all_caps_legacy,
6736,"FLAHERTY, JA",1,format_all_caps_legacy,
6739,"ROSENBERG, B",1,format_all_caps_legacy,
6740,"ROSENTHAL, A",1,format_all_caps_legacy,
6741,"SCARVALONE, SA",1,format_all_caps_legacy,
6744,"ROY, C",1,format_all_caps_legacy,
6745,"ATCHERSON, E",1,format_all_caps_legacy,
6746,"RUBENSTEIN, S",1,format_all_caps_legacy,
6749,"SARMA, V",1,format_all_caps_legacy,
6750,"SATYAMURTI, C",1,format_all_caps_legacy,
6751,"SAUNDERS, BN",1,format_all_caps_legacy,
6753,"SHARON, N",1,format_all_caps_legacy,
6757,"CHARPENTIER, MO",1,format_all_caps_legacy,
6758,"SELTZER, S",1,format_all_caps_legacy,
6759,"SETHNA, HN",1,format_all_caps_legacy,
6761,"WARRIER, SK",1,format_all_caps_legacy,
6762,"SHOPLER, JH",1,format_all_caps_legacy,
6765,"SIEGEL, JF",1,format_all_caps_legacy,
6766,"KANTOR, O",1,format_all_caps_legacy,
6769,"SILVERTON, R",1,format_all_caps_legacy,
6770,"SIMSON, S",1,format_all_caps_legacy,
6771,"WILSON, LB",1,format_all_caps_legacy,
6772,"HENRY, SS",1,format_all_caps_legacy,
6773,"SLOWIK, MG",1,format_all_caps_legacy,
6774,"PAQUETTE, C",1,format_all_caps_legacy,
6776,"SPEIRS, C",1,format_all_caps_legacy,
6779,"SPOHN, RR",1,format_all_caps_legacy,
6781,"STARR, S",1,format_all_caps_legacy,
6783,"STRINGHAM, JG",1,format_all_caps_legacy,
6784,"RILEY, JH",1,format_all_caps_legacy,
6786,"SULLIVAN, RJ",1,format_all_caps_legacy,
6787,"SUNG, KT",1,format_all_caps_legacy,
6788,"SUPER, SI",1,format_all_caps_legacy,
6789,"SUTTON, JA",1,format_all_caps_legacy,
6792,"ULLMER, J",1,format_all_caps_legacy,
6793,"ABRAHAMS, L",1,format_all_caps_legacy,
6794,"BROWN, D",1,format_all_caps_legacy,
6796,"UPRETI, HC",1,format_all_caps_legacy,
6797,"UPRETI, N",1,format_all_caps_legacy,
6799,"VIR, D",1,format_all_caps_legacy,
6801,"WALKER, JI",1,format_all_caps_legacy,
6802,"MCLEOD, G",1,format_all_caps_legacy,
6804,"WALTERS, RW",1,format_all_caps_legacy,
6805,"WATKINS, TR",1,format_all_caps_legacy,
6806,"GONZALES, R",1,format_all_caps_legacy,
6810,"HENNELLY, VD",1,format_all_caps_legacy,
6815,"WAY, IF",1,format_all_caps_legacy,
6816,"BLEEKE, MA",1,format_all_caps_legacy,
6817,"WYLDER, J",1,format_all_caps_legacy,
6818,"YANKOWITZ, R",1,format_all_caps_legacy,
6819,"ZAKUS, GE",1,format_all_caps_legacy,
6820,"ABRAMS, N",1,format_all_caps_legacy,
6822,"ALTBUCH, P",1,format_all_caps_legacy,
6824,"SAINZ, RA",1,format_all_caps_legacy,
6825,"AMSA, P",1,format_all_caps_legacy,
6827,"ANDERSON, MJ",1,format_all_caps_legacy,
6829,"ARMBRUSTERSINANOGLU, P",1,format_all_caps_legacy,
6830,"AYERS, GW",1,format_all_caps_legacy,
6832,"BABCOCK, ML",1,format_all_caps_legacy,
6833,"CONNOR, B",1,format_all_caps_legacy,
6834,"BAKER, NG",1,format_all_caps_legacy,
6837,"BANE, MJ",1,format_all_caps_legacy,
6838,"BARDACH, JL",1,format_all_caps_legacy,
6839,"BARTON, TF",1,format_all_caps_legacy,
6841,"BELLERBY, LJ",1,format_all_caps_legacy,
6842,"GOSLIN, LN",1,format_all_caps_legacy,
6843,"BENNETT, RW",1,format_all_caps_legacy,
6844,"THEADO, R",1,format_all_caps_legacy,
6849,"MATHUR, AS",1,format_all_caps_legacy,
6850,"BLACK, C",1,format_all_caps_legacy,
6851,"ENOS, R",1,format_all_caps_legacy,
6856,"KELLER, SM",1,format_all_caps_legacy,
6858,"BOTWINIK, LM",1,format_all_caps_legacy,
6859,"BOYD, L",1,format_all_caps_legacy,
6861,"CHASE, MD",1,format_all_caps_legacy,
6862,"CLARK, M",1,format_all_caps_legacy,
6866,"BROCKETT, RG",1,format_all_caps_legacy,
6868,"BROOKS, I",1,format_all_caps_legacy,
6869,"BROOKS, VR",1,format_all_caps_legacy,
6872,"CHAPIN, BA",1,format_all_caps_legacy,
6873,"CHAVAN, SSB",1,format_all_caps_legacy,
6875,"BELL, SL",1,format_all_caps_legacy,
6876,"DOLINSKY, DL",1,format_all_caps_legacy,
6877,"DOYLE, J",1,format_all_caps_legacy,
6878,"DUNN, M",1,format_all_caps_legacy,
6879,"CHERNIN, ME",1,format_all_caps_legacy,
6880,"CHILES, CL",1,format_all_caps_legacy,
6882,"CICIRELLI, VG",1,format_all_caps_legacy,
6883,"COHEN, SN",1,format_all_caps_legacy,
6884,"EGEN, B",1,format_all_caps_legacy,
6885,"COMSTOCK, CD",1,format_all_caps_legacy,
6886,"CONEY, JC",1,format_all_caps_legacy,
6887,"CONLEY, RW",1,format_all_caps_legacy,
6889,"COOPER, TM",1,format_all_caps_legacy,
6892,"CROCKEN, B",1,format_all_caps_legacy,
6893,"DAVID, DD",1,format_all_caps_legacy,
6894,"EHRENPREIS, TG",1,format_all_caps_legacy,
6895,"DAVIS, EW",1,format_all_caps_legacy,
6896,"BARRETT, MC",1,format_all_caps_legacy,
6898,"DEWAR, T",1,format_all_caps_legacy,
6903,"DREWS, K",1,format_all_caps_legacy,
6905,"EDELWICH, J",1,format_all_caps_legacy,
6906,"EDWARDS, D",1,format_all_caps_legacy,
6907,"EDWARDS, DW",1,format_all_caps_legacy,
6908,"EHRLICH, IF",1,format_all_caps_legacy,
6910,"ELLIS, AL",1,format_all_caps_legacy,
6911,"ERF, LA",1,format_all_caps_legacy,
6912,"JAUREGUY, BM",1,format_all_caps_legacy,
6913,"HONEYFIELD, RM",1,format_all_caps_legacy,
6914,"FAHEY, C",1,format_all_caps_legacy,
6915,"FAIRCHILD, MW",1,format_all_caps_legacy,
6916,"KEITH, CR",1,format_all_caps_legacy,
6918,"FEINBERG, D",1,format_all_caps_legacy,
6919,"FELDMAN, P",1,format_all_caps_legacy,
6920,"FIMBRES, MF",1,format_all_caps_legacy,
6921,"FRANKEL, SI",1,format_all_caps_legacy,
6922,"FINLEY, BS",1,format_all_caps_legacy,
6923,"CROUTHAMEL, CS",1,format_all_caps_legacy,
6924,"RICHMAN, RA",1,format_all_caps_legacy,
6925,"FLINT, S",1,format_all_caps_legacy,
6926,"FORD, KP",1,format_all_caps_legacy,
6927,"FOX, RC",1,format_all_caps_legacy,
6928,"FRANKFATHER, DL",1,format_all_caps_legacy,
6930,"FULMER, RH",1,format_all_caps_legacy,
6931,"GALBRAITH, WL",1,format_all_caps_legacy,
6935,"GARBACH, LK",1,format_all_caps_legacy,
6936,"DEICHMAN, ES",1,format_all_caps_legacy,
6937,"GAUTAM, RP",1,format_all_caps_legacy,
6938,"GAWLINSKI, G",1,format_all_caps_legacy,
6940,"GEISMAR, S",1,format_all_caps_legacy,
6941,"GEISS, GR",1,format_all_caps_legacy,
6942,"GHERE, RK",1,format_all_caps_legacy,
6943,"LINDEMAN, DA",1,format_all_caps_legacy,
6944,"GLEASON, P",1,format_all_caps_legacy,
6947,"GOUDEAU, JF",1,format_all_caps_legacy,
6949,"GROSHONG, LW",1,format_all_caps_legacy,
6951,"HALL, L",1,format_all_caps_legacy,
6956,"SCHAUPP, DL",1,format_all_caps_legacy,
6957,"HARTNOLL, MC",1,format_all_caps_legacy,
6958,"HASHIMI, JK",1,format_all_caps_legacy,
6960,"HAWTON, K",1,format_all_caps_legacy,
6961,"ROBERTS, JC",1,format_all_caps_legacy,
6962,"HUBBARD, FA",1,format_all_caps_legacy,
6963,"ANDERSEN, AE",1,format_all_caps_legacy,
6965,"HELPHAND, M",1,format_all_caps_legacy,
6966,"PORTER, CM",1,format_all_caps_legacy,
6967,"HENDIN, H",1,format_all_caps_legacy,
6968,"HENDRICKS, LE",1,format_all_caps_legacy,
6969,"HOWARD, CS",1,format_all_caps_legacy,
6971,"HERRIOTT, M",1,format_all_caps_legacy,
6973,"HERZOG, D",1,format_all_caps_legacy,
6975,"HUSAIN, MG",1,format_all_caps_legacy,
6976,"SAHAY, M",1,format_all_caps_legacy,
6978,"HOLLENSHEAD, C",1,format_all_caps_legacy,
6980,"JANSEN, MA",1,format_all_caps_legacy,
6981,"MEYERSABELL, J",1,format_all_caps_legacy,
6984,"JOHNSON, DG",1,format_all_caps_legacy,
6985,"JOHNSON, WF",1,format_all_caps_legacy,
6986,"JOHNSTON, JE",1,format_all_caps_legacy,
6989,"SISODIA, GS",1,format_all_caps_legacy,
6991,"HARISSIS, K",1,format_all_caps_legacy,
6993,"CROUSE, MA",1,format_all_caps_legacy,
6994,"KOHN, R",1,format_all_caps_legacy,
6995,"KORNBLUM, H",1,format_all_caps_legacy,
6996,"MARSHALL, RE",1,format_all_caps_legacy,
6997,"KOSUB, SM",1,format_all_caps_legacy,
6998,"CERRETO, MC",1,format_all_caps_legacy,
7000,"YOELIN, ML",1,format_all_caps_legacy,
7001,"KRUSH, AJ",1,format_all_caps_legacy,
7005,"LEBOWITZ, BD",1,format_all_caps_legacy,
7006,"LEHRER, KA",1,format_all_caps_legacy,
7008,"LETOURNEAU, C",1,format_all_caps_legacy,
7009,"LEVI, JR",1,format_all_caps_legacy,
7011,"HUGI, R",1,format_all_caps_legacy,
7015,"LINDAMOOD, MM",1,format_all_caps_legacy,
7020,"LOHMAN, CP",1,format_all_caps_legacy,
7021,"LORENTS, AC",1,format_all_caps_legacy,
7025,"MESHEL, R",1,format_all_caps_legacy,
7026,"MCCREATH, JJ",1,format_all_caps_legacy,
7030,"SANTOS, JF",1,format_all_caps_legacy,
7031,"MCINTYRE, K",1,format_all_caps_legacy,
7032,"MEHTA, SR",1,format_all_caps_legacy,
7037,"MILLER, WH",1,format_all_caps_legacy,
7041,"MONSOUR, R",1,format_all_caps_legacy,
7042,"MOOREKIRKLAND, J",1,format_all_caps_legacy,
7045,"MOULTRUP, D",1,format_all_caps_legacy,
7046,"MURPHY, F",1,format_all_caps_legacy,
7049,"NEUGENT, MC",1,format_all_caps_legacy,
7050,"NEWKHAM, J",1,format_all_caps_legacy,
7051,"BAWCOM, L",1,format_all_caps_legacy,
7053,"NOELKER, LS",1,format_all_caps_legacy,
7054,"OAKLEY, P",1,format_all_caps_legacy,
7058,"OSAKO, M",1,format_all_caps_legacy,
7059,"PANCOST, RO",1,format_all_caps_legacy,
7062,"CARPENTER, EM",1,format_all_caps_legacy,
7064,"PATKAR, P",1,format_all_caps_legacy,
7065,"PATNAIK, MM",1,format_all_caps_legacy,
7067,"PFLANCZER, SI",1,format_all_caps_legacy,
7068,"RENZ, C",1,format_all_caps_legacy,
7069,"PHILLIPS, BA",1,format_all_caps_legacy,
7070,"DIMSDALE, B",1,format_all_caps_legacy,
7071,"TAFT, E",1,format_all_caps_legacy,
7072,"GORMAN, KH",1,format_all_caps_legacy,
7073,"BODENHEIMER, M",1,format_all_caps_legacy,
7075,"PIPPARD, JL",1,format_all_caps_legacy,
7077,"PLANT, R",1,format_all_caps_legacy,
7078,"PLATT, R",1,format_all_caps_legacy,
7079,"PORTEOUS, MA",1,format_all_caps_legacy,
7080,"POTTER, SJ",1,format_all_caps_legacy,
7081,"DARTY, TE",1,format_all_caps_legacy,
7087,"RAJYAGURU, HM",1,format_all_caps_legacy,
7088,"RAMAIAH, P",1,format_all_caps_legacy,
7090,"RANI, MB",1,format_all_caps_legacy,
7091,"RAO, PK",1,format_all_caps_legacy,
7092,"RAPPAPORT, C",1,format_all_caps_legacy,
7093,"WHITE, SH",1,format_all_caps_legacy,
7094,"PEATTIE, L",1,format_all_caps_legacy,
7095,"RENICK, JC",1,format_all_caps_legacy,
7096,"ROSEN, H",1,format_all_caps_legacy,
7098,"RUDOLPH, LA",1,format_all_caps_legacy,
7099,"PENDERGRASS, TW",1,format_all_caps_legacy,
7100,"KJOSNESS, M",1,format_all_caps_legacy,
7101,"HARTMANN, JR",1,format_all_caps_legacy,
7102,"RUE, H",1,format_all_caps_legacy,
7103,"SALOMON, E",1,format_all_caps_legacy,
7106,"SCHNELLER, DP",1,format_all_caps_legacy,
7109,"STAULCUP, HJ",1,format_all_caps_legacy,
7110,"SCHULTZ, K",1,format_all_caps_legacy,
7111,"SELIG, AL",1,format_all_caps_legacy,
7112,"REBER, P",1,format_all_caps_legacy,
7113,"PHANIDIS, J",1,format_all_caps_legacy,
7114,"ROBERTSON, G",1,format_all_caps_legacy,
7116,"SETON, PH",1,format_all_caps_legacy,
7119,"SHELDON, C",1,format_all_caps_legacy,
7121,"CROCKER, SB",1,format_all_caps_legacy,
7124,"SINGER, B",1,format_all_caps_legacy,
7125,"SMITH, MO",1,format_all_caps_legacy,
7126,"SMITHBLACKMER, D",1,format_all_caps_legacy,
7127,"SNIDER, LF",1,format_all_caps_legacy,
7128,"SNYDER, R",1,format_all_caps_legacy,
7129,"SOCOR, B",1,format_all_caps_legacy,
7130,"GAVELEK, JR",1,format_all_caps_legacy,
7131,"MACMURRAY, V",1,format_all_caps_legacy,
7132,"SPRING, JC",1,format_all_caps_legacy,
7135,"STERN, LM",1,format_all_caps_legacy,
7136,"STEWART, SP",1,format_all_caps_legacy,
7137,"STEWART, WF",1,format_all_caps_legacy,
7138,"STREAN, H",1,format_all_caps_legacy,
7139,"SUMMERFIELD, J",1,format_all_caps_legacy,
7140,"SURBECK, A",1,format_all_caps_legacy,
7142,"SWANSON, A",1,format_all_caps_legacy,
7146,"JOHNSON, KH",1,format_all_caps_legacy,
7147,"HUNTER, K",1,format_all_caps_legacy,
7148,"ROCKOWITZ, RJ",1,format_all_caps_legacy,
7149,"TEIGISER, K",1,format_all_caps_legacy,
7150,"TERRY, PO",1,format_all_caps_legacy,
7151,"THISTLE, P",1,format_all_caps_legacy,
7154,"THOMSTADT, K",1,format_all_caps_legacy,
7155,"TIBBITT, JE",1,format_all_caps_legacy,
7156,"TOPPER, AB",1,format_all_caps_legacy,
7158,"TROPMAN, PJ",1,format_all_caps_legacy,
7159,"DEISHER, JB",1,format_all_caps_legacy,
7161,"UTTLEY, S",1,format_all_caps_legacy,
7163,"VANNEMAN, R",1,format_all_caps_legacy,
7165,"CIBULSKI, O",1,format_all_caps_legacy,
7166,"SPERO, S",1,format_all_caps_legacy,
7169,"BOYER, D",1,format_all_caps_legacy,
7170,"WALTMAN, R",1,format_all_caps_legacy,
7172,"WARFEL, DJ",1,format_all_caps_legacy,
7173,"MALONEY, DM",1,format_all_caps_legacy,
7174,"BLASE, K",1,format_all_caps_legacy,
7175,"WASKEL, S",1,format_all_caps_legacy,
7177,"WEINSTEIN, BA",1,format_all_caps_legacy,
7179,"WERDINGER, IF",1,format_all_caps_legacy,
7180,"WIENER, IN",1,format_all_caps_legacy,
7181,"WILCZYNSKI, BL",1,format_all_caps_legacy,
7183,"WILSON, LC",1,format_all_caps_legacy,
7184,"WODARSKI, J",1,format_all_caps_legacy,
7186,"LAUFENBURG, HF",1,format_all_caps_legacy,
7192,"ADAMS, JP",1,format_all_caps_legacy,
7193,"AGARWAL, MC",1,format_all_caps_legacy,
7194,"AGGER, EM",1,format_all_caps_legacy,
7195,"AHRONS, CR",1,format_all_caps_legacy,
7196,"BRUNN, D",1,format_all_caps_legacy,
7197,"ANDERSON, JE",1,format_all_caps_legacy,
7201,"BABUREDDY, MA",1,format_all_caps_legacy,
7202,"SUDHA, BG",1,format_all_caps_legacy,
7203,"BAKERJACKSON, M",1,format_all_caps_legacy,
7204,"BALLEN, B",1,format_all_caps_legacy,
7205,"BAMFORD, TD",1,format_all_caps_legacy,
7207,"BAYLEY, DH",1,format_all_caps_legacy,
7208,"BECKER, H",1,format_all_caps_legacy,
7210,"BERGMAN, DA",1,format_all_caps_legacy,
7211,"MCQUAID, K",1,format_all_caps_legacy,
7213,"BERNS, JH",1,format_all_caps_legacy,
7214,"BERTSCHE, AV",1,format_all_caps_legacy,
7217,"BHATIA, SK",1,format_all_caps_legacy,
7218,"BIENEN, M",1,format_all_caps_legacy,
7221,"JONES, RW",1,format_all_caps_legacy,
7223,"BLACKWELL, DL",1,format_all_caps_legacy,
7224,"HUNT, SS",1,format_all_caps_legacy,
7226,"BARSH, RL",1,format_all_caps_legacy,
7228,"BLIZINSKY, MJ",1,format_all_caps_legacy,
7229,"BLOOM, T",1,format_all_caps_legacy,
7230,"ROCKLIN, C",1,format_all_caps_legacy,
7232,"WELLS, R",1,format_all_caps_legacy,
7233,"BOLES, JK",1,format_all_caps_legacy,
7235,"BRANDENBURG, C",1,format_all_caps_legacy,
7236,"BASHAM, J",1,format_all_caps_legacy,
7239,"BRANNEN, JM",1,format_all_caps_legacy,
7240,"BREGMAN, AM",1,format_all_caps_legacy,
7243,"BRUNSON, PM",1,format_all_caps_legacy,
7244,"BUCKNER, MD",1,format_all_caps_legacy,
7246,"BURGESS, AW",1,format_all_caps_legacy,
7247,"BURGESS, R",1,format_all_caps_legacy,
7248,"JEWITT, R",1,format_all_caps_legacy,
7249,"BURLAND, JA",1,format_all_caps_legacy,
7251,"BURRUELFARNAM, G",1,format_all_caps_legacy,
7252,"BUTTERFIELD, W",1,format_all_caps_legacy,
7254,"CARNEY, RM",1,format_all_caps_legacy,
7255,"CHATTERJEE, B",1,format_all_caps_legacy,
7256,"CHRISSINGER, MS",1,format_all_caps_legacy,
7257,"CLARKSON, P",1,format_all_caps_legacy,
7259,"CONKLIN, C",1,format_all_caps_legacy,
7261,"COOPER, JD",1,format_all_caps_legacy,
7262,"CORCORAN, M",1,format_all_caps_legacy,
7263,"HILL, MS",1,format_all_caps_legacy,
7265,"COSTIN, L",1,format_all_caps_legacy,
7266,"COURT, NJ",1,format_all_caps_legacy,
7267,"CULLEN, FT",1,format_all_caps_legacy,
7268,"HEINER, KW",1,format_all_caps_legacy,
7269,"SULLO, P",1,format_all_caps_legacy,
7273,"DAVIES, A",1,format_all_caps_legacy,
7274,"DEMBY, A",1,format_all_caps_legacy,
7275,"DIERKING, B",1,format_all_caps_legacy,
7277,"DILLARD, RG",1,format_all_caps_legacy,
7278,"AUERBACH, KG",1,format_all_caps_legacy,
7279,"SHOWALTER, AH",1,format_all_caps_legacy,
7280,"DILS, SM",1,format_all_caps_legacy,
7282,"SUTARIA, R",1,format_all_caps_legacy,
7284,"COPELAND, EJ",1,format_all_caps_legacy,
7285,"DUKES, D",1,format_all_caps_legacy,
7287,"EDWARDS, C",1,format_all_caps_legacy,
7288,"GORBACH, P",1,format_all_caps_legacy,
7289,"DAINES, GM",1,format_all_caps_legacy,
7290,"EINZIG, JE",1,format_all_caps_legacy,
7292,"ENSMINGER, J",1,format_all_caps_legacy,
7294,"ESKA, B",1,format_all_caps_legacy,
7295,"FALCONE, M",1,format_all_caps_legacy,
7297,"FELD, BC",1,format_all_caps_legacy,
7300,"BOWDEN, L",1,format_all_caps_legacy,
7302,"HUFF, A",1,format_all_caps_legacy,
7303,"LANGLIE, J",1,format_all_caps_legacy,
7305,"FERRY, NW",1,format_all_caps_legacy,
7307,"FINE, ME",1,format_all_caps_legacy,
7309,"FINKELSTEIN, NE",1,format_all_caps_legacy,
7310,"FISCHLER, RS",1,format_all_caps_legacy,
7311,"FLANAGAN, JW",1,format_all_caps_legacy,
7312,"FORSHEY, F",1,format_all_caps_legacy,
7313,"FRANCOME, C",1,format_all_caps_legacy,
7314,"FREIDENBERGS, I",1,format_all_caps_legacy,
7315,"FRENCH, LA",1,format_all_caps_legacy,
7316,"HORNBUCKLE, J",1,format_all_caps_legacy,
7317,"FRENCH, RT",1,format_all_caps_legacy,
7321,"GARTON, A",1,format_all_caps_legacy,
7322,"GATES, BS",1,format_all_caps_legacy,
7323,"GENTRY, CE",1,format_all_caps_legacy,
7326,"GLASSMAN, M",1,format_all_caps_legacy,
7327,"GLICKEN, V",1,format_all_caps_legacy,
7330,"GRATCH, SE",1,format_all_caps_legacy,
7333,"BERRY, EP",1,format_all_caps_legacy,
7334,"GREENFIELD, L",1,format_all_caps_legacy,
7335,"ANDERSON, JS",1,format_all_caps_legacy,
7336,"FRIEDMAN, DJ",1,format_all_caps_legacy,
7337,"GROENEVELD, LP",1,format_all_caps_legacy,
7338,"GROSS, AM",1,format_all_caps_legacy,
7339,"GUCKENHEIMER, L",1,format_all_caps_legacy,
7340,"GUETTER, J",1,format_all_caps_legacy,
7341,"HAMPSON, RB",1,format_all_caps_legacy,
7342,"TAVORMINA, JB",1,format_all_caps_legacy,
7343,"HARRIS, RN",1,format_all_caps_legacy,
7344,"HARROLD, S",1,format_all_caps_legacy,
7345,"HAUSMAN, CP",1,format_all_caps_legacy,
7346,"HEWITT, AM",1,format_all_caps_legacy,
7349,"HOLMES, J",1,format_all_caps_legacy,
7350,"RIECKEN, G",1,format_all_caps_legacy,
7351,"HOOYMAN, G",1,format_all_caps_legacy,
7352,"SCHWANKE, RW",1,format_all_caps_legacy,
7353,"YESNER, H",1,format_all_caps_legacy,
7356,"SYLVA, K",1,format_all_caps_legacy,
7357,"HUNTER, JE",1,format_all_caps_legacy,
7358,"SCHUMAN, N",1,format_all_caps_legacy,
7359,"INDIRESAN, J",1,format_all_caps_legacy,
7361,"INGRAM, JA",1,format_all_caps_legacy,
7363,"JOHNSTON, JW",1,format_all_caps_legacy,
7364,"JONES, CO",1,format_all_caps_legacy,
7366,"JUNGERTAS, J",1,format_all_caps_legacy,
7367,"KAHANA, EF",1,format_all_caps_legacy,
7370,"CABRAL, RM",1,format_all_caps_legacy,
7371,"KASSEL, SD",1,format_all_caps_legacy,
7373,"KNITTLE, BJ",1,format_all_caps_legacy,
7374,"TUANA, SJ",1,format_all_caps_legacy,
7377,"WEGNERBURCH, K",1,format_all_caps_legacy,
7379,"KOPF, LE",1,format_all_caps_legacy,
7382,"LARSON, J",1,format_all_caps_legacy,
7383,"LAWRENCE, G",1,format_all_caps_legacy,
7384,"LAZIN, F",1,format_all_caps_legacy,
7386,"LEVIN, SS",1,format_all_caps_legacy,
7387,"GROVES, AC",1,format_all_caps_legacy,
7388,"LURIE, JD",1,format_all_caps_legacy,
7389,"YOSHIDA, B",1,format_all_caps_legacy,
7390,"MCCANN, J",1,format_all_caps_legacy,
7391,"LEE, CS",1,format_all_caps_legacy,
7392,"LEWIS, KG",1,format_all_caps_legacy,
7396,"MCLAUGHLIN, M",1,format_all_caps_legacy,
7398,"MEYER, SR",1,format_all_caps_legacy,
7399,"MAGEE, CK",1,format_all_caps_legacy,
7402,"MARTY, ME",1,format_all_caps_legacy,
7404,"MCAULEY, R",1,format_all_caps_legacy,
7406,"MCGEOUGH, A",1,format_all_caps_legacy,
7408,"CHAMBERLAIN, RM",1,format_all_caps_legacy,
7409,"NOGEIRE, C",1,format_all_caps_legacy,
7410,"MCKAY, A",1,format_all_caps_legacy,
7411,"BAXTER, EH",1,format_all_caps_legacy,
7413,"MCWHINNIE, AM",1,format_all_caps_legacy,
7414,"MENDELSON, JE",1,format_all_caps_legacy,
7415,"DOMOLKY, S",1,format_all_caps_legacy,
7416,"MENEZES, L",1,format_all_caps_legacy,
7419,"WIEDEMAN, GH",1,format_all_caps_legacy,
7420,"LINN, L",1,format_all_caps_legacy,
7421,"MILLER, WL",1,format_all_caps_legacy,
7423,"MIRINGOFF, ML",1,format_all_caps_legacy,
7425,"MORRELL, E",1,format_all_caps_legacy,
7430,"MURTHA, RM",1,format_all_caps_legacy,
7432,"NAHTA, A",1,format_all_caps_legacy,
7433,"NARAYANA, G",1,format_all_caps_legacy,
7434,"REDDY, PH",1,format_all_caps_legacy,
7435,"NAYEEM, A",1,format_all_caps_legacy,
7437,"OFSEVIT, S",1,format_all_caps_legacy,
7439,"RUCKER, RW",1,format_all_caps_legacy,
7441,"PARKINSON, GC",1,format_all_caps_legacy,
7442,"PARTHASARATHY, NR",1,format_all_caps_legacy,
7443,"WEBSTER, S",1,format_all_caps_legacy,
7444,"FRYER, G",1,format_all_caps_legacy,
7445,"PENDARVIS, JF",1,format_all_caps_legacy,
7446,"PERLOFF, J",1,format_all_caps_legacy,
7447,"PETERSEN, R",1,format_all_caps_legacy,
7448,"BRUNING, NS",1,format_all_caps_legacy,
7449,"PHILIP, L",1,format_all_caps_legacy,
7450,"PICARDIE, M",1,format_all_caps_legacy,
7451,"PITMAN, L",1,format_all_caps_legacy,
7452,"PLOUFFE, P",1,format_all_caps_legacy,
7453,"POPOWSKY, S",1,format_all_caps_legacy,
7460,"REDSTONE, JF",1,format_all_caps_legacy,
7461,"REED, WL",1,format_all_caps_legacy,
7462,"REICHLE, PC",1,format_all_caps_legacy,
7463,"BEARD, C",1,format_all_caps_legacy,
7465,"ROMEIS, JC",1,format_all_caps_legacy,
7466,"ROOZMANWEIGENSBERG, C",1,format_all_caps_legacy,
7468,"ROSENBERG, EB",1,format_all_caps_legacy,
7472,"ROSS, N",1,format_all_caps_legacy,
7473,"ROTH, W",1,format_all_caps_legacy,
7475,"TURNER, GT",1,format_all_caps_legacy,
7476,"RUBIN, C",1,format_all_caps_legacy,
7479,"SAMETZ, L",1,format_all_caps_legacy,
7480,"SANTORE, AF",1,format_all_caps_legacy,
7481,"WARREN, SR",1,format_all_caps_legacy,
7482,"ARBOGAST, AJ",1,format_all_caps_legacy,
7484,"SAVETH, EN",1,format_all_caps_legacy,
7485,"SCHEIDT, S",1,format_all_caps_legacy,
7486,"SCHELLERGILKEY, G",1,format_all_caps_legacy,
7487,"SCHILLER, B",1,format_all_caps_legacy,
7488,"SCHLESINGER, MR",1,format_all_caps_legacy,
7489,"SCHRETER, CA",1,format_all_caps_legacy,
7490,"SCHRIER, CJ",1,format_all_caps_legacy,
7492,"SCHUERMAN, C",1,format_all_caps_legacy,
7493,"SCHULTZ, SK",1,format_all_caps_legacy,
7496,"SELVESTER, EC",1,format_all_caps_legacy,
7497,"SHANKARANAND, SB",1,format_all_caps_legacy,
7498,"MUELLERLAZAR, BJ",1,format_all_caps_legacy,
7499,"SHOWALTER, D",1,format_all_caps_legacy,
7500,"JONES, CW",1,format_all_caps_legacy,
7501,"SICKER, M",1,format_all_caps_legacy,
7505,"AURORA, R",1,format_all_caps_legacy,
7506,"SISCOVICK, D",1,format_all_caps_legacy,
7507,"SKINNER, SW",1,format_all_caps_legacy,
7509,"PARMAR, G",1,format_all_caps_legacy,
7510,"PAGET, N",1,format_all_caps_legacy,
7514,"SPEEDLING, EJ",1,format_all_caps_legacy,
7518,"KRISHNA, A",1,format_all_caps_legacy,
7520,"ELLIS, GL",1,format_all_caps_legacy,
7521,"OKA, S",1,format_all_caps_legacy,
7523,"STEVENSON, J",1,format_all_caps_legacy,
7524,"STONE, C",1,format_all_caps_legacy,
7525,"BERNSTEIN, L",1,format_all_caps_legacy,
7527,"TIWARI, RK",1,format_all_caps_legacy,
7532,"WAGNER, VM",1,format_all_caps_legacy,
7535,"WALKER, PW",1,format_all_caps_legacy,
7538,"KOTTWITZ, CB",1,format_all_caps_legacy,
7539,"LISHNER, D",1,format_all_caps_legacy,
7540,"ROSET, G",1,format_all_caps_legacy,
7541,"WONG, K",1,format_all_caps_legacy,
7542,"WELSH, C",1,format_all_caps_legacy,
7545,"WESTHUES, A",1,format_all_caps_legacy,
7546,"REDMOND, FC",1,format_all_caps_legacy,
7548,"WHITMORE, R",1,format_all_caps_legacy,
7549,"WILLETTS, R",1,format_all_caps_legacy,
7550,"WISEMAN, JM",1,format_all_caps_legacy,
7551,"FISKE, JA",1,format_all_caps_legacy,
7554,"WORCESTER, DA",1,format_all_caps_legacy,
7555,"YOUNG, MH",1,format_all_caps_legacy,
7557,"HADLEY, T",1,format_all_caps_legacy,
7559,"FREEMAN, G",1,format_all_caps_legacy,
7560,"ALEXANDER, H",1,format_all_caps_legacy,
7561,"ANANDALAKSHMY, S",1,format_all_caps_legacy,
7563,"ARORA, YL",1,format_all_caps_legacy,
7564,"AUTHIER, K",1,format_all_caps_legacy,
7565,"FEDERICO, RC",1,format_all_caps_legacy,
7567,"BAKER, J",1,format_all_caps_legacy,
7568,"COLES, O",1,format_all_caps_legacy,
7569,"BECK, L",1,format_all_caps_legacy,
7570,"LATTIMER, JK",1,format_all_caps_legacy,
7571,"BRAUN, E",1,format_all_caps_legacy,
7572,"BENDER, CL",1,format_all_caps_legacy,
7573,"LEWISTON, NJ",1,format_all_caps_legacy,
7574,"WEST, AM",1,format_all_caps_legacy,
7575,"BERGSTROM, C",1,format_all_caps_legacy,
7576,"BERMAN, SF",1,format_all_caps_legacy,
7577,"RICKEL, AU",1,format_all_caps_legacy,
7578,"BEST, H",1,format_all_caps_legacy,
7580,"CHANNABASAVANNA, SM",1,format_all_caps_legacy,
7582,"BLEDSTEIN, BJ",1,format_all_caps_legacy,
7583,"FISHER, WP",1,format_all_caps_legacy,
7585,"JACOBSON, GF",1,format_all_caps_legacy,
7586,"BOTTOMS, AE",1,format_all_caps_legacy,
7587,"BRAHME, S",1,format_all_caps_legacy,
7588,"SAINI, GR",1,format_all_caps_legacy,
7589,"NARULA, DD",1,format_all_caps_legacy,
7592,"BRIGGS, D",1,format_all_caps_legacy,
7593,"BROCHSTEIN, JR",1,format_all_caps_legacy,
7594,"TRISTAN, MP",1,format_all_caps_legacy,
7595,"CHENEY, CC",1,format_all_caps_legacy,
7596,"BROWN, FF",1,format_all_caps_legacy,
7597,"BROWN, VB",1,format_all_caps_legacy,
7600,"CACIOPPO, B",1,format_all_caps_legacy,
7601,"ANDREWS, S",1,format_all_caps_legacy,
7602,"CAFFERTY, PSJ",1,format_all_caps_legacy,
7606,"CARDALL, EA",1,format_all_caps_legacy,
7607,"CAREW, R",1,format_all_caps_legacy,
7609,"CHEVALIER, M",1,format_all_caps_legacy,
7610,"CLEMENT, PF",1,format_all_caps_legacy,
7611,"CLEVELAND, M",1,format_all_caps_legacy,
7612,"CODE, MA",1,format_all_caps_legacy,
7614,"COHN, AH",1,format_all_caps_legacy,
7616,"PATRICK, DL",1,format_all_caps_legacy,
7617,"EAGLE, J",1,format_all_caps_legacy,
7618,"HERMALIN, JA",1,format_all_caps_legacy,
7619,"COLTEN, ME",1,format_all_caps_legacy,
7620,"COOLEY, RC",1,format_all_caps_legacy,
7621,"OSTENDORF, D",1,format_all_caps_legacy,
7622,"BICKERTON, D",1,format_all_caps_legacy,
7623,"COOMBE, EI",1,format_all_caps_legacy,
7624,"COVAL, TE",1,format_all_caps_legacy,
7625,"FISCEL, MR",1,format_all_caps_legacy,
7626,"CROSS, J",1,format_all_caps_legacy,
7627,"CROUCH, RC",1,format_all_caps_legacy,
7628,"DALEY, MR",1,format_all_caps_legacy,
7629,"PLOTNICK, R",1,format_all_caps_legacy,
7631,"DAVIS, SL",1,format_all_caps_legacy,
7632,"DAVOREN, E",1,format_all_caps_legacy,
7633,"DAY, PJ",1,format_all_caps_legacy,
7635,"DOMANSKI, M",1,format_all_caps_legacy,
7636,"LIPIEC, K",1,format_all_caps_legacy,
7637,"RENSEL, S",1,format_all_caps_legacy,
7638,"SHERWIN, K",1,format_all_caps_legacy,
7639,"DREYER, BJ",1,format_all_caps_legacy,
7640,"DRUCKER, AR",1,format_all_caps_legacy,
7641,"DUNMORE, CJ",1,format_all_caps_legacy,
7642,"DUTTON, EP",1,format_all_caps_legacy,
7647,"KNIGHT, G",1,format_all_caps_legacy,
7649,"FLANAGAN, LM",1,format_all_caps_legacy,
7650,"FLEMING, CW",1,format_all_caps_legacy,
7651,"HOLLICK, M",1,format_all_caps_legacy,
7655,"GARRICK, MA",1,format_all_caps_legacy,
7656,"MOORE, WL",1,format_all_caps_legacy,
7657,"GARRISON, JL",1,format_all_caps_legacy,
7658,"GAYLORD, M",1,format_all_caps_legacy,
7659,"GIBBONS, JS",1,format_all_caps_legacy,
7663,"GINSBERG, JR",1,format_all_caps_legacy,
7664,"GLOSSER, R",1,format_all_caps_legacy,
7665,"GODA, DF",1,format_all_caps_legacy,
7666,"GOLDBERG, HK",1,format_all_caps_legacy,
7667,"GONZALEZ, AJ",1,format_all_caps_legacy,
7668,"WELLBORN, J",1,format_all_caps_legacy,
7670,"GREENSTONE, JD",1,format_all_caps_legacy,
7671,"HILL, LS",1,format_all_caps_legacy,
7672,"HARRELL, W",1,format_all_caps_legacy,
7673,"MELAMED, M",1,format_all_caps_legacy,
7675,"HANDLERS, V",1,format_all_caps_legacy,
7676,"SCHACHTER, JG",1,format_all_caps_legacy,
7679,"HECLO, H",1,format_all_caps_legacy,
7680,"HEPPEN, CJ",1,format_all_caps_legacy,
7681,"PETERSEN, SB",1,format_all_caps_legacy,
7685,"HILL, N",1,format_all_caps_legacy,
7687,"HOFFMAN, L",1,format_all_caps_legacy,
7694,"JAIN, D",1,format_all_caps_legacy,
7695,"CHAND, M",1,format_all_caps_legacy,
7698,"AMBUJADEVI, KR",1,format_all_caps_legacy,
7699,"BHOGLE, S",1,format_all_caps_legacy,
7701,"JONES, DL",1,format_all_caps_legacy,
7703,"KALIN, M",1,format_all_caps_legacy,
7704,"REILLY, DM",1,format_all_caps_legacy,
7705,"KAPLAN, BE",1,format_all_caps_legacy,
7706,"HURLEY, FL",1,format_all_caps_legacy,
7708,"KEATING, N",1,format_all_caps_legacy,
7711,"LAUGHLIN, C",1,format_all_caps_legacy,
7712,"UREY, J",1,format_all_caps_legacy,
7714,"KENNARD, WW",1,format_all_caps_legacy,
7716,"KNOLL, D",1,format_all_caps_legacy,
7717,"KOOCHER, GP",1,format_all_caps_legacy,
7719,"KRUGER, L",1,format_all_caps_legacy,
7720,"MOORE, D",1,format_all_caps_legacy,
7721,"SCHMIDT, P",1,format_all_caps_legacy,
7722,"WIENS, R",1,format_all_caps_legacy,
7723,"BOHRA, C",1,format_all_caps_legacy,
7725,"KURTZ, NR",1,format_all_caps_legacy,
7726,"LAKSHMANNA, M",1,format_all_caps_legacy,
7728,"LAVORGNA, D",1,format_all_caps_legacy,
7729,"LAWSON, MS",1,format_all_caps_legacy,
7730,"WILSON, GS",1,format_all_caps_legacy,
7731,"LEMMON, J",1,format_all_caps_legacy,
7732,"LETULLE, LJ",1,format_all_caps_legacy,
7733,"LEVENSON, JW",1,format_all_caps_legacy,
7734,"LEVY, R",1,format_all_caps_legacy,
7735,"LAMBERT, R",1,format_all_caps_legacy,
7738,"LYNCH, P",1,format_all_caps_legacy,
7739,"MALDONADO, LA",1,format_all_caps_legacy,
7740,"MAXEY, A",1,format_all_caps_legacy,
7741,"WRIGHT, WE",1,format_all_caps_legacy,
7742,"MCCANN, CW",1,format_all_caps_legacy,
7743,"CUTLER, JP",1,format_all_caps_legacy,
7744,"MCCOLLUM, EE",1,format_all_caps_legacy,
7745,"MCDONALD, B",1,format_all_caps_legacy,
7746,"MCDONALD, GW",1,format_all_caps_legacy,
7747,"MCSHANE, C",1,format_all_caps_legacy,
7749,"MEEKS, D",1,format_all_caps_legacy,
7751,"MICHALS, AP",1,format_all_caps_legacy,
7752,"PINNER, EL",1,format_all_caps_legacy,
7753,"MIRANDA, MR",1,format_all_caps_legacy,
7754,"MOOLGAOKAR, L",1,format_all_caps_legacy,
7755,"MORGAN, R",1,format_all_caps_legacy,
7759,"NALLY, B",1,format_all_caps_legacy,
7761,"NEELY, CT",1,format_all_caps_legacy,
7762,"NEER, J",1,format_all_caps_legacy,
7765,"NICHOLS, AC",1,format_all_caps_legacy,
7767,"NORTHOUSE, PG",1,format_all_caps_legacy,
7769,"NORRISSHORTLE, CA",1,format_all_caps_legacy,
7770,"SHOWALTER, A",1,format_all_caps_legacy,
7771,"MILLS, PR",1,format_all_caps_legacy,
7772,"PADBERG, WH",1,format_all_caps_legacy,
7773,"PANWALKAR, VG",1,format_all_caps_legacy,
7774,"PARSONS, RE",1,format_all_caps_legacy,
7778,"PHILLIPS, WSK",1,format_all_caps_legacy,
7779,"CHALMERS, MA",1,format_all_caps_legacy,
7780,"BUTTENWIESER, E",1,format_all_caps_legacy,
7782,"POLSTER, RA",1,format_all_caps_legacy,
7784,"PROMISLO, E",1,format_all_caps_legacy,
7786,"SIMMETH, BR",1,format_all_caps_legacy,
7787,"SPERO, JR",1,format_all_caps_legacy,
7788,"RAJALAKSHMI, R",1,format_all_caps_legacy,
7789,"RAMIREZ, RE",1,format_all_caps_legacy,
7790,"HANEYGOODEN, A",1,format_all_caps_legacy,
7793,"MURTY, BS",1,format_all_caps_legacy,
7794,"GIRI, DV",1,format_all_caps_legacy,
7795,"REUL, MR",1,format_all_caps_legacy,
7797,"RICHE, M",1,format_all_caps_legacy,
7798,"RITSON, B",1,format_all_caps_legacy,
7801,"ROBINSON, LW",1,format_all_caps_legacy,
7802,"ROBINSON, J",1,format_all_caps_legacy,
7803,"ROCKWELL, R",1,format_all_caps_legacy,
7804,"ROOSEVELT, GA",1,format_all_caps_legacy,
7805,"ROSEN, E",1,format_all_caps_legacy,
7806,"ROSENMAN, LS",1,format_all_caps_legacy,
7807,"ROTHMAN, G",1,format_all_caps_legacy,
7808,"RUBENSTEIN, R",1,format_all_caps_legacy,
7809,"RUDY, M",1,format_all_caps_legacy,
7810,"SALZBERGER, RP",1,format_all_caps_legacy,
7811,"SAMPURNA, TV",1,format_all_caps_legacy,
7812,"ANSARI, A",1,format_all_caps_legacy,
7813,"AGRAWAL, P",1,format_all_caps_legacy,
7814,"UDUPA, KN",1,format_all_caps_legacy,
7817,"SARGENT, L",1,format_all_caps_legacy,
7818,"SCHILLING, SM",1,format_all_caps_legacy,
7820,"ARANGIO, T",1,format_all_caps_legacy,
7822,"SELTZER, M",1,format_all_caps_legacy,
7824,"SHAPIROSTEINBERG, L",1,format_all_caps_legacy,
7825,"STIGLITZNEAMATALLA, G",1,format_all_caps_legacy,
7829,"SHIPSEY, M",1,format_all_caps_legacy,
7830,"SILVER, E",1,format_all_caps_legacy,
7833,"SMITH, MW",1,format_all_caps_legacy,
7834,"SMITH, VW",1,format_all_caps_legacy,
7835,"SOLEY, C",1,format_all_caps_legacy,
7836,"SINHA, MM",1,format_all_caps_legacy,
7837,"STEAD, P",1,format_all_caps_legacy,
7838,"VIDERS, J",1,format_all_caps_legacy,
7839,"STONE, ME",1,format_all_caps_legacy,
7840,"NELSON, GL",1,format_all_caps_legacy,
7841,"TALANIAN, SE",1,format_all_caps_legacy,
7842,"TAUSSIG, V",1,format_all_caps_legacy,
7844,"THERRIEN, ME",1,format_all_caps_legacy,
7846,"PARE, A",1,format_all_caps_legacy,
7848,"TOVEY, R",1,format_all_caps_legacy,
7850,"TSUKADA, GK",1,format_all_caps_legacy,
7854,"VERMA, A",1,format_all_caps_legacy,
7855,"VINCENT, SZ",1,format_all_caps_legacy,
7856,"VINYARD, D",1,format_all_caps_legacy,
7857,"KELLY, JB",1,format_all_caps_legacy,
7859,"WARNER, VE",1,format_all_caps_legacy,
7860,"REINHARDT, H",1,format_all_caps_legacy,
7861,"AVERY, N",1,format_all_caps_legacy,
7862,"WEST, M",1,format_all_caps_legacy,
7863,"MCILVAINE, R",1,format_all_caps_legacy,
7864,"SELLS, CJ",1,format_all_caps_legacy,
7865,"WHALEY, JL",1,format_all_caps_legacy,
7867,"BROWN, KC",1,format_all_caps_legacy,
7870,"WICKS, M",1,format_all_caps_legacy,
7874,"HOROWITZ, B",1,format_all_caps_legacy,
7876,"COLLINS, J",1,format_all_caps_legacy,
7878,"ZWEBEN, A",1,format_all_caps_legacy,
7879,"ABEL, CM",1,format_all_caps_legacy,
7881,"ACKLEY, NB",1,format_all_caps_legacy,
7883,"ALGIE, J",1,format_all_caps_legacy,
7885,"APPLEBAUM, F",1,format_all_caps_legacy,
7886,"APTE, JS",1,format_all_caps_legacy,
7887,"ASCIOLLA, PJ",1,format_all_caps_legacy,
7888,"ATHEY, LL",1,format_all_caps_legacy,
7890,"AVERICK, L",1,format_all_caps_legacy,
7891,"LAMBERT, SR",1,format_all_caps_legacy,
7892,"BAKER, JM",1,format_all_caps_legacy,
7893,"BAKKER, LJ",1,format_all_caps_legacy,
7894,"MORRIS, BA",1,format_all_caps_legacy,
7895,"JANUS, LM",1,format_all_caps_legacy,
7897,"BARKER, D",1,format_all_caps_legacy,
7900,"BAUBLITZ, JI",1,format_all_caps_legacy,
7901,"BENDER, EI",1,format_all_caps_legacy,
7902,"CANTU, MG",1,format_all_caps_legacy,
7903,"BENNER, MC",1,format_all_caps_legacy,
7905,"BERMAN, DS",1,format_all_caps_legacy,
7906,"BERMAN, J",1,format_all_caps_legacy,
7907,"BERTOCCI, D",1,format_all_caps_legacy,
7908,"BERTOCCI, DH",1,format_all_caps_legacy,
7909,"BINTZLER, J",1,format_all_caps_legacy,
7910,"BOGDANOFF, M",1,format_all_caps_legacy,
7911,"ELBAUM, PL",1,format_all_caps_legacy,
7914,"REMY, LL",1,format_all_caps_legacy,
7915,"HYLTON, JH",1,format_all_caps_legacy,
7916,"PRICE, SV",1,format_all_caps_legacy,
7917,"BOYLAN, RJ",1,format_all_caps_legacy,
7918,"LAWTON, D",1,format_all_caps_legacy,
7921,"BRAUNER, G",1,format_all_caps_legacy,
7923,"BRENTON, M",1,format_all_caps_legacy,
7927,"KRAILO, H",1,format_all_caps_legacy,
7928,"BROOK, BD",1,format_all_caps_legacy,
7930,"BROWNLEE, A",1,format_all_caps_legacy,
7931,"BURCK, C",1,format_all_caps_legacy,
7932,"CARLSON, G",1,format_all_caps_legacy,
7933,"CARRIGAN, ZH",1,format_all_caps_legacy,
7934,"GUTIERREZ, FR",1,format_all_caps_legacy,
7935,"CHERNISS, C",1,format_all_caps_legacy,
7936,"EGNATIOS, E",1,format_all_caps_legacy,
7937,"CHOI, IS",1,format_all_caps_legacy,
7938,"MARTIN, E",1,format_all_caps_legacy,
7939,"CLAPP, DF",1,format_all_caps_legacy,
7940,"RAAB, RS",1,format_all_caps_legacy,
7941,"CLARE, A",1,format_all_caps_legacy,
7944,"CONDIE, CD",1,format_all_caps_legacy,
7945,"HANSON, JA",1,format_all_caps_legacy,
7946,"LANG, NE",1,format_all_caps_legacy,
7947,"MOSS, DK",1,format_all_caps_legacy,
7948,"CONNELLY, BJ",1,format_all_caps_legacy,
7952,"COX, S",1,format_all_caps_legacy,
7956,"BOSCH, SJ",1,format_all_caps_legacy,
7958,"REIMS, N",1,format_all_caps_legacy,
7959,"DEVI, KD",1,format_all_caps_legacy,
7960,"DEWANE, CM",1,format_all_caps_legacy,
7962,"DOUGHERTY, SA",1,format_all_caps_legacy,
7964,"EARL, L",1,format_all_caps_legacy,
7965,"LOHMANN, N",1,format_all_caps_legacy,
7967,"FARBER, JM",1,format_all_caps_legacy,
7968,"FARLEY, R",1,format_all_caps_legacy,
7972,"FISK, DA",1,format_all_caps_legacy,
7973,"FORDER, RAD",1,format_all_caps_legacy,
7974,"FORTUNE, A",1,format_all_caps_legacy,
7975,"FOSTER, JD",1,format_all_caps_legacy,
7980,"GINSBERG, BG",1,format_all_caps_legacy,
7981,"STUTMAN, SS",1,format_all_caps_legacy,
7982,"HUMMEL, J",1,format_all_caps_legacy,
7983,"GIZYNSKI, M",1,format_all_caps_legacy,
7985,"GOCHROS, H",1,format_all_caps_legacy,
7987,"LYONS, LJ",1,format_all_caps_legacy,
7988,"WILLMOTT, RR",1,format_all_caps_legacy,
7990,"GORDON, JS",1,format_all_caps_legacy,
7992,"COX, G",1,format_all_caps_legacy,
7993,"GREENE, DH",1,format_all_caps_legacy,
7995,"GRONER, E",1,format_all_caps_legacy,
7999,"HALLUM, KC",1,format_all_caps_legacy,
8001,"HANNAN, TH",1,format_all_caps_legacy,
8003,"NOELKER, L",1,format_all_caps_legacy,
8004,"HARTMAN, BL",1,format_all_caps_legacy,
8005,"WICKEY, JM",1,format_all_caps_legacy,
8006,"HARWIN, J",1,format_all_caps_legacy,
8007,"HAYNES, JM",1,format_all_caps_legacy,
8008,"HERRICK, NQ",1,format_all_caps_legacy,
8009,"HINTON, N",1,format_all_caps_legacy,
8011,"HOLMES, S",1,format_all_caps_legacy,
8012,"HOOPER, D",1,format_all_caps_legacy,
8015,"HOWE, RAW",1,format_all_caps_legacy,
8017,"JANETAKOS, JD",1,format_all_caps_legacy,
8019,"JOE, B",1,format_all_caps_legacy,
8020,"BUCKMAN, M",1,format_all_caps_legacy,
8021,"KAKABADSE, AP",1,format_all_caps_legacy,
8022,"WORRALL, R",1,format_all_caps_legacy,
8023,"KARSON, A",1,format_all_caps_legacy,
8024,"KARSON, M",1,format_all_caps_legacy,
8025,"KATZ, H",1,format_all_caps_legacy,
8026,"KATZNELSON, I",1,format_all_caps_legacy,
8027,"KELLY, M",1,format_all_caps_legacy,
8028,"POYNTER, M",1,format_all_caps_legacy,
8030,"KHAN, SA",1,format_all_caps_legacy,
8033,"HOLDING, E",1,format_all_caps_legacy,
8035,"KLEIMAN, LS",1,format_all_caps_legacy,
8039,"KREUTER, A",1,format_all_caps_legacy,
8040,"KUTSANELLOUMEYER, M",1,format_all_caps_legacy,
8041,"LANDGARTEN, H",1,format_all_caps_legacy,
8042,"JUNGE, M",1,format_all_caps_legacy,
8043,"TASEM, M",1,format_all_caps_legacy,
8045,"LANGER, M",1,format_all_caps_legacy,
8047,"LEADER, MA",1,format_all_caps_legacy,
8048,"LEMAN, C",1,format_all_caps_legacy,
8049,"LEWIS, TL",1,format_all_caps_legacy,
8050,"CAMPBELL, RS",1,format_all_caps_legacy,
8051,"LITTLEWOOD, A",1,format_all_caps_legacy,
8052,"LOCKWOOD, JA",1,format_all_caps_legacy,
8055,"LYNCH, JP",1,format_all_caps_legacy,
8056,"MALHOTRA, SP",1,format_all_caps_legacy,
8057,"TRIVEDI, HS",1,format_all_caps_legacy,
8058,"MANNO, BV",1,format_all_caps_legacy,
8063,"MAYO, J",1,format_all_caps_legacy,
8066,"MCKINNON, SJ",1,format_all_caps_legacy,
8068,"MEHROTRA, AR",1,format_all_caps_legacy,
8069,"MILLER, DL",1,format_all_caps_legacy,
8070,"MILLER, WA",1,format_all_caps_legacy,
8071,"TRIPATHI, LB",1,format_all_caps_legacy,
8072,"MO, L",1,format_all_caps_legacy,
8077,"NAIK, N",1,format_all_caps_legacy,
8078,"NARAYAN, R",1,format_all_caps_legacy,
8079,"PRABHAKAR, S",1,format_all_caps_legacy,
8080,"SRIKANTARAMU, N",1,format_all_caps_legacy,
8081,"NAUMANN, L",1,format_all_caps_legacy,
8082,"NAYLES, D",1,format_all_caps_legacy,
8083,"NEALE, RE",1,format_all_caps_legacy,
8084,"NEENAN, WB",1,format_all_caps_legacy,
8086,"NELSON, W",1,format_all_caps_legacy,
8090,"OTTAWAY, RN",1,format_all_caps_legacy,
8091,"PABON, E",1,format_all_caps_legacy,
8092,"PANZER, BM",1,format_all_caps_legacy,
8093,"WIESNER, LC",1,format_all_caps_legacy,
8094,"DICKSON, WDN",1,format_all_caps_legacy,
8095,"PARSONS, ES",1,format_all_caps_legacy,
8096,"PATIL, BR",1,format_all_caps_legacy,
8097,"RAUCH, R",1,format_all_caps_legacy,
8098,"MAYNARD, C",1,format_all_caps_legacy,
8099,"PAUL, LL",1,format_all_caps_legacy,
8101,"PEREIRA, BF",1,format_all_caps_legacy,
8102,"PETITEMANNS, W",1,format_all_caps_legacy,
8103,"PHAL, SR",1,format_all_caps_legacy,
8106,"PINES, A",1,format_all_caps_legacy,
8107,"KAFRY, D",1,format_all_caps_legacy,
8108,"PITT, A",1,format_all_caps_legacy,
8109,"ROTH, B",1,format_all_caps_legacy,
8111,"PRATT, HJ",1,format_all_caps_legacy,
8112,"PUDER, KL",1,format_all_caps_legacy,
8115,"BABU, EH",1,format_all_caps_legacy,
8116,"RAMAIYA, K",1,format_all_caps_legacy,
8117,"PRATT, TC",1,format_all_caps_legacy,
8118,"RAO, SV",1,format_all_caps_legacy,
8121,"ROBERTS, CH",1,format_all_caps_legacy,
8124,"RUDOLPH, CS",1,format_all_caps_legacy,
8125,"SAMMONS, CC",1,format_all_caps_legacy,
8126,"SARNAT, RG",1,format_all_caps_legacy,
8127,"SAWYIER, F",1,format_all_caps_legacy,
8129,"NICHOLS, R",1,format_all_caps_legacy,
8130,"ROSENBLUM, L",1,format_all_caps_legacy,
8134,"SEELIG, J",1,format_all_caps_legacy,
8136,"SHAPIRO, ES",1,format_all_caps_legacy,
8137,"SHARAF, P",1,format_all_caps_legacy,
8138,"SHARMA, SL",1,format_all_caps_legacy,
8139,"SHEARER, RM",1,format_all_caps_legacy,
8140,"SHERMAN, MA",1,format_all_caps_legacy,
8141,"SHORE, DA",1,format_all_caps_legacy,
8143,"SHRIVASTAVA, GP",1,format_all_caps_legacy,
8144,"SHRIVASTAVA, PK",1,format_all_caps_legacy,
8145,"VERMA, SC",1,format_all_caps_legacy,
8148,"SIMSARIAN, F",1,format_all_caps_legacy,
8149,"SINGH, JP",1,format_all_caps_legacy,
8150,"SMITH, CS",1,format_all_caps_legacy,
8151,"SNYDER, GW",1,format_all_caps_legacy,
8153,"SPEAKE, BR",1,format_all_caps_legacy,
8154,"SPENCE, WR",1,format_all_caps_legacy,
8155,"STEIN, IL",1,format_all_caps_legacy,
8157,"STONE, LM",1,format_all_caps_legacy,
8159,"SUCATO, V",1,format_all_caps_legacy,
8161,"SUDIA, C",1,format_all_caps_legacy,
8162,"SUNDEL, HH",1,format_all_caps_legacy,
8164,"WEAVER, CN",1,format_all_caps_legacy,
8165,"PASTERNAK, RE",1,format_all_caps_legacy,
8166,"SCHANIE, CF",1,format_all_caps_legacy,
8167,"SWAIN, S",1,format_all_caps_legacy,
8169,"TAUBMAN, SB",1,format_all_caps_legacy,
8171,"METZGER, K",1,format_all_caps_legacy,
8172,"THOMPSON, PE",1,format_all_caps_legacy,
8174,"UNGER, JM",1,format_all_caps_legacy,
8177,"VERVILLE, T",1,format_all_caps_legacy,
8178,"WADHAWAN, SK",1,format_all_caps_legacy,
8180,"WEINBACH, RM",1,format_all_caps_legacy,
8181,"HINE, JT",1,format_all_caps_legacy,
8184,"WESTBURY, I",1,format_all_caps_legacy,
8185,"WEXLER, JM",1,format_all_caps_legacy,
8186,"STEELE, TE",1,format_all_caps_legacy,
8187,"WILLETTS, RJ",1,format_all_caps_legacy,
8188,"WILLIAMS, RA",1,format_all_caps_legacy,
8190,"LEWIS, C",1,format_all_caps_legacy,
8192,"TUCKER, L",1,format_all_caps_legacy,
8193,"FEAGAN, L",1,format_all_caps_legacy,
8194,"WILLIAMSON, DA",1,format_all_caps_legacy,
8196,"WINSTON, A",1,format_all_caps_legacy,
8198,"WITTENBERG, I",1,format_all_caps_legacy,
8199,"WONDOLOWSKI, C",1,format_all_caps_legacy,
8202,"ZWEIG, SR",1,format_all_caps_legacy,
8204,"ABBOTT, KA",1,format_all_caps_legacy,
8205,"ABRAHAM, MF",1,format_all_caps_legacy,
8206,"ABRAMS, E",1,format_all_caps_legacy,
8207,"ADAMS, SR",1,format_all_caps_legacy,
8209,"ALLAN, EF",1,format_all_caps_legacy,
8212,"ANDERSON, JM",1,format_all_caps_legacy,
8213,"ANGELL, C",1,format_all_caps_legacy,
8214,"APPELBAUM, DK",1,format_all_caps_legacy,
8215,"APTE, RZ",1,format_all_caps_legacy,
8216,"ARNOLD, JD",1,format_all_caps_legacy,
8219,"BAKKE, LS",1,format_all_caps_legacy,
8221,"BANDOLI, LR",1,format_all_caps_legacy,
8222,"BARBA, E",1,format_all_caps_legacy,
8224,"BARTER, J",1,format_all_caps_legacy,
8225,"BECK, HW",1,format_all_caps_legacy,
8227,"BELON, CJ",1,format_all_caps_legacy,
8228,"BERKUN, C",1,format_all_caps_legacy,
8229,"PIETRAFESA, LC",1,format_all_caps_legacy,
8231,"BERMAN, AM",1,format_all_caps_legacy,
8233,"BERNARDINI, R",1,format_all_caps_legacy,
8234,"BERRY, TJ",1,format_all_caps_legacy,
8236,"AUSTIN, M",1,format_all_caps_legacy,
8237,"BIAGI, E",1,format_all_caps_legacy,
8238,"BLACK, DB",1,format_all_caps_legacy,
8239,"SNYDER, LJ",1,format_all_caps_legacy,
8240,"TALLY, P",1,format_all_caps_legacy,
8241,"BLOCHBERGER, CW",1,format_all_caps_legacy,
8242,"BLOOMFIELD, T",1,format_all_caps_legacy,
8243,"BLUM, JE",1,format_all_caps_legacy,
8244,"BLUM, SE",1,format_all_caps_legacy,
8245,"BOETH, C",1,format_all_caps_legacy,
8246,"MORRELL, WL",1,format_all_caps_legacy,
8247,"BOOTH, M",1,format_all_caps_legacy,
8248,"BOWIE, SI",1,format_all_caps_legacy,
8250,"BRAIMAN, SG",1,format_all_caps_legacy,
8251,"WARNER, J",1,format_all_caps_legacy,
8252,"BRANDON, SS",1,format_all_caps_legacy,
8254,"BRECKINRIDGE, SP",1,format_all_caps_legacy,
8255,"BRIGGS, TL",1,format_all_caps_legacy,
8256,"BROECK, ET",1,format_all_caps_legacy,
8257,"BRONSON, M",1,format_all_caps_legacy,
8259,"BROWN, VL",1,format_all_caps_legacy,
8261,"BRUNIG, J",1,format_all_caps_legacy,
8262,"BUCK, TL",1,format_all_caps_legacy,
8263,"BUDWIG, EG",1,format_all_caps_legacy,
8264,"BUNNELL, SD",1,format_all_caps_legacy,
8265,"LEBAILLY, R",1,format_all_caps_legacy,
8267,"BUTLER, H",1,format_all_caps_legacy,
8268,"CARLOCK, CJ",1,format_all_caps_legacy,
8269,"CARPENTER, P",1,format_all_caps_legacy,
8271,"CARTER, LG",1,format_all_caps_legacy,
8272,"CATTSLEVY, S",1,format_all_caps_legacy,
8274,"CHARBONNEAU, B",1,format_all_caps_legacy,
8275,"COLLEY, P",1,format_all_caps_legacy,
8277,"CHOPRA, RM",1,format_all_caps_legacy,
8279,"CHUNDER, PC",1,format_all_caps_legacy,
8282,"CLAYTON, SH",1,format_all_caps_legacy,
8283,"DUNBAR, RLM",1,format_all_caps_legacy,
8284,"CLINE, LJ",1,format_all_caps_legacy,
8285,"COHN, HM",1,format_all_caps_legacy,
8287,"COLPITTS, JC",1,format_all_caps_legacy,
8288,"CRAMER, J",1,format_all_caps_legacy,
8290,"CULLEY, JD",1,format_all_caps_legacy,
8291,"HEALY, DF",1,format_all_caps_legacy,
8292,"SETTLES, BH",1,format_all_caps_legacy,
8293,"VANNAME, JB",1,format_all_caps_legacy,
8296,"DAOUST, MP",1,format_all_caps_legacy,
8298,"DAVIS, LF",1,format_all_caps_legacy,
8299,"DAVISWALLACE, JL",1,format_all_caps_legacy,
8302,"DWIVEDI, CB",1,format_all_caps_legacy,
8304,"ELIAS, P",1,format_all_caps_legacy,
8306,"ELLS, JB",1,format_all_caps_legacy,
8308,"EPPERSON, MM",1,format_all_caps_legacy,
8310,"FARMER, M",1,format_all_caps_legacy,
8311,"HOLGATE, E",1,format_all_caps_legacy,
8312,"KEIDAN, O",1,format_all_caps_legacy,
8313,"FLYNN, A",1,format_all_caps_legacy,
8314,"FELICE, SA",1,format_all_caps_legacy,
8315,"LACHNIET, D",1,format_all_caps_legacy,
8316,"MALCOLM, A",1,format_all_caps_legacy,
8318,"BOUNDS, RL",1,format_all_caps_legacy,
8319,"FIDDLER, P",1,format_all_caps_legacy,
8320,"FINCKE, CD",1,format_all_caps_legacy,
8322,"FLEISHER, AN",1,format_all_caps_legacy,
8323,"FOX, RG",1,format_all_caps_legacy,
8325,"FRANKEL, IJ",1,format_all_caps_legacy,
8326,"FRIEL, KT",1,format_all_caps_legacy,
8330,"GABRIEL, HP",1,format_all_caps_legacy,
8331,"GARDENER, D",1,format_all_caps_legacy,
8332,"GARRISON, J",1,format_all_caps_legacy,
8333,"WERFEL, S",1,format_all_caps_legacy,
8334,"GELLERT, ML",1,format_all_caps_legacy,
8335,"GEMSON, BL",1,format_all_caps_legacy,
8338,"GIORDANO, PC",1,format_all_caps_legacy,
8339,"GODFREY, L",1,format_all_caps_legacy,
8340,"MCGUINNESS, B",1,format_all_caps_legacy,
8341,"ROWLANDS, JH",1,format_all_caps_legacy,
8342,"GORDON, L",1,format_all_caps_legacy,
8344,"GREEN, LJ",1,format_all_caps_legacy,
8347,"KAVANAGH, CM",1,format_all_caps_legacy,
8348,"SORENSON, JR",1,format_all_caps_legacy,
8351,"GUNDLACH, JH",1,format_all_caps_legacy,
8352,"ROBERTS, AE",1,format_all_caps_legacy,
8353,"GUTTSMAN, WL",1,format_all_caps_legacy,
8354,"LANDGRAF, BJ",1,format_all_caps_legacy,
8356,"HALPERIN, MJ",1,format_all_caps_legacy,
8357,"HAMILTON, M",1,format_all_caps_legacy,
8358,"HAQ, E",1,format_all_caps_legacy,
8360,"HARRIS, HA",1,format_all_caps_legacy,
8363,"HEYWOOD, JS",1,format_all_caps_legacy,
8364,"HICKS, CJ",1,format_all_caps_legacy,
8367,"HOLZMAN, PS",1,format_all_caps_legacy,
8368,"HOWARD, A",1,format_all_caps_legacy,
8369,"SKERL, JA",1,format_all_caps_legacy,
8370,"HUDGENS, AJ",1,format_all_caps_legacy,
8372,"ILINITCH, RC",1,format_all_caps_legacy,
8373,"TITUS, MP",1,format_all_caps_legacy,
8374,"ISAACS, LD",1,format_all_caps_legacy,
8375,"JAFFE, H",1,format_all_caps_legacy,
8376,"JAN, LJ",1,format_all_caps_legacy,
8377,"JHIRADREICH, J",1,format_all_caps_legacy,
8378,"JOFFE, SA",1,format_all_caps_legacy,
8379,"JOHNSON, BJ",1,format_all_caps_legacy,
8384,"KEILL, SL",1,format_all_caps_legacy,
8385,"KELLEY, NE",1,format_all_caps_legacy,
8387,"KELLEY, PL",1,format_all_caps_legacy,
8388,"GAURON, EF",1,format_all_caps_legacy,
8389,"RAWLINGS, EI",1,format_all_caps_legacy,
8391,"KIDORF, IW",1,format_all_caps_legacy,
8392,"KILBY, AB",1,format_all_caps_legacy,
8395,"KIMBALL, D",1,format_all_caps_legacy,
8396,"KLAR, H",1,format_all_caps_legacy,
8397,"KLEIN, ZE",1,format_all_caps_legacy,
8398,"KUNDU, R",1,format_all_caps_legacy,
8399,"GHOSH, R",1,format_all_caps_legacy,
8400,"KURTZ, JJ",1,format_all_caps_legacy,
8401,"KYLE, DG",1,format_all_caps_legacy,
8402,"LABIANCA, OS",1,format_all_caps_legacy,
8403,"CUBELLI, GE",1,format_all_caps_legacy,
8404,"LASKER, MA",1,format_all_caps_legacy,
8405,"LAWTON, R",1,format_all_caps_legacy,
8406,"LEEPER, C",1,format_all_caps_legacy,
8408,"LEISSNER, A",1,format_all_caps_legacy,
8410,"LEVINE, SA",1,format_all_caps_legacy,
8414,"LIM, CD",1,format_all_caps_legacy,
8416,"LOFTUS, GR",1,format_all_caps_legacy,
8418,"LOVETT, R",1,format_all_caps_legacy,
8419,"GOLD, I",1,format_all_caps_legacy,
8420,"MABRY, R",1,format_all_caps_legacy,
8423,"GREENE, DR",1,format_all_caps_legacy,
8424,"MACIA, J",1,format_all_caps_legacy,
8426,"MAHONEY, SN",1,format_all_caps_legacy,
8427,"JORDON, P",1,format_all_caps_legacy,
8428,"MANGIARDI, E",1,format_all_caps_legacy,
8429,"MATTHEWS, GR",1,format_all_caps_legacy,
8430,"MATUSHIMA, J",1,format_all_caps_legacy,
8431,"MAVROGENES, NA",1,format_all_caps_legacy,
8432,"HANSON, EF",1,format_all_caps_legacy,
8433,"WINKLEY, CK",1,format_all_caps_legacy,
8434,"MCALLISTER, LW",1,format_all_caps_legacy,
8435,"MCCOLLOUGH, BJ",1,format_all_caps_legacy,
8436,"MCCONNELL, SR",1,format_all_caps_legacy,
8437,"KASSCHAU, PL",1,format_all_caps_legacy,
8438,"MEARES, PA",1,format_all_caps_legacy,
8439,"MEHTA, V",1,format_all_caps_legacy,
8440,"MEISEL, SS",1,format_all_caps_legacy,
8441,"MENDLOVITZ, A",1,format_all_caps_legacy,
8444,"MILLER, JG",1,format_all_caps_legacy,
8445,"MILLER, MC",1,format_all_caps_legacy,
8446,"MILLER, NB",1,format_all_caps_legacy,
8447,"MILOFSKY, JT",1,format_all_caps_legacy,
8450,"MISTLERLACHMAN, JL",1,format_all_caps_legacy,
8451,"MORNINGSTAR, B",1,format_all_caps_legacy,
8452,"MORRISON, SA",1,format_all_caps_legacy,
8453,"MOTT, J",1,format_all_caps_legacy,
8454,"MUKHERJEE, R",1,format_all_caps_legacy,
8456,"PATRO, GC",1,format_all_caps_legacy,
8457,"NAGLER, SF",1,format_all_caps_legacy,
8458,"NIEMAN, DA",1,format_all_caps_legacy,
8459,"HOOPS, A",1,format_all_caps_legacy,
8460,"NIEMANTSVERDRIET, V",1,format_all_caps_legacy,
8462,"OBRIEN, JE",1,format_all_caps_legacy,
8463,"OSGOOD, MH",1,format_all_caps_legacy,
8465,"PAGE, MH",1,format_all_caps_legacy,
8467,"PATCHEN, SJ",1,format_all_caps_legacy,
8468,"PATKAR, PP",1,format_all_caps_legacy,
8469,"PAUL, L",1,format_all_caps_legacy,
8471,"PERRY, FG",1,format_all_caps_legacy,
8473,"SINGH, AP",1,format_all_caps_legacy,
8475,"MCDANIEL, B",1,format_all_caps_legacy,
8477,"PHILLIPS, WR",1,format_all_caps_legacy,
8478,"GROSS, AE",1,format_all_caps_legacy,
8479,"PILLAI, VN",1,format_all_caps_legacy,
8481,"HARING, J",1,format_all_caps_legacy,
8482,"POLLOCK, J",1,format_all_caps_legacy,
8483,"PRUNTY, HE",1,format_all_caps_legacy,
8484,"THOMAS, LA",1,format_all_caps_legacy,
8486,"YEATMAN, S",1,format_all_caps_legacy,
8488,"QUINT, B",1,format_all_caps_legacy,
8491,"MASNICK, BR",1,format_all_caps_legacy,
8492,"HAUSER, BB",1,format_all_caps_legacy,
8494,"RANI, KS",1,format_all_caps_legacy,
8496,"ELLIOTT, MW",1,format_all_caps_legacy,
8499,"REARDON, KM",1,format_all_caps_legacy,
8500,"REBELLO, LM",1,format_all_caps_legacy,
8501,"REDMANTAYLOR, W",1,format_all_caps_legacy,
8502,"REICH, EW",1,format_all_caps_legacy,
8504,"SATTERWHITE, B",1,format_all_caps_legacy,
8505,"PLESS, IB",1,format_all_caps_legacy,
8506,"RICHARDS, RO",1,format_all_caps_legacy,
8507,"ROMERO, DP",1,format_all_caps_legacy,
8510,"ATTINSON, L",1,format_all_caps_legacy,
8511,"ROSENFELD, DE",1,format_all_caps_legacy,
8514,"SACOLICK, L",1,format_all_caps_legacy,
8515,"SALAU, A",1,format_all_caps_legacy,
8516,"SANDS, D",1,format_all_caps_legacy,
8518,"SAXTON, T",1,format_all_caps_legacy,
8520,"SCHOEN, KF",1,format_all_caps_legacy,
8522,"HURLEY, R",1,format_all_caps_legacy,
8527,"SHAPIRO, SR",1,format_all_caps_legacy,
8528,"SHATZ, E",1,format_all_caps_legacy,
8529,"SHAW, ML",1,format_all_caps_legacy,
8531,"SIEGLER, M",1,format_all_caps_legacy,
8533,"SINGH, MP",1,format_all_caps_legacy,
8534,"MANDAL, G",1,format_all_caps_legacy,
8535,"SMITH, EB",1,format_all_caps_legacy,
8538,"SOUZA, TAD",1,format_all_caps_legacy,
8539,"KIRESUK, TJ",1,format_all_caps_legacy,
8541,"SPRUNG, S",1,format_all_caps_legacy,
8543,"STEWART, CA",1,format_all_caps_legacy,
8545,"STRATTON, AW",1,format_all_caps_legacy,
8547,"STREICKER, SK",1,format_all_caps_legacy,
8548,"STROTHMAN, L",1,format_all_caps_legacy,
8549,"STUBBLEFIELD, KS",1,format_all_caps_legacy,
8551,"SWITZER, EA",1,format_all_caps_legacy,
8552,"TANGARI, A",1,format_all_caps_legacy,
8553,"CLASS, L",1,format_all_caps_legacy,
8554,"TATA, NH",1,format_all_caps_legacy,
8556,"THOMAS, MD",1,format_all_caps_legacy,
8557,"MORRISON, TL",1,format_all_caps_legacy,
8562,"TORRES, J",1,format_all_caps_legacy,
8563,"TORRESGIL, F",1,format_all_caps_legacy,
8564,"TRUSZ, GL",1,format_all_caps_legacy,
8565,"UNWIN, J",1,format_all_caps_legacy,
8566,"VADIES, E",1,format_all_caps_legacy,
8567,"HALE, D",1,format_all_caps_legacy,
8568,"VANDERPOEL, W",1,format_all_caps_legacy,
8569,"VANGROENOU, WW",1,format_all_caps_legacy,
8570,"VASSIL, T",1,format_all_caps_legacy,
8571,"VISWANADHAM, G",1,format_all_caps_legacy,
8572,"VOHRA, HR",1,format_all_caps_legacy,
8573,"WADE, A",1,format_all_caps_legacy,
8574,"WAINGROW, EE",1,format_all_caps_legacy,
8576,"WALKER, N",1,format_all_caps_legacy,
8577,"WALSH, DF",1,format_all_caps_legacy,
8578,"WARNER, JK",1,format_all_caps_legacy,
8579,"WATKINS, E",1,format_all_caps_legacy,
8580,"ORR, MM",1,format_all_caps_legacy,
8581,"WAYELAWTON, SK",1,format_all_caps_legacy,
8583,"WEINBERG, H",1,format_all_caps_legacy,
8584,"WEINBERG, SJ",1,format_all_caps_legacy,
8585,"WEINBERGASHER, N",1,format_all_caps_legacy,
8589,"WHITAKER, JK",1,format_all_caps_legacy,
8590,"WHITEMAN, AD",1,format_all_caps_legacy,
8591,"WIENER, ML",1,format_all_caps_legacy,
8593,"WIKLER, ME",1,format_all_caps_legacy,
8594,"RICE, DG",1,format_all_caps_legacy,
8596,"MARR, J",1,format_all_caps_legacy,
8598,"TUCKER, LS",1,format_all_caps_legacy,
8599,"WILLIAMS, KJ",1,format_all_caps_legacy,
8601,"WINTERSMITH, RF",1,format_all_caps_legacy,
8603,"WOLFE, CD",1,format_all_caps_legacy,
8605,"WOOD, DL",1,format_all_caps_legacy,
8606,"WOODRUFF, WR",1,format_all_caps_legacy,
8607,"WOOLF, DA",1,format_all_caps_legacy,
8608,"RUDMAN, M",1,format_all_caps_legacy,
8609,"WYCKOFF, FR",1,format_all_caps_legacy,
8610,"YAMAMOTO, CK",1,format_all_caps_legacy,
8611,"YATZKAN, A",1,format_all_caps_legacy,
8612,"YESSIAN, MR",1,format_all_caps_legacy,
8613,"BROSKOWSKI, A",1,format_all_caps_legacy,
8614,"YOUNG, BH",1,format_all_caps_legacy,
8615,"YOUNG, DW",1,format_all_caps_legacy,
8616,"ALLEN, B",1,format_all_caps_legacy,
8617,"ABARBANEL, G",1,format_all_caps_legacy,
8619,"WOOD, VN",1,format_all_caps_legacy,
8620,"AIYAR, SP",1,format_all_caps_legacy,
8621,"ALAM, SM",1,format_all_caps_legacy,
8622,"ALTSCHULER, DM",1,format_all_caps_legacy,
8624,"APTE, MD",1,format_all_caps_legacy,
8625,"ARONFELD, RF",1,format_all_caps_legacy,
8626,"HERMANS, J",1,format_all_caps_legacy,
8627,"MCDANIEL, G",1,format_all_caps_legacy,
8628,"BACKWELL, J",1,format_all_caps_legacy,
8629,"BAIG, TA",1,format_all_caps_legacy,
8630,"GOPINATH, C",1,format_all_caps_legacy,
8634,"BARMETTLER, D",1,format_all_caps_legacy,
8635,"FIELDS, GL",1,format_all_caps_legacy,
8636,"BASS, D",1,format_all_caps_legacy,
8637,"BAYLEY, MJ",1,format_all_caps_legacy,
8639,"BELL, C",1,format_all_caps_legacy,
8640,"GORMAN, LM",1,format_all_caps_legacy,
8641,"BENITEZ, R",1,format_all_caps_legacy,
8644,"BERGER, PH",1,format_all_caps_legacy,
8647,"BERNSTEIN, A",1,format_all_caps_legacy,
8648,"BHARADWAJ, A",1,format_all_caps_legacy,
8650,"BOGDAN, R",1,format_all_caps_legacy,
8651,"BORKMAN, T",1,format_all_caps_legacy,
8652,"BRIGMAN, M",1,format_all_caps_legacy,
8653,"BRISCOE, C",1,format_all_caps_legacy,
8654,"BROCKWAY, BS",1,format_all_caps_legacy,
8656,"BURGESS, RD",1,format_all_caps_legacy,
8657,"BURRILL, GC",1,format_all_caps_legacy,
8658,"BURTON, N",1,format_all_caps_legacy,
8660,"CARRIER, J",1,format_all_caps_legacy,
8661,"CASTROVINCI, JL",1,format_all_caps_legacy,
8662,"CHESS, S",1,format_all_caps_legacy,
8664,"LEBOWITZ, ML",1,format_all_caps_legacy,
8665,"ANDERSON, FP",1,format_all_caps_legacy,
8667,"COOK, TD",1,format_all_caps_legacy,
8668,"KRANTZLER, B",1,format_all_caps_legacy,
8669,"CORDEN, C",1,format_all_caps_legacy,
8670,"CORREA, CM",1,format_all_caps_legacy,
8671,"COULSON, M",1,format_all_caps_legacy,
8673,"CRUTHIRDS, CT",1,format_all_caps_legacy,
8675,"DAVID, AC",1,format_all_caps_legacy,
8676,"DONOVAN, EH",1,format_all_caps_legacy,
8677,"DAVIDSON, ME",1,format_all_caps_legacy,
8678,"DAVIDSON, WS",1,format_all_caps_legacy,
8680,"DELANEY, TJ",1,format_all_caps_legacy,
8681,"DELLIQUADRI, F",1,format_all_caps_legacy,
8682,"DESBOROUGH, C",1,format_all_caps_legacy,
8684,"DICKSON, DT",1,format_all_caps_legacy,
8685,"DIDIER, MC",1,format_all_caps_legacy,
8687,"DOERNER, WG",1,format_all_caps_legacy,
8688,"KNUDTEN, RD",1,format_all_caps_legacy,
8689,"MEADE, AC",1,format_all_caps_legacy,
8690,"KNUDTEN, MS",1,format_all_caps_legacy,
8692,"DUNFORD, FW",1,format_all_caps_legacy,
8693,"BRENNAN, T",1,format_all_caps_legacy,
8694,"DUNLAP, WR",1,format_all_caps_legacy,
8696,"DURMAN, J",1,format_all_caps_legacy,
8697,"ELKIN, H",1,format_all_caps_legacy,
8698,"ELLIS, JAN",1,format_all_caps_legacy,
8699,"BRYANT, VE",1,format_all_caps_legacy,
8700,"KUTZ, J",1,format_all_caps_legacy,
8701,"FARRIS, LS",1,format_all_caps_legacy,
8702,"FEWELL, C",1,format_all_caps_legacy,
8704,"FAZIO, RT",1,format_all_caps_legacy,
8705,"HUDAK, MT",1,format_all_caps_legacy,
8706,"ZIVOTOFSKY, E",1,format_all_caps_legacy,
8707,"FISHER, HS",1,format_all_caps_legacy,
8708,"FISHMAN, B",1,format_all_caps_legacy,
8709,"KASSER, J",1,format_all_caps_legacy,
8710,"FITZGERALD, FT",1,format_all_caps_legacy,
8712,"FOGELMAN, K",1,format_all_caps_legacy,
8713,"FORDER, A",1,format_all_caps_legacy,
8714,"FRANGOS, AS",1,format_all_caps_legacy,
8715,"CHASE, D",1,format_all_caps_legacy,
8716,"FREED, H",1,format_all_caps_legacy,
8718,"FINNEGAN, LP",1,format_all_caps_legacy,
8720,"FREJ, W",1,format_all_caps_legacy,
8721,"FREUND, VW",1,format_all_caps_legacy,
8722,"FROMM, E",1,format_all_caps_legacy,
8724,"HICKERSON, M",1,format_all_caps_legacy,
8725,"GOLANT, SM",1,format_all_caps_legacy,
8726,"FRUIN, DJ",1,format_all_caps_legacy,
8727,"GOLDEN, KM",1,format_all_caps_legacy,
8728,"GOPI, KN",1,format_all_caps_legacy,
8730,"GORIAWALLA, NM",1,format_all_caps_legacy,
8731,"GRAHAM, H",1,format_all_caps_legacy,
8732,"LARSON, TA",1,format_all_caps_legacy,
8734,"GURNEY, W",1,format_all_caps_legacy,
8736,"HAGAN, J",1,format_all_caps_legacy,
8737,"HAMBRICK, D",1,format_all_caps_legacy,
8739,"LUCAS, ME",1,format_all_caps_legacy,
8740,"HARVEY, M",1,format_all_caps_legacy,
8741,"HASAN, SN",1,format_all_caps_legacy,
8744,"HEINZ, J",1,format_all_caps_legacy,
8745,"HENDERSON, HE",1,format_all_caps_legacy,
8750,"SHULMAN, LC",1,format_all_caps_legacy,
8751,"HOFFMAN, W",1,format_all_caps_legacy,
8752,"MARMOR, T",1,format_all_caps_legacy,
8753,"HOKENSTAD, DJ",1,format_all_caps_legacy,
8755,"HOOKER, CE",1,format_all_caps_legacy,
8758,"GLISSON, DH",1,format_all_caps_legacy,
8760,"JOHNSON, BS",1,format_all_caps_legacy,
8761,"JOHNSON, CL",1,format_all_caps_legacy,
8763,"KANE, RL",1,format_all_caps_legacy,
8766,"SAIDEL, BH",1,format_all_caps_legacy,
8767,"KARNA, MN",1,format_all_caps_legacy,
8769,"KELLER, FE",1,format_all_caps_legacy,
8770,"KRIT, N",1,format_all_caps_legacy,
8771,"KELLER, J",1,format_all_caps_legacy,
8773,"KHANNA, PC",1,format_all_caps_legacy,
8774,"KIELY, L",1,format_all_caps_legacy,
8776,"WITKOP, CJ",1,format_all_caps_legacy,
8777,"KILLEEN, MR",1,format_all_caps_legacy,
8778,"JACOBS, CL",1,format_all_caps_legacy,
8779,"STDENIS, GC",1,format_all_caps_legacy,
8780,"OSMALOV, MJ",1,format_all_caps_legacy,
8783,"KORNFELD, MS",1,format_all_caps_legacy,
8784,"KOWALSKI, NC",1,format_all_caps_legacy,
8785,"KREADER, JL",1,format_all_caps_legacy,
8787,"KUMAR, R",1,format_all_caps_legacy,
8788,"LAL, AK",1,format_all_caps_legacy,
8789,"LENAHAN, B",1,format_all_caps_legacy,
8790,"LEVIN, PJ",1,format_all_caps_legacy,
8794,"HALL, DQ",1,format_all_caps_legacy,
8795,"MADDIGAN, RF",1,format_all_caps_legacy,
8796,"WATSON, CG",1,format_all_caps_legacy,
8797,"FULTON, JR",1,format_all_caps_legacy,
8803,"MCCLENDON, R",1,format_all_caps_legacy,
8804,"MCCLOUD, R",1,format_all_caps_legacy,
8805,"MCCOMBIE, SL",1,format_all_caps_legacy,
8806,"MCNAMARA, JJ",1,format_all_caps_legacy,
8807,"MEDHORA, PB",1,format_all_caps_legacy,
8808,"MEHTA, P",1,format_all_caps_legacy,
8812,"MILLETT, R",1,format_all_caps_legacy,
8813,"MIYA, KK",1,format_all_caps_legacy,
8814,"MODAK, U",1,format_all_caps_legacy,
8817,"MOSS, AF",1,format_all_caps_legacy,
8818,"MURRAY, RF",1,format_all_caps_legacy,
8819,"DELBANCO, TL",1,format_all_caps_legacy,
8822,"OSTERBUSCH, SE",1,format_all_caps_legacy,
8823,"PAIPANANDIKAR, VA",1,format_all_caps_legacy,
8824,"KAHN, N",1,format_all_caps_legacy,
8825,"PEARMAN, L",1,format_all_caps_legacy,
8826,"SEARLES, J",1,format_all_caps_legacy,
8827,"PFEFFER, D",1,format_all_caps_legacy,
8828,"PIMPLEY, PN",1,format_all_caps_legacy,
8832,"PRASADRAO, CR",1,format_all_caps_legacy,
8833,"RANGARAO, K",1,format_all_caps_legacy,
8834,"PREMI, KK",1,format_all_caps_legacy,
8835,"PRITLOVE, JH",1,format_all_caps_legacy,
8838,"HUTCHISON, RR",1,format_all_caps_legacy,
8840,"RACINE, DP",1,format_all_caps_legacy,
8841,"BARAH, BC",1,format_all_caps_legacy,
8843,"RANI, K",1,format_all_caps_legacy,
8844,"RAO, UA",1,format_all_caps_legacy,
8845,"REDFERN, M",1,format_all_caps_legacy,
8847,"COLEMAN, KM",1,format_all_caps_legacy,
8850,"ROSEN, CE",1,format_all_caps_legacy,
8851,"ROSENMAN, L",1,format_all_caps_legacy,
8853,"RUPANDE, S",1,format_all_caps_legacy,
8854,"RUSSELL, A",1,format_all_caps_legacy,
8856,"SACHS, BP",1,format_all_caps_legacy,
8857,"SACKIN, HD",1,format_all_caps_legacy,
8858,"RAFFE, IH",1,format_all_caps_legacy,
8860,"SANK, LI",1,format_all_caps_legacy,
8862,"SAWBRIDGE, P",1,format_all_caps_legacy,
8863,"CARRILINE, M",1,format_all_caps_legacy,
8864,"SCHAEFER, C",1,format_all_caps_legacy,
8865,"SCHERRER, JL",1,format_all_caps_legacy,
8866,"SCHMIDT, TM",1,format_all_caps_legacy,
8869,"SCHUYLER, M",1,format_all_caps_legacy,
8870,"SEGRAVES, T",1,format_all_caps_legacy,
8871,"SHAFFER, CV",1,format_all_caps_legacy,
8873,"HENDRICKS, CO",1,format_all_caps_legacy,
8874,"MARKS, J",1,format_all_caps_legacy,
8875,"GUTIERREZ, PP",1,format_all_caps_legacy,
8876,"SIEH, M",1,format_all_caps_legacy,
8878,"SILVER, SN",1,format_all_caps_legacy,
8879,"SINGHAL, S",1,format_all_caps_legacy,
8880,"SIVARAMAKRISHNAN, KC",1,format_all_caps_legacy,
8882,"AMES, J",1,format_all_caps_legacy,
8884,"SOHONI, NK",1,format_all_caps_legacy,
8886,"SPRINGER, ME",1,format_all_caps_legacy,
8887,"STILLMAN, SM",1,format_all_caps_legacy,
8888,"STINE, BA",1,format_all_caps_legacy,
8889,"SUMMERS, GM",1,format_all_caps_legacy,
8893,"THOMAS, PT",1,format_all_caps_legacy,
8894,"THORNE, DE",1,format_all_caps_legacy,
8896,"SINCLAIR, LG",1,format_all_caps_legacy,
8897,"JAMES, JR",1,format_all_caps_legacy,
8898,"TOMAINO, L",1,format_all_caps_legacy,
8899,"TOSCANO, M",1,format_all_caps_legacy,
8900,"TRAYLOR, LH",1,format_all_caps_legacy,
8902,"TULLY, JB",1,format_all_caps_legacy,
8903,"COLE, WM",1,format_all_caps_legacy,
8904,"UNDERWOOD, MM",1,format_all_caps_legacy,
8905,"UNDERWOOD, ED",1,format_all_caps_legacy,
8906,"URSEKAR, HS",1,format_all_caps_legacy,
8907,"VAID, KN",1,format_all_caps_legacy,
8909,"VIGGIANO, M",1,format_all_caps_legacy,
8912,"WALLACE, JA",1,format_all_caps_legacy,
8913,"WARHAM, J",1,format_all_caps_legacy,
8914,"WATKINS, EL",1,format_all_caps_legacy,
8915,"WATSON, G",1,format_all_caps_legacy,
8916,"WEINGARTEN, S",1,format_all_caps_legacy,
8917,"WEISFELD, D",1,format_all_caps_legacy,
8918,"LASER, MS",1,format_all_caps_legacy,
8920,"WESTERMAN, JH",1,format_all_caps_legacy,
8921,"KEYES, MA",1,format_all_caps_legacy,
8922,"WHITNEY, F",1,format_all_caps_legacy,
8924,"WIENERS, WW",1,format_all_caps_legacy,
8925,"WINCOTT, E",1,format_all_caps_legacy,
8926,"WINN, L",1,format_all_caps_legacy,
8928,"WOHLENBERG, EH",1,format_all_caps_legacy,
8930,"ADLER, M",1,format_all_caps_legacy,
8931,"AHMAD, I",1,format_all_caps_legacy,
8933,"ARNOLD, HM",1,format_all_caps_legacy,
8934,"BACHMAN, RS",1,format_all_caps_legacy,
8935,"BACON, MH",1,format_all_caps_legacy,
8938,"BARTOLLAS, C",1,format_all_caps_legacy,
8940,"BUSHE, DM",1,format_all_caps_legacy,
8942,"BENZ, LN",1,format_all_caps_legacy,
8943,"BHATIA, VB",1,format_all_caps_legacy,
8944,"URRAHMAN, R",1,format_all_caps_legacy,
8945,"BIKALES, G",1,format_all_caps_legacy,
8946,"BINGHAM, RD",1,format_all_caps_legacy,
8947,"KIRKPATRICK, SA",1,format_all_caps_legacy,
8948,"BLUMBERG, DD",1,format_all_caps_legacy,
8951,"VANDERSCHIE, R",1,format_all_caps_legacy,
8952,"BOGUE, DJ",1,format_all_caps_legacy,
8953,"BOMANBEHRAM, BK",1,format_all_caps_legacy,
8954,"BOULETTE, TR",1,format_all_caps_legacy,
8955,"ANDERSON, I",1,format_all_caps_legacy,
8956,"BROOKE, BA",1,format_all_caps_legacy,
8957,"HEILIGMAN, AC",1,format_all_caps_legacy,
8958,"BROWN, CR",1,format_all_caps_legacy,
8959,"HELLINGER, ML",1,format_all_caps_legacy,
8960,"BULSARA, JF",1,format_all_caps_legacy,
8961,"BURGESS, RS",1,format_all_caps_legacy,
8963,"BUTLIN, E",1,format_all_caps_legacy,
8964,"BUTTERWORTH, E",1,format_all_caps_legacy,
8965,"CARDARELLE, JA",1,format_all_caps_legacy,
8967,"CARTER, EB",1,format_all_caps_legacy,
8968,"CASSIDY, H",1,format_all_caps_legacy,
8969,"ALDRIDGE, MJ",1,format_all_caps_legacy,
8970,"KELLY, GR",1,format_all_caps_legacy,
8971,"CHIMEZIE, A",1,format_all_caps_legacy,
8973,"CLINE, PL",1,format_all_caps_legacy,
8974,"CLOUGH, M",1,format_all_caps_legacy,
8975,"COOK, CF",1,format_all_caps_legacy,
8976,"CYPHER, J",1,format_all_caps_legacy,
8977,"EIDELMAN, S",1,format_all_caps_legacy,
8978,"FELTEN, ZJ",1,format_all_caps_legacy,
8981,"FLACK, R",1,format_all_caps_legacy,
8982,"FLANAGAN, J",1,format_all_caps_legacy,
8983,"FLEGG, D",1,format_all_caps_legacy,
8984,"FOGELMAN, KR",1,format_all_caps_legacy,
8986,"FRIEDLANDER, S",1,format_all_caps_legacy,
8987,"SHAW, E",1,format_all_caps_legacy,
8989,"FUCHS, LL",1,format_all_caps_legacy,
8991,"GARZINO, SJ",1,format_all_caps_legacy,
8995,"GOPALAPILLAI, P",1,format_all_caps_legacy,
8996,"GRADOLPH, HL",1,format_all_caps_legacy,
8997,"GRISWOLD, JS",1,format_all_caps_legacy,
8998,"SPURRIER, PG",1,format_all_caps_legacy,
8999,"GUJARATI, LS",1,format_all_caps_legacy,
9000,"MALVA, R",1,format_all_caps_legacy,
9001,"GUMBINER, MJ",1,format_all_caps_legacy,
9002,"HAGAN, JL",1,format_all_caps_legacy,
9005,"HANNIGAN, KM",1,format_all_caps_legacy,
9006,"HARDY, J",1,format_all_caps_legacy,
9007,"HELLERMAN, MK",1,format_all_caps_legacy,
9008,"HERRICK, JJ",1,format_all_caps_legacy,
9009,"HILLMAN, L",1,format_all_caps_legacy,
9010,"KAPLAN, KO",1,format_all_caps_legacy,
9011,"HOLDRIDGE, EA",1,format_all_caps_legacy,
9012,"HOOVER, MJ",1,format_all_caps_legacy,
9013,"IKENBERRY, J",1,format_all_caps_legacy,
9017,"JERTSON, JM",1,format_all_caps_legacy,
9018,"JOHNSON, AL",1,format_all_caps_legacy,
9019,"JOHNSON, FM",1,format_all_caps_legacy,
9020,"JONES, EO",1,format_all_caps_legacy,
9021,"JOSLYN, CP",1,format_all_caps_legacy,
9022,"KAHN, LG",1,format_all_caps_legacy,
9023,"KALBERG, S",1,format_all_caps_legacy,
9027,"KINNERSLEY, SC",1,format_all_caps_legacy,
9028,"KLINE, MV",1,format_all_caps_legacy,
9030,"KRESS, H",1,format_all_caps_legacy,
9031,"KRISTAL, HF",1,format_all_caps_legacy,
9032,"TUCKER, F",1,format_all_caps_legacy,
9036,"LEFF, B",1,format_all_caps_legacy,
9037,"LIEBOW, E",1,format_all_caps_legacy,
9038,"LINSK, N",1,format_all_caps_legacy,
9039,"LOCKWOOD, MC",1,format_all_caps_legacy,
9040,"LORBER, J",1,format_all_caps_legacy,
9041,"SATOW, R",1,format_all_caps_legacy,
9043,"CLARK, TN",1,format_all_caps_legacy,
9049,"MAYO, JR",1,format_all_caps_legacy,
9050,"MCARTHUR, B",1,format_all_caps_legacy,
9051,"MCCOY, T",1,format_all_caps_legacy,
9052,"PENICK, EC",1,format_all_caps_legacy,
9053,"POWELL, BJ",1,format_all_caps_legacy,
9054,"READ, MR",1,format_all_caps_legacy,
9057,"KIM, M",1,format_all_caps_legacy,
9058,"KUTZ, N",1,format_all_caps_legacy,
9059,"LOZIER, J",1,format_all_caps_legacy,
9060,"MISENHEIMER, B",1,format_all_caps_legacy,
9061,"MOBLEY, ED",1,format_all_caps_legacy,
9062,"MOORE, BI",1,format_all_caps_legacy,
9063,"MORRIS, A",1,format_all_caps_legacy,
9065,"MORSE, HA",1,format_all_caps_legacy,
9066,"MOSELEY, L",1,format_all_caps_legacy,
9067,"MUHLBERGER, EV",1,format_all_caps_legacy,
9068,"MURRAY, AF",1,format_all_caps_legacy,
9069,"BERRILL, A",1,format_all_caps_legacy,
9070,"NELSON, MC",1,format_all_caps_legacy,
9071,"OCONNOR, E",1,format_all_caps_legacy,
9072,"OCONNOR, MD",1,format_all_caps_legacy,
9073,"PALMERA, PJ",1,format_all_caps_legacy,
9074,"PASCOE, W",1,format_all_caps_legacy,
9077,"HERBERTJACKSON, EW",1,format_all_caps_legacy,
9078,"PLIONIS, BM",1,format_all_caps_legacy,
9079,"RANDALL, R",1,format_all_caps_legacy,
9080,"RIESSMAN, CK",1,format_all_caps_legacy,
9081,"ROHDE, WL",1,format_all_caps_legacy,
9083,"ROSE, ME",1,format_all_caps_legacy,
9085,"RUSSIAN, RB",1,format_all_caps_legacy,
9086,"SAINSBURY, EE",1,format_all_caps_legacy,
9089,"SCHLACHTER, RH",1,format_all_caps_legacy,
9090,"SCHOENFELD, H",1,format_all_caps_legacy,
9095,"SIMON, JL",1,format_all_caps_legacy,
9096,"SKELSKIE, BE",1,format_all_caps_legacy,
9097,"SOBLE, RK",1,format_all_caps_legacy,
9098,"SOHL, PA",1,format_all_caps_legacy,
9099,"SOKOL, JM",1,format_all_caps_legacy,
9100,"SOLOMON, B",1,format_all_caps_legacy,
9103,"TEWART, JL",1,format_all_caps_legacy,
9104,"STEIMEL, LC",1,format_all_caps_legacy,
9105,"STILES, LW",1,format_all_caps_legacy,
9106,"STOECKEL, J",1,format_all_caps_legacy,
9107,"STERNE, M",1,format_all_caps_legacy,
9109,"STROMER, WF",1,format_all_caps_legacy,
9110,"SUPPES, MA",1,format_all_caps_legacy,
9112,"TAMAYO, MB",1,format_all_caps_legacy,
9113,"FELDMAN, DJ",1,format_all_caps_legacy,
9114,"TESSLER, RC",1,format_all_caps_legacy,
9115,"THELEN, HA",1,format_all_caps_legacy,
9116,"ETCHEVERRY, R",1,format_all_caps_legacy,
9117,"KELLER, R",1,format_all_caps_legacy,
9118,"TOWNSEL, LE",1,format_all_caps_legacy,
9119,"IRVING, J",1,format_all_caps_legacy,
9120,"STROO, HH",1,format_all_caps_legacy,
9122,"BALLARD, CM",1,format_all_caps_legacy,
9124,"TRIMBLE, WBS",1,format_all_caps_legacy,
9125,"TULL, A",1,format_all_caps_legacy,
9129,"WASSERMAN, SL",1,format_all_caps_legacy,
9131,"WEDEMEYER, JM",1,format_all_caps_legacy,
9133,"WEINER, RI",1,format_all_caps_legacy,
9134,"WERNER, RM",1,format_all_caps_legacy,
9135,"WESLEY, C",1,format_all_caps_legacy,
9136,"WHITAKER, D",1,format_all_caps_legacy,
9138,"WILLIAMS, T",1,format_all_caps_legacy,
9139,"WILLS, WD",1,format_all_caps_legacy,
9142,"SILVERMAN, G",1,format_all_caps_legacy,
9143,"WOLFE, BR",1,format_all_caps_legacy,
9144,"WOLFE, G",1,format_all_caps_legacy,
9146,"WOOD, V",1,format_all_caps_legacy,
9149,"MCCARTHY, JD",1,format_all_caps_legacy,
9150,"ZAMORA, MD",1,format_all_caps_legacy,
9151,"CLINE, K",1,format_all_caps_legacy,
9153,"AANES, D",1,format_all_caps_legacy,
9157,"ANDERSON, E",1,format_all_caps_legacy,
9159,"ARAM, JD",1,format_all_caps_legacy,
9160,"STRATTON, WE",1,format_all_caps_legacy,
9161,"ARONOW, R",1,format_all_caps_legacy,
9162,"AVENI, CA",1,format_all_caps_legacy,
9163,"BATLEY, R",1,format_all_caps_legacy,
9165,"WYNNE, D",1,format_all_caps_legacy,
9166,"BERKUN, E",1,format_all_caps_legacy,
9167,"BERRY, ME",1,format_all_caps_legacy,
9168,"BLACK, JC",1,format_all_caps_legacy,
9170,"BOER, AK",1,format_all_caps_legacy,
9172,"BRADBURN, NM",1,format_all_caps_legacy,
9173,"BRASWELL, J",1,format_all_caps_legacy,
9175,"BRICKNER, A",1,format_all_caps_legacy,
9180,"CALDER, A",1,format_all_caps_legacy,
9181,"CARR, JH",1,format_all_caps_legacy,
9182,"CASE, LP",1,format_all_caps_legacy,
9185,"SAMPSON, P",1,format_all_caps_legacy,
9186,"BECK, P",1,format_all_caps_legacy,
9187,"COOK, JJ",1,format_all_caps_legacy,
9188,"HAYES, ME",1,format_all_caps_legacy,
9189,"SCANLAND, VB",1,format_all_caps_legacy,
9192,"CHINLUND, SJ",1,format_all_caps_legacy,
9193,"CHOMMIE, PW",1,format_all_caps_legacy,
9198,"COLE, GF",1,format_all_caps_legacy,
9200,"COLLINS, MJ",1,format_all_caps_legacy,
9201,"RODMAN, DH",1,format_all_caps_legacy,
9202,"KAPPY, MS",1,format_all_caps_legacy,
9204,"CROSS, M",1,format_all_caps_legacy,
9205,"DALLAS, D",1,format_all_caps_legacy,
9207,"DERR, DA",1,format_all_caps_legacy,
9208,"DIMOND, RE",1,format_all_caps_legacy,
9209,"DORRUCCI, F",1,format_all_caps_legacy,
9210,"DOWLING, SA",1,format_all_caps_legacy,
9212,"MCCLURE, JF",1,format_all_caps_legacy,
9213,"FITZJOHN, J",1,format_all_caps_legacy,
9214,"FORTIN, AJ",1,format_all_caps_legacy,
9216,"GARBIN, JP",1,format_all_caps_legacy,
9220,"GILBERT, GC",1,format_all_caps_legacy,
9223,"GLYNN, TP",1,format_all_caps_legacy,
9224,"VASHITZ, B",1,format_all_caps_legacy,
9225,"GOLDEN, D",1,format_all_caps_legacy,
9231,"HAMILTON, R",1,format_all_caps_legacy,
9232,"HANSON, B",1,format_all_caps_legacy,
9235,"HEARN, G",1,format_all_caps_legacy,
9236,"HENDERSON, R",1,format_all_caps_legacy,
9238,"HIRSCH, A",1,format_all_caps_legacy,
9239,"HOEKSTRA, A",1,format_all_caps_legacy,
9240,"HOFFMAN, GL",1,format_all_caps_legacy,
9245,"HARRISON, K",1,format_all_caps_legacy,
9247,"HUNT, S",1,format_all_caps_legacy,
9248,"HUSBY, RD",1,format_all_caps_legacy,
9249,"JACOBSON, R",1,format_all_caps_legacy,
9252,"JONES, RH",1,format_all_caps_legacy,
9255,"KASARDA, J",1,format_all_caps_legacy,
9258,"KING, W",1,format_all_caps_legacy,
9259,"HAMILTON, J",1,format_all_caps_legacy,
9262,"KNOLL, RE",1,format_all_caps_legacy,
9263,"KNOTT, BH",1,format_all_caps_legacy,
9264,"KRONSKY, BJ",1,format_all_caps_legacy,
9266,"LASKA, EM",1,format_all_caps_legacy,
9267,"LEWIN, LS",1,format_all_caps_legacy,
9269,"LISTER, HL",1,format_all_caps_legacy,
9275,"MANNING, CM",1,format_all_caps_legacy,
9276,"SHORE, MF",1,format_all_caps_legacy,
9284,"HAUG, M",1,format_all_caps_legacy,
9287,"BRUCE, JD",1,format_all_caps_legacy,
9288,"HORVITZ, D",1,format_all_caps_legacy,
9294,"MORSE, N",1,format_all_caps_legacy,
9295,"MUNDEL, D",1,format_all_caps_legacy,
9296,"MURDAUGH, J",1,format_all_caps_legacy,
9299,"NORLIN, J",1,format_all_caps_legacy,
9300,"OBRIEN, DJ",1,format_all_caps_legacy,
9301,"OCONNER, EC",1,format_all_caps_legacy,
9303,"OPTON, EM",1,format_all_caps_legacy,
9304,"WEIS, DP",1,format_all_caps_legacy,
9305,"PANITCH, A",1,format_all_caps_legacy,
9306,"PARKER, RA",1,format_all_caps_legacy,
9308,"PETERSON, M",1,format_all_caps_legacy,
9309,"PETERSON, V",1,format_all_caps_legacy,
9310,"RADDING, N",1,format_all_caps_legacy,
9311,"LAWRENCE, R",1,format_all_caps_legacy,
9313,"POTTER, R",1,format_all_caps_legacy,
9315,"POWER, MJ",1,format_all_caps_legacy,
9316,"ASH, PM",1,format_all_caps_legacy,
9318,"SIREY, EC",1,format_all_caps_legacy,
9319,"BULTENA, GL",1,format_all_caps_legacy,
9320,"PRATT, GE",1,format_all_caps_legacy,
9321,"WARD, RI",1,format_all_caps_legacy,
9322,"PROSKY, P",1,format_all_caps_legacy,
9325,"RAIFORD, G",1,format_all_caps_legacy,
9326,"REICH, I",1,format_all_caps_legacy,
9327,"REPOSA, RE",1,format_all_caps_legacy,
9328,"RHODES, CA",1,format_all_caps_legacy,
9333,"ROSENHAN, DL",1,format_all_caps_legacy,
9336,"RUSSELL, K",1,format_all_caps_legacy,
9337,"RYAN, JB",1,format_all_caps_legacy,
9339,"SALZBERGER, L",1,format_all_caps_legacy,
9344,"SCHWARTZ, E",1,format_all_caps_legacy,
9349,"SKARNULIS, E",1,format_all_caps_legacy,
9350,"BALSAM, D",1,format_all_caps_legacy,
9351,"JONES, OF",1,format_all_caps_legacy,
9352,"SNELLING, J",1,format_all_caps_legacy,
9354,"SULLIVAN, ME",1,format_all_caps_legacy,
9355,"SYKES, T",1,format_all_caps_legacy,
9357,"TEMPLETRUJILLO, RE",1,format_all_caps_legacy,
9360,"TOBIN, S",1,format_all_caps_legacy,
9365,"VEAGUE, P",1,format_all_caps_legacy,
9366,"VICKERY, A",1,format_all_caps_legacy,
9367,"VONDRACEK, FW",1,format_all_caps_legacy,
9368,"URBAN, HB",1,format_all_caps_legacy,
9370,"VOTH, DE",1,format_all_caps_legacy,
9371,"MARTIN, MJ",1,format_all_caps_legacy,
9372,"SINGER, G",1,format_all_caps_legacy,
9373,"THOMET, W",1,format_all_caps_legacy,
9374,"WALLER, E",1,format_all_caps_legacy,
9375,"WALLEY, J",1,format_all_caps_legacy,
9377,"DEMOLL, L",1,format_all_caps_legacy,
9380,"WEISSMAN, M",1,format_all_caps_legacy,
9381,"WESTLAND, P",1,format_all_caps_legacy,
9382,"WHATCOTT, WE",1,format_all_caps_legacy,
9383,"HO, L",1,format_all_caps_legacy,
9384,"FIELDER, L",1,format_all_caps_legacy,
9387,"RUBEIZ, GM",1,format_all_caps_legacy,
9388,"AKINTOLA, K",1,format_all_caps_legacy,
9390,"SIMAN, A",1,format_all_caps_legacy,
9391,"ALLISON, JL",1,format_all_caps_legacy,
9394,"ANGLIM, EE",1,format_all_caps_legacy,
9395,"ANIEBONA, JM",1,format_all_caps_legacy,
9396,"ANTZE, P",1,format_all_caps_legacy,
9398,"BAINE, S",1,format_all_caps_legacy,
9401,"BANKE, AL",1,format_all_caps_legacy,
9402,"GARNER, NM",1,format_all_caps_legacy,
9404,"BARKAN, TW",1,format_all_caps_legacy,
9408,"HAUG, MR",1,format_all_caps_legacy,
9411,"BOCOCK, R",1,format_all_caps_legacy,
9412,"BOLLAS, C",1,format_all_caps_legacy,
9413,"BOTFELD, FJ",1,format_all_caps_legacy,
9414,"BOWLDEN, SA",1,format_all_caps_legacy,
9415,"BOYD, C",1,format_all_caps_legacy,
9416,"ROLLINS, B",1,format_all_caps_legacy,
9417,"BRADIN, L",1,format_all_caps_legacy,
9418,"BRADLEY, SL",1,format_all_caps_legacy,
9420,"BROEKER, R",1,format_all_caps_legacy,
9421,"WEBB, C",1,format_all_caps_legacy,
9422,"BROWN, BD",1,format_all_caps_legacy,
9423,"BROWN, LD",1,format_all_caps_legacy,
9424,"BRYANT, R",1,format_all_caps_legacy,
9425,"BURGEST, DR",1,format_all_caps_legacy,
9430,"CANSLER, LC",1,format_all_caps_legacy,
9431,"CARLSON, GJ",1,format_all_caps_legacy,
9432,"HILL, MJ",1,format_all_caps_legacy,
9434,"HEYMANN, I",1,format_all_caps_legacy,
9435,"CINGOLANI, W",1,format_all_caps_legacy,
9436,"COGAN, HJ",1,format_all_caps_legacy,
9437,"COWEN, L",1,format_all_caps_legacy,
9438,"MCNEIL, M",1,format_all_caps_legacy,
9439,"ROBINSON, MR",1,format_all_caps_legacy,
9441,"CURTIN, MBV",1,format_all_caps_legacy,
9442,"CUTLER, AF",1,format_all_caps_legacy,
9443,"DACANAY, FAR",1,format_all_caps_legacy,
9444,"BANTA, D",1,format_all_caps_legacy,
9445,"DAVIES, E",1,format_all_caps_legacy,
9447,"DECOSTA, J",1,format_all_caps_legacy,
9448,"DEMME, D",1,format_all_caps_legacy,
9449,"DETERT, A",1,format_all_caps_legacy,
9452,"DOHERTY, DA",1,format_all_caps_legacy,
9454,"DONNISON, D",1,format_all_caps_legacy,
9455,"DOWNS, C",1,format_all_caps_legacy,
9457,"KING, D",1,format_all_caps_legacy,
9459,"DURMAN, E",1,format_all_caps_legacy,
9461,"EIMICKE, WB",1,format_all_caps_legacy,
9462,"ENGEL, LA",1,format_all_caps_legacy,
9463,"ESTEP, IW",1,format_all_caps_legacy,
9464,"EVANS, GB",1,format_all_caps_legacy,
9469,"FIELD, HF",1,format_all_caps_legacy,
9471,"FORESTER, T",1,format_all_caps_legacy,
9474,"FREY, JL",1,format_all_caps_legacy,
9477,"FRIEDMAN, A",1,format_all_caps_legacy,
9478,"FRYDMAN, L",1,format_all_caps_legacy,
9480,"GARCIA, DW",1,format_all_caps_legacy,
9484,"GERMAIN, C",1,format_all_caps_legacy,
9486,"GOLDBERG, MF",1,format_all_caps_legacy,
9487,"EVANS, AS",1,format_all_caps_legacy,
9488,"COLE, KH",1,format_all_caps_legacy,
9489,"GOODMAN, A",1,format_all_caps_legacy,
9490,"GOODTRACKS, JG",1,format_all_caps_legacy,
9494,"GRIMM, JW",1,format_all_caps_legacy,
9495,"GROSJEAN, CG",1,format_all_caps_legacy,
9496,"GRUBER, AR",1,format_all_caps_legacy,
9498,"HACK, KA",1,format_all_caps_legacy,
9499,"HAGAN, T",1,format_all_caps_legacy,
9500,"MILLS, R",1,format_all_caps_legacy,
9502,"HALLUM, K",1,format_all_caps_legacy,
9504,"HANSEN, RB",1,format_all_caps_legacy,
9505,"HARRIS, CW",1,format_all_caps_legacy,
9506,"HARTMAN, MC",1,format_all_caps_legacy,
9507,"IRVIN, EA",1,format_all_caps_legacy,
9509,"HEARST, MC",1,format_all_caps_legacy,
9510,"HEDGES, H",1,format_all_caps_legacy,
9513,"HILBOURNE, J",1,format_all_caps_legacy,
9514,"HOLLAND, CG",1,format_all_caps_legacy,
9515,"HOVDA, PC",1,format_all_caps_legacy,
9518,"JENKINS, R",1,format_all_caps_legacy,
9519,"JOE, T",1,format_all_caps_legacy,
9521,"WIEDER, SM",1,format_all_caps_legacy,
9522,"JOHNSON, CF",1,format_all_caps_legacy,
9523,"JOHNSON, GS",1,format_all_caps_legacy,
9524,"JOHNSON, RH",1,format_all_caps_legacy,
9526,"KAHN, KL",1,format_all_caps_legacy,
9528,"GROBSTEIN, R",1,format_all_caps_legacy,
9529,"FISCHMAN, SE",1,format_all_caps_legacy,
9531,"KITSON, N",1,format_all_caps_legacy,
9532,"KNAPP, VS",1,format_all_caps_legacy,
9533,"HANSEN, H",1,format_all_caps_legacy,
9534,"KOONCE, GM",1,format_all_caps_legacy,
9535,"KOSBERG, JJ",1,format_all_caps_legacy,
9537,"LANE, JB",1,format_all_caps_legacy,
9538,"LANGLEY, MH",1,format_all_caps_legacy,
9539,"DRONE, HB",1,format_all_caps_legacy,
9540,"LEE, AO",1,format_all_caps_legacy,
9543,"LEFF, MH",1,format_all_caps_legacy,
9544,"LEIGHTON, N",1,format_all_caps_legacy,
9545,"LEVINSON, HM",1,format_all_caps_legacy,
9547,"LINDSEY, PC",1,format_all_caps_legacy,
9550,"LOUDEN, JR",1,format_all_caps_legacy,
9553,"MACURA, JA",1,format_all_caps_legacy,
9554,"MADISON, BQ",1,format_all_caps_legacy,
9555,"SCHAPIRO, M",1,format_all_caps_legacy,
9556,"MARCHESE, EJ",1,format_all_caps_legacy,
9559,"MAXSON, TL",1,format_all_caps_legacy,
9561,"MCCLAY, ES",1,format_all_caps_legacy,
9562,"MCNABB, DP",1,format_all_caps_legacy,
9563,"MCNEELA, B",1,format_all_caps_legacy,
9567,"MENDES, RHP",1,format_all_caps_legacy,
9568,"MICHAELS, RA",1,format_all_caps_legacy,
9569,"MICKOW, G",1,format_all_caps_legacy,
9572,"MILLER, KJ",1,format_all_caps_legacy,
9576,"MORRIS, P",1,format_all_caps_legacy,
9577,"BYLES, A",1,format_all_caps_legacy,
9578,"MULINSKI, PV",1,format_all_caps_legacy,
9579,"MULLANEY, J",1,format_all_caps_legacy,
9580,"NADLER, ER",1,format_all_caps_legacy,
9581,"NEUGARTEN, BL",1,format_all_caps_legacy,
9583,"NOLLE, DB",1,format_all_caps_legacy,
9584,"NOONAN, RA",1,format_all_caps_legacy,
9585,"NORTH, JF",1,format_all_caps_legacy,
9588,"NYGAARD, DL",1,format_all_caps_legacy,
9590,"OHRINGER, RJ",1,format_all_caps_legacy,
9591,"OLDHAM, HM",1,format_all_caps_legacy,
9593,"PACK, JD",1,format_all_caps_legacy,
9594,"PACKWOOD, T",1,format_all_caps_legacy,
9595,"PALMER, EH",1,format_all_caps_legacy,
9596,"PALMER, TB",1,format_all_caps_legacy,
9597,"PARKS, AP",1,format_all_caps_legacy,
9599,"PEARLMAN, MH",1,format_all_caps_legacy,
9600,"PETERSON, KL",1,format_all_caps_legacy,
9601,"PETERSON, PE",1,format_all_caps_legacy,
9602,"PEW, ML",1,format_all_caps_legacy,
9603,"SPEER, DC",1,format_all_caps_legacy,
9604,"PFEIFFER, JR",1,format_all_caps_legacy,
9605,"PLOTNIKOFF, J",1,format_all_caps_legacy,
9606,"POLLACK, ME",1,format_all_caps_legacy,
9608,"PRICE, JR",1,format_all_caps_legacy,
9609,"DAVIS, PR",1,format_all_caps_legacy,
9611,"RARDIN, DR",1,format_all_caps_legacy,
9613,"RUSH, JA",1,format_all_caps_legacy,
9614,"RIEHMAN, L",1,format_all_caps_legacy,
9615,"OBRIEN, CF",1,format_all_caps_legacy,
9616,"ROBINSON, JH",1,format_all_caps_legacy,
9619,"ROOMKIN, M",1,format_all_caps_legacy,
9620,"ROOP, K",1,format_all_caps_legacy,
9621,"ROSENTHAL, WA",1,format_all_caps_legacy,
9622,"ROTTY, CL",1,format_all_caps_legacy,
9623,"ROURKE, RP",1,format_all_caps_legacy,
9625,"RYAN, PB",1,format_all_caps_legacy,
9626,"SAINT, WS",1,format_all_caps_legacy,
9629,"SAWYIER, FH",1,format_all_caps_legacy,
9631,"SCHWARZ, A",1,format_all_caps_legacy,
9632,"COHEN, FC",1,format_all_caps_legacy,
9633,"KAVALER, F",1,format_all_caps_legacy,
9634,"SEIDEN, A",1,format_all_caps_legacy,
9635,"SENG, MJ",1,format_all_caps_legacy,
9636,"SHEARS, A",1,format_all_caps_legacy,
9638,"SIMERSON, JC",1,format_all_caps_legacy,
9640,"SISKIND, MB",1,format_all_caps_legacy,
9641,"SLACK, KM",1,format_all_caps_legacy,
9642,"SMILEY, CW",1,format_all_caps_legacy,
9643,"SMITH, JP",1,format_all_caps_legacy,
9644,"SMITH, SD",1,format_all_caps_legacy,
9646,"SPIRA, LY",1,format_all_caps_legacy,
9649,"SWIAKOS, JK",1,format_all_caps_legacy,
9651,"THOMPSON, SE",1,format_all_caps_legacy,
9652,"THURBER, MB",1,format_all_caps_legacy,
9654,"VALK, MA",1,format_all_caps_legacy,
9655,"VICTOR, CA",1,format_all_caps_legacy,
9656,"WAGNER, JP",1,format_all_caps_legacy,
9657,"WALLACE, JS",1,format_all_caps_legacy,
9658,"WALTER, WG",1,format_all_caps_legacy,
9661,"WEAVER, LS",1,format_all_caps_legacy,
9662,"WEED, P",1,format_all_caps_legacy,
9664,"WEINBERG, J",1,format_all_caps_legacy,
9665,"WEINBERG, M",1,format_all_caps_legacy,
9666,"WHEELAN, DO",1,format_all_caps_legacy,
9670,"WILHIDE, S",1,format_all_caps_legacy,
9672,"WINER, I",1,format_all_caps_legacy,
9673,"WINICK, C",1,format_all_caps_legacy,
9675,"WOODWARD, HH",1,format_all_caps_legacy,
9676,"WRCHOTA, RJ",1,format_all_caps_legacy,
9677,"WRIGHT, G",1,format_all_caps_legacy,
9678,"YAWNEY, BA",1,format_all_caps_legacy,
9679,"SLOVER, DL",1,format_all_caps_legacy,
9681,"ABRAHAMS, RB",1,format_all_caps_legacy,
9682,"ADAMS, DS",1,format_all_caps_legacy,
9683,"ALLAWAY, AJ",1,format_all_caps_legacy,
9684,"ALLEN, RR",1,format_all_caps_legacy,
9685,"ALSTON, JP",1,format_all_caps_legacy,
9686,"DEAN, KI",1,format_all_caps_legacy,
9687,"ALVAREZ, S",1,format_all_caps_legacy,
9688,"AMENDOLA, SI",1,format_all_caps_legacy,
9689,"ANDREWS, VR",1,format_all_caps_legacy,
9690,"ASARNOW, C",1,format_all_caps_legacy,
9691,"BAILEY, RC",1,format_all_caps_legacy,
9692,"NOBLE, P",1,format_all_caps_legacy,
9693,"BEATTY, DJ",1,format_all_caps_legacy,
9694,"BEISSER, AR",1,format_all_caps_legacy,
9698,"BLAUFARB, H",1,format_all_caps_legacy,
9700,"BLEVINS, BF",1,format_all_caps_legacy,
9701,"DYER, MJ",1,format_all_caps_legacy,
9702,"FORT, WJ",1,format_all_caps_legacy,
9703,"HARRIS, OC",1,format_all_caps_legacy,
9705,"MALLON, JB",1,format_all_caps_legacy,
9706,"RENNO, GF",1,format_all_caps_legacy,
9707,"TOUCHTON, AV",1,format_all_caps_legacy,
9714,"BRAZIL, MR",1,format_all_caps_legacy,
9715,"FINKLE, H",1,format_all_caps_legacy,
9716,"HIRSCH, C",1,format_all_caps_legacy,
9718,"BROWN, AT",1,format_all_caps_legacy,
9719,"BURKE, JE",1,format_all_caps_legacy,
9720,"BUROKER, RL",1,format_all_caps_legacy,
9723,"CARTER, DT",1,format_all_caps_legacy,
9724,"CASSELMAN, BL",1,format_all_caps_legacy,
9726,"DAVY, B",1,format_all_caps_legacy,
9728,"CHEPAITIS, JB",1,format_all_caps_legacy,
9729,"CHESTER, R",1,format_all_caps_legacy,
9732,"COOK, AH",1,format_all_caps_legacy,
9735,"CROXTON, VR",1,format_all_caps_legacy,
9736,"CULLOR, AE",1,format_all_caps_legacy,
9737,"SCHOULTZ, NA",1,format_all_caps_legacy,
9739,"GEBEL, M",1,format_all_caps_legacy,
9740,"RICHTER, A",1,format_all_caps_legacy,
9741,"DAVIS, F",1,format_all_caps_legacy,
9742,"DECHAINE, L",1,format_all_caps_legacy,
9743,"DETOMA, GG",1,format_all_caps_legacy,
9744,"DEVLIN, K",1,format_all_caps_legacy,
9746,"DJATIASMORO, SS",1,format_all_caps_legacy,
9747,"LINN, MW",1,format_all_caps_legacy,
9748,"DOLVEN, JA",1,format_all_caps_legacy,
9749,"DONNELLY, TM",1,format_all_caps_legacy,
9751,"DUNBAR, E",1,format_all_caps_legacy,
9754,"DUVAL, IA",1,format_all_caps_legacy,
9755,"DYRUD, JE",1,format_all_caps_legacy,
9757,"EBERT, D",1,format_all_caps_legacy,
9758,"ELLIOTT, CJ",1,format_all_caps_legacy,
9759,"ERARD, G",1,format_all_caps_legacy,
9762,"FENDRICH, JM",1,format_all_caps_legacy,
9763,"FERGUSON, DH",1,format_all_caps_legacy,
9764,"FIZER, CW",1,format_all_caps_legacy,
9766,"FORBES, RP",1,format_all_caps_legacy,
9767,"FOURNIER, S",1,format_all_caps_legacy,
9768,"FOX, SS",1,format_all_caps_legacy,
9769,"SCHERL, DJ",1,format_all_caps_legacy,
9770,"FREESE, AL",1,format_all_caps_legacy,
9771,"FRIEDMAN, LM",1,format_all_caps_legacy,
9772,"FUCHS, L",1,format_all_caps_legacy,
9774,"GARNES, JM",1,format_all_caps_legacy,
9776,"GEIKIE, GM",1,format_all_caps_legacy,
9777,"GELLER, D",1,format_all_caps_legacy,
9780,"JOHNSON, LC",1,format_all_caps_legacy,
9783,"GREEN, BL",1,format_all_caps_legacy,
9785,"GRIFFIN, AT",1,format_all_caps_legacy,
9786,"GRIFFIN, JC",1,format_all_caps_legacy,
9788,"GUY, J",1,format_all_caps_legacy,
9791,"HART, WR",1,format_all_caps_legacy,
9792,"HATCH, S",1,format_all_caps_legacy,
9794,"HEILMAN, SC",1,format_all_caps_legacy,
9796,"HIRSCHI, T",1,format_all_caps_legacy,
9797,"HITCH, D",1,format_all_caps_legacy,
9798,"SIMPSON, A",1,format_all_caps_legacy,
9799,"HOLZMAN, NK",1,format_all_caps_legacy,
9800,"HOUGHTON, CS",1,format_all_caps_legacy,
9802,"WIEDER, S",1,format_all_caps_legacy,
9803,"JOHNSON, LM",1,format_all_caps_legacy,
9804,"JONES, CL",1,format_all_caps_legacy,
9806,"KAFES, E",1,format_all_caps_legacy,
9809,"KATKIN, D",1,format_all_caps_legacy,
9810,"KELLY, RJ",1,format_all_caps_legacy,
9811,"KEMPNER, DL",1,format_all_caps_legacy,
9813,"KERNS, WL",1,format_all_caps_legacy,
9814,"KIM, BS",1,format_all_caps_legacy,
9815,"KIM, CO",1,format_all_caps_legacy,
9819,"KNUTSON, JA",1,format_all_caps_legacy,
9820,"KRAMER, P",1,format_all_caps_legacy,
9821,"KRAMM, ER",1,format_all_caps_legacy,
9823,"LEACH, AE",1,format_all_caps_legacy,
9826,"LEVER, TC",1,format_all_caps_legacy,
9828,"LIEN, M",1,format_all_caps_legacy,
9829,"LIMA, MA",1,format_all_caps_legacy,
9831,"LIPPMAN, L",1,format_all_caps_legacy,
9832,"LOONEY, M",1,format_all_caps_legacy,
9834,"LUBIN, AS",1,format_all_caps_legacy,
9835,"LUDLOW, B",1,format_all_caps_legacy,
9837,"MACKEY, JE",1,format_all_caps_legacy,
9840,"MALOOF, GK",1,format_all_caps_legacy,
9841,"MANDERS, HS",1,format_all_caps_legacy,
9842,"MAPSTONE, E",1,format_all_caps_legacy,
9843,"MARCUS, LS",1,format_all_caps_legacy,
9845,"MARLER, DC",1,format_all_caps_legacy,
9847,"MAYFIELD, WG",1,format_all_caps_legacy,
9849,"SCHWARTZ, AH",1,format_all_caps_legacy,
9852,"MCGLYNN, K",1,format_all_caps_legacy,
9853,"FRANCIS, CC",1,format_all_caps_legacy,
9854,"MCMULLEN, S",1,format_all_caps_legacy,
9856,"MEEHAN, L",1,format_all_caps_legacy,
9863,"MORAN, M",1,format_all_caps_legacy,
9864,"MORGAN, RTT",1,format_all_caps_legacy,
9865,"YOUNG, GC",1,format_all_caps_legacy,
9867,"MUELLER, JF",1,format_all_caps_legacy,
9870,"MULLENS, SA",1,format_all_caps_legacy,
9872,"FEILBERT, R",1,format_all_caps_legacy,
9873,"NANN, RC",1,format_all_caps_legacy,
9876,"NELSON, L",1,format_all_caps_legacy,
9877,"NORTON, R",1,format_all_caps_legacy,
9878,"NOVAK, K",1,format_all_caps_legacy,
9879,"OCONNELL, P",1,format_all_caps_legacy,
9880,"OCONNOR, G",1,format_all_caps_legacy,
9881,"ONTELL, R",1,format_all_caps_legacy,
9882,"OVERBECK, A",1,format_all_caps_legacy,
9885,"PARRETTE, BK",1,format_all_caps_legacy,
9886,"PASEWARK, RA",1,format_all_caps_legacy,
9887,"PEAKE, C",1,format_all_caps_legacy,
9888,"PEARCE, DMB",1,format_all_caps_legacy,
9889,"PERCIVAL, ML",1,format_all_caps_legacy,
9892,"PERYER, D",1,format_all_caps_legacy,
9893,"POLK, GA",1,format_all_caps_legacy,
9894,"PONDS, P",1,format_all_caps_legacy,
9895,"PRAGER, AB",1,format_all_caps_legacy,
9896,"PRICHARD, ER",1,format_all_caps_legacy,
9897,"QUIRION, H",1,format_all_caps_legacy,
9898,"RAGAN, CK",1,format_all_caps_legacy,
9900,"REID, JJA",1,format_all_caps_legacy,
9901,"RENGIER, KB",1,format_all_caps_legacy,
9902,"RICE, D",1,format_all_caps_legacy,
9908,"ROBINSON, JN",1,format_all_caps_legacy,
9913,"SCHICK, G",1,format_all_caps_legacy,
9916,"RUPARD, C",1,format_all_caps_legacy,
9918,"SANTIAGO, L",1,format_all_caps_legacy,
9919,"SAWYERS, JA",1,format_all_caps_legacy,
9923,"SEGUIN, MM",1,format_all_caps_legacy,
9927,"SHONICK, H",1,format_all_caps_legacy,
9928,"SHORT, CR",1,format_all_caps_legacy,
9929,"SHORT, MC",1,format_all_caps_legacy,
9930,"SINGER, MJ",1,format_all_caps_legacy,
9932,"SIGWALT, M",1,format_all_caps_legacy,
9934,"SIMMONS, JC",1,format_all_caps_legacy,
9936,"SIMONDS, SP",1,format_all_caps_legacy,
9937,"SINDT, DB",1,format_all_caps_legacy,
9942,"STANHOPE, CH",1,format_all_caps_legacy,
9944,"STEELE, WW",1,format_all_caps_legacy,
9945,"STEWART, JC",1,format_all_caps_legacy,
9950,"TAEBEL, DA",1,format_all_caps_legacy,
9951,"TAGGART, R",1,format_all_caps_legacy,
9952,"TAYLOR, PM",1,format_all_caps_legacy,
9953,"TEICHER, M",1,format_all_caps_legacy,
9955,"TONG, R",1,format_all_caps_legacy,
9957,"VEAGUE, PC",1,format_all_caps_legacy,
9958,"WAITE, MM",1,format_all_caps_legacy,
9962,"WALMSLEY, R",1,format_all_caps_legacy,
9963,"WATTS, F",1,format_all_caps_legacy,
9964,"WECHSLER, BM",1,format_all_caps_legacy,
9965,"WEE, E",1,format_all_caps_legacy,
9969,"WHITE, PA",1,format_all_caps_legacy,
9970,"WIERNASZ, MJ",1,format_all_caps_legacy,
9971,"WILHELM, R",1,format_all_caps_legacy,
9973,"WILKINSON, KP",1,format_all_caps_legacy,
9974,"ROSS, PJ",1,format_all_caps_legacy,
9976,"WILSON, TL",1,format_all_caps_legacy,
9979,"YELLOLY, M",1,format_all_caps_legacy,
9980,"YURMARK, JL",1,format_all_caps_legacy,
9981,"ZEGER, LJ",1,format_all_caps_legacy,
9985,"ALDRICH, A",1,format_all_caps_legacy,
9986,"ALFORD, D",1,format_all_caps_legacy,
9987,"BUNNELL, C",1,format_all_caps_legacy,
9988,"RIOS, J",1,format_all_caps_legacy,
9990,"ALLISON, PK",1,format_all_caps_legacy,
9992,"BANKS, GP",1,format_all_caps_legacy,
9993,"BARKIN, AC",1,format_all_caps_legacy,
9994,"BARRETTE, PA",1,format_all_caps_legacy,
9995,"BARTEE, NC",1,format_all_caps_legacy,
9996,"BATES, D",1,format_all_caps_legacy,
9997,"BERG, SP",1,format_all_caps_legacy,
9998,"BESTWICK, VM",1,format_all_caps_legacy,
9999,"BIRNBERG, CS",1,format_all_caps_legacy,
10000,"BLUMBERG, E",1,format_all_caps_legacy,
10002,"BOHR, RH",1,format_all_caps_legacy,
10003,"BRENNER, HI",1,format_all_caps_legacy,
10004,"KAPLAN, HM",1,format_all_caps_legacy,
10005,"BOJRAB, DM",1,format_all_caps_legacy,
10007,"BOSELLI, M",1,format_all_caps_legacy,
10008,"BRICKSON, PJ",1,format_all_caps_legacy,
10010,"BRUSH, VR",1,format_all_caps_legacy,
10011,"CAMPBELL, DG",1,format_all_caps_legacy,
10015,"CASTOR, J",1,format_all_caps_legacy,
10016,"HUDSON, PS",1,format_all_caps_legacy,
10017,"CHADABE, S",1,format_all_caps_legacy,
10018,"CHITNIS, N",1,format_all_caps_legacy,
10019,"TIGELAAR, G",1,format_all_caps_legacy,
10020,"COHEN, HB",1,format_all_caps_legacy,
10021,"COHEN, L",1,format_all_caps_legacy,
10022,"DYME, R",1,format_all_caps_legacy,
10024,"COMINOS, H",1,format_all_caps_legacy,
10025,"COONLEY, EK",1,format_all_caps_legacy,
10028,"DAVIDSON, RH",1,format_all_caps_legacy,
10030,"DAVIS, HE",1,format_all_caps_legacy,
10031,"DECOSTA, L",1,format_all_caps_legacy,
10032,"DELISO, M",1,format_all_caps_legacy,
10034,"DOHEN, D",1,format_all_caps_legacy,
10035,"DONAHOE, E",1,format_all_caps_legacy,
10037,"ELDER, M",1,format_all_caps_legacy,
10038,"ELLIS, SD",1,format_all_caps_legacy,
10040,"ERLANGER, HS",1,format_all_caps_legacy,
10043,"FOUNTAIN, JR",1,format_all_caps_legacy,
10044,"FRANKE, IF",1,format_all_caps_legacy,
10045,"FRIEND, JL",1,format_all_caps_legacy,
10046,"GERMANS, SD",1,format_all_caps_legacy,
10048,"GILMORE, WP",1,format_all_caps_legacy,
10050,"GLENN, DB",1,format_all_caps_legacy,
10051,"GRUSCHKA, R",1,format_all_caps_legacy,
10056,"GORMAN, I",1,format_all_caps_legacy,
10057,"GOTTLIEB, LJ",1,format_all_caps_legacy,
10058,"GRAHAM, PJ",1,format_all_caps_legacy,
10059,"GREAVES, CH",1,format_all_caps_legacy,
10061,"GUILLOT, EE",1,format_all_caps_legacy,
10062,"HAGAN, JE",1,format_all_caps_legacy,
10063,"HALPERN, KS",1,format_all_caps_legacy,
10067,"HARPER, SS",1,format_all_caps_legacy,
10069,"HAUXWELL, J",1,format_all_caps_legacy,
10071,"HERZOG, JS",1,format_all_caps_legacy,
10076,"HUNTER, RD",1,format_all_caps_legacy,
10078,"KALLEN, DJ",1,format_all_caps_legacy,
10079,"KENT, D",1,format_all_caps_legacy,
10080,"KENWARD, C",1,format_all_caps_legacy,
10082,"KNAPMAN, SE",1,format_all_caps_legacy,
10084,"KOGAN, M",1,format_all_caps_legacy,
10086,"KREBS, M",1,format_all_caps_legacy,
10087,"LACKA, Y",1,format_all_caps_legacy,
10089,"LEMON, JP",1,format_all_caps_legacy,
10091,"LEVIN, LI",1,format_all_caps_legacy,
10097,"LOWE, JR",1,format_all_caps_legacy,
10101,"LYON, NE",1,format_all_caps_legacy,
10102,"CONVERSE, CL",1,format_all_caps_legacy,
10103,"MABEE, MS",1,format_all_caps_legacy,
10104,"MACKS, VW",1,format_all_caps_legacy,
10105,"MAHONEY, JA",1,format_all_caps_legacy,
10106,"MAIN, M",1,format_all_caps_legacy,
10107,"MARTIN, CA",1,format_all_caps_legacy,
10108,"MARZIALI, EA",1,format_all_caps_legacy,
10111,"MASCARI, M",1,format_all_caps_legacy,
10112,"MEYER, LA",1,format_all_caps_legacy,
10113,"MITCHELL, B",1,format_all_caps_legacy,
10114,"MOLES, OC",1,format_all_caps_legacy,
10115,"MORAN, RE",1,format_all_caps_legacy,
10116,"NASH, LL",1,format_all_caps_legacy,
10118,"NELSON, NI",1,format_all_caps_legacy,
10119,"NEWMAN, JF",1,format_all_caps_legacy,
10122,"OSTIS, CS",1,format_all_caps_legacy,
10123,"PAPADEMETRIOU, M",1,format_all_caps_legacy,
10124,"PARADISE, DM",1,format_all_caps_legacy,
10125,"PARHAM, BB",1,format_all_caps_legacy,
10126,"PARRY, NL",1,format_all_caps_legacy,
10127,"PARVIS, RJ",1,format_all_caps_legacy,
10131,"PIERS, MW",1,format_all_caps_legacy,
10135,"QUINN, JV",1,format_all_caps_legacy,
10136,"RAMOS, J",1,format_all_caps_legacy,
10138,"REISFELD, L",1,format_all_caps_legacy,
10139,"ROBERTS, WS",1,format_all_caps_legacy,
10146,"SAUCIER, A",1,format_all_caps_legacy,
10147,"SCHEIER, JA",1,format_all_caps_legacy,
10148,"SCHLAPPI, JE",1,format_all_caps_legacy,
10150,"FINE, EW",1,format_all_caps_legacy,
10151,"SETH, VM",1,format_all_caps_legacy,
10152,"SHAFFER, A",1,format_all_caps_legacy,
10153,"SHEA, JG",1,format_all_caps_legacy,
10154,"SHIELDS, AP",1,format_all_caps_legacy,
10155,"SPIRO, FD",1,format_all_caps_legacy,
10156,"SHLONSKY, HR",1,format_all_caps_legacy,
10157,"SILCOTT, EJ",1,format_all_caps_legacy,
10158,"SILVERMAN, HA",1,format_all_caps_legacy,
10160,"SKOTT, H",1,format_all_caps_legacy,
10162,"RUSSELL, T",1,format_all_caps_legacy,
10164,"SNELL, SC",1,format_all_caps_legacy,
10167,"SPITZER, SP",1,format_all_caps_legacy,
10168,"MORGAN, PA",1,format_all_caps_legacy,
10169,"SWANSON, RM",1,format_all_caps_legacy,
10170,"STEIDL, LE",1,format_all_caps_legacy,
10171,"STEIDL, JH",1,format_all_caps_legacy,
10172,"STEVENS, B",1,format_all_caps_legacy,
10174,"SUSSMAN, A",1,format_all_caps_legacy,
10175,"SWAGERTY, EL",1,format_all_caps_legacy,
10176,"TAIT, JS",1,format_all_caps_legacy,
10177,"TAYLOR, NJ",1,format_all_caps_legacy,
10178,"TEAGUE, D",1,format_all_caps_legacy,
10179,"THOMPSON, PJ",1,format_all_caps_legacy,
10180,"THURSTON, GM",1,format_all_caps_legacy,
10182,"TOOL, LB",1,format_all_caps_legacy,
10185,"GOSS, MEW",1,format_all_caps_legacy,
10187,"VANN, J",1,format_all_caps_legacy,
10188,"VANTIL, J",1,format_all_caps_legacy,
10192,"WELLS, SB",1,format_all_caps_legacy,
10194,"WILCOX, P",1,format_all_caps_legacy,
10195,"WILKINS, WT",1,format_all_caps_legacy,
10196,"WILLIAMS, EL",1,format_all_caps_legacy,
10199,"WITCOMB, N",1,format_all_caps_legacy,
10200,"WITTES, G",1,format_all_caps_legacy,
10201,"WONG, VWW",1,format_all_caps_legacy,
10202,"WOODES, P",1,format_all_caps_legacy,
10204,"WURZ, EM",1,format_all_caps_legacy,
10205,"YAGODKA, SJ",1,format_all_caps_legacy,
10209,"ARNOLD, S",1,format_all_caps_legacy,
10210,"AUSTIN, A",1,format_all_caps_legacy,
10211,"BAKER, N",1,format_all_caps_legacy,
10212,"BARD, M",1,format_all_caps_legacy,
10213,"BAUMSTEIN, DS",1,format_all_caps_legacy,
10216,"BLAKLEY, RE",1,format_all_caps_legacy,
10219,"BONNEY, NL",1,format_all_caps_legacy,
10220,"STREICHER, LH",1,format_all_caps_legacy,
10221,"BRENNAN, WC",1,format_all_caps_legacy,
10222,"BROWN, MJ",1,format_all_caps_legacy,
10225,"KOLESKI, RA",1,format_all_caps_legacy,
10226,"CHRIST, J",1,format_all_caps_legacy,
10227,"CUMMING, E",1,format_all_caps_legacy,
10228,"DARDEN, M",1,format_all_caps_legacy,
10229,"DEASY, LC",1,format_all_caps_legacy,
10231,"DIETMANN, J",1,format_all_caps_legacy,
10233,"EPSTEIN, CF",1,format_all_caps_legacy,
10234,"FEIDEN, ES",1,format_all_caps_legacy,
10235,"FONTANE, A",1,format_all_caps_legacy,
10236,"FRANK, R",1,format_all_caps_legacy,
10237,"FRANKLIN, JH",1,format_all_caps_legacy,
10239,"THELEN, G",1,format_all_caps_legacy,
10241,"GEIGER, HK",1,format_all_caps_legacy,
10242,"LEFTON, M",1,format_all_caps_legacy,
10246,"GREEN, PS",1,format_all_caps_legacy,
10248,"GUILFORD, EW",1,format_all_caps_legacy,
10249,"HALE, NG",1,format_all_caps_legacy,
10252,"HEGRENES, JR",1,format_all_caps_legacy,
10253,"HOFFER, JR",1,format_all_caps_legacy,
10256,"HUDSON, W",1,format_all_caps_legacy,
10257,"JOHNSON, LA",1,format_all_caps_legacy,
10260,"KILLIAN, EC",1,format_all_caps_legacy,
10261,"KLINE, HK",1,format_all_caps_legacy,
10262,"KOGUT, AB",1,format_all_caps_legacy,
10264,"LAMBERT, LR",1,format_all_caps_legacy,
10267,"LEVI, EG",1,format_all_caps_legacy,
10268,"LEVI, JH",1,format_all_caps_legacy,
10270,"LIDDY, LV",1,format_all_caps_legacy,
10272,"MCKINLEY, H",1,format_all_caps_legacy,
10273,"MENDELSOHN, RS",1,format_all_caps_legacy,
10275,"MICHENER, CW",1,format_all_caps_legacy,
10278,"MORAN, AF",1,format_all_caps_legacy,
10279,"MORROW, WR",1,format_all_caps_legacy,
10281,"NILSSON, GL",1,format_all_caps_legacy,
10284,"PAIGE, PE",1,format_all_caps_legacy,
10285,"MIYA, K",1,format_all_caps_legacy,
10286,"SHERMAN, G",1,format_all_caps_legacy,
10288,"PIERRE, CAS",1,format_all_caps_legacy,
10291,"POWELL, P",1,format_all_caps_legacy,
10292,"PRATT, L",1,format_all_caps_legacy,
10293,"SAMARAWEERA, AB",1,format_all_caps_legacy,
10295,"SENZEL, B",1,format_all_caps_legacy,
10296,"SESSION, RA",1,format_all_caps_legacy,
10300,"SMITH, B",1,format_all_caps_legacy,
10302,"STREET, L",1,format_all_caps_legacy,
10304,"TARAIL, M",1,format_all_caps_legacy,
10305,"TAYLOR, JL",1,format_all_caps_legacy,
10306,"TAYLOR, WW",1,format_all_caps_legacy,
10308,"VAIL, S",1,format_all_caps_legacy,
10314,"WHEELER, M",1,format_all_caps_legacy,
10316,"WILLIAMS, RB",1,format_all_caps_legacy,
10317,"AAKER, GA",1,format_all_caps_legacy,
10318,"AHRENS, RJ",1,format_all_caps_legacy,
10319,"ALDOUS, J",1,format_all_caps_legacy,
10321,"AVALLONE, S",1,format_all_caps_legacy,
10323,"BACK, EB",1,format_all_caps_legacy,
10325,"BARKER, RL",1,format_all_caps_legacy,
10326,"BARNEIS, R",1,format_all_caps_legacy,
10327,"BARSKY, AJ",1,format_all_caps_legacy,
10329,"BERGUM, KH",1,format_all_caps_legacy,
10331,"BIGLEY, RJ",1,format_all_caps_legacy,
10334,"JORRIN, V",1,format_all_caps_legacy,
10335,"BUTTRICK, S",1,format_all_caps_legacy,
10336,"CAHN, S",1,format_all_caps_legacy,
10338,"CUDABACK, D",1,format_all_caps_legacy,
10340,"BOTWINIK, W",1,format_all_caps_legacy,
10341,"DOLSON, J",1,format_all_caps_legacy,
10342,"WEICKERT, AA",1,format_all_caps_legacy,
10344,"DEFATO, L",1,format_all_caps_legacy,
10345,"DEJONGH, JF",1,format_all_caps_legacy,
10347,"ELIOT, TD",1,format_all_caps_legacy,
10348,"FAIRCHILD, PS",1,format_all_caps_legacy,
10350,"LANGSLEY, DG",1,format_all_caps_legacy,
10351,"FOX, EF",1,format_all_caps_legacy,
10352,"NELSON, MA",1,format_all_caps_legacy,
10353,"BOLMAN, WM",1,format_all_caps_legacy,
10354,"FRALEY, YL",1,format_all_caps_legacy,
10355,"FROSS, RR",1,format_all_caps_legacy,
10356,"GARMEZY, E",1,format_all_caps_legacy,
10358,"GIORDANO, JL",1,format_all_caps_legacy,
10359,"GIORDANO, G",1,format_all_caps_legacy,
10361,"GOLDBERG, MB",1,format_all_caps_legacy,
10365,"HOLLINGSWORTH, EJ",1,format_all_caps_legacy,
10367,"JACKSON, WS",1,format_all_caps_legacy,
10368,"JOHNSON, JD",1,format_all_caps_legacy,
10370,"LANSBURGH, TW",1,format_all_caps_legacy,
10371,"LARSEN, CE",1,format_all_caps_legacy,
10373,"SCHILD, J",1,format_all_caps_legacy,
10375,"MACNAMARA, M",1,format_all_caps_legacy,
10378,"METZ, MW",1,format_all_caps_legacy,
10379,"MIRINGOFF, M",1,format_all_caps_legacy,
10383,"PRESSMA, D",1,format_all_caps_legacy,
10384,"RAY, AK",1,format_all_caps_legacy,
10385,"RAYNOR, L",1,format_all_caps_legacy,
10386,"SHAPIRO, BL",1,format_all_caps_legacy,
10388,"ROBBINS, IS",1,format_all_caps_legacy,
10389,"ROEMELE, V",1,format_all_caps_legacy,
10391,"ROSENFELD, HM",1,format_all_caps_legacy,
10394,"SANTO, P",1,format_all_caps_legacy,
10395,"SAUNDERS, MS",1,format_all_caps_legacy,
10397,"SCHENCK, ML",1,format_all_caps_legacy,
10399,"SCHMIDT, JT",1,format_all_caps_legacy,
10400,"SCHREIBER, SC",1,format_all_caps_legacy,
10401,"SCHWINGHAMMER, RE",1,format_all_caps_legacy,
10403,"SHALINSKY, W",1,format_all_caps_legacy,
10404,"SHATTUCK, GM",1,format_all_caps_legacy,
10405,"SHERESHEFSKY, PM",1,format_all_caps_legacy,
10406,"SIGNELL, KA",1,format_all_caps_legacy,
10407,"SINGER, PR",1,format_all_caps_legacy,
10410,"THROPE, E",1,format_all_caps_legacy,
10412,"TUCKER, DH",1,format_all_caps_legacy,
10413,"WEINBERGER, R",1,format_all_caps_legacy,
10416,"WOODBERRY, MF",1,format_all_caps_legacy,
10421,"ANDERSON, JB",1,format_all_caps_legacy,
10422,"ARTHUR, G",1,format_all_caps_legacy,
10423,"ELLSWORTH, RB",1,format_all_caps_legacy,
10424,"KROEKER, D",1,format_all_caps_legacy,
10426,"BAKAL, Y",1,format_all_caps_legacy,
10427,"MADAUS, W",1,format_all_caps_legacy,
10428,"WINDER, AE",1,format_all_caps_legacy,
10430,"KURTAGH, E",1,format_all_caps_legacy,
10431,"BIBB, M",1,format_all_caps_legacy,
10432,"BLOCH, J",1,format_all_caps_legacy,
10433,"BLOCH, JB",1,format_all_caps_legacy,
10434,"BLUMENKRANTZ, D",1,format_all_caps_legacy,
10435,"BONEM, G",1,format_all_caps_legacy,
10436,"RENO, P",1,format_all_caps_legacy,
10439,"BUCHANAN, D",1,format_all_caps_legacy,
10443,"COSTELLO, HJ",1,format_all_caps_legacy,
10444,"CUTT, J",1,format_all_caps_legacy,
10445,"DILLON, CL",1,format_all_caps_legacy,
10446,"DIMOPOULOU, M",1,format_all_caps_legacy,
10447,"DORFMAN, A",1,format_all_caps_legacy,
10449,"EGGLESTON, SF",1,format_all_caps_legacy,
10451,"EMPEY, LT",1,format_all_caps_legacy,
10452,"SLAVIN, D",1,format_all_caps_legacy,
10453,"LITWAK, E",1,format_all_caps_legacy,
10455,"FOSTER, VC",1,format_all_caps_legacy,
10456,"FRANKS, VL",1,format_all_caps_legacy,
10457,"GILBERT, CE",1,format_all_caps_legacy,
10458,"HANKOFF, LD",1,format_all_caps_legacy,
10459,"GALVIN, JW",1,format_all_caps_legacy,
10460,"HILLSTROM, MP",1,format_all_caps_legacy,
10462,"HOULIHAN, MF",1,format_all_caps_legacy,
10463,"KAPLAN, J",1,format_all_caps_legacy,
10464,"KAPLAN, SM",1,format_all_caps_legacy,
10466,"KELMAN, RB",1,format_all_caps_legacy,
10468,"KOENIG, RR",1,format_all_caps_legacy,
10469,"KREECH, F",1,format_all_caps_legacy,
10471,"LEVINE, AS",1,format_all_caps_legacy,
10472,"LOEB, A",1,format_all_caps_legacy,
10473,"MACDONALD, JM",1,format_all_caps_legacy,
10475,"GOULD, RE",1,format_all_caps_legacy,
10476,"FITZPATRICK, JP",1,format_all_caps_legacy,
10478,"MCCARTNEY, KH",1,format_all_caps_legacy,
10479,"NADELMAN, E",1,format_all_caps_legacy,
10482,"SILBERG, SL",1,format_all_caps_legacy,
10483,"PARRISH, HM",1,format_all_caps_legacy,
10487,"DINWOODIE, A",1,format_all_caps_legacy,
10488,"PREININGER, DR",1,format_all_caps_legacy,
10489,"DELROSARIO, ML",1,format_all_caps_legacy,
10490,"GOLDBAUM, RI",1,format_all_caps_legacy,
10493,"REST, W",1,format_all_caps_legacy,
10495,"ROBINSON, HM",1,format_all_caps_legacy,
10496,"RUBIN, J",1,format_all_caps_legacy,
10498,"SHAW, R",1,format_all_caps_legacy,
10499,"SENF, R",1,format_all_caps_legacy,
10502,"SIMMONS, ML",1,format_all_caps_legacy,
10504,"STONE, AR",1,format_all_caps_legacy,
10505,"SHAPIRO, E",1,format_all_caps_legacy,
10507,"SWINDALL, BE",1,format_all_caps_legacy,
10508,"SZUREK, SA",1,format_all_caps_legacy,
10509,"THOMAS, RC",1,format_all_caps_legacy,
10510,"TOBIN, MD",1,format_all_caps_legacy,
10511,"TOLL, K",1,format_all_caps_legacy,
10513,"WACHTEL, DD",1,format_all_caps_legacy,
10514,"WALLACE, AM",1,format_all_caps_legacy,
10516,"HEIFETZ, H",1,format_all_caps_legacy,
10518,"ZANGER, A",1,format_all_caps_legacy,
10520,"KLEIDMAN, S",1,format_all_caps_legacy,
10521,"APTEKAR, H",1,format_all_caps_legacy,
10522,"ARONSON, SH",1,format_all_caps_legacy,
10523,"SHERWOOD, CC",1,format_all_caps_legacy,
10525,"BARBARO, JS",1,format_all_caps_legacy,
10527,"BERG, P",1,format_all_caps_legacy,
10528,"BLACKEY, EA",1,format_all_caps_legacy,
10529,"BLANCHARD, M",1,format_all_caps_legacy,
10530,"BLOEDOW, GA",1,format_all_caps_legacy,
10531,"BOULDING, KE",1,format_all_caps_legacy,
10533,"BOYSAW, H",1,format_all_caps_legacy,
10534,"BRANDRETH, A",1,format_all_caps_legacy,
10535,"PIKE, R",1,format_all_caps_legacy,
10537,"BROTMAN, R",1,format_all_caps_legacy,
10538,"LIVENSTEIN, MA",1,format_all_caps_legacy,
10540,"CHAKERIAN, C",1,format_all_caps_legacy,
10543,"JANOWICZ, RA",1,format_all_caps_legacy,
10544,"HARRISON, RW",1,format_all_caps_legacy,
10545,"COMFORT, A",1,format_all_caps_legacy,
10546,"CURRIN, MA",1,format_all_caps_legacy,
10547,"DEBARDELEBEN, H",1,format_all_caps_legacy,
10548,"DODSON, JH",1,format_all_caps_legacy,
10549,"DUBOIS, DM",1,format_all_caps_legacy,
10550,"ELKISCH, M",1,format_all_caps_legacy,
10551,"FITCH, AV",1,format_all_caps_legacy,
10552,"SHIFFMAN, R",1,format_all_caps_legacy,
10553,"GERSTEL, E",1,format_all_caps_legacy,
10554,"GOLDMARK, B",1,format_all_caps_legacy,
10555,"GOLDSTEIN, AS",1,format_all_caps_legacy,
10560,"HEYMAN, DJ",1,format_all_caps_legacy,
10561,"HORMUTH, RP",1,format_all_caps_legacy,
10562,"HOROWITZ, G",1,format_all_caps_legacy,
10565,"KAHN, RL",1,format_all_caps_legacy,
10566,"KAVAZANJIAN, T",1,format_all_caps_legacy,
10567,"KELLNER, J",1,format_all_caps_legacy,
10568,"TADROS, CD",1,format_all_caps_legacy,
10569,"KESSEL, RW",1,format_all_caps_legacy,
10571,"KNEEBONE, RE",1,format_all_caps_legacy,
10574,"DENTON, C",1,format_all_caps_legacy,
10575,"LANSDALE, RT",1,format_all_caps_legacy,
10576,"LEVINE, DN",1,format_all_caps_legacy,
10578,"LIQUORI, J",1,format_all_caps_legacy,
10580,"AKBAR, A",1,format_all_caps_legacy,
10581,"KULKARNI, DV",1,format_all_caps_legacy,
10582,"WERTHEIMER, M",1,format_all_caps_legacy,
10583,"MALICH, M",1,format_all_caps_legacy,
10584,"MARCINIAK, E",1,format_all_caps_legacy,
10586,"MCENTIRE, D",1,format_all_caps_legacy,
10587,"HAWORTH, J",1,format_all_caps_legacy,
10588,"MCKAY, HD",1,format_all_caps_legacy,
10589,"MEEKS, DE",1,format_all_caps_legacy,
10591,"BLANC, E",1,format_all_caps_legacy,
10592,"ASHMORE, DL",1,format_all_caps_legacy,
10593,"MORGAN, M",1,format_all_caps_legacy,
10594,"GOODGLASS, H",1,format_all_caps_legacy,
10595,"FOLSOM, A",1,format_all_caps_legacy,
10596,"QUADFASEL, FA",1,format_all_caps_legacy,
10597,"MURPHY, J",1,format_all_caps_legacy,
10598,"NOLFI, MW",1,format_all_caps_legacy,
10600,"OLSEN, KM",1,format_all_caps_legacy,
10601,"OLSEN, ME",1,format_all_caps_legacy,
10604,"PHILIPS, WC",1,format_all_caps_legacy,
10605,"PLAUT, TFA",1,format_all_caps_legacy,
10608,"PROSSER, DL",1,format_all_caps_legacy,
10613,"SATIR, VM",1,format_all_caps_legacy,
10615,"SHAW, DA",1,format_all_caps_legacy,
10616,"SCHWARTZ, JL",1,format_all_caps_legacy,
10617,"CHERNIN, M",1,format_all_caps_legacy,
10618,"SELBY, ML",1,format_all_caps_legacy,
10620,"SHUFORD, GW",1,format_all_caps_legacy,
10622,"SMITH, E",1,format_all_caps_legacy,
10623,"ALLGEYER, J",1,format_all_caps_legacy,
10627,"WALKINGSTICK, HC",1,format_all_caps_legacy,
10628,"WALLACE, D",1,format_all_caps_legacy,
10629,"WALLACH, LB",1,format_all_caps_legacy,
10632,"WEISBERGER, EB",1,format_all_caps_legacy,
10637,"YOUNGHUSBAND, E",1,format_all_caps_legacy,
10638,"ADAMS, WT",1,format_all_caps_legacy,
10640,"AMDUR, RS",1,format_all_caps_legacy,
10641,"APTHEKER, H",1,format_all_caps_legacy,
10642,"WEINBERG, D",1,format_all_caps_legacy,
10643,"ARONSON, H",1,format_all_caps_legacy,
10644,"OVERALL, B",1,format_all_caps_legacy,
10647,"BARKIN, S",1,format_all_caps_legacy,
10648,"BENNER, PV",1,format_all_caps_legacy,
10651,"BERNSTEIN, B",1,format_all_caps_legacy,
10654,"BUSSELL, RE",1,format_all_caps_legacy,
10655,"CAMPBELL, AA",1,format_all_caps_legacy,
10656,"CARDUCCI, JB",1,format_all_caps_legacy,
10657,"CHAMPA, E",1,format_all_caps_legacy,
10658,"TREMBLY, G",1,format_all_caps_legacy,
10659,"HASKELL, W",1,format_all_caps_legacy,
10660,"PRIVATERA, MA",1,format_all_caps_legacy,
10661,"COLWELL, K",1,format_all_caps_legacy,
10662,"COMESS, LJ",1,format_all_caps_legacy,
10663,"OREILLY, PJ",1,format_all_caps_legacy,
10664,"CONNER, GL",1,format_all_caps_legacy,
10667,"FERTIG, RD",1,format_all_caps_legacy,
10671,"FURIE, S",1,format_all_caps_legacy,
10672,"GELLMAN, IP",1,format_all_caps_legacy,
10673,"GERDAU, JR",1,format_all_caps_legacy,
10674,"GINSBURG, BE",1,format_all_caps_legacy,
10675,"GLASER, D",1,format_all_caps_legacy,
10676,"GOCHROS, JS",1,format_all_caps_legacy,
10677,"GOVAN, E",1,format_all_caps_legacy,
10679,"GREEN, AD",1,format_all_caps_legacy,
10680,"HALPERIN, HB",1,format_all_caps_legacy,
10681,"HANSAN, JE",1,format_all_caps_legacy,
10682,"HARRIS, ET",1,format_all_caps_legacy,
10683,"HARVEY, RD",1,format_all_caps_legacy,
10684,"HEALD, HT",1,format_all_caps_legacy,
10685,"HEIDEMAN, WA",1,format_all_caps_legacy,
10687,"HIRSCH, RB",1,format_all_caps_legacy,
10688,"HOSELITZ, BF",1,format_all_caps_legacy,
10691,"KALVEN, H",1,format_all_caps_legacy,
10692,"KAPILOFF, H",1,format_all_caps_legacy,
10698,"LENTZ, WP",1,format_all_caps_legacy,
10699,"LEONARD, F",1,format_all_caps_legacy,
10701,"SCHILLER, J",1,format_all_caps_legacy,
10702,"LYNES, T",1,format_all_caps_legacy,
10704,"MACKELMANN, DE",1,format_all_caps_legacy,
10705,"MAHONEY, SC",1,format_all_caps_legacy,
10706,"MANDEL, A",1,format_all_caps_legacy,
10711,"WIESENFELD, SM",1,format_all_caps_legacy,
10712,"MILLER, SM",1,format_all_caps_legacy,
10714,"MORGAN, C",1,format_all_caps_legacy,
10715,"BINSTOCK, RH",1,format_all_caps_legacy,
10718,"NICOL, MS",1,format_all_caps_legacy,
10719,"OCONNOR, CD",1,format_all_caps_legacy,
10720,"OREILLY, C",1,format_all_caps_legacy,
10722,"EVANS, BW",1,format_all_caps_legacy,
10725,"PIVEN, F",1,format_all_caps_legacy,
10726,"PROBSTEIN, I",1,format_all_caps_legacy,
10729,"RIE, HE",1,format_all_caps_legacy,
10730,"RIEFF, P",1,format_all_caps_legacy,
10732,"ROSSBACH, SG",1,format_all_caps_legacy,
10733,"RUBIN, T",1,format_all_caps_legacy,
10734,"RUBINOFF, L",1,format_all_caps_legacy,
10735,"SABSHIN, M",1,format_all_caps_legacy,
10736,"SCHLESINGER, A",1,format_all_caps_legacy,
10738,"SCHULTZ, AL",1,format_all_caps_legacy,
10740,"SCHWARTZ, AJ",1,format_all_caps_legacy,
10741,"SHOSTAK, AB",1,format_all_caps_legacy,
10742,"SILVERSTEIN, L",1,format_all_caps_legacy,
10743,"SIMS, VC",1,format_all_caps_legacy,
10744,"SPEAR, A",1,format_all_caps_legacy,
10745,"SPENCER, D",1,format_all_caps_legacy,
10746,"STIMPERT, WE",1,format_all_caps_legacy,
10747,"SINNETT, ER",1,format_all_caps_legacy,
10748,"WILKINS, DM",1,format_all_caps_legacy,
10749,"STONE, ND",1,format_all_caps_legacy,
10750,"SULLIVAN, EPJ",1,format_all_caps_legacy,
10751,"TAEUBER, AF",1,format_all_caps_legacy,
10752,"TENNANT, V",1,format_all_caps_legacy,
10755,"TOWEY, MR",1,format_all_caps_legacy,
10756,"SEARS, SW",1,format_all_caps_legacy,
10757,"WILLIAMS, JA",1,format_all_caps_legacy,
10758,"WATERMAN, KS",1,format_all_caps_legacy,
10759,"WATSON, AS",1,format_all_caps_legacy,
10761,"WEISDORF, PS",1,format_all_caps_legacy,
10762,"WERTZ, OT",1,format_all_caps_legacy,
10763,"OPPENHEIMER, S",1,format_all_caps_legacy,
10766,"WOLKON, GH",1,format_all_caps_legacy,
10767,"TANAKA, HT",1,format_all_caps_legacy,
10768,"ZUKERMAN, JT",1,format_all_caps_legacy,
10770,"LAATSCH, A",1,format_all_caps_legacy,
10771,"AVES, GM",1,format_all_caps_legacy,
10773,"BAITTLE, B",1,format_all_caps_legacy,
10775,"BEKER, J",1,format_all_caps_legacy,
10776,"BELL, RR",1,format_all_caps_legacy,
10777,"BENNETT, LL",1,format_all_caps_legacy,
10780,"BERRY, EC",1,format_all_caps_legacy,
10781,"BIASCO, F",1,format_all_caps_legacy,
10782,"BILLINGSLEY, AT",1,format_all_caps_legacy,
10784,"BRAUER, JC",1,format_all_caps_legacy,
10785,"BRETT, DI",1,format_all_caps_legacy,
10786,"BRIGG, EH",1,format_all_caps_legacy,
10788,"CONNER, RE",1,format_all_caps_legacy,
10789,"CRAIG, MM",1,format_all_caps_legacy,
10790,"FURST, PW",1,format_all_caps_legacy,
10792,"DAY, HM",1,format_all_caps_legacy,
10793,"DINCIN, J",1,format_all_caps_legacy,
10794,"EDELSON, SE",1,format_all_caps_legacy,
10795,"EYNON, TG",1,format_all_caps_legacy,
10796,"SIMPSON, JE",1,format_all_caps_legacy,
10797,"FOSTER, ZPL",1,format_all_caps_legacy,
10799,"FREEMAN, DR",1,format_all_caps_legacy,
10803,"GORDON, S",1,format_all_caps_legacy,
10804,"HAYES, DD",1,format_all_caps_legacy,
10805,"HENTOFF, N",1,format_all_caps_legacy,
10807,"HUNTER, G",1,format_all_caps_legacy,
10809,"JAQUA, E",1,format_all_caps_legacy,
10810,"JORDAN, H",1,format_all_caps_legacy,
10811,"JOYCE, JW",1,format_all_caps_legacy,
10812,"KAMAIKO, J",1,format_all_caps_legacy,
10813,"KELLEY, FE",1,format_all_caps_legacy,
10815,"SNYDER, N",1,format_all_caps_legacy,
10816,"KLUGMAN, DJ",1,format_all_caps_legacy,
10817,"LITMAN, RE",1,format_all_caps_legacy,
10818,"WOLD, CI",1,format_all_caps_legacy,
10820,"KUSHNER, S",1,format_all_caps_legacy,
10821,"LACOMMARE, PC",1,format_all_caps_legacy,
10822,"LAYCOCK, JE",1,format_all_caps_legacy,
10823,"LEE, RJ",1,format_all_caps_legacy,
10825,"MARCH, MS",1,format_all_caps_legacy,
10826,"BERWALD, CD",1,format_all_caps_legacy,
10827,"MCDOWELL, R",1,format_all_caps_legacy,
10831,"MUELLER, EE",1,format_all_caps_legacy,
10832,"MURPHY, PJ",1,format_all_caps_legacy,
10833,"NASH, WW",1,format_all_caps_legacy,
10834,"NEWMAN, DL",1,format_all_caps_legacy,
10835,"OBENHAUS, MP",1,format_all_caps_legacy,
10838,"DURHAM, D",1,format_all_caps_legacy,
10839,"PETERSON, JA",1,format_all_caps_legacy,
10840,"PHILLIPS, HU",1,format_all_caps_legacy,
10841,"PIERSON, AM",1,format_all_caps_legacy,
10843,"REYNOLDS, HW",1,format_all_caps_legacy,
10844,"ROSTOV, BW",1,format_all_caps_legacy,
10846,"WALKER, E",1,format_all_caps_legacy,
10848,"SEIDEN, RH",1,format_all_caps_legacy,
10849,"SELLER, S",1,format_all_caps_legacy,
10851,"MURRAY, RC",1,format_all_caps_legacy,
10852,"SMITH, IW",1,format_all_caps_legacy,
10853,"LOEB, D",1,format_all_caps_legacy,
10854,"STEVENSON, M",1,format_all_caps_legacy,
10855,"STOTT, DH",1,format_all_caps_legacy,
10856,"THEOBALD, R",1,format_all_caps_legacy,
10859,"WADE, LC",1,format_all_caps_legacy,
10861,"WELLMAN, M",1,format_all_caps_legacy,
10862,"WHITE, JA",1,format_all_caps_legacy,
10865,"WRIGHT, SB",1,format_all_caps_legacy,
10866,"YAILLEN, E",1,format_all_caps_legacy,
10867,"YOUNG, RE",1,format_all_caps_legacy,
10869,"ZUCKER, M",1,format_all_caps_legacy,
10870,"ADAMSON, WC",1,format_all_caps_legacy,
10871,"OHRENSTEIN, DF",1,format_all_caps_legacy,
10872,"LAKE, D",1,format_all_caps_legacy,
10873,"ALLEN, EW",1,format_all_caps_legacy,
10874,"BAUER, FF",1,format_all_caps_legacy,
10875,"DAILEY, A",1,format_all_caps_legacy,
10876,"BELLSMITH, V",1,format_all_caps_legacy,
10877,"BOYVEY, R",1,format_all_caps_legacy,
10878,"BRODSKY, CM",1,format_all_caps_legacy,
10879,"FISCHER, A",1,format_all_caps_legacy,
10880,"WEINSTEIN, MR",1,format_all_caps_legacy,
10881,"BROGDEN, MS",1,format_all_caps_legacy,
10882,"DINEEN, F",1,format_all_caps_legacy,
10883,"CAHN, J",1,format_all_caps_legacy,
10884,"CHARNLEY, J",1,format_all_caps_legacy,
10886,"CLEMMER, D",1,format_all_caps_legacy,
10890,"DOLAN, DL",1,format_all_caps_legacy,
10891,"ELDER, W",1,format_all_caps_legacy,
10892,"ELIASOPH, EL",1,format_all_caps_legacy,
10895,"FENNESSEY, R",1,format_all_caps_legacy,
10897,"FUTTERMAN, EH",1,format_all_caps_legacy,
10898,"GANS, HJ",1,format_all_caps_legacy,
10899,"GANTER, G",1,format_all_caps_legacy,
10901,"HARRIS, FW",1,format_all_caps_legacy,
10905,"HOYT, ND",1,format_all_caps_legacy,
10906,"JACOBS, JD",1,format_all_caps_legacy,
10908,"KASPROWICZ, AL",1,format_all_caps_legacy,
10910,"KEMBLE, LN",1,format_all_caps_legacy,
10913,"GUBERMAN, M",1,format_all_caps_legacy,
10915,"LEBEAUX, CN",1,format_all_caps_legacy,
10916,"LEE, JH",1,format_all_caps_legacy,
10917,"LEIK, RK",1,format_all_caps_legacy,
10919,"LUKES, JC",1,format_all_caps_legacy,
10920,"FERGUSON, MF",1,format_all_caps_legacy,
10921,"MCCONNELL, G",1,format_all_caps_legacy,
10922,"MCNEIL, CF",1,format_all_caps_legacy,
10923,"MEHLING, GM",1,format_all_caps_legacy,
10925,"METZ, M",1,format_all_caps_legacy,
10927,"MINTER, EM",1,format_all_caps_legacy,
10928,"MOST, E",1,format_all_caps_legacy,
10929,"MULLER, K",1,format_all_caps_legacy,
10930,"NIEBUHR, H",1,format_all_caps_legacy,
10931,"NIEMEYER, HG",1,format_all_caps_legacy,
10932,"RAMSEY, GV",1,format_all_caps_legacy,
10935,"RICHMAN, H",1,format_all_caps_legacy,
10937,"RUBEL, DL",1,format_all_caps_legacy,
10941,"BURKHARDT, WR",1,format_all_caps_legacy,
10944,"SHAMES, M",1,format_all_caps_legacy,
10945,"SHOTLAND, L",1,format_all_caps_legacy,
10946,"STEVENS, TC",1,format_all_caps_legacy,
10948,"STROZIER, M",1,format_all_caps_legacy,
10949,"STUART, R",1,format_all_caps_legacy,
10950,"TEAGUE, B",1,format_all_caps_legacy,
10951,"TEITELBAUM, MD",1,format_all_caps_legacy,
10952,"THORNE, JJ",1,format_all_caps_legacy,
10953,"THORNE, GL",1,format_all_caps_legacy,
10954,"BATEMAN, R",1,format_all_caps_legacy,
10955,"TRAUGER, DA",1,format_all_caps_legacy,
10956,"VINIK, A",1,format_all_caps_legacy,
10957,"WATTS, PA",1,format_all_caps_legacy,
10959,"WHEELER, RE",1,format_all_caps_legacy,
10960,"WICKWAR, H",1,format_all_caps_legacy,
10961,"WILLIAMS, RM",1,format_all_caps_legacy,
10964,"CUTLER, R",1,format_all_caps_legacy,
10965,"RUE, R",1,format_all_caps_legacy,
10966,"FREEDMAN, AM",1,format_all_caps_legacy,
10968,"ALTENBERG, HE",1,format_all_caps_legacy,
10972,"BREEN, ML",1,format_all_caps_legacy,
10973,"BROWN, MA",1,format_all_caps_legacy,
10974,"BRUECKNER, WH",1,format_all_caps_legacy,
10978,"COHEN, ES",1,format_all_caps_legacy,
10981,"COX, RD",1,format_all_caps_legacy,
10982,"CRANEFIELD, E",1,format_all_caps_legacy,
10985,"DONNELLY, RB",1,format_all_caps_legacy,
10988,"FERRARI, NA",1,format_all_caps_legacy,
10989,"FERRIS, FJ",1,format_all_caps_legacy,
10991,"FORER, LG",1,format_all_caps_legacy,
10993,"FRICKE, A",1,format_all_caps_legacy,
10994,"GABELL, MP",1,format_all_caps_legacy,
10995,"GABOWER, G",1,format_all_caps_legacy,
10996,"GAIRING, CW",1,format_all_caps_legacy,
10997,"GALLAGHER, RJ",1,format_all_caps_legacy,
10998,"GAZAWAY, D",1,format_all_caps_legacy,
11000,"GIBSON, DE",1,format_all_caps_legacy,
11002,"GOVENLOCK, S",1,format_all_caps_legacy,
11004,"HALLER, MH",1,format_all_caps_legacy,
11006,"HARRIS, AL",1,format_all_caps_legacy,
11009,"IVES, JK",1,format_all_caps_legacy,
11010,"IVES, KH",1,format_all_caps_legacy,
11011,"KATZKI, K",1,format_all_caps_legacy,
11013,"KOEPP, EF",1,format_all_caps_legacy,
11015,"LENAIN, DJ",1,format_all_caps_legacy,
11016,"LITTLE, J",1,format_all_caps_legacy,
11017,"LITTMAN, G",1,format_all_caps_legacy,
11018,"LORNELL, WM",1,format_all_caps_legacy,
11019,"MACDONALD, JL",1,format_all_caps_legacy,
11020,"SEEVER, F",1,format_all_caps_legacy,
11022,"MURRAY, ER",1,format_all_caps_legacy,
11024,"NEWTON, JW",1,format_all_caps_legacy,
11026,"OLSHANSKY, B",1,format_all_caps_legacy,
11027,"PARKS, AH",1,format_all_caps_legacy,
11028,"PAULSEN, FR",1,format_all_caps_legacy,
11029,"PERMAN, JM",1,format_all_caps_legacy,
11030,"WALLACH, MS",1,format_all_caps_legacy,
11031,"JENKINS, JW",1,format_all_caps_legacy,
11032,"PRUYSER, PW",1,format_all_caps_legacy,
11033,"PUTTER, Z",1,format_all_caps_legacy,
11034,"RABICHOW, H",1,format_all_caps_legacy,
11036,"REDDING, RA",1,format_all_caps_legacy,
11037,"RITI, GT",1,format_all_caps_legacy,
11040,"SENOR, JM",1,format_all_caps_legacy,
11041,"SHAPIRO, G",1,format_all_caps_legacy,
11042,"SHERSHEFSKY, PM",1,format_all_caps_legacy,
11043,"SHOEMAKER, LP",1,format_all_caps_legacy,
11046,"GLASSER, B",1,format_all_caps_legacy,
11047,"STERNE, RS",1,format_all_caps_legacy,
11048,"TENNANT, VE",1,format_all_caps_legacy,
11049,"TOMASULO, A",1,format_all_caps_legacy,
11052,"WHITING, HJ",1,format_all_caps_legacy,
11053,"WILKIE, CH",1,format_all_caps_legacy,
11054,"WILSON, EE",1,format_all_caps_legacy,
11055,"WOLF, B",1,format_all_caps_legacy,
11056,"WOLLIN, G",1,format_all_caps_legacy,
11057,"WOODS, HE",1,format_all_caps_legacy,
11058,"WORTHINGTON, G",1,format_all_caps_legacy,
11060,"ALLEN, JE",1,format_all_caps_legacy,
11061,"SANGES, KB",1,format_all_caps_legacy,
11062,"BARNES, MJ",1,format_all_caps_legacy,
11065,"BOURG, M",1,format_all_caps_legacy,
11066,"BRANSCOMBE, M",1,format_all_caps_legacy,
11067,"BREEN, LZ",1,format_all_caps_legacy,
11068,"BREWSTER, AW",1,format_all_caps_legacy,
11070,"BURI, J",1,format_all_caps_legacy,
11071,"BYRNE, EA",1,format_all_caps_legacy,
11072,"HUDSON, MC",1,format_all_caps_legacy,
11073,"BUCHANAN, M",1,format_all_caps_legacy,
11075,"BUSHEY, P",1,format_all_caps_legacy,
11076,"CANIFF, CE",1,format_all_caps_legacy,
11077,"CARPENTER, HD",1,format_all_caps_legacy,
11079,"CHISHOLM, B",1,format_all_caps_legacy,
11080,"COHN, MR",1,format_all_caps_legacy,
11081,"CONKLIN, LT",1,format_all_caps_legacy,
11082,"VIELBIG, AJ",1,format_all_caps_legacy,
11083,"BLAKELY, TC",1,format_all_caps_legacy,
11084,"COOPER, N",1,format_all_caps_legacy,
11085,"CORNISH, JV",1,format_all_caps_legacy,
11087,"CULBERSON, GW",1,format_all_caps_legacy,
11089,"DIAMOND, M",1,format_all_caps_legacy,
11090,"EARL, ML",1,format_all_caps_legacy,
11092,"EMERY, MA",1,format_all_caps_legacy,
11093,"EVELAND, VD",1,format_all_caps_legacy,
11095,"FENNESSEY, RF",1,format_all_caps_legacy,
11096,"GEISER, P",1,format_all_caps_legacy,
11097,"MCDONAGH, EC",1,format_all_caps_legacy,
11098,"GOEPP, AP",1,format_all_caps_legacy,
11100,"HESS, RD",1,format_all_caps_legacy,
11101,"HOFSTEIN, S",1,format_all_caps_legacy,
11102,"HUNT, CA",1,format_all_caps_legacy,
11103,"ABRAHAMSON, L",1,format_all_caps_legacy,
11104,"JUDD, J",1,format_all_caps_legacy,
11105,"KOHN, RE",1,format_all_caps_legacy,
11106,"KAPLAN, S",1,format_all_caps_legacy,
11108,"KRAUS, H",1,format_all_caps_legacy,
11109,"KREISLER, JD",1,format_all_caps_legacy,
11110,"KRIMMEL, HE",1,format_all_caps_legacy,
11111,"FALKEY, DB",1,format_all_caps_legacy,
11112,"LAVERTY, R",1,format_all_caps_legacy,
11113,"LEFSON, L",1,format_all_caps_legacy,
11115,"LINDSAY, JV",1,format_all_caps_legacy,
11116,"LYONS, B",1,format_all_caps_legacy,
11117,"MACAROF, J",1,format_all_caps_legacy,
11121,"MCCLARY, HC",1,format_all_caps_legacy,
11122,"MCLAUCHLIN, M",1,format_all_caps_legacy,
11123,"MEEKER, B",1,format_all_caps_legacy,
11124,"MOSS, CR",1,format_all_caps_legacy,
11127,"NELSON, RB",1,format_all_caps_legacy,
11128,"NICODEMUS, F",1,format_all_caps_legacy,
11129,"KAHN, MW",1,format_all_caps_legacy,
11131,"GROB, HE",1,format_all_caps_legacy,
11135,"REISS, G",1,format_all_caps_legacy,
11138,"PRIGMORE, C",1,format_all_caps_legacy,
11139,"RIBICOFF, A",1,format_all_caps_legacy,
11140,"RINDFLEISCH, RM",1,format_all_caps_legacy,
11141,"RUDOLPH, C",1,format_all_caps_legacy,
11142,"CUMMING, J",1,format_all_caps_legacy,
11144,"SARGENT, D",1,format_all_caps_legacy,
11145,"SCARLETT, M",1,format_all_caps_legacy,
11146,"SCHULHOFER, E",1,format_all_caps_legacy,
11147,"BRYAN, T",1,format_all_caps_legacy,
11149,"SHIFFMAN, B",1,format_all_caps_legacy,
11150,"SIMON, J",1,format_all_caps_legacy,
11154,"STRINGER, JR",1,format_all_caps_legacy,
11155,"STRODTBECK, FL",1,format_all_caps_legacy,
11157,"TAYLOR, WG",1,format_all_caps_legacy,
11159,"TILLICH, P",1,format_all_caps_legacy,
11160,"TILLOTSON, M",1,format_all_caps_legacy,
11163,"WEINBERGER, D",1,format_all_caps_legacy,
11164,"WILSON, RB",1,format_all_caps_legacy,
11165,"WINANS, CE",1,format_all_caps_legacy,
11166,"WOLSTEIN, W",1,format_all_caps_legacy,
11168,"LANCASTER, AC",1,format_all_caps_legacy,
11169,"WRESCHNERSALZBERGER, L",1,format_all_caps_legacy,
11170,"MOHILEVER, M",1,format_all_caps_legacy,
11171,"KUGELMASS, S",1,format_all_caps_legacy,
11172,"ALLEN, ML",1,format_all_caps_legacy,
11173,"BAKER, WB",1,format_all_caps_legacy,
11174,"BARBER, LK",1,format_all_caps_legacy,
11175,"BATEMAN, RW",1,format_all_caps_legacy,
11176,"STERN, HJ",1,format_all_caps_legacy,
11178,"BERNE, EJ",1,format_all_caps_legacy,
11179,"BINNS, L",1,format_all_caps_legacy,
11180,"BLAU, ZS",1,format_all_caps_legacy,
11181,"BRUEL, FR",1,format_all_caps_legacy,
11182,"BURR, HD",1,format_all_caps_legacy,
11184,"CASEY, C",1,format_all_caps_legacy,
11185,"CASSIDY, ES",1,format_all_caps_legacy,
11186,"BULLARD, MM",1,format_all_caps_legacy,
11187,"CAWELTI, JG",1,format_all_caps_legacy,
11188,"COLE, MG",1,format_all_caps_legacy,
11191,"CROSS, RD",1,format_all_caps_legacy,
11193,"DEGARCIA, JM",1,format_all_caps_legacy,
11194,"ERRERA, P",1,format_all_caps_legacy,
11195,"RICHMOND, C",1,format_all_caps_legacy,
11196,"FOSTER, CR",1,format_all_caps_legacy,
11197,"FREEMAN, B",1,format_all_caps_legacy,
11198,"FRENCH, DG",1,format_all_caps_legacy,
11199,"FREUDENTHAL, K",1,format_all_caps_legacy,
11200,"GEIGNER, RD",1,format_all_caps_legacy,
11201,"GRACE, PB",1,format_all_caps_legacy,
11203,"MACGREGOR, H",1,format_all_caps_legacy,
11204,"SELAN, K",1,format_all_caps_legacy,
11205,"KLEIN, A",1,format_all_caps_legacy,
11206,"KOHRMAN, J",1,format_all_caps_legacy,
11207,"GULEVICH, G",1,format_all_caps_legacy,
11209,"HAUN, P",1,format_all_caps_legacy,
11211,"HOFFMAN, PG",1,format_all_caps_legacy,
11212,"HOWERTON, DK",1,format_all_caps_legacy,
11213,"JOHNSTON, PR",1,format_all_caps_legacy,
11214,"KENDREW, MK",1,format_all_caps_legacy,
11215,"NACKMAN, N",1,format_all_caps_legacy,
11216,"HOLSEY, E",1,format_all_caps_legacy,
11217,"LAIBMAN, EM",1,format_all_caps_legacy,
11218,"LEHNERT, B",1,format_all_caps_legacy,
11219,"LEIBOWITZ, H",1,format_all_caps_legacy,
11220,"LESSER, A",1,format_all_caps_legacy,
11221,"STOEFFLER, V",1,format_all_caps_legacy,
11222,"KRAUSE, K",1,format_all_caps_legacy,
11223,"JUNG, C",1,format_all_caps_legacy,
11224,"LYLE, CM",1,format_all_caps_legacy,
11225,"TRAIL, O",1,format_all_caps_legacy,
11226,"MACLEISH, A",1,format_all_caps_legacy,
11227,"MACLEOD, A",1,format_all_caps_legacy,
11228,"POLAND, P",1,format_all_caps_legacy,
11229,"MAGNUS, RA",1,format_all_caps_legacy,
11231,"MANNERS, RA",1,format_all_caps_legacy,
11232,"MARSDEN, KG",1,format_all_caps_legacy,
11233,"MARSH, L",1,format_all_caps_legacy,
11235,"MCGLOTHLIN, WJ",1,format_all_caps_legacy,
11236,"MITCHELL, WL",1,format_all_caps_legacy,
11237,"NELSON, GD",1,format_all_caps_legacy,
11239,"OLMSTED, CB",1,format_all_caps_legacy,
11242,"PETTISS, S",1,format_all_caps_legacy,
11243,"POLSKIN, SR",1,format_all_caps_legacy,
11245,"ROONEY, WS",1,format_all_caps_legacy,
11248,"SALOSHIN, HE",1,format_all_caps_legacy,
11249,"SHAW, T",1,format_all_caps_legacy,
11251,"SPELLMANN, D",1,format_all_caps_legacy,
11252,"SPELLMANN, DC",1,format_all_caps_legacy,
11254,"STINSON, MB",1,format_all_caps_legacy,
11256,"SWIFT, JW",1,format_all_caps_legacy,
11258,"TEEGEN, C",1,format_all_caps_legacy,
11259,"TOBY, J",1,format_all_caps_legacy,
11260,"TROUT, BE",1,format_all_caps_legacy,
11261,"KASSEBAUM, GG",1,format_all_caps_legacy,
11262,"VOILAND, AL",1,format_all_caps_legacy,
11263,"WACHSTEIN, S",1,format_all_caps_legacy,
11264,"WALDMAN, A",1,format_all_caps_legacy,
11266,"WASSERMAN, HA",1,format_all_caps_legacy,
11267,"DENHAM, WH",1,format_all_caps_legacy,
11268,"WEINBERGER, PE",1,format_all_caps_legacy,
11269,"WERNER, HD",1,format_all_caps_legacy,
11270,"WESSEL, R",1,format_all_caps_legacy,
11274,"ACKLEY, EG",1,format_all_caps_legacy,
11275,"FLIEGEL, BR",1,format_all_caps_legacy,
11276,"AGAR, RB",1,format_all_caps_legacy,
11277,"ANDERS, JR",1,format_all_caps_legacy,
11279,"FUCHS, E",1,format_all_caps_legacy,
11280,"BEALL, P",1,format_all_caps_legacy,
11281,"BEMMELS, VG",1,format_all_caps_legacy,
11282,"BERG, BR",1,format_all_caps_legacy,
11283,"ISHIYAMA, T",1,format_all_caps_legacy,
11284,"BERSHEN, LS",1,format_all_caps_legacy,
11285,"BIERI, J",1,format_all_caps_legacy,
11287,"CARDWELL, RL",1,format_all_caps_legacy,
11288,"CLARKE, HI",1,format_all_caps_legacy,
11289,"CONZEMIUS, R",1,format_all_caps_legacy,
11290,"CROWELL, AG",1,format_all_caps_legacy,
11292,"DILLON, ML",1,format_all_caps_legacy,
11293,"ELLIOTT, LJ",1,format_all_caps_legacy,
11294,"FERRARI, N",1,format_all_caps_legacy,
11297,"FRIEL, LF",1,format_all_caps_legacy,
11298,"FRIEND, MR",1,format_all_caps_legacy,
11299,"GELLMAN, W",1,format_all_caps_legacy,
11300,"GENDEL, H",1,format_all_caps_legacy,
11301,"GILBERT, A",1,format_all_caps_legacy,
11304,"GOLDMAN, MW",1,format_all_caps_legacy,
11306,"HALL, H",1,format_all_caps_legacy,
11308,"HARTNETT, JR",1,format_all_caps_legacy,
11309,"HEATH, AH",1,format_all_caps_legacy,
11310,"HERBERT, GK",1,format_all_caps_legacy,
11311,"HOODWIN, J",1,format_all_caps_legacy,
11312,"HUNT, MF",1,format_all_caps_legacy,
11313,"HURWITZ, SN",1,format_all_caps_legacy,
11314,"JABLON, R",1,format_all_caps_legacy,
11315,"VOLK, H",1,format_all_caps_legacy,
11317,"KAWIN, I",1,format_all_caps_legacy,
11318,"KELLETT, JC",1,format_all_caps_legacy,
11321,"KRISE, EF",1,format_all_caps_legacy,
11322,"LAUE, HG",1,format_all_caps_legacy,
11323,"LAURENCE, V",1,format_all_caps_legacy,
11324,"LAWDER, EA",1,format_all_caps_legacy,
11325,"LAWITTS, D",1,format_all_caps_legacy,
11326,"LEE, JP",1,format_all_caps_legacy,
11330,"LITRIO, JJ",1,format_all_caps_legacy,
11331,"LOEB, E",1,format_all_caps_legacy,
11333,"MACKENZIE, H",1,format_all_caps_legacy,
11334,"MARSH, LC",1,format_all_caps_legacy,
11335,"MAYER, L",1,format_all_caps_legacy,
11336,"MCCLURE, F",1,format_all_caps_legacy,
11337,"MCCORD, J",1,format_all_caps_legacy,
11338,"MCCORD, W",1,format_all_caps_legacy,
11339,"THURBER, E",1,format_all_caps_legacy,
11340,"MCCUNE, S",1,format_all_caps_legacy,
11341,"MONTGOMERY, H",1,format_all_caps_legacy,
11342,"MUNT, JS",1,format_all_caps_legacy,
11343,"NOVICK, MB",1,format_all_caps_legacy,
11344,"OVERTON, A",1,format_all_caps_legacy,
11345,"PADILLA, E",1,format_all_caps_legacy,
11347,"OLSEN, TF",1,format_all_caps_legacy,
11348,"THROCKMORTON, MC",1,format_all_caps_legacy,
11349,"PETTIT, L",1,format_all_caps_legacy,
11351,"PINCHAK, LE",1,format_all_caps_legacy,
11352,"ROLLINS, GW",1,format_all_caps_legacy,
11353,"POLLARD, BE",1,format_all_caps_legacy,
11354,"RITCHIE, A",1,format_all_caps_legacy,
11356,"SASSIN, EF",1,format_all_caps_legacy,
11357,"DALTON, MH",1,format_all_caps_legacy,
11358,"SCHMIDT, GW",1,format_all_caps_legacy,
11359,"SCHOUR, EK",1,format_all_caps_legacy,
11360,"SCOTT, WR",1,format_all_caps_legacy,
11364,"GOLDSMITH, W",1,format_all_caps_legacy,
11366,"SIFF, H",1,format_all_caps_legacy,
11367,"BEALLOR, G",1,format_all_caps_legacy,
11371,"SMYTH, W",1,format_all_caps_legacy,
11373,"SPIEGEL, R",1,format_all_caps_legacy,
11374,"STIMMEL, SR",1,format_all_caps_legacy,
11375,"SUNLEY, EM",1,format_all_caps_legacy,
11378,"TERREBERRY, S",1,format_all_caps_legacy,
11379,"TEST, E",1,format_all_caps_legacy,
11380,"MCLEOD, DL",1,format_all_caps_legacy,
11381,"HYLTON, LF",1,format_all_caps_legacy,
11382,"THOMAS, RE",1,format_all_caps_legacy,
11383,"GILLIAM, JH",1,format_all_caps_legacy,
11385,"THOMPSON, TG",1,format_all_caps_legacy,
11386,"WELLER, EG",1,format_all_caps_legacy,
11390,"PIPPERT, WW",1,format_all_caps_legacy,
11391,"ZULKOWITZ, S",1,format_all_caps_legacy,
11392,"ALLEYNE, F",1,format_all_caps_legacy,
11394,"AVRUNIN, W",1,format_all_caps_legacy,
11396,"BERNARD, WS",1,format_all_caps_legacy,
11397,"BRYANT, DS",1,format_all_caps_legacy,
11398,"BURROWS, AH",1,format_all_caps_legacy,
11399,"CHURCHILL, SR",1,format_all_caps_legacy,
11402,"FISHER, NR",1,format_all_caps_legacy,
11403,"FRUEDENTHAL, K",1,format_all_caps_legacy,
11406,"GOLDFARB, F",1,format_all_caps_legacy,
11408,"GURSSLIN, O",1,format_all_caps_legacy,
11409,"HUNT, RG",1,format_all_caps_legacy,
11411,"HARRISON, EG",1,format_all_caps_legacy,
11412,"HAUPT, G",1,format_all_caps_legacy,
11414,"ISHIDA, F",1,format_all_caps_legacy,
11418,"KENWARD, JF",1,format_all_caps_legacy,
11419,"KING, AE",1,format_all_caps_legacy,
11420,"KORWIN, M",1,format_all_caps_legacy,
11422,"LANDES, R",1,format_all_caps_legacy,
11424,"LIGHTMAN, JB",1,format_all_caps_legacy,
11425,"LUSTMAN, CR",1,format_all_caps_legacy,
11428,"MAKOVER, HB",1,format_all_caps_legacy,
11430,"MATHIEU, MJ",1,format_all_caps_legacy,
11434,"LAWRENCE, WC",1,format_all_caps_legacy,
11435,"OLDS, CB",1,format_all_caps_legacy,
11436,"ORTOF, ME",1,format_all_caps_legacy,
11437,"PADULA, H",1,format_all_caps_legacy,
11438,"MUNRO, M",1,format_all_caps_legacy,
11439,"PARMET, B",1,format_all_caps_legacy,
11440,"PEDERSON, AR",1,format_all_caps_legacy,
11441,"PEPPER, AR",1,format_all_caps_legacy,
11442,"PIERS, G",1,format_all_caps_legacy,
11446,"SHIREMAN, CS",1,format_all_caps_legacy,
11447,"SMALLEY, R",1,format_all_caps_legacy,
11448,"SMITH, EV",1,format_all_caps_legacy,
11449,"SOULE, T",1,format_all_caps_legacy,
11450,"STUBBINS, H",1,format_all_caps_legacy,
11451,"TANZI, F",1,format_all_caps_legacy,
11452,"TAYLOR, RB",1,format_all_caps_legacy,
11454,"ULLMANN, LP",1,format_all_caps_legacy,
11457,"VINTER, R",1,format_all_caps_legacy,
11458,"WARNKEN, VH",1,format_all_caps_legacy,
11459,"WHITE, GC",1,format_all_caps_legacy,
11460,"WHITMER, CA",1,format_all_caps_legacy,
11465,"APPLEBY, JJ",1,format_all_caps_legacy,
11466,"BLAZEJACK, RT",1,format_all_caps_legacy,
11467,"GORTER, VS",1,format_all_caps_legacy,
11469,"BURNS, M",1,format_all_caps_legacy,
11470,"CANNON, A",1,format_all_caps_legacy,
11471,"CONNERY, M",1,format_all_caps_legacy,
11472,"COOPER, JF",1,format_all_caps_legacy,
11473,"KITTRELL, E",1,format_all_caps_legacy,
11474,"DEAN, RL",1,format_all_caps_legacy,
11475,"DEARDORFF, NR",1,format_all_caps_legacy,
11477,"DOVER, F",1,format_all_caps_legacy,
11478,"DUNN, CM",1,format_all_caps_legacy,
11479,"FITCH, K",1,format_all_caps_legacy,
11480,"FROEHLICH, HD",1,format_all_caps_legacy,
11481,"GANDY, JM",1,format_all_caps_legacy,
11482,"GAUKLER, RJ",1,format_all_caps_legacy,
11483,"WANNEMACHER, ES",1,format_all_caps_legacy,
11484,"GAY, E",1,format_all_caps_legacy,
11485,"GOETZ, JL",1,format_all_caps_legacy,
11486,"GOLDSTEIN, CK",1,format_all_caps_legacy,
11487,"GOODSITT, B",1,format_all_caps_legacy,
11488,"GREENBERG, I",1,format_all_caps_legacy,
11489,"GREENLEIGH, A",1,format_all_caps_legacy,
11492,"CUTTER, AV",1,format_all_caps_legacy,
11494,"HARRIES, A",1,format_all_caps_legacy,
11495,"HART, WC",1,format_all_caps_legacy,
11497,"HOTKINS, AS",1,format_all_caps_legacy,
11498,"KRIEGSFELD, M",1,format_all_caps_legacy,
11499,"HUNTER, F",1,format_all_caps_legacy,
11500,"ILLING, HA",1,format_all_caps_legacy,
11501,"ITZIN, NL",1,format_all_caps_legacy,
11502,"JACOBS, TC",1,format_all_caps_legacy,
11503,"JAMBOR, HA",1,format_all_caps_legacy,
11505,"KATZ, HA",1,format_all_caps_legacy,
11506,"LUNDBERG, HW",1,format_all_caps_legacy,
11508,"HARRINGTON, B",1,format_all_caps_legacy,
11509,"LANDY, D",1,format_all_caps_legacy,
11510,"LARSON, N",1,format_all_caps_legacy,
11511,"LEWIS, ES",1,format_all_caps_legacy,
11512,"LINDSTROM, DE",1,format_all_caps_legacy,
11513,"MASSING, R",1,format_all_caps_legacy,
11514,"MAYO, LW",1,format_all_caps_legacy,
11516,"MONTE, MD",1,format_all_caps_legacy,
11517,"COMARDA, R",1,format_all_caps_legacy,
11518,"MURPHY, CG",1,format_all_caps_legacy,
11519,"MYERS, JG",1,format_all_caps_legacy,
11520,"NICHOLSON, E",1,format_all_caps_legacy,
11522,"PAPPENHEIM, YB",1,format_all_caps_legacy,
11523,"PINE, LB",1,format_all_caps_legacy,
11524,"PUTNAM, EB",1,format_all_caps_legacy,
11525,"RHEINSTEIN, M",1,format_all_caps_legacy,
11526,"SANDUSKY, ALD",1,format_all_caps_legacy,
11527,"PETTES, D",1,format_all_caps_legacy,
11528,"SCHWARTZ, EP",1,format_all_caps_legacy,
11531,"STIEL, M",1,format_all_caps_legacy,
11532,"STROMBERG, O",1,format_all_caps_legacy,
11533,"TAIETZ, P",1,format_all_caps_legacy,
11534,"ELLENBOGEN, B",1,format_all_caps_legacy,
11535,"RAMSEY, CE",1,format_all_caps_legacy,
11537,"VEITH, I",1,format_all_caps_legacy,
11539,"WALLS, J",1,format_all_caps_legacy,
11540,"WESTON, HE",1,format_all_caps_legacy,
11542,"WIEN, J",1,format_all_caps_legacy,
11544,"JOHANSON, W",1,format_all_caps_legacy,
11545,"YOUNG, AK",1,format_all_caps_legacy,
11546,"YOUNG, MA",1,format_all_caps_legacy,
11547,"ZETLAND, JR",1,format_all_caps_legacy,
11548,"ZIMMERMAN, IM",1,format_all_caps_legacy,
11549,"ABBE, AE",1,format_all_caps_legacy,
11550,"DANA, BS",1,format_all_caps_legacy,
11551,"ALBEE, C",1,format_all_caps_legacy,
11553,"ANDREW, G",1,format_all_caps_legacy,
11554,"ARMSTRONG, RM",1,format_all_caps_legacy,
11557,"BINNS, LE",1,format_all_caps_legacy,
11558,"BRANDENBURG, L",1,format_all_caps_legacy,
11559,"BREEDLOVE, J",1,format_all_caps_legacy,
11561,"BRIDGES, B",1,format_all_caps_legacy,
11562,"BURNETT, MC",1,format_all_caps_legacy,
11563,"CHAPIN, FS",1,format_all_caps_legacy,
11565,"COTTRELL, LS",1,format_all_caps_legacy,
11566,"CRUSER, RW",1,format_all_caps_legacy,
11567,"CURTIS, RE",1,format_all_caps_legacy,
11569,"DEVEUVE, L",1,format_all_caps_legacy,
11570,"DUNING, A",1,format_all_caps_legacy,
11571,"FELIX, RH",1,format_all_caps_legacy,
11572,"FIKE, N",1,format_all_caps_legacy,
11573,"FOEHRENBACH, AJ",1,format_all_caps_legacy,
11574,"GEDDES, AE",1,format_all_caps_legacy,
11576,"GRANGER, L",1,format_all_caps_legacy,
11577,"GRATZ, L",1,format_all_caps_legacy,
11578,"GRONEWALD, DH",1,format_all_caps_legacy,
11579,"HAGER, DJ",1,format_all_caps_legacy,
11580,"HALL, BH",1,format_all_caps_legacy,
11581,"WHEELER, W",1,format_all_caps_legacy,
11582,"HEY, RN",1,format_all_caps_legacy,
11583,"HILTNER, S",1,format_all_caps_legacy,
11584,"HOFF, EC",1,format_all_caps_legacy,
11585,"HOUWINK, E",1,format_all_caps_legacy,
11586,"IVES, J",1,format_all_caps_legacy,
11587,"JACKSON, NC",1,format_all_caps_legacy,
11588,"KRIS, EB",1,format_all_caps_legacy,
11589,"HITCHMAN, IL",1,format_all_caps_legacy,
11590,"JOCKEL, E",1,format_all_caps_legacy,
11591,"KYRK, H",1,format_all_caps_legacy,
11592,"LAMPMAN, RJ",1,format_all_caps_legacy,
11593,"LOWRY, F",1,format_all_caps_legacy,
11594,"LURIE, HL",1,format_all_caps_legacy,
11595,"MACINTYRE, E",1,format_all_caps_legacy,
11596,"MANDELKER, DR",1,format_all_caps_legacy,
11599,"MCKAY, DM",1,format_all_caps_legacy,
11600,"MILLET, JAP",1,format_all_caps_legacy,
11601,"MILNER, JG",1,format_all_caps_legacy,
11603,"MOORE, HS",1,format_all_caps_legacy,
11604,"NESBIT, E",1,format_all_caps_legacy,
11606,"NYSWANDER, DB",1,format_all_caps_legacy,
11607,"PENWARDEN, G",1,format_all_caps_legacy,
11608,"PERNELL, RB",1,format_all_caps_legacy,
11611,"REID, JH",1,format_all_caps_legacy,
11612,"RICHMAN, LH",1,format_all_caps_legacy,
11614,"RIMER, II",1,format_all_caps_legacy,
11615,"ROBINSON, HA",1,format_all_caps_legacy,
11616,"FINESINGER, JE",1,format_all_caps_legacy,
11618,"KOSTICK, A",1,format_all_caps_legacy,
11619,"SCHMICKEL, BW",1,format_all_caps_legacy,
11620,"SELIG, MK",1,format_all_caps_legacy,
11621,"SEMAN, PL",1,format_all_caps_legacy,
11623,"SMITH, I",1,format_all_caps_legacy,
11624,"STEIN, F",1,format_all_caps_legacy,
11627,"SULLIVAN, DF",1,format_all_caps_legacy,
11628,"TERRIS, M",1,format_all_caps_legacy,
11629,"THOMAS, A",1,format_all_caps_legacy,
11630,"VANPRAAG, PH",1,format_all_caps_legacy,
11633,"WEISS, S",1,format_all_caps_legacy,
11635,"PORTER, EL",1,format_all_caps_legacy,
11636,"WERNER, R",1,format_all_caps_legacy,
11637,"WILSON, DV",1,format_all_caps_legacy,
11638,"WITTKE, C",1,format_all_caps_legacy,
11639,"WOODRUFF, RR",1,format_all_caps_legacy,
11640,"WRIGHT, MW",1,format_all_caps_legacy,
11641,"ZEITZ, D",1,format_all_caps_legacy,
11647,"MCCANN, C",1,format_all_caps_legacy,
11648,"ALTMEYER, AJ",1,format_all_caps_legacy,
11649,"ARBIT, SD",1,format_all_caps_legacy,
11650,"ARKIN, J",1,format_all_caps_legacy,
11651,"BALENT, BC",1,format_all_caps_legacy,
11652,"BANDLER, LL",1,format_all_caps_legacy,
11654,"TEVALD, E",1,format_all_caps_legacy,
11656,"BIRT, CJ",1,format_all_caps_legacy,
11657,"BOOTHE, H",1,format_all_caps_legacy,
11658,"BORUS, J",1,format_all_caps_legacy,
11659,"BRADY, DS",1,format_all_caps_legacy,
11660,"BROWN, JD",1,format_all_caps_legacy,
11661,"BROWNE, M",1,format_all_caps_legacy,
11662,"CHEIN, I",1,format_all_caps_legacy,
11663,"COHEN, AA",1,format_all_caps_legacy,
11664,"COLLACOTT, RH",1,format_all_caps_legacy,
11665,"COLTERYAHN, CM",1,format_all_caps_legacy,
11666,"CRAWFORD, E",1,format_all_caps_legacy,
11667,"DARRAGH, MA",1,format_all_caps_legacy,
11668,"ELIOT, MM",1,format_all_caps_legacy,
11669,"FALSTEIN, EI",1,format_all_caps_legacy,
11670,"FINE, R",1,format_all_caps_legacy,
11672,"HAHN, M",1,format_all_caps_legacy,
11673,"HATHWAY, M",1,format_all_caps_legacy,
11674,"HECHLER, J",1,format_all_caps_legacy,
11675,"HERBOLSHEIMER, H",1,format_all_caps_legacy,
11676,"HERZOG, EG",1,format_all_caps_legacy,
11677,"HILL, C",1,format_all_caps_legacy,
11678,"HOFFMAN, IL",1,format_all_caps_legacy,
11679,"HOHMAN, HF",1,format_all_caps_legacy,
11680,"HOLCOMB, E",1,format_all_caps_legacy,
11681,"HUNT, JM",1,format_all_caps_legacy,
11682,"HURLEY, JJ",1,format_all_caps_legacy,
11683,"HURST, JG",1,format_all_caps_legacy,
11685,"HYDE, V",1,format_all_caps_legacy,
11686,"JOHNS, R",1,format_all_caps_legacy,
11688,"KAUFMAN, NJ",1,format_all_caps_legacy,
11689,"KEENLEYSIDE, HL",1,format_all_caps_legacy,
11690,"KENDREW, MH",1,format_all_caps_legacy,
11691,"BURNS, VM",1,format_all_caps_legacy,
11693,"LUCK, JM",1,format_all_caps_legacy,
11694,"MAAS, HL",1,format_all_caps_legacy,
11695,"MCCLURE, D",1,format_all_caps_legacy,
11696,"SCHRIER, H",1,format_all_caps_legacy,
11697,"MEISELS, JF",1,format_all_caps_legacy,
11698,"MEYER, AE",1,format_all_caps_legacy,
11699,"JONES, W",1,format_all_caps_legacy,
11702,"MOHR, J",1,format_all_caps_legacy,
11703,"MOORE, EM",1,format_all_caps_legacy,
11704,"MURRAY, CE",1,format_all_caps_legacy,
11705,"NEWSTETTER, WI",1,format_all_caps_legacy,
11706,"OLINER, G",1,format_all_caps_legacy,
11707,"PARADISE, V",1,format_all_caps_legacy,
11709,"PFAFFENBERGER, H",1,format_all_caps_legacy,
11710,"PHILLIPSON, E",1,format_all_caps_legacy,
11711,"PIERS, M",1,format_all_caps_legacy,
11713,"PRESTON, MG",1,format_all_caps_legacy,
11715,"PROSHANSKY, H",1,format_all_caps_legacy,
11716,"RECTOR, M",1,format_all_caps_legacy,
11717,"RENN, L",1,format_all_caps_legacy,
11718,"ROSS, MG",1,format_all_caps_legacy,
11719,"SCHINDLER, A",1,format_all_caps_legacy,
11720,"SIEDER, V",1,format_all_caps_legacy,
11724,"SPENCER, S",1,format_all_caps_legacy,
11725,"STEVENS, RN",1,format_all_caps_legacy,
11726,"HUTCHINSON, FA",1,format_all_caps_legacy,
11727,"SVARC, I",1,format_all_caps_legacy,
11728,"TILLOTSON, MW",1,format_all_caps_legacy,
11729,"VICKERY, M",1,format_all_caps_legacy,
11730,"WENTWORTH, EC",1,format_all_caps_legacy,
11731,"WIESBAUER, HH",1,format_all_caps_legacy,
11733,"WOHL, RR",1,format_all_caps_legacy,
20087,"DESPARD, MR",1,format_all_caps_legacy,
20088,"SANDERS, B",1,format_all_caps_legacy,
20095,"DIETZUHLER, B",1,format_all_caps_legacy,
20098,"BEVERLY, WT",1,format_all_caps_legacy,
20099,"BOCAGE, MD",1,format_all_caps_legacy,
20100,"HOMONOFF, EE",1,format_all_caps_legacy,
20101,"BRASHEARS, F",1,format_all_caps_legacy,
20103,"BORNE, D",1,format_all_caps_legacy,
20107,"WANG, JC",1,format_all_caps_legacy,
20109,"GARDNER, JR",1,format_all_caps_legacy,
20111,"GORHAM, LJ",1,format_all_caps_legacy,
20112,"CONKLIN, B",1,format_all_caps_legacy,
20117,"JACOBSON, KD",1,format_all_caps_legacy,
20119,"LUNDBLAD, KS",1,format_all_caps_legacy,
20123,"NORD, M",1,format_all_caps_legacy,
20124,"LULOFF, AE",1,format_all_caps_legacy,
20129,"SHEN, CY",1,format_all_caps_legacy,
20130,"PALMER, AB",1,format_all_caps_legacy,
20131,"ROWELL, RJ",1,format_all_caps_legacy,
20133,"SALAMONE, F",1,format_all_caps_legacy,
20134,"BANKSTON, TV",1,format_all_caps_legacy,
20135,"SODERFELDT, M",1,format_all_caps_legacy,
20136,"SODERFELDT, B",1,format_all_caps_legacy,
20137,"WARG, LE",1,format_all_caps_legacy,
20140,"STEINER, SJ",1,format_all_caps_legacy,
20144,"BAILLY, DJ",1,format_all_caps_legacy,
20145,"BLAUG, R",1,format_all_caps_legacy,
20146,"CLAYSON, Z",1,format_all_caps_legacy,
20147,"BRINDIS, C",1,format_all_caps_legacy,
20149,"CALDER, K",1,format_all_caps_legacy,
20150,"GUASCH, M",1,format_all_caps_legacy,
20151,"JOHNSON, N",1,format_all_caps_legacy,
20153,"MACDONALD, KI",1,format_all_caps_legacy,
20168,"GUY, R",1,format_all_caps_legacy,
20170,"HERRINGTON, FJ",1,format_all_caps_legacy,
20174,"KIELY, G",1,format_all_caps_legacy,
20176,"LLOYDCOBB, P",1,format_all_caps_legacy,
20179,"MILLER, JA",1,format_all_caps_legacy,
20180,"MATSUOKA, J",1,format_all_caps_legacy,
20182,"ALLEN, EA",1,format_all_caps_legacy,
20183,"ANGELOS, P",1,format_all_caps_legacy,
20184,"BLOCK, L",1,format_all_caps_legacy,
20186,"DUFFY, A",1,format_all_caps_legacy,
20187,"HOLTON, L",1,format_all_caps_legacy,
20188,"LAMBERT, K",1,format_all_caps_legacy,
20189,"PARKER, C",1,format_all_caps_legacy,
20190,"RYAN, J",1,format_all_caps_legacy,
20191,"SCHRAFT, D",1,format_all_caps_legacy,
20192,"SWINDELL, J",1,format_all_caps_legacy,
20197,"NICHOLAS, MW",1,format_all_caps_legacy,
20201,"SMALLEN, JM",1,format_all_caps_legacy,
20203,"SPANO, R",1,format_all_caps_legacy,
20205,"BRYANT, S",1,format_all_caps_legacy,
20209,"SUTHERLAND, V",1,format_all_caps_legacy,
20210,"CHENG, TCW",1,format_all_caps_legacy,
20211,"DWYER, DC",1,format_all_caps_legacy,
20213,"CREIGHTON, S",1,format_all_caps_legacy,
20214,"KIMMEL, HP",1,format_all_caps_legacy,
20216,"LICKEY, S",1,format_all_caps_legacy,
20221,"JUHASZ, S",1,format_all_caps_legacy,
20222,"KOROL, R",1,format_all_caps_legacy,
20223,"KORPI, W",1,format_all_caps_legacy,
20225,"LEADBEATER, B",1,format_all_caps_legacy,
20227,"MARCHANT, A",1,format_all_caps_legacy,
20228,"MCCARTHY, DE",1,format_all_caps_legacy,
20229,"MCCURDY, K",1,format_all_caps_legacy,
20230,"OBRIEN, P",1,format_all_caps_legacy,
20231,"PAIGESMITH, A",1,format_all_caps_legacy,
20232,"PILLAY, K",1,format_all_caps_legacy,
20233,"POSNER, WB",1,format_all_caps_legacy,
20236,"SCHAMESS, S",1,format_all_caps_legacy,
20238,"WHEAT, D",1,format_all_caps_legacy,
20239,"BARNES, CL",1,format_all_caps_legacy,
20240,"GIVEN, BA",1,format_all_caps_legacy,
20241,"GIVEN, CW",1,format_all_caps_legacy,
20242,"BEIRNE, NF",1,format_all_caps_legacy,
20243,"PATTERSON, MN",1,format_all_caps_legacy,
20244,"GALIE, M",1,format_all_caps_legacy,
20245,"GOODMAN, P",1,format_all_caps_legacy,
20247,"COOK, D",1,format_all_caps_legacy,
20249,"MAYEROAKES, A",1,format_all_caps_legacy,
20250,"ATCHISON, K",1,format_all_caps_legacy,
20251,"SCHWEITZER, SO",1,format_all_caps_legacy,
20252,"DEJONG, FJ",1,format_all_caps_legacy,
20254,"HAMMELMAN, TL",1,format_all_caps_legacy,
20255,"HIGGINS, PB",1,format_all_caps_legacy,
20256,"PATON, RN",1,format_all_caps_legacy,
20259,"SANSONE, P",1,format_all_caps_legacy,
20260,"SCOFIELD, EC",1,format_all_caps_legacy,
20267,"DAVE, P",1,format_all_caps_legacy,
20268,"ELLY, G",1,format_all_caps_legacy,
20269,"MILLER, LB",1,format_all_caps_legacy,
20272,"BLAKEMORE, J",1,format_all_caps_legacy,
20273,"KENISTON, A",1,format_all_caps_legacy,
20274,"PEDEN, B",1,format_all_caps_legacy,
20275,"LEFCOWITZ, J",1,format_all_caps_legacy,
20276,"GREBEL, H",1,format_all_caps_legacy,
20277,"GULATI, L",1,format_all_caps_legacy,
20278,"GILTINAN, D",1,format_all_caps_legacy,
20280,"HIRAYAMA, KK",1,format_all_caps_legacy,
20281,"KUROKI, Y",1,format_all_caps_legacy,
20283,"LAVALLE, I",1,format_all_caps_legacy,
20285,"MORRIS, S",1,format_all_caps_legacy,
20286,"HALVORSON, H",1,format_all_caps_legacy,
20287,"OKE, M",1,format_all_caps_legacy,
20289,"POWELL, M",1,format_all_caps_legacy,
20290,"SIPILA, J",1,format_all_caps_legacy,
20292,"LUSIKI, H",1,format_all_caps_legacy,
20293,"LANKRY, M",1,format_all_caps_legacy,
20294,"SHRAGA, Y",1,format_all_caps_legacy,
20295,"UBEROI, P",1,format_all_caps_legacy,
20296,"WHITE, V",1,format_all_caps_legacy,
20298,"BEEMAN, S",1,format_all_caps_legacy,
20299,"BLUM, BB",1,format_all_caps_legacy,
20303,"COHEN, MR",1,format_all_caps_legacy,
20304,"CHRIST, CC",1,format_all_caps_legacy,
20305,"LIGHT, TR",1,format_all_caps_legacy,
20306,"SRINIVASAN, M",1,format_all_caps_legacy,
20307,"DHAENE, MT",1,format_all_caps_legacy,
20309,"FRASCIELLO, LM",1,format_all_caps_legacy,
20310,"FROST, S",1,format_all_caps_legacy,
20311,"OSTROW, DG",1,format_all_caps_legacy,
20313,"GOULD, P",1,format_all_caps_legacy,
20314,"GRAYBEAL, CT",1,format_all_caps_legacy,
20315,"RUFF, E",1,format_all_caps_legacy,
20316,"GROSS, ER",1,format_all_caps_legacy,
20317,"DELOIS, K",1,format_all_caps_legacy,
20319,"GULLERUD, E",1,format_all_caps_legacy,
20320,"HARRISON, EM",1,format_all_caps_legacy,
20322,"HORNER, EA",1,format_all_caps_legacy,
20324,"JOHNS, K",1,format_all_caps_legacy,
20325,"KIVOWITZ, A",1,format_all_caps_legacy,
20326,"LANDAU, N",1,format_all_caps_legacy,
20327,"WALLBANK, M",1,format_all_caps_legacy,
20328,"LEAVITT, RS",1,format_all_caps_legacy,
20329,"ELLIOTT, H",1,format_all_caps_legacy,
20330,"MCENTEE, MK",1,format_all_caps_legacy,
20331,"NEE, LE",1,format_all_caps_legacy,
20332,"NELSEN, J",1,format_all_caps_legacy,
20333,"NUNN, JA",1,format_all_caps_legacy,
20335,"PICKLES, A",1,format_all_caps_legacy,
20336,"SMITH, EP",1,format_all_caps_legacy,
20337,"SMITH, MS",1,format_all_caps_legacy,
20338,"STAINTHORPE, S",1,format_all_caps_legacy,
20339,"STRINGHAM, PG",1,format_all_caps_legacy,
20341,"STRATIL, ML",1,format_all_caps_legacy,
20342,"WEINREB, L",1,format_all_caps_legacy,
20343,"WEISSKIRCH, R",1,format_all_caps_legacy,
20344,"SPITZER, R",1,format_all_caps_legacy,
20346,"BECKETT, S",1,format_all_caps_legacy,
20347,"FREEMAN, SB",1,format_all_caps_legacy,
20348,"FRIEMAN, BB",1,format_all_caps_legacy,
20349,"GARON, R",1,format_all_caps_legacy,
20350,"HANSEN, K",1,format_all_caps_legacy,
20351,"HARKAVY, I",1,format_all_caps_legacy,
20352,"PUCKETT, JL",1,format_all_caps_legacy,
20354,"HOUCK, W",1,format_all_caps_legacy,
20355,"MATHER, JH",1,format_all_caps_legacy,
20357,"YOUNG, CM",1,format_all_caps_legacy,
20358,"KAHNE, H",1,format_all_caps_legacy,
20359,"KLAWITTER, MM",1,format_all_caps_legacy,
20360,"MEYER, C",1,format_all_caps_legacy,
20362,"DAREWINTERS, K",1,format_all_caps_legacy,
20363,"SULLIVAN, S",1,format_all_caps_legacy,
20364,"MUESER, LS",1,format_all_caps_legacy,
20367,"PROCTOR, CD",1,format_all_caps_legacy,
20371,"SANG, D",1,format_all_caps_legacy,
20372,"FISHMAN, G",1,format_all_caps_legacy,
20373,"SCUKA, RF",1,format_all_caps_legacy,
20374,"SHANK, BW",1,format_all_caps_legacy,
20375,"WILMER, CM",1,format_all_caps_legacy,
20376,"ATCHESON, L",1,format_all_caps_legacy,
20377,"SCHWARTZ, IM",1,format_all_caps_legacy,
20378,"ORTEGA, RM",1,format_all_caps_legacy,
20379,"SKULSTAD, EA",1,format_all_caps_legacy,
20380,"STELLATOKABAT, D",1,format_all_caps_legacy,
20381,"UNGAR, MT",1,format_all_caps_legacy,
20383,"VIEHE, ML",1,format_all_caps_legacy,
20387,"DAWSON, A",1,format_all_caps_legacy,
20389,"ENGLAND, SE",1,format_all_caps_legacy,
20390,"GARRISON, K",1,format_all_caps_legacy,
20392,"LEVITT, J",1,format_all_caps_legacy,
20393,"LOCKERY, SA",1,format_all_caps_legacy,
20394,"KART, CS",1,format_all_caps_legacy,
20395,"MARRIOTT, A",1,format_all_caps_legacy,
20396,"SEXTON, L",1,format_all_caps_legacy,
20397,"STALEY, D",1,format_all_caps_legacy,
20398,"MISTRY, T",1,format_all_caps_legacy,
20401,"SHANNON, VJ",1,format_all_caps_legacy,
20402,"WELLS, NL",1,format_all_caps_legacy,
20403,"BIRBA, L",1,format_all_caps_legacy,
20404,"TOLLEY, NS",1,format_all_caps_legacy,
20407,"ARNOLD, B",1,format_all_caps_legacy,
20408,"BESA, D",1,format_all_caps_legacy,
20409,"CHAWAN, SV",1,format_all_caps_legacy,
20412,"FERGUSON, KL",1,format_all_caps_legacy,
20413,"FRAY, K",1,format_all_caps_legacy,
20415,"GIBBS, LE",1,format_all_caps_legacy,
20416,"ISMAEL, JS",1,format_all_caps_legacy,
20417,"JENSON, J",1,format_all_caps_legacy,
20418,"PROCTOR, E",1,format_all_caps_legacy,
20419,"SIEPPERT, J",1,format_all_caps_legacy,
20421,"LEE, PCY",1,format_all_caps_legacy,
20422,"MENON, MGK",1,format_all_caps_legacy,
20423,"NAIK, U",1,format_all_caps_legacy,
20424,"OJHA, SN",1,format_all_caps_legacy,
20425,"CHOI, JM",1,format_all_caps_legacy,
20426,"POZATEK, E",1,format_all_caps_legacy,
20427,"RAGHAVAN, SV",1,format_all_caps_legacy,
20428,"BAUMEL, B",1,format_all_caps_legacy,
20429,"SUBRAMANIAM, K",1,format_all_caps_legacy,
20430,"SUNDERAM, S",1,format_all_caps_legacy,
20432,"WOLFE, JC",1,format_all_caps_legacy,
20434,"CARLTONLANEY, J",1,format_all_caps_legacy,
20435,"CECONI, BA",1,format_all_caps_legacy,
20437,"FISCH, J",1,format_all_caps_legacy,
20438,"MONACO, GW",1,format_all_caps_legacy,
20439,"GIBBONS, D",1,format_all_caps_legacy,
20440,"VANBEUSEKOM, J",1,format_all_caps_legacy,
20441,"GRUBBS, GA",1,format_all_caps_legacy,
20443,"HEATH, AF",1,format_all_caps_legacy,
20444,"COLTON, MJ",1,format_all_caps_legacy,
20445,"HORNER, E",1,format_all_caps_legacy,
20446,"KERFOOT, M",1,format_all_caps_legacy,
20447,"NUTTALL, R",1,format_all_caps_legacy,
20448,"LAWSON, A",1,format_all_caps_legacy,
20449,"LEIRA, A",1,format_all_caps_legacy,
20450,"LEITER, J",1,format_all_caps_legacy,
20451,"MYERS, KA",1,format_all_caps_legacy,
20452,"ZINGRAFF, MT",1,format_all_caps_legacy,
20454,"AFFLERBACH, A",1,format_all_caps_legacy,
20456,"OCHBERG, B",1,format_all_caps_legacy,
20458,"WHITTEN, CF",1,format_all_caps_legacy,
20459,"BONDS, SM",1,format_all_caps_legacy,
20460,"BARNES, A",1,format_all_caps_legacy,
20463,"BRODERICK, A",1,format_all_caps_legacy,
20464,"BURG, MA",1,format_all_caps_legacy,
20466,"JACOB, AG",1,format_all_caps_legacy,
20467,"NEALE, VM",1,format_all_caps_legacy,
20468,"OJANUGA, D",1,format_all_caps_legacy,
20469,"ZEMENCUK, JK",1,format_all_caps_legacy,
20471,"PIERSON, JS",1,format_all_caps_legacy,
20472,"PIERSON, RF",1,format_all_caps_legacy,
20473,"PIERSON, M",1,format_all_caps_legacy,
20474,"WALDROP, D",1,format_all_caps_legacy,
20475,"TAYLOR, ND",1,format_all_caps_legacy,
20478,"DORRINGTON, C",1,format_all_caps_legacy,
20479,"WACHSMAN, L",1,format_all_caps_legacy,
20480,"AGRAWAL, NM",1,format_all_caps_legacy,
20481,"AKILESH, KB",1,format_all_caps_legacy,
20482,"SWAMY, PKS",1,format_all_caps_legacy,
20483,"OWEN, L",1,format_all_caps_legacy,
20484,"BATIA, RC",1,format_all_caps_legacy,
20485,"BATIA, A",1,format_all_caps_legacy,
20487,"FLOWERS, JV",1,format_all_caps_legacy,
20488,"MILLER, TE",1,format_all_caps_legacy,
20489,"BOORAEM, CD",1,format_all_caps_legacy,
20491,"HACKETT, L",1,format_all_caps_legacy,
20492,"HACKETT, R",1,format_all_caps_legacy,
20493,"RAINA, R",1,format_all_caps_legacy,
20494,"KIRWAN, M",1,format_all_caps_legacy,
20497,"MATHUR, A",1,format_all_caps_legacy,
20498,"MEADOWS, S",1,format_all_caps_legacy,
20499,"MONCHER, M",1,format_all_caps_legacy,
20501,"NAG, A",1,format_all_caps_legacy,
20503,"PARIKH, IJ",1,format_all_caps_legacy,
20504,"SHAH, NA",1,format_all_caps_legacy,
20505,"MUNCHERJI, N",1,format_all_caps_legacy,
20506,"SEQUEIRA, VI",1,format_all_caps_legacy,
20507,"SINHA, JBP",1,format_all_caps_legacy,
20510,"LANDSBERGEN, D",1,format_all_caps_legacy,
20511,"HECHT, D",1,format_all_caps_legacy,
20512,"BRANDON, RN",1,format_all_caps_legacy,
20513,"STOCKMAN, K",1,format_all_caps_legacy,
20514,"BROWNING, CJ",1,format_all_caps_legacy,
20515,"CARTER, C",1,format_all_caps_legacy,
20516,"COUDROUGLOU, A",1,format_all_caps_legacy,
20518,"SHMUELY, Y",1,format_all_caps_legacy,
20519,"COHEN, JW",1,format_all_caps_legacy,
20520,"TOURSE, RC",1,format_all_caps_legacy,
20521,"GRIMES, DR",1,format_all_caps_legacy,
20522,"MATHEWS, C",1,format_all_caps_legacy,
20523,"HILL, MA",1,format_all_caps_legacy,
20524,"GRANT, S",1,format_all_caps_legacy,
20525,"GREENE, DB",1,format_all_caps_legacy,
20526,"GIEBELHAUSEN, PN",1,format_all_caps_legacy,
20528,"RAUKTIS, MB",1,format_all_caps_legacy,
20529,"MACGREGOR, P",1,format_all_caps_legacy,
20531,"TIMERLAKE, EM",1,format_all_caps_legacy,
20535,"ROBINSON, WD",1,format_all_caps_legacy,
20536,"SERMABEIKIAN, P",1,format_all_caps_legacy,
20537,"SHERROD, L",1,format_all_caps_legacy,
20538,"STRICKLAND, L",1,format_all_caps_legacy,
20539,"TOWER, KD",1,format_all_caps_legacy,
20540,"DANGELO, L",1,format_all_caps_legacy,
20542,"ESSEX, EL",1,format_all_caps_legacy,
20543,"HELD, G",1,format_all_caps_legacy,
20544,"CULLEN, R",1,format_all_caps_legacy,
20545,"FINKELSTEIN, N",1,format_all_caps_legacy,
20546,"FOREMAN, L",1,format_all_caps_legacy,
20547,"TOMLIN, W",1,format_all_caps_legacy,
20548,"BRIGHT, Y",1,format_all_caps_legacy,
20549,"HARRIS, SN",1,format_all_caps_legacy,
20550,"SOLARZ, A",1,format_all_caps_legacy,
20551,"PACIONE, T",1,format_all_caps_legacy,
20552,"JASKULA, D",1,format_all_caps_legacy,
20553,"SCHERVISH, ML",1,format_all_caps_legacy,
20554,"SISCO, CB",1,format_all_caps_legacy,
20555,"PEARSON, CL",1,format_all_caps_legacy,
20557,"VALENTINE, M",1,format_all_caps_legacy,
20558,"WILKE, D",1,format_all_caps_legacy,
20560,"ROBERTS, E",1,format_all_caps_legacy,
20561,"ALPER, S",1,format_all_caps_legacy,
20562,"ANDERSON, DB",1,format_all_caps_legacy,
20563,"SHAW, SL",1,format_all_caps_legacy,
20565,"BABURAJAN, PK",1,format_all_caps_legacy,
20566,"BALL, S",1,format_all_caps_legacy,
20567,"BARIK, RK",1,format_all_caps_legacy,
20568,"BEELS, A",1,format_all_caps_legacy,
20569,"KASHNER, TM",1,format_all_caps_legacy,
20570,"BIRKMEYER, JF",1,format_all_caps_legacy,
20572,"BRABANT, S",1,format_all_caps_legacy,
20575,"ROMANCHUK, BJ",1,format_all_caps_legacy,
20576,"BRUNO, R",1,format_all_caps_legacy,
20577,"BUCK, NS",1,format_all_caps_legacy,
20578,"RAFFERTY, JA",1,format_all_caps_legacy,
20580,"CANTOR, MH",1,format_all_caps_legacy,
20581,"BRENNAN, M",1,format_all_caps_legacy,
20582,"KUMAR, SV",1,format_all_caps_legacy,
20583,"WONG, SF",1,format_all_caps_legacy,
20584,"CHICHIN, ER",1,format_all_caps_legacy,
20585,"FERSTER, L",1,format_all_caps_legacy,
20587,"BESANSKY, J",1,format_all_caps_legacy,
20588,"WATSON, V",1,format_all_caps_legacy,
20589,"BERNHARD, LJ",1,format_all_caps_legacy,
20590,"CORNELIUS, DS",1,format_all_caps_legacy,
20591,"GELSOMINO, J",1,format_all_caps_legacy,
20592,"DECCIO, G",1,format_all_caps_legacy,
20593,"DICKS, BA",1,format_all_caps_legacy,
20594,"DUPREE, LW",1,format_all_caps_legacy,
20595,"EADIE, DC",1,format_all_caps_legacy,
20596,"FERNANDES, S",1,format_all_caps_legacy,
20598,"GRESPI, L",1,format_all_caps_legacy,
20599,"FUNG, LW",1,format_all_caps_legacy,
20601,"GILES, G",1,format_all_caps_legacy,
20602,"GREEN, DB",1,format_all_caps_legacy,
20603,"GRUMMER, B",1,format_all_caps_legacy,
26973,"VENA, JE",1,format_all_caps_legacy,
26976,"HANSON, JG",1,format_all_caps_legacy,
26977,"MCCULLAGH, JG",1,format_all_caps_legacy,
26985,"SINGLETONBOWIE, SM",1,format_all_caps_legacy,
26986,"SLAGHT, EF",1,format_all_caps_legacy,
26987,"DAVIS, ME",1,format_all_caps_legacy,
26988,"THORNTON, S",1,format_all_caps_legacy,
26990,"BOK, S",1,format_all_caps_legacy,
26991,"BRENNAN, JW",1,format_all_caps_legacy,
26992,"BREUKER, K",1,format_all_caps_legacy,
26993,"CLEMENS, EL",1,format_all_caps_legacy,
26994,"COWLES, LA",1,format_all_caps_legacy,
26995,"LEFCOWITZ, MJ",1,format_all_caps_legacy,
26997,"FAVORINI, A",1,format_all_caps_legacy,
26999,"GEVA, J",1,format_all_caps_legacy,
27000,"GOLDBERG, ME",1,format_all_caps_legacy,
27001,"GRANT, LM",1,format_all_caps_legacy,
27004,"HOLBROOK, TL",1,format_all_caps_legacy,
27006,"LAPHAM, EV",1,format_all_caps_legacy,
27008,"WADSWORTH, CM",1,format_all_caps_legacy,
27009,"DUGAS, DS",1,format_all_caps_legacy,
27010,"HASNEY, JA",1,format_all_caps_legacy,
27012,"POLINKO, P",1,format_all_caps_legacy,
27013,"BRADLEY, WF",1,format_all_caps_legacy,
27014,"MOLYNEAUX, B",1,format_all_caps_legacy,
27015,"LUKOFF, C",1,format_all_caps_legacy,
27016,"ERLEN, J",1,format_all_caps_legacy,
27018,"RUBINO, DL",1,format_all_caps_legacy,
27020,"WEIHE, HJW",1,format_all_caps_legacy,
27022,"COPPER, N",1,format_all_caps_legacy,
27023,"PENNINGTON, D",1,format_all_caps_legacy,
27027,"KARNIK, SJ",1,format_all_caps_legacy,
27028,"GROVES, A",1,format_all_caps_legacy,
27029,"BAVENDAM, TG",1,format_all_caps_legacy,
27030,"MACASKILL, A",1,format_all_caps_legacy,
27031,"ASHWORTH, P",1,format_all_caps_legacy,
27032,"MANDER, R",1,format_all_caps_legacy,
27034,"OIBING, DL",1,format_all_caps_legacy,
27035,"OTWAY, O",1,format_all_caps_legacy,
27038,"PROCTOR, EE",1,format_all_caps_legacy,
27039,"CARROLL, J",1,format_all_caps_legacy,
27040,"CHAMBERS, P",1,format_all_caps_legacy,
27041,"DICKSON, D",1,format_all_caps_legacy,
27042,"LAVERY, G",1,format_all_caps_legacy,
27043,"MARDER, R",1,format_all_caps_legacy,
27044,"HUGHES, CK",1,format_all_caps_legacy,
27045,"TSARK, JU",1,format_all_caps_legacy,
27046,"SILAVWE, GW",1,format_all_caps_legacy,
27047,"WU, XC",1,format_all_caps_legacy,
27048,"PATTERSON, EG",1,format_all_caps_legacy,
27049,"GORDEN, R",1,format_all_caps_legacy,
27050,"SANTORELLA, G",1,format_all_caps_legacy,
27051,"ARMSTRONG, KR",1,format_all_caps_legacy,
27052,"LUND, PE",1,format_all_caps_legacy,
27053,"MCWRIGHT, LT",1,format_all_caps_legacy,
27054,"TICHENOR, V",1,format_all_caps_legacy,
27061,"LIOU, KT",1,format_all_caps_legacy,
27062,"BELL, JL",1,format_all_caps_legacy,
27065,"BERMAN, EM",1,format_all_caps_legacy,
27066,"BERNSTEIN, AJ",1,format_all_caps_legacy,
27067,"BIXBY, NB",1,format_all_caps_legacy,
27068,"RUCKDESCHEL, JC",1,format_all_caps_legacy,
27069,"GRANT, CH",1,format_all_caps_legacy,
27070,"HEMMICK, RM",1,format_all_caps_legacy,
27071,"BRADLEY, RH",1,format_all_caps_legacy,
27072,"PARETTE, HP",1,format_all_caps_legacy,
27073,"VANBIERVLIET, A",1,format_all_caps_legacy,
27074,"BRECKLER, SJ",1,format_all_caps_legacy,
27075,"BROBERG, M",1,format_all_caps_legacy,
27076,"KRIEG, K",1,format_all_caps_legacy,
27077,"BELLUCK, F",1,format_all_caps_legacy,
27079,"BURMAN, KJR",1,format_all_caps_legacy,
27084,"CHAKRABARTY, K",1,format_all_caps_legacy,
27087,"CLARIDGE, KE",1,format_all_caps_legacy,
27088,"ROWELL, RK",1,format_all_caps_legacy,
27089,"DUFFY, J",1,format_all_caps_legacy,
27090,"DUFFY, M",1,format_all_caps_legacy,
27094,"EVANS, P",1,format_all_caps_legacy,
27096,"DANIEWICZ, SC",1,format_all_caps_legacy,
27097,"DAVIS, BL",1,format_all_caps_legacy,
27098,"SCHNEIDER, PL",1,format_all_caps_legacy,
27099,"DIMOND, M",1,format_all_caps_legacy,
27100,"DINNERMAN, M",1,format_all_caps_legacy,
27101,"WALTERS, K",1,format_all_caps_legacy,
27102,"HARDIN, L",1,format_all_caps_legacy,
27103,"KARANIK, T",1,format_all_caps_legacy,
27104,"RAPHAEL, J",1,format_all_caps_legacy,
27105,"SILVERSTEIN, E",1,format_all_caps_legacy,
27106,"DRAPER, JA",1,format_all_caps_legacy,
27107,"DUNGAN, SS",1,format_all_caps_legacy,
27108,"JAQUAY, TR",1,format_all_caps_legacy,
27109,"REZNIK, KA",1,format_all_caps_legacy,
27110,"SANDS, EA",1,format_all_caps_legacy,
27115,"FOBAIR, PA",1,format_all_caps_legacy,
27116,"FONG, LGW",1,format_all_caps_legacy,
27117,"FRAZIER, PA",1,format_all_caps_legacy,
27118,"DAHL, KE",1,format_all_caps_legacy,
27119,"GAGEN, L",1,format_all_caps_legacy,
27120,"STERN, JD",1,format_all_caps_legacy,
27121,"GRAY, CA",1,format_all_caps_legacy,
27122,"GRAY, MC",1,format_all_caps_legacy,
27126,"GUROWKA, KJ",1,format_all_caps_legacy,
27130,"HAY, AG",1,format_all_caps_legacy,
27133,"LEIGH, GK",1,format_all_caps_legacy,
27134,"HERMAN, KC",1,format_all_caps_legacy,
27136,"NIZZA, A",1,format_all_caps_legacy,
27137,"HORN, JD",1,format_all_caps_legacy,
27138,"FELDMAN, HM",1,format_all_caps_legacy,
27139,"PLOOF, DL",1,format_all_caps_legacy,
27140,"HORST, ML",1,format_all_caps_legacy,
27143,"JAHAGIRDAR, MP",1,format_all_caps_legacy,
27144,"JAMES, RL",1,format_all_caps_legacy,
27145,"JENKINS, RA",1,format_all_caps_legacy,
27147,"KIM, YO",1,format_all_caps_legacy,
27150,"PUGH, KL",1,format_all_caps_legacy,
27151,"SASAKI, M",1,format_all_caps_legacy,
27152,"LENIHAN, MW",1,format_all_caps_legacy,
27154,"CARSEMCLOCKLIN, S",1,format_all_caps_legacy,
27155,"LINN, JG",1,format_all_caps_legacy,
27156,"POKU, KA",1,format_all_caps_legacy,
27157,"CAIN, VA",1,format_all_caps_legacy,
27158,"HOLZAPFEL, KM",1,format_all_caps_legacy,
27159,"CRAWFORD, DF",1,format_all_caps_legacy,
27160,"BERNSTEIN, MW",1,format_all_caps_legacy,
27161,"LYNCH, RS",1,format_all_caps_legacy,
27162,"MAHTANI, R",1,format_all_caps_legacy,
27163,"MANDAL, SK",1,format_all_caps_legacy,
27164,"MARGLES, D",1,format_all_caps_legacy,
27166,"MAUSNER, S",1,format_all_caps_legacy,
27167,"MCNEW, JA",1,format_all_caps_legacy,
27168,"MIAH, MMR",1,format_all_caps_legacy,
27170,"MILLER, BR",1,format_all_caps_legacy,
27171,"JACOBS, DR",1,format_all_caps_legacy,
27172,"MUKHOPADHYAY, KK",1,format_all_caps_legacy,
27174,"NATH, R",1,format_all_caps_legacy,
27175,"JHAMKHEDKAR, S",1,format_all_caps_legacy,
27176,"NEEMAN, L",1,format_all_caps_legacy,
27179,"NICKERSON, PR",1,format_all_caps_legacy,
27180,"LOWRY, CE",1,format_all_caps_legacy,
27181,"OSTERKAMP, LB",1,format_all_caps_legacy,
27182,"PARLE, M",1,format_all_caps_legacy,
27183,"MURDOCK, B",1,format_all_caps_legacy,
27184,"CHAPIN, R",1,format_all_caps_legacy,
27185,"PLASKON, PP",1,format_all_caps_legacy,
27186,"FADDEN, MJ",1,format_all_caps_legacy,
27187,"PLASSE, BR",1,format_all_caps_legacy,
27189,"LUKOFF, I",1,format_all_caps_legacy,
27190,"RABKIN, JC",1,format_all_caps_legacy,
27193,"ROY, B",1,format_all_caps_legacy,
27194,"RUSTER, PL",1,format_all_caps_legacy,
27196,"HADDEN, B",1,format_all_caps_legacy,
27197,"SCHMIDT, S",1,format_all_caps_legacy,
27206,"BARNHART, L",1,format_all_caps_legacy,
27207,"FITZPATRICK, V",1,format_all_caps_legacy,
27208,"SIDELL, N",1,format_all_caps_legacy,
27209,"FERTIG, B",1,format_all_caps_legacy,
27210,"GOMEZ, S",1,format_all_caps_legacy,
27212,"BUSSEY, J",1,format_all_caps_legacy,
27213,"LUNGHOFER, L",1,format_all_caps_legacy,
27214,"SMITH, RB",1,format_all_caps_legacy,
27215,"CLINTON, HG",1,format_all_caps_legacy,
27220,"SPALDING, AD",1,format_all_caps_legacy,
27221,"SPIEGEL, D",1,format_all_caps_legacy,
27222,"THOMPSON, SC",1,format_all_caps_legacy,
27223,"COLLINS, MA",1,format_all_caps_legacy,
27229,"STEIN, E",1,format_all_caps_legacy,
27230,"WAXLERMORRISON, N",1,format_all_caps_legacy,
27231,"HISLOP, TG",1,format_all_caps_legacy,
27232,"WEILER, JB",1,format_all_caps_legacy,
27234,"YAO, JC",1,format_all_caps_legacy,
27235,"YEHESKEL, A",1,format_all_caps_legacy,
27239,"AMATOVONHEMERT, K",1,format_all_caps_legacy,
27240,"SALLEY, MP",1,format_all_caps_legacy,
27241,"COBB, NH",1,format_all_caps_legacy,
27243,"DEREZOTES, D",1,format_all_caps_legacy,
27244,"HANNA, E",1,format_all_caps_legacy,
27245,"HOOD, S",1,format_all_caps_legacy,
27246,"TROCME, N",1,format_all_caps_legacy,
27247,"MASSEY, DS",1,format_all_caps_legacy,
27248,"MCWILLIAM, C",1,format_all_caps_legacy,
27249,"SIMBI, P",1,format_all_caps_legacy,
27251,"ROSVALL, SB",1,format_all_caps_legacy,
27252,"QUINN, LM",1,format_all_caps_legacy,
27253,"FRANK, P",1,format_all_caps_legacy,
27254,"BAILEYDEMPSEY, CA",1,format_all_caps_legacy,
27255,"CAIN, E",1,format_all_caps_legacy,
27256,"COOK, TV",1,format_all_caps_legacy,
27257,"BURCHARD, JD",1,format_all_caps_legacy,
27258,"SUMNER, K",1,format_all_caps_legacy,
27259,"VODDE, RJ",1,format_all_caps_legacy,
27260,"AUSTIN, S",1,format_all_caps_legacy,
27261,"AXELROD, J",1,format_all_caps_legacy,
27262,"ROSS, R",1,format_all_caps_legacy,
27263,"BODEL, MG",1,format_all_caps_legacy,
27264,"CLARKIN, JF",1,format_all_caps_legacy,
27265,"HULL, JW",1,format_all_caps_legacy,
27267,"INOUYE, DK",1,format_all_caps_legacy,
27268,"MARIN, MV",1,format_all_caps_legacy,
27269,"VACHA, EF",1,format_all_caps_legacy,
27271,"OSMAN, H",1,format_all_caps_legacy,
27272,"PERLIN, TM",1,format_all_caps_legacy,
27273,"KUYKENDALL, R",1,format_all_caps_legacy,
27274,"STOSNY, S",1,format_all_caps_legacy,
27275,"WELLS, TL",1,format_all_caps_legacy,
27276,"WOLMARK, A",1,format_all_caps_legacy,
27277,"MARSHALL, CL",1,format_all_caps_legacy,
27278,"ANDERSON, EJ",1,format_all_caps_legacy,
27279,"BASU, DP",1,format_all_caps_legacy,
27280,"BHATTACHARYA, S",1,format_all_caps_legacy,
27281,"SENAPATI, SK",1,format_all_caps_legacy,
27282,"HART, DA",1,format_all_caps_legacy,
27283,"KANE, P",1,format_all_caps_legacy,
27284,"MCLEOD, J",1,format_all_caps_legacy,
27285,"PACHAURI, S",1,format_all_caps_legacy,
27286,"PELTO, PJ",1,format_all_caps_legacy,
27287,"MISHRA, K",1,format_all_caps_legacy,
27288,"DEY, A",1,format_all_caps_legacy,
27289,"SAVARA, M",1,format_all_caps_legacy,
27290,"SRIDHAR, CR",1,format_all_caps_legacy,
27291,"WALKER, BG",1,format_all_caps_legacy,
27292,"WATSON, FA",1,format_all_caps_legacy,
27293,"BURTON, SL",1,format_all_caps_legacy,
27294,"PARKS, AL",1,format_all_caps_legacy,
27296,"KIEFER, D",1,format_all_caps_legacy,
27297,"POPUANG, C",1,format_all_caps_legacy,
27298,"CANCEL, J",1,format_all_caps_legacy,
27299,"ROLON, A",1,format_all_caps_legacy,
27300,"HOWES, MJ",1,format_all_caps_legacy,
27301,"HOKE, L",1,format_all_caps_legacy,
27302,"WINTERBOTTOM, M",1,format_all_caps_legacy,
27303,"DELAFIELD, D",1,format_all_caps_legacy,
27304,"JANSSEN, JS",1,format_all_caps_legacy,
27305,"JENDREK, MP",1,format_all_caps_legacy,
27306,"JHA, SS",1,format_all_caps_legacy,
27307,"KEEHN, DS",1,format_all_caps_legacy,
27308,"ROGLITZ, C",1,format_all_caps_legacy,
27309,"LINDBLOM, L",1,format_all_caps_legacy,
27310,"KOTELCHUCK, R",1,format_all_caps_legacy,
27311,"LAZAR, BA",1,format_all_caps_legacy,
27312,"LEE, ML",1,format_all_caps_legacy,
27313,"COHEN, SE",1,format_all_caps_legacy,
27314,"STUBER, ML",1,format_all_caps_legacy,
27315,"NADER, K",1,format_all_caps_legacy,
27316,"LEIS, AM",1,format_all_caps_legacy,
27317,"HAINES, CS",1,format_all_caps_legacy,
27318,"PANCYR, GC",1,format_all_caps_legacy,
27320,"STANDIFER, D",1,format_all_caps_legacy,
27321,"CAULEY, C",1,format_all_caps_legacy,
27322,"DIEHL, M",1,format_all_caps_legacy,
27323,"MENEFEE, DT",1,format_all_caps_legacy,
27324,"MILLNER, L",1,format_all_caps_legacy,
27325,"YANIV, H",1,format_all_caps_legacy,
27326,"GEVA, N",1,format_all_caps_legacy,
27327,"MUSHEL, M",1,format_all_caps_legacy,
27328,"NELSON, AE",1,format_all_caps_legacy,
27329,"MILES, MS",1,format_all_caps_legacy,
27330,"REED, SB",1,format_all_caps_legacy,
27331,"DAVIS, CP",1,format_all_caps_legacy,
27333,"NGANPUN, N",1,format_all_caps_legacy,
27334,"KAMAT, M",1,format_all_caps_legacy,
27335,"POPPLE, P",1,format_all_caps_legacy,
27336,"WALKER, JL",1,format_all_caps_legacy,
27337,"DODGE, KL",1,format_all_caps_legacy,
27338,"RAUKTIS, ME",1,format_all_caps_legacy,
27339,"REISKIN, J",1,format_all_caps_legacy,
27340,"ROBERTS, VZ",1,format_all_caps_legacy,
27341,"ROHAN, EA",1,format_all_caps_legacy,
27342,"ROWE, JW",1,format_all_caps_legacy,
27343,"RUDIN, DJ",1,format_all_caps_legacy,
27344,"HWANG, SD",1,format_all_caps_legacy,
27345,"SETHI, D",1,format_all_caps_legacy,
27346,"MOSCA, J",1,format_all_caps_legacy,
27347,"DUNGAN, S",1,format_all_caps_legacy,
27348,"RIEKER, PP",1,format_all_caps_legacy,
27349,"SPICER, SJ",1,format_all_caps_legacy,
27350,"MURRAY, JJ",1,format_all_caps_legacy,
27351,"STOKES, J",1,format_all_caps_legacy,
27352,"SIEGEL, EJ",1,format_all_caps_legacy,
27353,"GARCIA, C",1,format_all_caps_legacy,
27354,"FISHER, BJ",1,format_all_caps_legacy,
27355,"TAKAHASHI, EA",1,format_all_caps_legacy,
27356,"BOYNTON, KE",1,format_all_caps_legacy,
27357,"BENNIS, L",1,format_all_caps_legacy,
27359,"TRENT, CH",1,format_all_caps_legacy,
27360,"HAYARATNE, S",1,format_all_caps_legacy,
27361,"LAW, M",1,format_all_caps_legacy,
27362,"DOSSANTOS, M",1,format_all_caps_legacy,
27363,"GREER, S",1,format_all_caps_legacy,
27364,"BARUCH, J",1,format_all_caps_legacy,
27365,"BLISS, J",1,format_all_caps_legacy,
27366,"WILSON, JG",1,format_all_caps_legacy,
27367,"ORLOFSKY, JL",1,format_all_caps_legacy,
27368,"WITTROCK, DA",1,format_all_caps_legacy,
27369,"LARSON, LS",1,format_all_caps_legacy,
27370,"SANDGREN, AK",1,format_all_caps_legacy,
27371,"DOREIAN, P",1,format_all_caps_legacy,
27372,"CRUISE, PL",1,format_all_caps_legacy,
27373,"BURKE, K",1,format_all_caps_legacy,
27374,"LIVINGSTON, P",1,format_all_caps_legacy,
27376,"CREIGHTON, SJ",1,format_all_caps_legacy,
27377,"GREENSPAN, R",1,format_all_caps_legacy,
27378,"LEADBETTER, D",1,format_all_caps_legacy,
27379,"MILLER, W",1,format_all_caps_legacy,
27380,"NEDELMAN, HL",1,format_all_caps_legacy,
27381,"MORRIS, JK",1,format_all_caps_legacy,
27382,"MOWBRAY, M",1,format_all_caps_legacy,
27383,"PARKER, G",1,format_all_caps_legacy,
27385,"MATSUEDA, RL",1,format_all_caps_legacy,
27386,"RUSSEL, R",1,format_all_caps_legacy,
27387,"GILL, P",1,format_all_caps_legacy,
27388,"COYNE, A",1,format_all_caps_legacy,
27389,"WOODY, J",1,format_all_caps_legacy,
27390,"SALTMAN, JEE",1,format_all_caps_legacy,
27392,"TIZARD, B",1,format_all_caps_legacy,
27393,"BROWNLOW, A",1,format_all_caps_legacy,
27394,"FURNISS, RJ",1,format_all_caps_legacy,
27395,"JOHNSTON, SH",1,format_all_caps_legacy,
27396,"REGAN, JM",1,format_all_caps_legacy,
27397,"NORRISSHORTLE, C",1,format_all_caps_legacy,
27398,"YOUNG, PA",1,format_all_caps_legacy,
27399,"PATANIA, SS",1,format_all_caps_legacy,
27400,"KISTHARDT, W",1,format_all_caps_legacy,
27401,"SHILKRET, R",1,format_all_caps_legacy,
27402,"SIMON, E",1,format_all_caps_legacy,
27403,"VERSCHELDEN, C",1,format_all_caps_legacy,
27404,"ABUTAHER, M",1,format_all_caps_legacy,
27405,"RAHMAN, ASMA",1,format_all_caps_legacy,
27406,"BOURN, DF",1,format_all_caps_legacy,
27407,"DAS, PK",1,format_all_caps_legacy,
27408,"DESHPANDE, LK",1,format_all_caps_legacy,
27409,"GANDY, J",1,format_all_caps_legacy,
27410,"ROOF, HL",1,format_all_caps_legacy,
27411,"JESSON, J",1,format_all_caps_legacy,
27412,"PANDEY, RS",1,format_all_caps_legacy,
27413,"FREEDMAN, E",1,format_all_caps_legacy,
27414,"CALESE, J",1,format_all_caps_legacy,
27415,"CULHANE, D",1,format_all_caps_legacy,
27416,"DASGUPTA, P",1,format_all_caps_legacy,
27417,"ROTMAN, C",1,format_all_caps_legacy,
27418,"ELKS, MA",1,format_all_caps_legacy,
27419,"KIRKHART, KE",1,format_all_caps_legacy,
27420,"EPSTEIN, RA",1,format_all_caps_legacy,
27422,"GEORGE, MH",1,format_all_caps_legacy,
27423,"GILLISPIE, PL",1,format_all_caps_legacy,
27425,"RYAN, LG",1,format_all_caps_legacy,
27426,"LYNCH, AA",1,format_all_caps_legacy,
27427,"PALACIOSJIMENEZ, L",1,format_all_caps_legacy,
27428,"MARVEL, WL",1,format_all_caps_legacy,
27429,"NUNESDINIS, M",1,format_all_caps_legacy,
27430,"ODONNELL, S",1,format_all_caps_legacy,
27431,"LAW, SWO",1,format_all_caps_legacy,
27432,"SCHWARTZ, B",1,format_all_caps_legacy,
27433,"WINSOR, RM",1,format_all_caps_legacy,
27434,"WUTHNOW, R",1,format_all_caps_legacy,
27435,"YOUNG, V",1,format_all_caps_legacy,
27436,"ZAKUTANSKY, TJ",1,format_all_caps_legacy,
27437,"BRIGGS, P",1,format_all_caps_legacy,
27438,"MANSELL, J",1,format_all_caps_legacy,
27439,"BEASLEY, F",1,format_all_caps_legacy,
27440,"AHMAD, S",1,format_all_caps_legacy,
27441,"BRESLOW, DB",1,format_all_caps_legacy,
27442,"DSOUZA, V",1,format_all_caps_legacy,
27443,"MAZUMDAR, K",1,format_all_caps_legacy,
27444,"FRANS, DJ",1,format_all_caps_legacy,
27445,"GELLERT, GA",1,format_all_caps_legacy,
27446,"BERKOWITZ, CD",1,format_all_caps_legacy,
27447,"GELLERT, MJ",1,format_all_caps_legacy,
27448,"DURFEE, MJ",1,format_all_caps_legacy,
27449,"GNIECH, G",1,format_all_caps_legacy,
27450,"SONAWAT, R",1,format_all_caps_legacy,
27451,"DAVIDSON, BN",1,format_all_caps_legacy,
27452,"BELVILLE, R",1,format_all_caps_legacy,
27453,"LACHAPELLE, S",1,format_all_caps_legacy,
27454,"GORDON, G",1,format_all_caps_legacy,
27455,"DEWART, T",1,format_all_caps_legacy,
27456,"MASHREQUE, MS",1,format_all_caps_legacy,
27457,"AMIN, KMR",1,format_all_caps_legacy,
27458,"OELLERICH, TD",1,format_all_caps_legacy,
27459,"REICHERTZ, D",1,format_all_caps_legacy,
27460,"HARDY, CJ",1,format_all_caps_legacy,
27461,"MAPLE, FF",1,format_all_caps_legacy,
27462,"SIGANPORIA, M",1,format_all_caps_legacy,
27463,"STARK, E",1,format_all_caps_legacy,
27464,"BRABECK, M",1,format_all_caps_legacy,
27466,"FINLAY, R",1,format_all_caps_legacy,
27467,"HEALY, T",1,format_all_caps_legacy,
27468,"HUNTER, V",1,format_all_caps_legacy,
27469,"NOVAK, T",1,format_all_caps_legacy,
27470,"LAMBERT, SJ",1,format_all_caps_legacy,
27471,"LOTTWHITEHEAD, L",1,format_all_caps_legacy,
27472,"LUKTON, R",1,format_all_caps_legacy,
27473,"MUZIO, C",1,format_all_caps_legacy,
27474,"OCONNELL, A",1,format_all_caps_legacy,
27475,"TROPMAN, J",1,format_all_caps_legacy,
27476,"WELLEK, JS",1,format_all_caps_legacy,
27477,"MCLANAHAN, S",1,format_all_caps_legacy,
27478,"BERGMAN, A",1,format_all_caps_legacy,
27479,"WELLS, L",1,format_all_caps_legacy,
27480,"ABBEY, S",1,format_all_caps_legacy,
27481,"EMBLETON, L",1,format_all_caps_legacy,
27482,"GUIRGIS, S",1,format_all_caps_legacy,
27483,"HUOT, A",1,format_all_caps_legacy,
27484,"PRENTICE, L",1,format_all_caps_legacy,
27485,"STAPLETON, D",1,format_all_caps_legacy,
27486,"SHEKTERWOLFSON, L",1,format_all_caps_legacy,
27487,"URMAN, S",1,format_all_caps_legacy,
27488,"KALMUSS, D",1,format_all_caps_legacy,
49447,"BONK, J",1,format_all_caps_legacy,
49448,"DEATON, RL",1,format_all_caps_legacy,
49449,"STUNTZNERGIBSON, D",1,format_all_caps_legacy,
49450,"KOREN, PE",1,format_all_caps_legacy,
49452,"WALZER, S",1,format_all_caps_legacy,
49453,"ARCHES, J",1,format_all_caps_legacy,
49454,"DELOIS, KA",1,format_all_caps_legacy,
49455,"ENTRIKEN, C",1,format_all_caps_legacy,
49456,"WARFIELD, ME",1,format_all_caps_legacy,
49457,"HENDRIX, CC",1,format_all_caps_legacy,
49458,"JURICH, AP",1,format_all_caps_legacy,
49459,"SCHUMM, WR",1,format_all_caps_legacy,
49460,"MCBRIDE, BA",1,format_all_caps_legacy,
49461,"DARRAGH, J",1,format_all_caps_legacy,
49462,"RODITTI, MG",1,format_all_caps_legacy,
49463,"ROGERS, R",1,format_all_caps_legacy,
49464,"BOND, BM",1,format_all_caps_legacy,
49466,"MONCHER, FJ",1,format_all_caps_legacy,
49467,"PIERCE, WJ",1,format_all_caps_legacy,
49468,"SINGLETON, SM",1,format_all_caps_legacy,
49469,"CURTNERSMITH, ME",1,format_all_caps_legacy,
49470,"DEVEAUX, F",1,format_all_caps_legacy,
49471,"NAKHAIMA, JM",1,format_all_caps_legacy,
49472,"DICKS, BH",1,format_all_caps_legacy,
49473,"BENATAR, M",1,format_all_caps_legacy,
49474,"OCONNOR, DL",1,format_all_caps_legacy,
49475,"RIFE, J",1,format_all_caps_legacy,
49477,"ABBOTT, DA",1,format_all_caps_legacy,
49478,"CRAMER, SL",1,format_all_caps_legacy,
49479,"SHERRETS, SD",1,format_all_caps_legacy,
49481,"MICKEL, E",1,format_all_caps_legacy,
49482,"COLE, ES",1,format_all_caps_legacy,
49483,"PINDERHUGHES, E",1,format_all_caps_legacy,
49484,"HARNETT, JM",1,format_all_caps_legacy,
49486,"WARNER, TR",1,format_all_caps_legacy,
49487,"GOLDBERG, PB",1,format_all_caps_legacy,
49488,"HERSTAND, M",1,format_all_caps_legacy,
49490,"LEAHY, BH",1,format_all_caps_legacy,
49492,"KRUG, S",1,format_all_caps_legacy,
49493,"PURK, JK",1,format_all_caps_legacy,
49495,"FOY, CW",1,format_all_caps_legacy,
49496,"ALTSCHULER, S",1,format_all_caps_legacy,
49497,"ORTIZ, L",1,format_all_caps_legacy,
49498,"PRAY, KLM",1,format_all_caps_legacy,
49499,"WADE, JC",1,format_all_caps_legacy,
49500,"GETTYS, GD",1,format_all_caps_legacy,
49501,"TARCY, EM",1,format_all_caps_legacy,
49502,"PUGH, A",1,format_all_caps_legacy,
49503,"KAPP, SN",1,format_all_caps_legacy,
49504,"BRENNAN, JP",1,format_all_caps_legacy,
49505,"SCHAECHER, R",1,format_all_caps_legacy,
49506,"JUE, S",1,format_all_caps_legacy,
49507,"WARDLAW, LA",1,format_all_caps_legacy,
49508,"LAWSON, M",1,format_all_caps_legacy,
49509,"BENTELSPACHER, CE",1,format_all_caps_legacy,
49510,"CHITRAN, S",1,format_all_caps_legacy,
49511,"RAHMAN, MBA",1,format_all_caps_legacy,
49513,"MCEVOY, AW",1,format_all_caps_legacy,
49514,"REED, M",1,format_all_caps_legacy,
49515,"DESCHWEINITZ, D",1,format_all_caps_legacy,
49516,"OSACHUK, TAG",1,format_all_caps_legacy,
49518,"TAFT, J",1,format_all_caps_legacy,
49520,"DEMPSEY, CL",1,format_all_caps_legacy,
49521,"GROVES, ER",1,format_all_caps_legacy,
49522,"LEONARD, CA",1,format_all_caps_legacy,
49523,"SCHAFFER, MA",1,format_all_caps_legacy,
49524,"LIAHOAGBERG, B",1,format_all_caps_legacy,
49525,"SMITH, JN",1,format_all_caps_legacy,
49526,"BECKNER, BM",1,format_all_caps_legacy,
49527,"BRUNO, FJ",1,format_all_caps_legacy,
49530,"MEADOW, D",1,format_all_caps_legacy,
49531,"DILLON, D",1,format_all_caps_legacy,
49533,"HARE, J",1,format_all_caps_legacy,
49535,"PENZERRO, RM",1,format_all_caps_legacy,
49536,"RICHMOND, ME",1,format_all_caps_legacy,
49538,"DELLMANNJENKINS, M",1,format_all_caps_legacy,
49539,"SATTLER, SH",1,format_all_caps_legacy,
49540,"NOWICKI, J",1,format_all_caps_legacy,
49541,"TRAPP, J",1,format_all_caps_legacy,
49542,"PETERSEN, J",1,format_all_caps_legacy,
49543,"SANDAUBECKLER, PA",1,format_all_caps_legacy,
49545,"APONTE, R",1,format_all_caps_legacy,
49546,"AXINN, JM",1,format_all_caps_legacy,
49548,"DILEONARDI, JW",1,format_all_caps_legacy,
49549,"RONNAU, JP",1,format_all_caps_legacy,
49551,"STUM, MS",1,format_all_caps_legacy,
49552,"DELANEY, PJ",1,format_all_caps_legacy,
49553,"HEINTZELMAN, CA",1,format_all_caps_legacy,
49554,"HORTON, AL",1,format_all_caps_legacy,
49555,"JOHNSON, BL",1,format_all_caps_legacy,
49556,"HASLER, MD",1,format_all_caps_legacy,
49557,"OTIS, AG",1,format_all_caps_legacy,
49558,"DYER, L",1,format_all_caps_legacy,
49559,"GOWEN, N",1,format_all_caps_legacy,
49560,"HALPIN, S",1,format_all_caps_legacy,
49562,"ABAGNALE, S",1,format_all_caps_legacy,
49563,"FLATOW, E",1,format_all_caps_legacy,
49564,"JACCARD, J",1,format_all_caps_legacy,
49565,"DITTUS, P",1,format_all_caps_legacy,
49567,"CHAMBLISS, SA",1,format_all_caps_legacy,
49568,"BLUM, RW",1,format_all_caps_legacy,
49569,"MCINTOSH, J",1,format_all_caps_legacy,
49570,"OLSON, MR",1,format_all_caps_legacy,
49571,"HAYNES, JA",1,format_all_caps_legacy,
49572,"STENBERG, L",1,format_all_caps_legacy,
49573,"BLINN, L",1,format_all_caps_legacy,
49574,"BERNHARDT, B",1,format_all_caps_legacy,
49575,"KRISTALL, J",1,format_all_caps_legacy,
49576,"STEVENSON, DG",1,format_all_caps_legacy,
49577,"GRAUERHOLZ, E",1,format_all_caps_legacy,
49578,"KAPLAN, L",1,format_all_caps_legacy,
49579,"HENNON, CB",1,format_all_caps_legacy,
49580,"ADERIDDER, L",1,format_all_caps_legacy,
49581,"MORHARDT, DJ",1,format_all_caps_legacy,
49582,"MONBRODFRAMBURG, G",1,format_all_caps_legacy,
49583,"MARTIN, TF",1,format_all_caps_legacy,
49584,"WINSTON, ET",1,format_all_caps_legacy,
49585,"BENENSON, WA",1,format_all_caps_legacy,
49586,"GODDARD, HW",1,format_all_caps_legacy,
49587,"MILLER, BC",1,format_all_caps_legacy,
49588,"WESTRA, B",1,format_all_caps_legacy,
49590,"LEVINE, JA",1,format_all_caps_legacy,
49591,"MCADOO, JL",1,format_all_caps_legacy,
49592,"PRUETT, KD",1,format_all_caps_legacy,
49593,"SEWARD, RR",1,format_all_caps_legacy,
49594,"WIEMER, LE",1,format_all_caps_legacy,
49597,"KUNTZ, B",1,format_all_caps_legacy,
49598,"YATES, WR",1,format_all_caps_legacy,
49599,"WILLIAMS, OJ",1,format_all_caps_legacy,
49601,"EMERY, A",1,format_all_caps_legacy,
49602,"RICH, RO",1,format_all_caps_legacy,
49604,"KOTOVSKY, A",1,format_all_caps_legacy,
49605,"WYNN, RL",1,format_all_caps_legacy,
49606,"HANSEN, LB",1,format_all_caps_legacy,
49607,"JACOB, E",1,format_all_caps_legacy,
49608,"HASKETT, ME",1,format_all_caps_legacy,
49609,"MILLER, JW",1,format_all_caps_legacy,
49610,"WHITWORTH, JM",1,format_all_caps_legacy,
49611,"HUFFMAN, JM",1,format_all_caps_legacy,
49612,"CHUBB, NH",1,format_all_caps_legacy,
49613,"FERTMAN, CI",1,format_all_caps_legacy,
49614,"DIAZ, C",1,format_all_caps_legacy,
49615,"FRIEDEMANN, ML",1,format_all_caps_legacy,
49616,"YOUNGBLOOD, M",1,format_all_caps_legacy,
49617,"GROSS, CJ",1,format_all_caps_legacy,
49618,"ORTEN, JL",1,format_all_caps_legacy,
49619,"ILETT, MJ",1,format_all_caps_legacy,
49620,"BROKENNOSE, MA",1,format_all_caps_legacy,
49621,"FRANKLIN, AJ",1,format_all_caps_legacy,
49622,"HARDY, KV",1,format_all_caps_legacy,
49623,"LASZLOFFY, TA",1,format_all_caps_legacy,
49626,"MCGOLDRICK, M",1,format_all_caps_legacy,
49627,"ALMEIDA, R",1,format_all_caps_legacy,
49628,"WELTMAN, S",1,format_all_caps_legacy,
49629,"SOLOMON, A",1,format_all_caps_legacy,
49630,"HANSON, SL",1,format_all_caps_legacy,
49631,"CONWAY, P",1,format_all_caps_legacy,
49632,"DIORIO, WD",1,format_all_caps_legacy,
49633,"ERDELYI, PJ",1,format_all_caps_legacy,
49634,"HIEBERTMURPHY, D",1,format_all_caps_legacy,
49635,"RUNTZ, M",1,format_all_caps_legacy,
49636,"KING, KM",1,format_all_caps_legacy,
49637,"PEGRAM, MH",1,format_all_caps_legacy,
49638,"ROWETON, WE",1,format_all_caps_legacy,
49639,"WEAVER, B",1,format_all_caps_legacy,
49640,"BARBOUR, N",1,format_all_caps_legacy,
49641,"DUNCAN, SF",1,format_all_caps_legacy,
49643,"COHEN, PM",1,format_all_caps_legacy,
49644,"KAWAI, M",1,format_all_caps_legacy,
49645,"NUNNALLY, E",1,format_all_caps_legacy,
49646,"PIECHOWSKI, LD",1,format_all_caps_legacy,
49647,"HOLMES, T",1,format_all_caps_legacy,
49648,"BETCHEN, SJ",1,format_all_caps_legacy,
49649,"BUSBY, W",1,format_all_caps_legacy,
49650,"NASH, J",1,format_all_caps_legacy,
49651,"BOWEN, G",1,format_all_caps_legacy,
49652,"HULSEMAN, FS",1,format_all_caps_legacy,
49653,"MERKEL, LA",1,format_all_caps_legacy,
49654,"CLEVENGER, D",1,format_all_caps_legacy,
49655,"COLETTA, A",1,format_all_caps_legacy,
49656,"LEEDS, V",1,format_all_caps_legacy,
49658,"LEVY, EF",1,format_all_caps_legacy,
49659,"BISTLINE, JL",1,format_all_caps_legacy,
49660,"SHERIDAN, S",1,format_all_caps_legacy,
49661,"MOSKOWITZSWEET, G",1,format_all_caps_legacy,
49662,"GILLMAN, R",1,format_all_caps_legacy,
49664,"SARNO, C",1,format_all_caps_legacy,
49665,"DAVIES, D",1,format_all_caps_legacy,
49666,"DOUGLAS, H",1,format_all_caps_legacy,
49667,"FRANK, MD",1,format_all_caps_legacy,
49669,"SAKAI, CE",1,format_all_caps_legacy,
49670,"JOHNSON, GB",1,format_all_caps_legacy,
49672,"MOROZ, KJ",1,format_all_caps_legacy,
49673,"KLAPPERSACK, B",1,format_all_caps_legacy,
49675,"TAIRA, F",1,format_all_caps_legacy,
49676,"TAIRA, D",1,format_all_caps_legacy,
49677,"BURANT, R",1,format_all_caps_legacy,
49678,"BURDICK, JE",1,format_all_caps_legacy,
49681,"HOWARD, R",1,format_all_caps_legacy,
49682,"LIPSITZ, G",1,format_all_caps_legacy,
49683,"SHEPPARD, F",1,format_all_caps_legacy,
49684,"KIRSTASHMAN, KK",1,format_all_caps_legacy,
49686,"BUSHORN, RJ",1,format_all_caps_legacy,
49687,"PERRY, HL",1,format_all_caps_legacy,
49688,"TIPPIN, G",1,format_all_caps_legacy,
49689,"FARROW, F",1,format_all_caps_legacy,
49690,"KOHL, H",1,format_all_caps_legacy,
49691,"LOURIE, IS",1,format_all_caps_legacy,
49692,"KATZLEAVY, J",1,format_all_caps_legacy,
49693,"MASSINGA, RW",1,format_all_caps_legacy,
49694,"CARGAL, J",1,format_all_caps_legacy,
49695,"COHEN, BB",1,format_all_caps_legacy,
49696,"DEREZOTES, DS",1,format_all_caps_legacy,
49697,"HALL, EH",1,format_all_caps_legacy,
49700,"ZIEFERT, M",1,format_all_caps_legacy,
49701,"BROWN, KS",1,format_all_caps_legacy,
49702,"FEDOROFF, JP",1,format_all_caps_legacy,
49703,"GOREN, SG",1,format_all_caps_legacy,
49704,"KELLYPOWELL, ML",1,format_all_caps_legacy,
49705,"PILLARI, V",1,format_all_caps_legacy,
49706,"PRIDGEN, NH",1,format_all_caps_legacy,
49707,"SELIGMAN, M",1,format_all_caps_legacy,
49708,"WARTEL, SG",1,format_all_caps_legacy,
49709,"GIANCARLO, TJ",1,format_all_caps_legacy,
49710,"GRIFFIN, RE",1,format_all_caps_legacy,
49711,"HOFFMAN, WS",1,format_all_caps_legacy,
49712,"CARPENTIERALTING, P",1,format_all_caps_legacy,
49713,"HAMILTON, VL",1,format_all_caps_legacy,
49714,"BROMAN, CL",1,format_all_caps_legacy,
49715,"JACKSON, WP",1,format_all_caps_legacy,
49717,"CZARNECKI, JC",1,format_all_caps_legacy,
49718,"MILLER, EJ",1,format_all_caps_legacy,
49719,"MARCUS, HP",1,format_all_caps_legacy,
49720,"RUNGE, CM",1,format_all_caps_legacy,
49723,"CHRISTMON, K",1,format_all_caps_legacy,
49724,"EARLYADAMS, P",1,format_all_caps_legacy,
49725,"WALLINGA, C",1,format_all_caps_legacy,
49726,"SKEEN, P",1,format_all_caps_legacy,
49727,"PAGUIO, LP",1,format_all_caps_legacy,
49728,"REISER, E",1,format_all_caps_legacy,
49729,"GROTEVANT, HD",1,format_all_caps_legacy,
49730,"LOPEZ, SA",1,format_all_caps_legacy,
49731,"FURUTA, A",1,format_all_caps_legacy,
49732,"BURCH, GW",1,format_all_caps_legacy,
49733,"DALY, K",1,format_all_caps_legacy,
49734,"HAAS, B",1,format_all_caps_legacy,
49735,"HARANGODY, G",1,format_all_caps_legacy,
49736,"SCHORR, LB",1,format_all_caps_legacy,
49737,"WOLFF, JM",1,format_all_caps_legacy,
49738,"FOX, J",1,format_all_caps_legacy,
49739,"MESSINGER, K",1,format_all_caps_legacy,
49741,"GAKIS, T",1,format_all_caps_legacy,
49742,"GARVAL, HS",1,format_all_caps_legacy,
49743,"MCMAHON, JE",1,format_all_caps_legacy,
49744,"BOWMAN, VM",1,format_all_caps_legacy,
49745,"THOMPSON, DS",1,format_all_caps_legacy,
49746,"BONJEAN, MJ",1,format_all_caps_legacy,
49747,"CRANSTON, A",1,format_all_caps_legacy,
49748,"DENTON, K",1,format_all_caps_legacy,
49749,"LOVE, LT",1,format_all_caps_legacy,
49750,"SLATE, R",1,format_all_caps_legacy,
49751,"GERLAND, OW",1,format_all_caps_legacy,
49752,"GRAHAM, KR",1,format_all_caps_legacy,
49753,"GRAY, EB",1,format_all_caps_legacy,
49754,"LOVEJOY, MC",1,format_all_caps_legacy,
49755,"PIOTRKOWSKI, CS",1,format_all_caps_legacy,
49756,"BOND, JT",1,format_all_caps_legacy,
49757,"LANDON, PS",1,format_all_caps_legacy,
49758,"SELIGSON, M",1,format_all_caps_legacy,
49759,"FERSH, E",1,format_all_caps_legacy,
49760,"BADEN, RK",1,format_all_caps_legacy,
49761,"COKER, KH",1,format_all_caps_legacy,
49762,"GATZ, YK",1,format_all_caps_legacy,
49763,"HOLLIDAY, M",1,format_all_caps_legacy,
49764,"CRONIN, R",1,format_all_caps_legacy,
49765,"CATES, JA",1,format_all_caps_legacy,
49766,"GRAHAM, LL",1,format_all_caps_legacy,
49767,"BOEGLIN, D",1,format_all_caps_legacy,
49768,"TIELKER, S",1,format_all_caps_legacy,
49769,"TAYNOR, J",1,format_all_caps_legacy,
49770,"NELSON, RW",1,format_all_caps_legacy,
49772,"TRAMO, JG",1,format_all_caps_legacy,
49773,"ZILVERSMIT, CP",1,format_all_caps_legacy,
49774,"ABRAHAMS, R",1,format_all_caps_legacy,
49775,"LIFTIK, J",1,format_all_caps_legacy,
49776,"CUDABACK, DJ",1,format_all_caps_legacy,
49777,"WIGGINS, ES",1,format_all_caps_legacy,
49778,"FREY, GA",1,format_all_caps_legacy,
49779,"PANZARINE, S",1,format_all_caps_legacy,
49780,"LANNING, P",1,format_all_caps_legacy,
49781,"WOLLAN, BJ",1,format_all_caps_legacy,
49782,"ANDERSON, WA",1,format_all_caps_legacy,
49783,"DUMOIS, AO",1,format_all_caps_legacy,
49784,"GREENMAN, M",1,format_all_caps_legacy,
49785,"BAILEY, C",1,format_all_caps_legacy,
49787,"SUNG, SC",1,format_all_caps_legacy,
49788,"MOYNIHAN, DP",1,format_all_caps_legacy,
49822,"ELROD, P",1,format_all_caps_legacy,
49823,"KELLEY, D",1,format_all_caps_legacy,
49828,"ELLIN, J",1,format_all_caps_legacy,
49847,"DAY, S",1,format_all_caps_legacy,
49848,"CLARK, RD",1,format_all_caps_legacy,
49889,"FALK, WW",1,format_all_caps_legacy,
49899,"MANGAN, JM",1,format_all_caps_legacy,
49900,"CARTER, V",1,format_all_caps_legacy,
49901,"BALACHANDRAN, A",1,format_all_caps_legacy,
49902,"PALMITER, ML",1,format_all_caps_legacy,
49903,"LYNCH, SA",1,format_all_caps_legacy,
49904,"FREEDMANDOAN, CR",1,format_all_caps_legacy,
49905,"ZELLEY, EW",1,format_all_caps_legacy,
49931,"HAINES, VA",1,format_all_caps_legacy,
49963,"CHAMBON, AS",1,format_all_caps_legacy,
49964,"BELLAMY, DF",1,format_all_caps_legacy,
77614,WANG A.M.,1,format_all_caps_legacy,
77618,YEUNG A.,1,format_all_caps_legacy,
77619,YOUNG D.K.W.,1,format_all_caps_legacy,
77621,XIE W.Y.,1,format_all_caps_legacy,
85234,CABINETMAKER P.,1,format_all_caps_legacy,
85235,DWARKADAS K.,1,format_all_caps_legacy,
85236,BRYCE W.,1,format_all_caps_legacy,
85237,SIVASWAMY K.,1,format_all_caps_legacy,
85238,KUTAR M.,1,format_all_caps_legacy,
85239,KHANDERIA J.,1,format_all_caps_legacy,
85240,DORAISWAMY K.,1,format_all_caps_legacy,
85241,KOTWAL I.,1,format_all_caps_legacy,
85242,DADACHANJI R.,1,format_all_caps_legacy,
85243,BHOOTA K.,1,format_all_caps_legacy,
85244,JAGADISAN T.,1,format_all_caps_legacy,
85245,SUFI G.,1,format_all_caps_legacy,
85246,KAMATH P.,1,format_all_caps_legacy,
85247,PILLAI G.,1,format_all_caps_legacy,
85248,SHALIZI P.,1,format_all_caps_legacy,
85249,MATHEW A.,1,format_all_caps_legacy,
85251,GOVINDASWAMY M.,1,format_all_caps_legacy,
85252,RAM E.,1,format_all_caps_legacy,
85253,BRANDT A.,1,format_all_caps_legacy,
85254,ABRAHAM C.,1,format_all_caps_legacy,
85255,SUKHANANDAN L.,1,format_all_caps_legacy,
85256,PANAKAL J.,1,format_all_caps_legacy,
85257,VAN WATERS M.,1,format_all_caps_legacy,
90912,WURIGA R.,1,format_all_caps_legacy,
90913,MUSINGAFI M.,1,format_all_caps_legacy,
90914,CHIZASA S.,1,format_all_caps_legacy,
90917,NHENDE M.M.,1,format_all_caps_legacy,
90918,KAOMBA A.,1,format_all_caps_legacy,
90919,MURENJE M.,1,format_all_caps_legacy,
90937,SEPHTON R.,1,format_all_caps_legacy,
90969,NG M.L.T.,1,format_all_caps_legacy,
91815,O'REILLY W.,1,format_all_caps_legacy,
92544,"SKORO, CL",1,format_all_caps_legacy,
92545,"PARKER, JC",1,format_all_caps_legacy,
92546,"JACKSON, R",1,format_all_caps_legacy,
92547,"OJACK, J",1,format_all_caps_legacy,
92548,"PIERCE, LH",1,format_all_caps_legacy,
92549,"JOHNSON, W",1,format_all_caps_legacy,
92550,"LESPERANCE, J",1,format_all_caps_legacy,
92551,"WUNSCHEL, SM",1,format_all_caps_legacy,
92552,"ROHSENOW, DJ",1,format_all_caps_legacy,
92553,"NORCROSS, JC",1,format_all_caps_legacy,
92554,"MONTI, PM",1,format_all_caps_legacy,
92556,"BARKER, KM",1,format_all_caps_legacy,
92557,"METREY, GD",1,format_all_caps_legacy,
92558,"KWONG, K",1,format_all_caps_legacy,
92559,"CHEONG, KJ",1,format_all_caps_legacy,
92560,"HOPPS, J",1,format_all_caps_legacy,
92561,"GILLESPIE, DG",1,format_all_caps_legacy,
92562,"SHAPIRA, M",1,format_all_caps_legacy,
92563,"REYNOLDS, WF",1,format_all_caps_legacy,
92564,"GEMMEL, RJ",1,format_all_caps_legacy,
92565,"HOLT, DJ",1,format_all_caps_legacy,
92566,"JENSEN, LA",1,format_all_caps_legacy,
92567,"OHARA, DF",1,format_all_caps_legacy,
92569,"BREMSETH, MD",1,format_all_caps_legacy,
92570,"RUCKDESCHEL, RA",1,format_all_caps_legacy,
92571,"CLARK, VA",1,format_all_caps_legacy,
92572,"URIARTEGASTON, M",1,format_all_caps_legacy,
92573,"FRANCOISE, JP",1,format_all_caps_legacy,
92574,"STANLEY, M",1,format_all_caps_legacy,
92575,"SCHEULIN, M",1,format_all_caps_legacy,
92576,"LAW, SW",1,format_all_caps_legacy,
92577,"MCCALLUM, DM",1,format_all_caps_legacy,
92578,"ROSS, LL",1,format_all_caps_legacy,
92579,"ESSERSTUART, JE",1,format_all_caps_legacy,
92580,"MCMAHON, PM",1,format_all_caps_legacy,
92581,"MILLER, DM",1,format_all_caps_legacy,
92582,"STONE, GW",1,format_all_caps_legacy,
92583,"CHAPMAN, DG",1,format_all_caps_legacy,
92584,"CAPLINGER, TE",1,format_all_caps_legacy,
92586,"SCHWIMER, PE",1,format_all_caps_legacy,
92587,"NASUTI, JP",1,format_all_caps_legacy,
92588,"KOHN, S",1,format_all_caps_legacy,
92589,"VANLEUWEN, K",1,format_all_caps_legacy,
92590,"FARKAS, G",1,format_all_caps_legacy,
92591,"COHEN, BE",1,format_all_caps_legacy,
92592,"BURT, MR",1,format_all_caps_legacy,
92593,"WERNER, PD",1,format_all_caps_legacy,
92594,"ROSE, TL",1,format_all_caps_legacy,
92595,"YESAVAGE, JA",1,format_all_caps_legacy,
92596,"JONES, BL",1,format_all_caps_legacy,
92597,"NEIDENGARD, TH",1,format_all_caps_legacy,
92598,"WALTER, C",1,format_all_caps_legacy,
92599,"BENZAKEN, A",1,format_all_caps_legacy,
92600,"KIM, YW",1,format_all_caps_legacy,
92601,"AHEARN, FL",1,format_all_caps_legacy,
92602,"FINE, D",1,format_all_caps_legacy,
92603,"GREENLEE, R",1,format_all_caps_legacy,
92604,"CUMMINS, LK",1,format_all_caps_legacy,
92605,"MACROBERTS, MH",1,format_all_caps_legacy,
92606,"MACROBERTS, BR",1,format_all_caps_legacy,
92607,"ROSENTHAL, DH",1,format_all_caps_legacy,
92608,"BENEDICT, MI",1,format_all_caps_legacy,
92609,"WHITE, RB",1,format_all_caps_legacy,
92610,"STALLINGS, R",1,format_all_caps_legacy,
92611,"CLOSE, MM",1,format_all_caps_legacy,
92612,"JAMES, FJ",1,format_all_caps_legacy,
92613,"MANOSEVITZ, M",1,format_all_caps_legacy,
92614,"SHIELDS, JJ",1,format_all_caps_legacy,
92615,"BOWMAN, PJ",1,format_all_caps_legacy,
92616,"JOHNSON, DB",1,format_all_caps_legacy,
92618,"KLUGER, M",1,format_all_caps_legacy,
92619,"MALUCCIO, A",1,format_all_caps_legacy,
92620,"CATES, JR",1,format_all_caps_legacy,
92621,"SALISBURY, BR",1,format_all_caps_legacy,
92622,"KABAT, D",1,format_all_caps_legacy,
92623,"KEMP, K",1,format_all_caps_legacy,
92624,"LORCH, B",1,format_all_caps_legacy,
92625,"DIAMOND, BE",1,format_all_caps_legacy,
92626,"HENDRICKS, J",1,format_all_caps_legacy,
92627,"MARSHOOD, N",1,format_all_caps_legacy,
93352,"GILL, MM",1,format_all_caps_legacy,
93353,"PETROPOULOS, AW",1,format_all_caps_legacy,
93355,"KUGEL, LF",1,format_all_caps_legacy,
93360,"WEBB, AP",1,format_all_caps_legacy,
93362,"BRODIE, RD",1,format_all_caps_legacy,
93363,"SINGER, BL",1,format_all_caps_legacy,
93364,"WINTERBOTTOM, MR",1,format_all_caps_legacy,
93366,"SARGENT, DA",1,format_all_caps_legacy,
93367,"WILLIE, CV",1,format_all_caps_legacy,
93369,"CARY, LJ",1,format_all_caps_legacy,
93370,"DAVIES, SP",1,format_all_caps_legacy,
93372,"KILINSKI, MM",1,format_all_caps_legacy,
93373,"REEVE, M",1,format_all_caps_legacy,
93375,"KIRKPATRICK, S",1,format_all_caps_legacy,
93401,"LIPMANBLUMEN, J",1,format_all_caps_legacy,
93402,"LAVIN, DE",1,format_all_caps_legacy,
93403,"LAMBERT, G",1,format_all_caps_legacy,
93407,"BUTLER, B",1,format_all_caps_legacy,
93408,"SHELDON, HB",1,format_all_caps_legacy,
93409,"CAMPBELL, TF",1,format_all_caps_legacy,
93410,"DOELTZ, D",1,format_all_caps_legacy,
93411,"ADAMSON, D",1,format_all_caps_legacy,
93412,"LABARRE, M",1,format_all_caps_legacy,
93413,"STEVENSON, EC",1,format_all_caps_legacy,
93414,"OLSON, CM",1,format_all_caps_legacy,
93415,"STRINGER, EA",1,format_all_caps_legacy,
93416,"DILLON, V",1,format_all_caps_legacy,
93417,"FARBEROW, NL",1,format_all_caps_legacy,
93418,"NAMEIKA, JA",1,format_all_caps_legacy,
93419,"TAMKIN, AS",1,format_all_caps_legacy,
93420,"MAUK, FS",1,format_all_caps_legacy,
93421,"MCCOY, J",1,format_all_caps_legacy,
93422,"ANDERSON, DL",1,format_all_caps_legacy,
93423,"NAKOA, CMLS",1,format_all_caps_legacy,
93424,"THOMAS, WT",1,format_all_caps_legacy,
93426,"DONNELLY, AA",1,format_all_caps_legacy,
93427,"GRILL, L",1,format_all_caps_legacy,
93428,"HIMMELMANN, FM",1,format_all_caps_legacy,
93429,"STARK, FB",1,format_all_caps_legacy,
93430,"BLOCH, HI",1,format_all_caps_legacy,
93449,"CARROL, NA",1,format_all_caps_legacy,
93450,"REICH, JW",1,format_all_caps_legacy,
93451,"GLENN, A",1,format_all_caps_legacy,
93452,"UNGER, S",1,format_all_caps_legacy,
93454,"BRIARD, FK",1,format_all_caps_legacy,
93455,"COLE, JP",1,format_all_caps_legacy,
93460,"MOORHEAD, M",1,format_all_caps_legacy,
93463,"MCGINNIS, E",1,format_all_caps_legacy,
93464,"YOUNG, ML",1,format_all_caps_legacy,
93465,"FINKELSTEIN, J",1,format_all_caps_legacy,
93467,"ROIPHE, H",1,format_all_caps_legacy,
93468,"PRENTICE, NM",1,format_all_caps_legacy,
93469,"OTTO, HA",1,format_all_caps_legacy,
93470,"GRIFFITHS, KA",1,format_all_caps_legacy,
93471,"HARLAN, VL",1,format_all_caps_legacy,
93472,"WILSON, EA",1,format_all_caps_legacy,
93473,"MILLAR, TP",1,format_all_caps_legacy,
93474,"RADMAN, RJ",1,format_all_caps_legacy,
93475,"SNEED, D",1,format_all_caps_legacy,
93477,"ELKINS, HK",1,format_all_caps_legacy,
93478,"TROUT, B",1,format_all_caps_legacy,
93479,"YINGER, JM",1,format_all_caps_legacy,
93482,"HUNT, MO",1,format_all_caps_legacy,
93483,"RAMPE, L",1,format_all_caps_legacy,
93484,"JOHNSTON, NB",1,format_all_caps_legacy,
93499,"OCONNELL, B",1,format_all_caps_legacy,
93500,"BALL, M",1,format_all_caps_legacy,
93501,"FIRESTEIN, SK",1,format_all_caps_legacy,
93503,"ACKER, M",1,format_all_caps_legacy,
93504,"EDWARDS, AW",1,format_all_caps_legacy,
93505,"WISEMAN, RS",1,format_all_caps_legacy,
93506,"COTTRELL, MK",1,format_all_caps_legacy,
93507,"WATTIE, B",1,format_all_caps_legacy,
93509,"PAONESSA, JJ",1,format_all_caps_legacy,
93510,"PAONESSA, MW",1,format_all_caps_legacy,
93511,"SMITH, EC",1,format_all_caps_legacy,
93512,"HANSEN, RW",1,format_all_caps_legacy,
93513,"GOLDBERG, SJ",1,format_all_caps_legacy,
93518,"PIERCE, RS",1,format_all_caps_legacy,
93519,"FASTOV, C",1,format_all_caps_legacy,
93520,"DORST, KS",1,format_all_caps_legacy,
93521,"HANDLEY, KN",1,format_all_caps_legacy,
93523,"GILES, JR",1,format_all_caps_legacy,
93524,"TOBY, L",1,format_all_caps_legacy,
93543,"BROWN, LL",1,format_all_caps_legacy,
93544,"MASS, AI",1,format_all_caps_legacy,
93545,"PEARL, G",1,format_all_caps_legacy,
93546,"BARR, DH",1,format_all_caps_legacy,
93547,"BARNES, GB",1,format_all_caps_legacy,
93548,"CHABON, RS",1,format_all_caps_legacy,
93550,"BORRERO, M",1,format_all_caps_legacy,
93551,"CUADRADO, L",1,format_all_caps_legacy,
93553,"BRODLAND, GA",1,format_all_caps_legacy,
93554,"ANDREASEN, NJ",1,format_all_caps_legacy,
93556,"ARMIN, M",1,format_all_caps_legacy,
93557,"BOLEN, JK",1,format_all_caps_legacy,
93559,"MILLS, E",1,format_all_caps_legacy,
93560,"MITHCELL, ST",1,format_all_caps_legacy,
93563,"ADELSON, G",1,format_all_caps_legacy,
93564,"KOVNER, AR",1,format_all_caps_legacy,
93565,"COWAN, B",1,format_all_caps_legacy,
93566,"CURRIE, M",1,format_all_caps_legacy,
93567,"KROL, R",1,format_all_caps_legacy,
93568,"LITON, J",1,format_all_caps_legacy,
93569,"OLSTEIN, SC",1,format_all_caps_legacy,
93570,"HANNON, EM",1,format_all_caps_legacy,
93571,"FRIED, M",1,format_all_caps_legacy,
93572,"RESNIK, D",1,format_all_caps_legacy,
93573,"FRANK, JD",1,format_all_caps_legacy,
93574,"APPELBERG, E",1,format_all_caps_legacy,
93575,"JACKEL, MM",1,format_all_caps_legacy,
93576,"MCLARNAN, G",1,format_all_caps_legacy,
93577,"TUTTLE, E",1,format_all_caps_legacy,
93578,"DUNBAR, N",1,format_all_caps_legacy,
93579,"GOODRICH, DW",1,format_all_caps_legacy,
93580,"BOOMER, DS",1,format_all_caps_legacy,
93581,"BRANGWIN, LC",1,format_all_caps_legacy,
93582,"GOLDSMITH, JK",1,format_all_caps_legacy,
93584,"SHELDON, EP",1,format_all_caps_legacy,
93602,"BOWEN, WT",1,format_all_caps_legacy,
93603,"PROCHASKA, J",1,format_all_caps_legacy,
93604,"UNGER, RA",1,format_all_caps_legacy,
93605,"CLIFFE, K",1,format_all_caps_legacy,
93606,"BECK, DL",1,format_all_caps_legacy,
93607,"BARTON, PN",1,format_all_caps_legacy,
93609,"SCOTT, CA",1,format_all_caps_legacy,
93610,"MCEWAN, MT",1,format_all_caps_legacy,
93611,"BELL, WA",1,format_all_caps_legacy,
93612,"KIM, BC",1,format_all_caps_legacy,
93613,"CLARKE, JH",1,format_all_caps_legacy,
93614,"JEFFERS, C",1,format_all_caps_legacy,
93616,"STRICKLER, KR",1,format_all_caps_legacy,
93617,"CUTSHAW, LO",1,format_all_caps_legacy,
93619,"REACH, B",1,format_all_caps_legacy,
93620,"FOSTER, AO",1,format_all_caps_legacy,
93621,"ROGERS, MN",1,format_all_caps_legacy,
93622,"GRUNEBAUM, MG",1,format_all_caps_legacy,
93623,"WEINBERG, G",1,format_all_caps_legacy,
93624,"HOCHFELD, E",1,format_all_caps_legacy,
93625,"WALDSTEIN, M",1,format_all_caps_legacy,
93626,"DOWNING, R",1,format_all_caps_legacy,
93628,"HESTER, MC",1,format_all_caps_legacy,
93629,"AFFLECK, JF",1,format_all_caps_legacy,
93630,"RIVESMAN, L",1,format_all_caps_legacy,
93631,"SHEIBLEY, GE",1,format_all_caps_legacy,
93653,"JAHODA, M",1,format_all_caps_legacy,
93654,"VARGISH, E",1,format_all_caps_legacy,
93655,"RICE, RL",1,format_all_caps_legacy,
93656,"WEINER, MF",1,format_all_caps_legacy,
93657,"BARCLAY, L",1,format_all_caps_legacy,
93658,"EHRENKRANZ, SM",1,format_all_caps_legacy,
93659,"COURSEY, P",1,format_all_caps_legacy,
93663,"HASTINGS, C",1,format_all_caps_legacy,
93664,"WOLFF, MP",1,format_all_caps_legacy,
93665,"GIOSEFFI, W",1,format_all_caps_legacy,
93666,"FARRAR, MS",1,format_all_caps_legacy,
93667,"HORN, F",1,format_all_caps_legacy,
93668,"BARNWELL, JE",1,format_all_caps_legacy,
93669,"PATERSON, JE",1,format_all_caps_legacy,
93670,"ROYFE, EH",1,format_all_caps_legacy,
93671,"MURPHY, G",1,format_all_caps_legacy,
93672,"FISCH, M",1,format_all_caps_legacy,
93673,"PERRY, M",1,format_all_caps_legacy,
93674,"BELLAK, L",1,format_all_caps_legacy,
93675,"ENGLISH, OS",1,format_all_caps_legacy,
93693,"BEATON, S",1,format_all_caps_legacy,
93694,"GUILD, N",1,format_all_caps_legacy,
93696,"TIPTON, G",1,format_all_caps_legacy,
93697,"COHNSTAEDT, ML",1,format_all_caps_legacy,
93699,"FONTANA, L",1,format_all_caps_legacy,
93702,"LEVEY, ML",1,format_all_caps_legacy,
93703,"WEISS, R",1,format_all_caps_legacy,
93704,"STANFORD, AG",1,format_all_caps_legacy,
93705,"HEMPHILL, DP",1,format_all_caps_legacy,
93706,"FOOT, HC",1,format_all_caps_legacy,
93708,"LEVITAN, LT",1,format_all_caps_legacy,
93710,"OVADIA, H",1,format_all_caps_legacy,
93714,"SALOMON, EL",1,format_all_caps_legacy,
93715,"SCHOENBERG, C",1,format_all_caps_legacy,
93716,"GRONFEIN, B",1,format_all_caps_legacy,
93717,"MOSHER, DL",1,format_all_caps_legacy,
93718,"MILLER, MB",1,format_all_caps_legacy,
93719,"MINICLIER, LM",1,format_all_caps_legacy,
93720,"GOERTZEL, V",1,format_all_caps_legacy,
93722,"RADER, GE",1,format_all_caps_legacy,
93723,"RUBINSTEIN, EA",1,format_all_caps_legacy,
93724,"BAKER, SM",1,format_all_caps_legacy,
93725,"HOCHWALD, HL",1,format_all_caps_legacy,
93742,"LEVINE, CO",1,format_all_caps_legacy,
93743,"JENKINS, WW",1,format_all_caps_legacy,
93745,"MCKAMY, EH",1,format_all_caps_legacy,
93746,"SAXON, WW",1,format_all_caps_legacy,
93748,"HAFEMANN, SF",1,format_all_caps_legacy,
93749,"RIVERA, JJ",1,format_all_caps_legacy,
93750,"GOLDBERG, RL",1,format_all_caps_legacy,
93751,"LEVINSON, H",1,format_all_caps_legacy,
93752,"KOPPLE, FA",1,format_all_caps_legacy,
93753,"SHOUP, CS",1,format_all_caps_legacy,
93754,"UPHAM, FI",1,format_all_caps_legacy,
93756,"JOHNSON, DE",1,format_all_caps_legacy,
93757,"LITNER, N",1,format_all_caps_legacy,
93759,"JACOBS, G",1,format_all_caps_legacy,
93760,"KOTIS, JP",1,format_all_caps_legacy,
93761,"OXLEY, LL",1,format_all_caps_legacy,
93763,"BERG, M",1,format_all_caps_legacy,
93764,"BRANDZEL, E",1,format_all_caps_legacy,
93765,"SUDDERTH, GB",1,format_all_caps_legacy,
93768,"KELLEY, ME",1,format_all_caps_legacy,
93769,"LEHMANN, V",1,format_all_caps_legacy,
93770,"PATTERSON, CM",1,format_all_caps_legacy,
93771,"CLAYTON, WH",1,format_all_caps_legacy,
93772,"LESSER, W",1,format_all_caps_legacy,
93773,"GUTHARTZ, JC",1,format_all_caps_legacy,
93774,"DODDS, D",1,format_all_caps_legacy,
93775,"SAPIR, JV",1,format_all_caps_legacy,
93776,"BERLIN, IN",1,format_all_caps_legacy,
93777,"CLARK, K",1,format_all_caps_legacy,
93778,"ITZIN, FH",1,format_all_caps_legacy,
93779,"GURMAN, I",1,format_all_caps_legacy,
93796,"HAJAL, F",1,format_all_caps_legacy,
93798,"SCANLON, PL",1,format_all_caps_legacy,
93799,"GOODBODY, ST",1,format_all_caps_legacy,
93800,"MANN, E",1,format_all_caps_legacy,
93801,"RICHTER, PE",1,format_all_caps_legacy,
93804,"TSANG, GYN",1,format_all_caps_legacy,
93805,"RAMIREZMURGADO, JO",1,format_all_caps_legacy,
93806,"RAYMOND, ME",1,format_all_caps_legacy,
93807,"SLABY, AE",1,format_all_caps_legacy,
93808,"LIEB, J",1,format_all_caps_legacy,
93812,"SIMMONS, G",1,format_all_caps_legacy,
93814,"GREY, AL",1,format_all_caps_legacy,
93815,"DERMODY, HE",1,format_all_caps_legacy,
93817,"TURNER, WH",1,format_all_caps_legacy,
93818,"EDWARDS, MG",1,format_all_caps_legacy,
93819,"SCHMIDT, ER",1,format_all_caps_legacy,
93820,"FRIEDMAN, RV",1,format_all_caps_legacy,
93822,"KNOLL, FR",1,format_all_caps_legacy,
93823,"RAMIREZ, H",1,format_all_caps_legacy,
93824,"TURNER, EM",1,format_all_caps_legacy,
93825,"PATTERSON, AR",1,format_all_caps_legacy,
93826,"ROLLOSSON, CK",1,format_all_caps_legacy,
93827,"SUNTZEFF, NM",1,format_all_caps_legacy,
93828,"APPEL, G",1,format_all_caps_legacy,
93829,"FOSTER, HH",1,format_all_caps_legacy,
93830,"LEACH, JM",1,format_all_caps_legacy,
93831,"MACHTINGER, PL",1,format_all_caps_legacy,
93832,"PEARCE, RS",1,format_all_caps_legacy,
93833,"WALSH, MA",1,format_all_caps_legacy,
93834,"COLLINS, PAW",1,format_all_caps_legacy,
93837,"VORNBROCK, RP",1,format_all_caps_legacy,
93847,"KIEFFER, W",1,format_all_caps_legacy,
93848,"ODONOGHUE, CE",1,format_all_caps_legacy,
93851,"CAMERON, JD",1,format_all_caps_legacy,
93852,"TALAVERA, E",1,format_all_caps_legacy,
93853,"CRAIG, D",1,format_all_caps_legacy,
93854,"MUNOZ, FU",1,format_all_caps_legacy,
93855,"ROSENBLATT, J",1,format_all_caps_legacy,
93856,"SANDER, F",1,format_all_caps_legacy,
93858,"GOLDMAN, SB",1,format_all_caps_legacy,
93860,"BAIDER, L",1,format_all_caps_legacy,
93862,"GONZALEZ, A",1,format_all_caps_legacy,
93864,"KOSA, J",1,format_all_caps_legacy,
93868,"SHANNON, RF",1,format_all_caps_legacy,
93869,"DEPALMA, D",1,format_all_caps_legacy,
93870,"KAUFER, H",1,format_all_caps_legacy,
93871,"OCONNOR, AL",1,format_all_caps_legacy,
93872,"PERROW, C",1,format_all_caps_legacy,
93873,"WHITE, CL",1,format_all_caps_legacy,
93874,"SOUTHWICK, PC",1,format_all_caps_legacy,
93875,"SPITZER, K",1,format_all_caps_legacy,
93876,"WELSH, B",1,format_all_caps_legacy,
93877,"SAX, P",1,format_all_caps_legacy,
93878,"GRAY, NT",1,format_all_caps_legacy,
93879,"DEA, KL",1,format_all_caps_legacy,
93882,"GARETZ, FK",1,format_all_caps_legacy,
93883,"JANECEK, J",1,format_all_caps_legacy,
93884,"ALLEN, RE",1,format_all_caps_legacy,
93885,"MORGAN, PM",1,format_all_caps_legacy,
93886,"SCULTHORPE, WB",1,format_all_caps_legacy,
93887,"DOUVILLE, M",1,format_all_caps_legacy,
93888,"HARRAHILL, C",1,format_all_caps_legacy,
93889,"HENDRICKS, T",1,format_all_caps_legacy,
93890,"KLUCKHOHN, FR",1,format_all_caps_legacy,
93891,"MARKS, MJ",1,format_all_caps_legacy,
93892,"NAUGHTON, FX",1,format_all_caps_legacy,
93893,"WARREN, E",1,format_all_caps_legacy,
93894,"JUDGE, J",1,format_all_caps_legacy,
93908,"IVES, K",1,format_all_caps_legacy,
93909,"DELO, JS",1,format_all_caps_legacy,
93910,"GREEN, WA",1,format_all_caps_legacy,
93911,"KESTENBAUM, SE",1,format_all_caps_legacy,
93912,"WHITE, EQ",1,format_all_caps_legacy,
93913,"WORBY, MF",1,format_all_caps_legacy,
93914,"STEINITZ, EM",1,format_all_caps_legacy,
93915,"BELLUCCI, MT",1,format_all_caps_legacy,
93916,"ORCUTT, JD",1,format_all_caps_legacy,
93918,"DRISCOLL, CB",1,format_all_caps_legacy,
93919,"LUBIN, AH",1,format_all_caps_legacy,
93922,"LOCHTE, E",1,format_all_caps_legacy,
93923,"REETZ, R",1,format_all_caps_legacy,
93924,"SIEGEL, R",1,format_all_caps_legacy,
93925,"AGUIRRE, RH",1,format_all_caps_legacy,
93926,"ATENCIO, TC",1,format_all_caps_legacy,
93927,"HARDING, T",1,format_all_caps_legacy,
93928,"IRVING, HH",1,format_all_caps_legacy,
93929,"MCPHERSON, SB",1,format_all_caps_legacy,
93930,"SAMUELS, CR",1,format_all_caps_legacy,
93931,"AQUIZAP, RB",1,format_all_caps_legacy,
93932,"VARGAS, EA",1,format_all_caps_legacy,
93933,"HOUSTON, LP",1,format_all_caps_legacy,
93934,"LIBERMAN, H",1,format_all_caps_legacy,
93935,"TAYLOR, DA",1,format_all_caps_legacy,
93936,"TAFT, R",1,format_all_caps_legacy,
93937,"TRUAX, CB",1,format_all_caps_legacy,
93938,"CURRALL, JF",1,format_all_caps_legacy,
93939,"CROW, MS",1,format_all_caps_legacy,
93940,"BERG, R",1,format_all_caps_legacy,
93941,"GIFFEN, MB",1,format_all_caps_legacy,
93943,"GARRETTSON, J",1,format_all_caps_legacy,
93945,"MOORE, EA",1,format_all_caps_legacy,
93946,"WENNEIS, AC",1,format_all_caps_legacy,
93969,"WARD, M",1,format_all_caps_legacy,
93970,"BURNETT, BB",1,format_all_caps_legacy,
93971,"CARR, JJ",1,format_all_caps_legacy,
93972,"SINAPI, J",1,format_all_caps_legacy,
93973,"IGNACIO, LF",1,format_all_caps_legacy,
93974,"GOLDNER, V",1,format_all_caps_legacy,
93975,"ROWLAND, SJ",1,format_all_caps_legacy,
93976,"TRIANA, RR",1,format_all_caps_legacy,
93977,"HINKLE, LM",1,format_all_caps_legacy,
93978,"FISHER, PK",1,format_all_caps_legacy,
93979,"OBIER, K",1,format_all_caps_legacy,
93980,"HAYWOOD, LJ",1,format_all_caps_legacy,
93981,"WHATLEY, LW",1,format_all_caps_legacy,
93982,"FEIFEL, H",1,format_all_caps_legacy,
93985,"SHORT, JS",1,format_all_caps_legacy,
93986,"SCOTT, MA",1,format_all_caps_legacy,
93987,"WEIL, RC",1,format_all_caps_legacy,
93988,"ELLERBROEK, WC",1,format_all_caps_legacy,
93989,"SOBEL, GB",1,format_all_caps_legacy,
93990,"TAYLOR, AV",1,format_all_caps_legacy,
93992,"MAUNEY, F",1,format_all_caps_legacy,
93993,"FOX, ME",1,format_all_caps_legacy,
93994,"VINES, MA",1,format_all_caps_legacy,
93995,"HILDEBRAND, C",1,format_all_caps_legacy,
93996,"AYRE, DA",1,format_all_caps_legacy,
93997,"MATHIASEN, G",1,format_all_caps_legacy,
93998,"ROBBINS, LL",1,format_all_caps_legacy,
93999,"STEIDEMANN, EG",1,format_all_caps_legacy,
94000,"WEITZEL, KS",1,format_all_caps_legacy,
94001,"CHANDLER, WS",1,format_all_caps_legacy,
94002,"CHRISTMAN, EF",1,format_all_caps_legacy,
94003,"FRENCH, MP",1,format_all_caps_legacy,
94005,"SHANNON, R",1,format_all_caps_legacy,
94006,"SILVER, JR",1,format_all_caps_legacy,
94007,"ORR, DW",1,format_all_caps_legacy,
94008,"CRANEFIELD, EG",1,format_all_caps_legacy,
94022,"OPPENHEIMER, A",1,format_all_caps_legacy,
94023,"RATLIFF, BW",1,format_all_caps_legacy,
94024,"MOON, HF",1,format_all_caps_legacy,
94025,"BONACCI, GA",1,format_all_caps_legacy,
94026,"BENDER, B",1,format_all_caps_legacy,
94027,"HUNNICUTT, H",1,format_all_caps_legacy,
94028,"SCHAPIRO, B",1,format_all_caps_legacy,
94029,"LACERTE, J",1,format_all_caps_legacy,
94030,"JENKINS, CO",1,format_all_caps_legacy,
94031,"NADELSON, CC",1,format_all_caps_legacy,
94032,"BASSUK, EL",1,format_all_caps_legacy,
94033,"HOPPS, CR",1,format_all_caps_legacy,
94034,"BOUTELLE, WE",1,format_all_caps_legacy,
94035,"ISAACSON, J",1,format_all_caps_legacy,
94036,"DELGADO, HE",1,format_all_caps_legacy,
94037,"SERVIN, E",1,format_all_caps_legacy,
94039,"HOMER, LE",1,format_all_caps_legacy,
94042,"KIRK, HD",1,format_all_caps_legacy,
94043,"GOLDBERG, JR",1,format_all_caps_legacy,
94044,"MCKINNEY, GE",1,format_all_caps_legacy,
94045,"GRAHAM, JA",1,format_all_caps_legacy,
94046,"SMITH, VG",1,format_all_caps_legacy,
94047,"EMERY, MB",1,format_all_caps_legacy,
94048,"ANSBACHER, HL",1,format_all_caps_legacy,
94049,"LUETHGE, II",1,format_all_caps_legacy,
94050,"BURBANK, EG",1,format_all_caps_legacy,
94051,"GROTH, C",1,format_all_caps_legacy,
94055,"STOEFFLER, VR",1,format_all_caps_legacy,
94056,"GOLDMAN, IM",1,format_all_caps_legacy,
94067,"LEVINSON, VR",1,format_all_caps_legacy,
94068,"ANTEBI, D",1,format_all_caps_legacy,
94070,"DOWD, J",1,format_all_caps_legacy,
94071,"COSER, RL",1,format_all_caps_legacy,
94072,"PELLMAN, R",1,format_all_caps_legacy,
94073,"MCDONALD, R",1,format_all_caps_legacy,
94074,"ANSON, S",1,format_all_caps_legacy,
94075,"WRIGHT, SAP",1,format_all_caps_legacy,
94076,"NAVARRE, R",1,format_all_caps_legacy,
94077,"BROOKS, CM",1,format_all_caps_legacy,
94078,"POLM, D",1,format_all_caps_legacy,
94079,"DREZNER, SM",1,format_all_caps_legacy,
94083,"DUBLIN, CC",1,format_all_caps_legacy,
94084,"LOURIE, RS",1,format_all_caps_legacy,
94085,"BRADEN, JA",1,format_all_caps_legacy,
94086,"TURNQUEST, B",1,format_all_caps_legacy,
94087,"WEISBERG, MI",1,format_all_caps_legacy,
94088,"WALSH, ED",1,format_all_caps_legacy,
94089,"LEWIS, FS",1,format_all_caps_legacy,
94090,"HOGARTY, GE",1,format_all_caps_legacy,
94091,"PANTER, EJ",1,format_all_caps_legacy,
94092,"DANIELS, AM",1,format_all_caps_legacy,
94093,"FREIDSON, E",1,format_all_caps_legacy,
94095,"MCCURDY, WB",1,format_all_caps_legacy,
94096,"MOYNIHAN, WF",1,format_all_caps_legacy,
94097,"TAGGART, AD",1,format_all_caps_legacy,
94099,"KRAMER, S",1,format_all_caps_legacy,
94100,"KYLE, EH",1,format_all_caps_legacy,
94101,"MCNAMARA, JH",1,format_all_caps_legacy,
94103,"WILLIAMS, TR",1,format_all_caps_legacy,
94104,"BERGLUND, RW",1,format_all_caps_legacy,
94105,"JACKSON, RN",1,format_all_caps_legacy,
94106,"MOONEY, MT",1,format_all_caps_legacy,
94107,"WERTHAN, A",1,format_all_caps_legacy,
94108,"HOLBROOK, DH",1,format_all_caps_legacy,
94128,"JOHNSON, VE",1,format_all_caps_legacy,
94129,"SCHULBERG, HC",1,format_all_caps_legacy,
94130,"ROGERS, GW",1,format_all_caps_legacy,
94133,"BIRNBAUM, F",1,format_all_caps_legacy,
94134,"COPLON, J",1,format_all_caps_legacy,
94135,"SCHARFF, I",1,format_all_caps_legacy,
94138,"SHUMAN, A",1,format_all_caps_legacy,
94139,"STREIB, GF",1,format_all_caps_legacy,
94140,"WATKINS, EW",1,format_all_caps_legacy,
94142,"POWERS, HP",1,format_all_caps_legacy,
94143,"FARRIS, JS",1,format_all_caps_legacy,
94144,"SHILOH, A",1,format_all_caps_legacy,
94145,"VALLE, R",1,format_all_caps_legacy,
94146,"MENDELSON, LA",1,format_all_caps_legacy,
94147,"SANDERS, CL",1,format_all_caps_legacy,
94149,"MCGUIRE, RA",1,format_all_caps_legacy,
94150,"PENFOLD, HM",1,format_all_caps_legacy,
94151,"SCARBROUGH, HE",1,format_all_caps_legacy,
94153,"TRAVIS, G",1,format_all_caps_legacy,
94154,"NEELY, DM",1,format_all_caps_legacy,
94156,"FREVERT, PK",1,format_all_caps_legacy,
94157,"ELLIS, DH",1,format_all_caps_legacy,
94158,"LLEWELLYN, GM",1,format_all_caps_legacy,
94159,"HOSHINO, GS",1,format_all_caps_legacy,
94160,"MERRIFIELD, AR",1,format_all_caps_legacy,
94161,"LOCKHART, H",1,format_all_caps_legacy,
94163,"STEWART, TB",1,format_all_caps_legacy,
94164,"HARRISON, AM",1,format_all_caps_legacy,
94165,"RUMMEL, KC",1,format_all_caps_legacy,
94167,"NORTON, N",1,format_all_caps_legacy,
94168,"DEKKER, AG",1,format_all_caps_legacy,
94169,"OSWALD, I",1,format_all_caps_legacy,
94170,"TARACHOW, S",1,format_all_caps_legacy,
94171,"HOHMAN, EP",1,format_all_caps_legacy,
94182,"KELLER, M",1,format_all_caps_legacy,
94183,"WAYNE, JL",1,format_all_caps_legacy,
94184,"FEINSTEIN, BB",1,format_all_caps_legacy,
94185,"OVIATT, BE",1,format_all_caps_legacy,
94186,"HOMMATRUE, R",1,format_all_caps_legacy,
94187,"KUSHIDA, AH",1,format_all_caps_legacy,
94188,"CHIKAHISA, P",1,format_all_caps_legacy,
94189,"MORALES, RF",1,format_all_caps_legacy,
94192,"JOHNSON, SR",1,format_all_caps_legacy,
94195,"LUSBY, ST",1,format_all_caps_legacy,
94196,"RUDNEY, BD",1,format_all_caps_legacy,
94197,"GINNS, HJ",1,format_all_caps_legacy,
94198,"KOCH, L",1,format_all_caps_legacy,
94199,"WARFIELD, MJ",1,format_all_caps_legacy,
94200,"LAUGHLIN, JL",1,format_all_caps_legacy,
94201,"BRESSLER, R",1,format_all_caps_legacy,
94202,"OLDS, VS",1,format_all_caps_legacy,
94203,"ORTEGO, PD",1,format_all_caps_legacy,
94204,"PENA, R",1,format_all_caps_legacy,
94205,"CASSERT, HP",1,format_all_caps_legacy,
94206,"MCDONALD, J",1,format_all_caps_legacy,
94207,"WATSON, EF",1,format_all_caps_legacy,
94208,"ZWERLING, I",1,format_all_caps_legacy,
94209,"FORD, A",1,format_all_caps_legacy,
94211,"LOFQUIST, WA",1,format_all_caps_legacy,
94212,"MUELLER, BJ",1,format_all_caps_legacy,
94213,"OFFER, D",1,format_all_caps_legacy,
94214,"SHERIDAN, WH",1,format_all_caps_legacy,
94215,"SHOLTIS, HS",1,format_all_caps_legacy,
94216,"BERKOWITZ, L",1,format_all_caps_legacy,
94217,"CARLETTI, JA",1,format_all_caps_legacy,
94218,"BRANDON, MG",1,format_all_caps_legacy,
94219,"JACKSON, EB",1,format_all_caps_legacy,
94220,"TODD, PH",1,format_all_caps_legacy,
94222,"SEIDERMAN, S",1,format_all_caps_legacy,
94223,"LANDER, J",1,format_all_caps_legacy,
94224,"SCHULMAN, R",1,format_all_caps_legacy,
94225,"SIEGEL, S",1,format_all_caps_legacy,
94239,"RICKERT, VC",1,format_all_caps_legacy,
94240,"TURNER, JE",1,format_all_caps_legacy,
94241,"ELKIND, JS",1,format_all_caps_legacy,
94242,"BERSON, A",1,format_all_caps_legacy,
94243,"EDWIN, D",1,format_all_caps_legacy,
94245,"KILEY, ML",1,format_all_caps_legacy,
94246,"FILER, JH",1,format_all_caps_legacy,
94247,"RODMAN, H",1,format_all_caps_legacy,
94248,"SIMON, DS",1,format_all_caps_legacy,
94249,"GREENBERG, LI",1,format_all_caps_legacy,
94250,"HOFFMAN, DL",1,format_all_caps_legacy,
94251,"REMMEL, ML",1,format_all_caps_legacy,
94252,"BARNHART, C",1,format_all_caps_legacy,
94253,"REYMER, E",1,format_all_caps_legacy,
94254,"LEVY, ML",1,format_all_caps_legacy,
94257,"BUDNER, S",1,format_all_caps_legacy,
94258,"YOUNG, H",1,format_all_caps_legacy,
94259,"PASS, S",1,format_all_caps_legacy,
94260,"PETRO, O",1,format_all_caps_legacy,
94261,"PIERSON, A",1,format_all_caps_legacy,
94262,"NICKEL, GD",1,format_all_caps_legacy,
94263,"BRAXTON, D",1,format_all_caps_legacy,
94264,"STARK, MH",1,format_all_caps_legacy,
94265,"KADUSHIN, C",1,format_all_caps_legacy,
94266,"WEISBERG, M",1,format_all_caps_legacy,
94267,"GOODWIN, HM",1,format_all_caps_legacy,
94269,"DANIELS, FI",1,format_all_caps_legacy,
94270,"KAISER, E",1,format_all_caps_legacy,
94271,"KIRSCH, JH",1,format_all_caps_legacy,
94272,"LAMPE, H",1,format_all_caps_legacy,
94273,"MCLAIN, O",1,format_all_caps_legacy,
94274,"WOLFE, C",1,format_all_caps_legacy,
94275,"GIOSEFFI, WV",1,format_all_caps_legacy,
94277,"LOVE, S",1,format_all_caps_legacy,
94279,"BALL, R",1,format_all_caps_legacy,
94281,"PEDERSON, LL",1,format_all_caps_legacy,
94283,"VANVALEN, MB",1,format_all_caps_legacy,
94299,"PEARMAN, WA",1,format_all_caps_legacy,
94301,"GLICKMAN, HS",1,format_all_caps_legacy,
94302,"TOOLEY, KM",1,format_all_caps_legacy,
94303,"WALKER, KN",1,format_all_caps_legacy,
94304,"BEATT, BH",1,format_all_caps_legacy,
94305,"WAHLSTROM, BB",1,format_all_caps_legacy,
94306,"CHURCH, M",1,format_all_caps_legacy,
94307,"MOSS, M",1,format_all_caps_legacy,
94308,"DESAIX, CC",1,format_all_caps_legacy,
94309,"GOLDBERG, SB",1,format_all_caps_legacy,
94311,"FRANK, H",1,format_all_caps_legacy,
94312,"GESBEN, SP",1,format_all_caps_legacy,
94313,"LEHMAN, E",1,format_all_caps_legacy,
94314,"CRAWFORD, B",1,format_all_caps_legacy,
94316,"RUBINSTEIN, H",1,format_all_caps_legacy,
94317,"LANCE, EA",1,format_all_caps_legacy,
94318,"POKORNY, AD",1,format_all_caps_legacy,
94319,"BENTINCK, C",1,format_all_caps_legacy,
94320,"TARAN, FB",1,format_all_caps_legacy,
94321,"COGGS, PR",1,format_all_caps_legacy,
94322,"ROBINSON, VR",1,format_all_caps_legacy,
94323,"HECKSCHER, A",1,format_all_caps_legacy,
94324,"GLICKMAN, E",1,format_all_caps_legacy,
94325,"LEMKAU, PV",1,format_all_caps_legacy,
94326,"MISHLER, EG",1,format_all_caps_legacy,
94329,"CHANCE, E",1,format_all_caps_legacy,
94330,"WIERINGA, CF",1,format_all_caps_legacy,
94331,"KRUGHOFF, MF",1,format_all_caps_legacy,
94333,"WILEY, N",1,format_all_caps_legacy,
94334,"AUERBACH, AB",1,format_all_caps_legacy,
94335,"EHRENWALD, J",1,format_all_caps_legacy,
94336,"HARRIS, DB",1,format_all_caps_legacy,
94337,"MOUNTAIN, JCG",1,format_all_caps_legacy,
94338,"VIRTUE, MB",1,format_all_caps_legacy,
94340,"MARTZ, HE",1,format_all_caps_legacy,
94355,"BECKER, M",1,format_all_caps_legacy,
94356,"HOUCK, WW",1,format_all_caps_legacy,
94359,"LEVINE, C",1,format_all_caps_legacy,
94360,"DANG, JC",1,format_all_caps_legacy,
94361,"DUHL, FJ",1,format_all_caps_legacy,
94362,"GREENBLATT, M",1,format_all_caps_legacy,
94363,"PARKER, JB",1,format_all_caps_legacy,
94365,"CARTER, LC",1,format_all_caps_legacy,
94366,"BOONE, DR",1,format_all_caps_legacy,
94368,"BERARDO, FM",1,format_all_caps_legacy,
94369,"BURMEISTER, E",1,format_all_caps_legacy,
94370,"HINDING, A",1,format_all_caps_legacy,
94371,"WING, ML",1,format_all_caps_legacy,
94372,"PATTON, JD",1,format_all_caps_legacy,
94373,"MAYO, C",1,format_all_caps_legacy,
94374,"TRUE, SB",1,format_all_caps_legacy,
94375,"ALVES, PL",1,format_all_caps_legacy,
94376,"WEINER, RB",1,format_all_caps_legacy,
94377,"ASSIMAKOS, J",1,format_all_caps_legacy,
94378,"DUNHAM, HW",1,format_all_caps_legacy,
94379,"DWYER, M",1,format_all_caps_legacy,
94380,"URBANOWSKI, M",1,format_all_caps_legacy,
94381,"COEN, JP",1,format_all_caps_legacy,
94382,"NOOE, DC",1,format_all_caps_legacy,
94383,"PLUMMER, R",1,format_all_caps_legacy,
94384,"TRAST, M",1,format_all_caps_legacy,
94385,"RYDER, MB",1,format_all_caps_legacy,
94386,"DALTON, J",1,format_all_caps_legacy,
94387,"EPSTEIN, H",1,format_all_caps_legacy,
94388,"HUNEEUS, ME",1,format_all_caps_legacy,
94390,"VERNICK, J",1,format_all_caps_legacy,
94391,"LYNES, JP",1,format_all_caps_legacy,
94392,"RUMMEL, K",1,format_all_caps_legacy,
94393,"STEPHENS, B",1,format_all_caps_legacy,
94394,"KLIGER, PI",1,format_all_caps_legacy,
94395,"GILCHRIST, MM",1,format_all_caps_legacy,
94399,"EISENBERG, SS",1,format_all_caps_legacy,
94400,"ORCHARD, B",1,format_all_caps_legacy,
94420,"EMPEY, LJ",1,format_all_caps_legacy,
94421,"WITTMAN, FD",1,format_all_caps_legacy,
94423,"FRASER, G",1,format_all_caps_legacy,
94424,"HARTMAN, SS",1,format_all_caps_legacy,
94425,"HYNES, J",1,format_all_caps_legacy,
94426,"KOVACS, E",1,format_all_caps_legacy,
94427,"SINGLER, JR",1,format_all_caps_legacy,
94429,"DUGGAN, MM",1,format_all_caps_legacy,
94431,"PRUSOFF, B",1,format_all_caps_legacy,
94432,"ZUKERMAN, KD",1,format_all_caps_legacy,
94433,"REILLY, WV",1,format_all_caps_legacy,
94434,"LOFLAND, J",1,format_all_caps_legacy,
94435,"HUSBANDS, A",1,format_all_caps_legacy,
94436,"HOCHHAUSER, H",1,format_all_caps_legacy,
94437,"SLOMA, J",1,format_all_caps_legacy,
94438,"MORRIS, B",1,format_all_caps_legacy,
94439,"COLT, A",1,format_all_caps_legacy,
94440,"DELVALLE, A",1,format_all_caps_legacy,
94441,"ALEXANDER, F",1,format_all_caps_legacy,
94442,"GOTTLIEB, W",1,format_all_caps_legacy,
94443,"HANNAN, PF",1,format_all_caps_legacy,
94444,"WEISBROD, HJ",1,format_all_caps_legacy,
94445,"DUNNING, R",1,format_all_caps_legacy,
94446,"FORD, CS",1,format_all_caps_legacy,
94447,"KLINK, TW",1,format_all_caps_legacy,
94448,"RAZY, V",1,format_all_caps_legacy,
94449,"HANDEL, AF",1,format_all_caps_legacy,
94450,"LAKE, M",1,format_all_caps_legacy,
94451,"MACGREGOR, RR",1,format_all_caps_legacy,
94453,"ROSNER, S",1,format_all_caps_legacy,
94454,"SERENA, SX",1,format_all_caps_legacy,
94455,"SLATE, H",1,format_all_caps_legacy,
94456,"NELSON, RF",1,format_all_caps_legacy,
94457,"AVERILL, PN",1,format_all_caps_legacy,
94458,"MCGRIFF, DL",1,format_all_caps_legacy,
94459,"MORELAND, DW",1,format_all_caps_legacy,
94460,"SHEA, MM",1,format_all_caps_legacy,
94479,"CHIANCOLA, SP",1,format_all_caps_legacy,
94480,"ROSENBLUM, S",1,format_all_caps_legacy,
94481,"KLINE, K",1,format_all_caps_legacy,
94482,"WEDEL, CC",1,format_all_caps_legacy,
94483,"DELOACHE, WF",1,format_all_caps_legacy,
94485,"BEELS, C",1,format_all_caps_legacy,
94486,"CAMPOS, AP",1,format_all_caps_legacy,
94488,"GLENDENING, SE",1,format_all_caps_legacy,
94489,"WILSON, AJ",1,format_all_caps_legacy,
94490,"SILBER, SC",1,format_all_caps_legacy,
94491,"LEVENSTEIN, P",1,format_all_caps_legacy,
94492,"SINGER, A",1,format_all_caps_legacy,
94493,"BIRDWHISTELL, RL",1,format_all_caps_legacy,
94494,"KAMI, MJ",1,format_all_caps_legacy,
94495,"MARTIN, W",1,format_all_caps_legacy,
94496,"JANCHILL, MP",1,format_all_caps_legacy,
94497,"KENT, DP",1,format_all_caps_legacy,
94498,"BARG, SK",1,format_all_caps_legacy,
94499,"BRECHER, SL",1,format_all_caps_legacy,
94500,"STEWART, DH",1,format_all_caps_legacy,
94501,"KATZ, JR",1,format_all_caps_legacy,
94502,"WIGGINS, LM",1,format_all_caps_legacy,
94503,"BRAVERMAN, S",1,format_all_caps_legacy,
94504,"FINGERT, PS",1,format_all_caps_legacy,
94505,"LEWIS, GF",1,format_all_caps_legacy,
94507,"RUBINFINE, DL",1,format_all_caps_legacy,
94508,"COHEN, W",1,format_all_caps_legacy,
94509,"CLIFT, VA",1,format_all_caps_legacy,
94510,"DANZIG, ME",1,format_all_caps_legacy,
94512,"LALLY, D",1,format_all_caps_legacy,
94513,"MAYBERG, GC",1,format_all_caps_legacy,
94514,"YOUNG, HM",1,format_all_caps_legacy,
94515,"LEACH, H",1,format_all_caps_legacy,
94516,"MASS, P",1,format_all_caps_legacy,
94517,"MALONEY, T",1,format_all_caps_legacy,
94535,"DUHL, BS",1,format_all_caps_legacy,
94536,"FUJII, SM",1,format_all_caps_legacy,
94537,"YAMADA, M",1,format_all_caps_legacy,
94538,"PINCUS, L",1,format_all_caps_legacy,
94539,"RESNICK, S",1,format_all_caps_legacy,
94540,"YUN, H",1,format_all_caps_legacy,
94541,"ABERNETHY, MW",1,format_all_caps_legacy,
94542,"ANDREWS, EE",1,format_all_caps_legacy,
94543,"BASHFORD, E",1,format_all_caps_legacy,
94545,"BLOOM, ML",1,format_all_caps_legacy,
94546,"BRUMBACH, M",1,format_all_caps_legacy,
94547,"BROWN, EC",1,format_all_caps_legacy,
94548,"CUTTING, AR",1,format_all_caps_legacy,
94550,"SINSHEIMER, RB",1,format_all_caps_legacy,
94551,"STOCK, RO",1,format_all_caps_legacy,
94552,"ULLMAN, A",1,format_all_caps_legacy,
94553,"ROBERTS, MD",1,format_all_caps_legacy,
94554,"COPPERMAN, M",1,format_all_caps_legacy,
94555,"GARCEA, RA",1,format_all_caps_legacy,
94556,"IRWIN, O",1,format_all_caps_legacy,
94557,"GORE, T",1,format_all_caps_legacy,
94558,"TILLOCK, EE",1,format_all_caps_legacy,
94559,"ZAKI, EP",1,format_all_caps_legacy,
94560,"GEIST, J",1,format_all_caps_legacy,
94561,"GERBER, NM",1,format_all_caps_legacy,
94562,"BELL, V",1,format_all_caps_legacy,
94563,"HALLINAN, HW",1,format_all_caps_legacy,
94564,"REYNOLDS, R",1,format_all_caps_legacy,
94566,"HERMAN, C",1,format_all_caps_legacy,
94567,"SWEENEY, MA",1,format_all_caps_legacy,
94568,"MOHLER, DA",1,format_all_caps_legacy,
94569,"SABAT, C",1,format_all_caps_legacy,
94570,"WHITSON, W",1,format_all_caps_legacy,
94581,"HOROWITZ, NH",1,format_all_caps_legacy,
94582,"BROOKS, PR",1,format_all_caps_legacy,
94584,"DENTLER, RA",1,format_all_caps_legacy,
94586,"KORPELA, JW",1,format_all_caps_legacy,
94587,"PORTNOI, TS",1,format_all_caps_legacy,
94588,"LAM, DJ",1,format_all_caps_legacy,
94590,"SHERRY, SN",1,format_all_caps_legacy,
94591,"NORTH, B",1,format_all_caps_legacy,
94592,"ONESTI, SJ",1,format_all_caps_legacy,
94593,"FARROW, FG",1,format_all_caps_legacy,
94594,"STEINER, GY",1,format_all_caps_legacy,
94595,"PRUNTY, H",1,format_all_caps_legacy,
94596,"KENNEDY, JF",1,format_all_caps_legacy,
94597,"DOUVILLE, MW",1,format_all_caps_legacy,
94598,"CYRUS, AS",1,format_all_caps_legacy,
94599,"DAVITTO, B",1,format_all_caps_legacy,
94600,"ENGELHARDT, FP",1,format_all_caps_legacy,
94601,"SIMMONS, RE",1,format_all_caps_legacy,
94602,"HERRE, EA",1,format_all_caps_legacy,
94603,"JEFFRIES, B",1,format_all_caps_legacy,
94604,"JOHNSON, MH",1,format_all_caps_legacy,
94606,"HARTLAGE, LC",1,format_all_caps_legacy,
94607,"BERLATSKY, MN",1,format_all_caps_legacy,
94609,"ROLFE, P",1,format_all_caps_legacy,
94610,"LEICHTER, HJ",1,format_all_caps_legacy,
94611,"MARCUS, MR",1,format_all_caps_legacy,
94612,"ROSENFELD, E",1,format_all_caps_legacy,
94613,"ONEIL, CF",1,format_all_caps_legacy,
94614,"SIBULKIN, L",1,format_all_caps_legacy,
94615,"FARBER, L",1,format_all_caps_legacy,
94616,"MALONEY, EM",1,format_all_caps_legacy,
94617,"FITZSIMMONS, MR",1,format_all_caps_legacy,
94618,"SCHWAB, N",1,format_all_caps_legacy,
94619,"STEIGMAN, JE",1,format_all_caps_legacy,
94620,"PELTENBURG, CM",1,format_all_caps_legacy,
94630,"HIGGINS, JG",1,format_all_caps_legacy,
94631,"STEENO, TJ",1,format_all_caps_legacy,
94632,"MOOREHEAD, BB",1,format_all_caps_legacy,
94633,"SMITS, JR",1,format_all_caps_legacy,
94634,"GARFIELD, R",1,format_all_caps_legacy,
94635,"LOTT, JT",1,format_all_caps_legacy,
94636,"NEWTON, M",1,format_all_caps_legacy,
94637,"MECHANIC, D",1,format_all_caps_legacy,
94638,"DARBY, JA",1,format_all_caps_legacy,
94639,"CARTER, AW",1,format_all_caps_legacy,
94640,"KATZ, EA",1,format_all_caps_legacy,
94641,"SAKS, FG",1,format_all_caps_legacy,
94642,"SIMPSON, RL",1,format_all_caps_legacy,
94643,"CHEA, MW",1,format_all_caps_legacy,
94644,"GARDNER, WI",1,format_all_caps_legacy,
94645,"LEVIN, S",1,format_all_caps_legacy,
94647,"RICHARDS, LD",1,format_all_caps_legacy,
94648,"LEE, KA",1,format_all_caps_legacy,
94650,"WEISBERG, P",1,format_all_caps_legacy,
94652,"BUCKLEY, M",1,format_all_caps_legacy,
94654,"REYNOLDS, MK",1,format_all_caps_legacy,
94655,"CRYMES, JT",1,format_all_caps_legacy,
94657,"SPELLMAN, SW",1,format_all_caps_legacy,
94658,"COATE, S",1,format_all_caps_legacy,
94659,"NORDSTROM, EA",1,format_all_caps_legacy,
94660,"ADAMS, ME",1,format_all_caps_legacy,
94661,"BIERMAN, R",1,format_all_caps_legacy,
94662,"HARRISON, GP",1,format_all_caps_legacy,
94664,"MABLEY, A",1,format_all_caps_legacy,
94665,"BOYER, LB",1,format_all_caps_legacy,
94666,"HETZLER, SA",1,format_all_caps_legacy,
94667,"LINDBERG, DR",1,format_all_caps_legacy,
94668,"WOSMEK, AW",1,format_all_caps_legacy,
94669,"PRESLEY, BL",1,format_all_caps_legacy,
94670,"ISAAC, SM",1,format_all_caps_legacy,
94671,"TURNER, H",1,format_all_caps_legacy,
94672,"COLLIER, CR",1,format_all_caps_legacy,
94673,"CAMPBELL, A",1,format_all_caps_legacy,
94674,"MONTGOMERY, DS",1,format_all_caps_legacy,
94675,"LEVEEN, L",1,format_all_caps_legacy,
94676,"PRIVER, D",1,format_all_caps_legacy,
94677,"HURN, PL",1,format_all_caps_legacy,
94678,"WINDHAUSER, M",1,format_all_caps_legacy,
94680,"BEHRENS, ML",1,format_all_caps_legacy,
94681,"RUESCH, J",1,format_all_caps_legacy,
94682,"RYLAND, G",1,format_all_caps_legacy,
94701,"MITCHELL, C",1,format_all_caps_legacy,
94703,"NUNNALLY, EW",1,format_all_caps_legacy,
94704,"WACKMAN, DB",1,format_all_caps_legacy,
94705,"RUSTIN, J",1,format_all_caps_legacy,
94706,"NATHANSON, R",1,format_all_caps_legacy,
94707,"UDRY, JR",1,format_all_caps_legacy,
94708,"AYRES, AQ",1,format_all_caps_legacy,
94709,"BERGEN, HM",1,format_all_caps_legacy,
94710,"KRIS, AO",1,format_all_caps_legacy,
94711,"HICKEY, KM",1,format_all_caps_legacy,
94712,"LEONARD, MA",1,format_all_caps_legacy,
94713,"HART, JW",1,format_all_caps_legacy,
94714,"BAIRD, KE",1,format_all_caps_legacy,
94715,"MCPHEETERS, HL",1,format_all_caps_legacy,
94716,"SILVERSTEIN, S",1,format_all_caps_legacy,
94717,"LIVINGSTON, PB",1,format_all_caps_legacy,
94718,"NOYES, EB",1,format_all_caps_legacy,
94719,"LABARRE, MB",1,format_all_caps_legacy,
94720,"GLASS, S",1,format_all_caps_legacy,
94721,"GOODRICH, CC",1,format_all_caps_legacy,
94722,"KAHN, DW",1,format_all_caps_legacy,
94723,"SCHECHTER, MD",1,format_all_caps_legacy,
94724,"SIEGEL, NH",1,format_all_caps_legacy,
94725,"FINK, M",1,format_all_caps_legacy,
94726,"DIAMOND, JD",1,format_all_caps_legacy,
94727,"DOVER, FT",1,format_all_caps_legacy,
94728,"SPENCER, K",1,format_all_caps_legacy,
94729,"OFFENKRANTZ, W",1,format_all_caps_legacy,
94731,"YOUNG, K",1,format_all_caps_legacy,
94740,"SILVERMAN, AG",1,format_all_caps_legacy,
94741,"KAHN, BH",1,format_all_caps_legacy,
94742,"ALSBROOK, L",1,format_all_caps_legacy,
94743,"HARDGROVE, G",1,format_all_caps_legacy,
94744,"LEBOW, GH",1,format_all_caps_legacy,
94745,"PADILLA, AM",1,format_all_caps_legacy,
94746,"CRENSHAW, M",1,format_all_caps_legacy,
94747,"KLITZNER, R",1,format_all_caps_legacy,
94748,"TAKETOMO, Y",1,format_all_caps_legacy,
94749,"FERRIS, BN",1,format_all_caps_legacy,
94750,"JACOBS, S",1,format_all_caps_legacy,
94751,"LANG, PA",1,format_all_caps_legacy,
94752,"VASEY, IT",1,format_all_caps_legacy,
94753,"SPEARMAN, FW",1,format_all_caps_legacy,
94754,"NADAL, RM",1,format_all_caps_legacy,
94755,"BROWN, BH",1,format_all_caps_legacy,
94756,"MOSCROP, M",1,format_all_caps_legacy,
94757,"MESSINGER, E",1,format_all_caps_legacy,
94758,"LIPELES, JC",1,format_all_caps_legacy,
94772,"BATES, VE",1,format_all_caps_legacy,
94773,"POWELL, JA",1,format_all_caps_legacy,
94774,"REDFERN, MA",1,format_all_caps_legacy,
94775,"LONG, I",1,format_all_caps_legacy,
94776,"DINGLE, PB",1,format_all_caps_legacy,
94777,"KRANTZLER, BJ",1,format_all_caps_legacy,
94778,"MAULTSBY, MC",1,format_all_caps_legacy,
94779,"ORADEI, DM",1,format_all_caps_legacy,
94780,"WAITE, NS",1,format_all_caps_legacy,
94781,"TEBOR, IB",1,format_all_caps_legacy,
94782,"ELDRED, CA",1,format_all_caps_legacy,
94783,"GRIER, VV",1,format_all_caps_legacy,
94784,"BERLINER, N",1,format_all_caps_legacy,
94785,"WEISBERG, LM",1,format_all_caps_legacy,
94786,"MCLANEY, M",1,format_all_caps_legacy,
94787,"MOSHER, LR",1,format_all_caps_legacy,
94789,"BEASLEY, LM",1,format_all_caps_legacy,
94791,"NOBEL, M",1,format_all_caps_legacy,
94793,"BOYD, S",1,format_all_caps_legacy,
94794,"CHICHESTER, CE",1,format_all_caps_legacy,
94795,"EIKENBERRY, DD",1,format_all_caps_legacy,
94796,"FOWLER, IA",1,format_all_caps_legacy,
94797,"JACOBS, GL",1,format_all_caps_legacy,
94798,"SUCHMAN, EA",1,format_all_caps_legacy,
94799,"MARRIAGE, AJ",1,format_all_caps_legacy,
94800,"PEPPER, GW",1,format_all_caps_legacy,
94801,"OTTO, MM",1,format_all_caps_legacy,
94802,"EISENBERG, MS",1,format_all_caps_legacy,
94803,"LEYENDECKER, GT",1,format_all_caps_legacy,
94804,"PYRKE, M",1,format_all_caps_legacy,
94805,"ROSS, M",1,format_all_caps_legacy,
94819,"BLATT, DO",1,format_all_caps_legacy,
94820,"STARR, DA",1,format_all_caps_legacy,
94821,"DIZENHUZ, IM",1,format_all_caps_legacy,
94822,"WINGET, C",1,format_all_caps_legacy,
94823,"PHILIP, MS",1,format_all_caps_legacy,
94824,"ZAPHIROPOULOS, L",1,format_all_caps_legacy,
94825,"DEMIRJIAN, A",1,format_all_caps_legacy,
94826,"GUTTENTAG, M",1,format_all_caps_legacy,
94827,"LIPNER, J",1,format_all_caps_legacy,
94828,"FISHER, JC",1,format_all_caps_legacy,
94829,"MAZOR, DL",1,format_all_caps_legacy,
94831,"NEBL, N",1,format_all_caps_legacy,
94832,"KOMINS, AS",1,format_all_caps_legacy,
94833,"DIGGS, MH",1,format_all_caps_legacy,
94834,"BALDWIN, KA",1,format_all_caps_legacy,
94835,"TYLER, IM",1,format_all_caps_legacy,
94836,"THOMPSON, SD",1,format_all_caps_legacy,
94837,"RIPPETO, RD",1,format_all_caps_legacy,
94838,"ANDERSEN, BH",1,format_all_caps_legacy,
94839,"HOW, JL",1,format_all_caps_legacy,
94840,"KRUPP, GR",1,format_all_caps_legacy,
94841,"WHEELER, ME",1,format_all_caps_legacy,
94842,"HUSEMAN, E",1,format_all_caps_legacy,
94843,"FOUNTAIN, G",1,format_all_caps_legacy,
94844,"TIBBITTS, C",1,format_all_caps_legacy,
94850,"HALE, BJ",1,format_all_caps_legacy,
94851,"STURGES, JS",1,format_all_caps_legacy,
94852,"MUNRO, JL",1,format_all_caps_legacy,
94853,"DECHTER, JF",1,format_all_caps_legacy,
94854,"EPHRAIM, N",1,format_all_caps_legacy,
94855,"WEISS, D",1,format_all_caps_legacy,
94856,"ELKIND, D",1,format_all_caps_legacy,
94857,"MURPHY, A",1,format_all_caps_legacy,
94859,"TOUSLEY, CM",1,format_all_caps_legacy,
94860,"GOLDEN, N",1,format_all_caps_legacy,
94861,"CHIRLIN, P",1,format_all_caps_legacy,
94862,"SHONE, B",1,format_all_caps_legacy,
94863,"HAMILTON, MT",1,format_all_caps_legacy,
94864,"MICHAEL, JA",1,format_all_caps_legacy,
94865,"BURNIS, JB",1,format_all_caps_legacy,
94866,"ACKERLY, WC",1,format_all_caps_legacy,
94867,"EZRA, J",1,format_all_caps_legacy,
94868,"NOLIN, BS",1,format_all_caps_legacy,
94869,"OSNOS, R",1,format_all_caps_legacy,
94870,"BELL, CW",1,format_all_caps_legacy,
94871,"KAPLAN, HL",1,format_all_caps_legacy,
94872,"PECK, HB",1,format_all_caps_legacy,
94873,"DUNCAN, MG",1,format_all_caps_legacy,
94874,"CLIFFORD, BJ",1,format_all_caps_legacy,
94875,"STONE, CE",1,format_all_caps_legacy,
94876,"HOGAN, VP",1,format_all_caps_legacy,
94877,"FORD, LS",1,format_all_caps_legacy,
94878,"STITT, PG",1,format_all_caps_legacy,
94894,"NEEDHAM, R",1,format_all_caps_legacy,
94895,"ISRAELY, RA",1,format_all_caps_legacy,
94896,"SCOTT, PB",1,format_all_caps_legacy,
94897,"WIGGINS, B",1,format_all_caps_legacy,
94898,"EAGLE, CJ",1,format_all_caps_legacy,
94899,"MCGARRITY, M",1,format_all_caps_legacy,
94900,"MADURO, RJ",1,format_all_caps_legacy,
94901,"MARTINEZ, CF",1,format_all_caps_legacy,
94902,"GUTHRIE, VL",1,format_all_caps_legacy,
94903,"GASDICK, JM",1,format_all_caps_legacy,
94904,"AMADA, G",1,format_all_caps_legacy,
94905,"SWARTZ, J",1,format_all_caps_legacy,
94906,"EDELSTEIN, RI",1,format_all_caps_legacy,
94907,"HOWLEY, JM",1,format_all_caps_legacy,
94909,"MITCHELL, ST",1,format_all_caps_legacy,
94910,"HAYNAM, M",1,format_all_caps_legacy,
94912,"CHAIKLIN, S",1,format_all_caps_legacy,
94913,"ORKOW, BM",1,format_all_caps_legacy,
94915,"DONOHUE, KC",1,format_all_caps_legacy,
94916,"BLOEDORN, JC",1,format_all_caps_legacy,
94917,"LEVINE, KG",1,format_all_caps_legacy,
94919,"RICH, LL",1,format_all_caps_legacy,
94920,"STEWART, BJ",1,format_all_caps_legacy,
94921,"KILGORE, LC",1,format_all_caps_legacy,
94922,"RAY, JA",1,format_all_caps_legacy,
94923,"BRADFORD, JB",1,format_all_caps_legacy,
94924,"FREUDIGER, P",1,format_all_caps_legacy,
94925,"FINE, SH",1,format_all_caps_legacy,
94926,"FINE, AP",1,format_all_caps_legacy,
94930,"MEYSTEDT, DM",1,format_all_caps_legacy,
94931,"BURR, A",1,format_all_caps_legacy,
94932,"KLEIN, JM",1,format_all_caps_legacy,
94933,"OCCHETTI, AE",1,format_all_caps_legacy,
94934,"OCCHETTI, DR",1,format_all_caps_legacy,
94935,"STEMPLER, H",1,format_all_caps_legacy,
94936,"WALD, E",1,format_all_caps_legacy,
94937,"AMATEA, ES",1,format_all_caps_legacy,
94938,"MUNSON, PA",1,format_all_caps_legacy,
94939,"ANDERSON, LM",1,format_all_caps_legacy,
94940,"RUDNER, RA",1,format_all_caps_legacy,
94941,"STARR, AMC",1,format_all_caps_legacy,
94942,"HANCOCK, BL",1,format_all_caps_legacy,
94943,"MCCORMACK, A",1,format_all_caps_legacy,
94944,"SELVAGGIO, M",1,format_all_caps_legacy,
94945,"DEVEREUX, SA",1,format_all_caps_legacy,
94948,"MITROWSKI, CA",1,format_all_caps_legacy,
94949,"GOODMAN, JR",1,format_all_caps_legacy,
94950,"HIESTAND, EE",1,format_all_caps_legacy,
94952,"METZGER, MC",1,format_all_caps_legacy,
94953,"GWYN, FS",1,format_all_caps_legacy,
94954,"KOPPEL, F",1,format_all_caps_legacy,
94955,"STIMMLER, L",1,format_all_caps_legacy,
94956,"PERONE, F",1,format_all_caps_legacy,
94957,"MACON, LB",1,format_all_caps_legacy,
94958,"SCOTT, JF",1,format_all_caps_legacy,
94959,"WILLIAMS, VG",1,format_all_caps_legacy,
94960,"ROSEBERRY, MJ",1,format_all_caps_legacy,
94961,"LEWERT, G",1,format_all_caps_legacy,
94962,"STEVENS, D",1,format_all_caps_legacy,
94963,"BRUNN, LC",1,format_all_caps_legacy,
94964,"ADAMEK, M",1,format_all_caps_legacy,
94965,"KRYSTAL, E",1,format_all_caps_legacy,
94966,"MORANSACKETT, M",1,format_all_caps_legacy,
94967,"THOMPSON, SV",1,format_all_caps_legacy,
94968,"LINDEMANN, C",1,format_all_caps_legacy,
94969,"DREZNICK, J",1,format_all_caps_legacy,
94970,"ROWE, B",1,format_all_caps_legacy,
94971,"FAFFER, JI",1,format_all_caps_legacy,
94972,"STARTZ, MR",1,format_all_caps_legacy,
94973,"EVANS, CW",1,format_all_caps_legacy,
94974,"FINBERG, BD",1,format_all_caps_legacy,
94975,"MARPLES, M",1,format_all_caps_legacy,
94976,"BRAVERMAN, L",1,format_all_caps_legacy,
94978,"GLASSBERG, E",1,format_all_caps_legacy,
94979,"UTTS, H",1,format_all_caps_legacy,
94980,"AMMONS, P",1,format_all_caps_legacy,
94981,"NOLLEN, SD",1,format_all_caps_legacy,
94982,"KLEINMAN, J",1,format_all_caps_legacy,
94983,"BRANTLEY, TI",1,format_all_caps_legacy,
94984,"LEVICK, K",1,format_all_caps_legacy,
94985,"BADDING, NC",1,format_all_caps_legacy,
94986,"RICHARDSON, VE",1,format_all_caps_legacy,
94987,"SCHUCHTS, RA",1,format_all_caps_legacy,
94988,"LESNOFFCARAVAGLIA, G",1,format_all_caps_legacy,
94989,"APPLEBY, GA",1,format_all_caps_legacy,
94990,"HONEY, E",1,format_all_caps_legacy,
94991,"GRANT, P",1,format_all_caps_legacy,
94992,"SCHWARTZBORDEN, G",1,format_all_caps_legacy,
94993,"KNAUT, SA",1,format_all_caps_legacy,
94994,"LEIKIN, C",1,format_all_caps_legacy,
94995,"BOOKIN, D",1,format_all_caps_legacy,
94996,"KIEREN, DK",1,format_all_caps_legacy,
94997,"HANNEKE, CR",1,format_all_caps_legacy,
94998,"SHIELDS, NA",1,format_all_caps_legacy,
95000,"TONTI, M",1,format_all_caps_legacy,
95001,"HAWLEY, NP",1,format_all_caps_legacy,
95002,"BROWN, EL",1,format_all_caps_legacy,
95003,"KING, JE",1,format_all_caps_legacy,
95005,"EFFRON, AK",1,format_all_caps_legacy,
95006,"MAHONY, K",1,format_all_caps_legacy,
95007,"ERICKSON, WH",1,format_all_caps_legacy,
95008,"FREEDMAN, S",1,format_all_caps_legacy,
95009,"HOWARD, TU",1,format_all_caps_legacy,
95010,"JOHNSON, FC",1,format_all_caps_legacy,
95011,"ADDIS, M",1,format_all_caps_legacy,
95012,"SCHULMANMILLER, J",1,format_all_caps_legacy,
95013,"LIGHTMAN, M",1,format_all_caps_legacy,
95014,"DIGIULIO, JF",1,format_all_caps_legacy,
95015,"ANDERSON, RE",1,format_all_caps_legacy,
95016,"SIMOS, B",1,format_all_caps_legacy,
95017,"NEIL, JB",1,format_all_caps_legacy,
95018,"PRATT, CC",1,format_all_caps_legacy,
95019,"KOVAL, J",1,format_all_caps_legacy,
95020,"KRIM, A",1,format_all_caps_legacy,
95021,"FRANKENSTEIN, R",1,format_all_caps_legacy,
95022,"AKIN, G",1,format_all_caps_legacy,
95023,"KUGEL, L",1,format_all_caps_legacy,
95024,"JACOBSEN, RB",1,format_all_caps_legacy,
95025,"HUMPHRY, RA",1,format_all_caps_legacy,
95026,"LIPOVSKY, JA",1,format_all_caps_legacy,
95027,"JARRATT, KD",1,format_all_caps_legacy,
95028,"BLAKEWHITE, J",1,format_all_caps_legacy,
95029,"KLINE, CM",1,format_all_caps_legacy,
95030,"HALL, B",1,format_all_caps_legacy,
95031,"VALVANO, J",1,format_all_caps_legacy,
95032,"ERICKSON, VL",1,format_all_caps_legacy,
95033,"MARTIN, J",1,format_all_caps_legacy,
95034,"ELFERS, RA",1,format_all_caps_legacy,
95035,"LESTER, L",1,format_all_caps_legacy,
95036,"AUSTIN, KB",1,format_all_caps_legacy,
95037,"MANAK, JJ",1,format_all_caps_legacy,
95038,"HORWITZ, R",1,format_all_caps_legacy,
95040,"KEMP, JT",1,format_all_caps_legacy,
95041,"SANZENBACH, P",1,format_all_caps_legacy,
95042,"WARD, JP",1,format_all_caps_legacy,
95043,"WAKEHAM, K",1,format_all_caps_legacy,
95044,"PEIRCE, FJ",1,format_all_caps_legacy,
95045,"AUTH, PJ",1,format_all_caps_legacy,
95046,"ZARET, S",1,format_all_caps_legacy,
95047,"BURCH, G",1,format_all_caps_legacy,
95048,"MOHR, V",1,format_all_caps_legacy,
95049,"LARSEN, JA",1,format_all_caps_legacy,
95050,"MITCHELL, CT",1,format_all_caps_legacy,
95051,"WANNERWESTLY, B",1,format_all_caps_legacy,
95052,"BROWN, HS",1,format_all_caps_legacy,
95053,"FINKELSTEIN, ND",1,format_all_caps_legacy,
95054,"STEINHORN, AI",1,format_all_caps_legacy,
95055,"NADEL, M",1,format_all_caps_legacy,
95056,"KUVER, JM",1,format_all_caps_legacy,
95057,"NAPOLEONE, S",1,format_all_caps_legacy,
95058,"DIODATO, SC",1,format_all_caps_legacy,
95059,"PANCOAST, BP",1,format_all_caps_legacy,
95060,"FREY, MA",1,format_all_caps_legacy,
95061,"EHRENREICH, J",1,format_all_caps_legacy,
95062,"BITTNER, R",1,format_all_caps_legacy,
95063,"POULSHOCK, SW",1,format_all_caps_legacy,
95064,"MADONIA, JF",1,format_all_caps_legacy,
95065,"LARSEN, J",1,format_all_caps_legacy,
95066,"SELDON, J",1,format_all_caps_legacy,
95067,"ANDERSON, GD",1,format_all_caps_legacy,
95068,"TREVINO, F",1,format_all_caps_legacy,
95069,"CHADWICK, BA",1,format_all_caps_legacy,
95070,"ALBRECHT, SL",1,format_all_caps_legacy,
95071,"BAHR, HM",1,format_all_caps_legacy,
95072,"IMBROGNO, NI",1,format_all_caps_legacy,
95073,"DEIGHTON, J",1,format_all_caps_legacy,
95074,"MCPEEK, P",1,format_all_caps_legacy,
95075,"MILLER, JN",1,format_all_caps_legacy,
95076,"MOUZAKITIS, CM",1,format_all_caps_legacy,
95077,"GOLDSTEIN, SC",1,format_all_caps_legacy,
95078,"NEIDIG, PH",1,format_all_caps_legacy,
95080,"COLLINS, BS",1,format_all_caps_legacy,
95081,"BERGER, PC",1,format_all_caps_legacy,
95082,"SMITH, JRP",1,format_all_caps_legacy,
95083,"LAREW, BI",1,format_all_caps_legacy,
95084,"ORLIN, MB",1,format_all_caps_legacy,
95085,"BURKEGRONFEIN, V",1,format_all_caps_legacy,
95086,"SUGARMAN, BA",1,format_all_caps_legacy,
95087,"DWYER, MM",1,format_all_caps_legacy,
95088,"GURNEY, RJ",1,format_all_caps_legacy,
95089,"WIRTZ, TS",1,format_all_caps_legacy,
95090,"HASHIMI, J",1,format_all_caps_legacy,
95091,"CROSS, TL",1,format_all_caps_legacy,
95092,"DUBRAY, WH",1,format_all_caps_legacy,
95093,"RAIFF, NR",1,format_all_caps_legacy,
95094,"RHODES, S",1,format_all_caps_legacy,
95095,"RUMELHART, MA",1,format_all_caps_legacy,
95096,"HOOPER, CR",1,format_all_caps_legacy,
95097,"GORDY, PL",1,format_all_caps_legacy,
95098,"HERINGTON, W",1,format_all_caps_legacy,
95099,"KUSHNER, R",1,format_all_caps_legacy,
95100,"MEDDIN, J",1,format_all_caps_legacy,
95101,"EFRON, DE",1,format_all_caps_legacy,
95102,"ASHLEY, AA",1,format_all_caps_legacy,
95103,"SEGAL, R",1,format_all_caps_legacy,
95104,"MAYER, E",1,format_all_caps_legacy,
95105,"KIM, PKH",1,format_all_caps_legacy,
95106,"DIETZ, SE",1,format_all_caps_legacy,
95107,"RATLIFF, N",1,format_all_caps_legacy,
95108,"POPE, L",1,format_all_caps_legacy,
95109,"REYNOLDS, D",1,format_all_caps_legacy,
95110,"BRENNAN, TP",1,format_all_caps_legacy,
95111,"GEDRICH, AE",1,format_all_caps_legacy,
95112,"JACOBY, SE",1,format_all_caps_legacy,
95113,"TARDY, MJ",1,format_all_caps_legacy,
95114,"MOUZAKITIS, C",1,format_all_caps_legacy,
95115,"ENGEL, JW",1,format_all_caps_legacy,
95116,"KOVAR, BP",1,format_all_caps_legacy,
95117,"MUSCHEL, IJ",1,format_all_caps_legacy,
95118,"ORR, SY",1,format_all_caps_legacy,
95119,"ROBINSON, GM",1,format_all_caps_legacy,
95120,"CHO, SA",1,format_all_caps_legacy,
95121,"ARMSTRONG, MC",1,format_all_caps_legacy,
95122,"MUELLER, CP",1,format_all_caps_legacy,
95123,"CAIN, BS",1,format_all_caps_legacy,
95124,"BURSTEIN, B",1,format_all_caps_legacy,
95125,"WARD, L",1,format_all_caps_legacy,
95126,"OCONNOR, GG",1,format_all_caps_legacy,
95127,"VANTREUREN, RR",1,format_all_caps_legacy,
95128,"ERICKSON, W",1,format_all_caps_legacy,
95129,"SZE, WC",1,format_all_caps_legacy,
95130,"IVKER, B",1,format_all_caps_legacy,
95131,"FRAGER, AR",1,format_all_caps_legacy,
95132,"COOK, JB",1,format_all_caps_legacy,
95133,"DAVENPORT, JA",1,format_all_caps_legacy,
95134,"WEITZMAN, J",1,format_all_caps_legacy,
95135,"DREEN, K",1,format_all_caps_legacy,
95137,"GOURSE, JE",1,format_all_caps_legacy,
95138,"GIELE, JZ",1,format_all_caps_legacy,
95139,"KELLEY, V",1,format_all_caps_legacy,
95140,"BLOCH, AC",1,format_all_caps_legacy,
95141,"OVERKAMP, SJ",1,format_all_caps_legacy,
95142,"BRIKS, M",1,format_all_caps_legacy,
95143,"SCHLOSBERG, SB",1,format_all_caps_legacy,
95144,"KAGAN, RM",1,format_all_caps_legacy,
95145,"OLIN, RJ",1,format_all_caps_legacy,
95146,"KESTNBAUM, JD",1,format_all_caps_legacy,
95147,"PRUHS, A",1,format_all_caps_legacy,
95148,"PAULSEN, ML",1,format_all_caps_legacy,
95149,"TYSSELING, WR",1,format_all_caps_legacy,
95150,"SEGAL, RM",1,format_all_caps_legacy,
95151,"ENGLAND, MJ",1,format_all_caps_legacy,
95153,"LLOYD, SA",1,format_all_caps_legacy,
95154,"CONGER, J",1,format_all_caps_legacy,
95155,"STONE, NM",1,format_all_caps_legacy,
95156,"STONE, SF",1,format_all_caps_legacy,
95157,"HENDRICKSMATTHEWS, M",1,format_all_caps_legacy,
95158,"KATLIN, F",1,format_all_caps_legacy,
95159,"STEINBERG, LD",1,format_all_caps_legacy,
95160,"VIGILANTE, F",1,format_all_caps_legacy,
95161,"COMBS, TD",1,format_all_caps_legacy,
95162,"GOODSELL, CT",1,format_all_caps_legacy,
95163,"GINGERICH, W",1,format_all_caps_legacy,
95164,"OSTBLOOM, N",1,format_all_caps_legacy,
95165,"CRASE, SJ",1,format_all_caps_legacy,
95166,"CHASE, AM",1,format_all_caps_legacy,
95167,"CROWLEY, CD",1,format_all_caps_legacy,
95168,"WEINTRAUB, MK",1,format_all_caps_legacy,
95169,"LEE, DB",1,format_all_caps_legacy,
95170,"WILSON, SK",1,format_all_caps_legacy,
95171,"CAMERON, S",1,format_all_caps_legacy,
95172,"JAFFE, P",1,format_all_caps_legacy,
95173,"WOLFE, D",1,format_all_caps_legacy,
95174,"MCDONALD, BA",1,format_all_caps_legacy,
95175,"MOYNIHAN, R",1,format_all_caps_legacy,
95176,"SILVER, LG",1,format_all_caps_legacy,
95177,"CARROLL, M",1,format_all_caps_legacy,
95178,"FEINER, HA",1,format_all_caps_legacy,
95179,"COUCH, EH",1,format_all_caps_legacy,
95180,"BOBO, JK",1,format_all_caps_legacy,
95181,"TRIMBLE, JE",1,format_all_caps_legacy,
95182,"CVETKOVICH, GT",1,format_all_caps_legacy,
95183,"UTTS, HL",1,format_all_caps_legacy,
95184,"BARSKY, M",1,format_all_caps_legacy,
95185,"STREEVER, KL",1,format_all_caps_legacy,
95186,"DIXON, SL",1,format_all_caps_legacy,
95187,"WONG, P",1,format_all_caps_legacy,
95188,"RANAN, W",1,format_all_caps_legacy,
95189,"BLODGETT, A",1,format_all_caps_legacy,
95190,"JACKSON, JL",1,format_all_caps_legacy,
95191,"ALSAGAF, EL",1,format_all_caps_legacy,
95192,"SHUSTER, D",1,format_all_caps_legacy,
95193,"BATES, M",1,format_all_caps_legacy,
95194,"PAQUIN, MJR",1,format_all_caps_legacy,
95195,"SHELMIRE, ME",1,format_all_caps_legacy,
95196,"LITTMAN, SE",1,format_all_caps_legacy,
95197,"MARSHALL, CAH",1,format_all_caps_legacy,
95198,"JONES, ND",1,format_all_caps_legacy,
95199,"BERTHOLD, SM",1,format_all_caps_legacy,
95200,"KIMBERLEY, MD",1,format_all_caps_legacy,
95201,"SHAPIRO, JL",1,format_all_caps_legacy,
95202,"GROSSMAN, JI",1,format_all_caps_legacy,
95203,"LIPTON, DS",1,format_all_caps_legacy,
95204,"MIALL, CE",1,format_all_caps_legacy,
95205,"WARMBROD, MET",1,format_all_caps_legacy,
95206,"DUBLIN, R",1,format_all_caps_legacy,
95207,"STEIN, MP",1,format_all_caps_legacy,
95208,"SILVERMAN, ML",1,format_all_caps_legacy,
95209,"HOWE, GW",1,format_all_caps_legacy,
95211,"ARMSTRONG, B",1,format_all_caps_legacy,
95212,"FRANKLE, H",1,format_all_caps_legacy,
95213,"GORDON, VK",1,format_all_caps_legacy,
95214,"KRELL, HL",1,format_all_caps_legacy,
95215,"RICHARDSON, CM",1,format_all_caps_legacy,
95216,"LAMANNA, TN",1,format_all_caps_legacy,
95217,"KAIRYS, SW",1,format_all_caps_legacy,
95218,"MCEVOY, A",1,format_all_caps_legacy,
95219,"BROWN, CE",1,format_all_caps_legacy,
95220,"PARK, D",1,format_all_caps_legacy,
95221,"MORSCHAUSER, EJ",1,format_all_caps_legacy,
95222,"BEAULIEU, EM",1,format_all_caps_legacy,
95223,"KARPINSKI, J",1,format_all_caps_legacy,
95224,"GARRISON, C",1,format_all_caps_legacy,
95225,"WEBER, J",1,format_all_caps_legacy,
95226,"LAUGHLIN, J",1,format_all_caps_legacy,
95227,"CRAFT, JL",1,format_all_caps_legacy,
95228,"HANSON, W",1,format_all_caps_legacy,
95229,"IACCARINO, S",1,format_all_caps_legacy,
95230,"KRAUS, LM",1,format_all_caps_legacy,
95231,"JESCH, GW",1,format_all_caps_legacy,
95232,"ZACKS, H",1,format_all_caps_legacy,
95233,"CATALINA, J",1,format_all_caps_legacy,
95234,"NISINZWEIG, S",1,format_all_caps_legacy,
95235,"ABRAMS, V",1,format_all_caps_legacy,
95236,"KRONENFELD, D",1,format_all_caps_legacy,
95237,"MIDDLETONJETER, V",1,format_all_caps_legacy,
95238,"WOLINSKY, MA",1,format_all_caps_legacy,
95239,"NELSON, NE",1,format_all_caps_legacy,
95240,"MCCARTHY, CR",1,format_all_caps_legacy,
95241,"DIAMOND, L",1,format_all_caps_legacy,
95242,"PARIHAR, B",1,format_all_caps_legacy,
95243,"KIRCHHOFF, SB",1,format_all_caps_legacy,
95244,"BORGMAN, R",1,format_all_caps_legacy,
95245,"ROSENZWEIG, JE",1,format_all_caps_legacy,
95246,"JONES, RL",1,format_all_caps_legacy,
95247,"WINBORN, R",1,format_all_caps_legacy,
95248,"BERLATSKY, T",1,format_all_caps_legacy,
95249,"MEDDIN, BJ",1,format_all_caps_legacy,
95250,"WEISS, AO",1,format_all_caps_legacy,
95251,"GREENSPAN, B",1,format_all_caps_legacy,
95252,"NUMMELA, LW",1,format_all_caps_legacy,
95253,"AKABAS, SA",1,format_all_caps_legacy,
95254,"BATES, CW",1,format_all_caps_legacy,
113488,GORDON E.,1,format_all_caps_legacy,
117603,"STREETS, FREDERICK",1,format_all_caps_legacy,
117832,"HODGE, DAVID R.",1,format_all_caps_legacy,
118184,"HENRICKSON, MARK",1,format_all_caps_legacy,
119458,"LIMB, GORDON E.",1,format_all_caps_legacy,
120085,"DEREZOTES, DAVID",1,format_all_caps_legacy,
120382,"WOLFER, TERRY A.",1,format_all_caps_legacy,
120876,"TEBB, SUSAN",1,format_all_caps_legacy,
121225,"BEHRMAN, GARY",1,format_all_caps_legacy,
121917,"NADIR, ANEESAH",1,format_all_caps_legacy,
122870,JAIMON VARGHESE,1,format_all_caps_legacy,
122871,ELEANOR ROSS,1,format_all_caps_legacy,
122872,MPUMELELO NCUBE,1,format_all_caps_legacy,
123113,LOIS WEINSTEIN,1,format_all_caps_legacy,
123843,TRINIDAD DE JESUS ARGUELLO,1,format_all_caps_legacy,
127240,PING-CHUAN HSIUNG,1,format_all_caps_legacy,
127242,"CHUNG, LYINN",1,format_all_caps_legacy,
127245,"MUTAMBARA, JULIA",1,format_all_caps_legacy,
127247,"KHOMBO, SIBUSISO",1,format_all_caps_legacy,
127248,"MATSIKURE, MEMORY",1,format_all_caps_legacy,
127249,"MAUWA, GRETA",1,format_all_caps_legacy,
127250,"MUTSEURA, TANYARADZWA",1,format_all_caps_legacy,
127262,SALLY KA WING LO,1,format_all_caps_legacy,
127263,EDISON KA-LOK LAU,1,format_all_caps_legacy,
127264,TAMMI KING-WAI LEE,1,format_all_caps_legacy,
127267,"AZZI-LESSING, LENETTE",1,format_all_caps_legacy,
127274,QI LU HUANG,1,format_all_caps_legacy,
127275,FELIX SAI KIT NG,1,format_all_caps_legacy,
127276,YIDA YEE HA CHUNG,1,format_all_caps_legacy,
127277,YU CHEUNG WONG,1,format_all_caps_legacy,
127278,WAI TUNG NG,1,format_all_caps_legacy,
127279,JACKY KWOK KWONG CHAN,1,format_all_caps_legacy,
127280,"GUO, HAOYI",1,format_all_caps_legacy,
127283,"YANG-TZU, LI",1,format_all_caps_legacy,
127284,HUA-YUAN TSENG,1,format_all_caps_legacy,
127285,KAO-MING HSIAO,1,format_all_caps_legacy,
127289,"PAN, ZIXIN",1,format_all_caps_legacy,
127290,CHUNG YUE JOEY SIU,1,format_all_caps_legacy,
127291,BEN KA-CHUNG TIN,1,format_all_caps_legacy,
127294,MOHAMMAD IDRIS ALEMI,1,format_all_caps_legacy,
127298,BEN CP LIU,1,format_all_caps_legacy,
127299,"CHUI, RAYMOND CF",1,format_all_caps_legacy,
127308,JOHNSON CHEUK KIU LEE,1,format_all_caps_legacy,
127315,NELSON WY TAM,1,format_all_caps_legacy,
127316,"KWOK, SYLVIA YCL",1,format_all_caps_legacy,
127319,LI CHEN CHENG,1,format_all_caps_legacy,
127325,"HIGHTOWER, LAMART",1,format_all_caps_legacy,
127345,"HAN, JOYCE CHANG SAU",1,format_all_caps_legacy,
127346,"WANG, SHU-TWU",1,format_all_caps_legacy,
127349,"UDDIN, MOHAMMAD JASIM",1,format_all_caps_legacy,
127351,"YUEN, MANTAK",1,format_all_caps_legacy,
137899,ISHITHA E.K.,1,format_all_caps_legacy,
137905,JAYANTHY P. NAIR,1,format_all_caps_legacy,
137906,M.I. JOSEPH,1,format_all_caps_legacy,
138029,JAYANTHY P. NAIR,1,format_all_caps_legacy,
138030,M.I. JOSEPH,1,format_all_caps_legacy,
138053,P.S FATHIMA,1,format_all_caps_legacy,
138054,SWAIN MAMTA,1,format_all_caps_legacy,
138055,SINHA V.K,1,format_all_caps_legacy,
138062,DEENA JOSEPH,1,format_all_caps_legacy,
138150,SEENA ABRAHAM,1,format_all_caps_legacy,
138158,ISHITHA E.K.,1,format_all_caps_legacy,
138206,SEENA ABRAHAM,1,format_all_caps_legacy,
138252,P.S FATHIMA,1,format_all_caps_legacy,
138253,SWAIN MAMTA,1,format_all_caps_legacy,
138254,SINHA V.K,1,format_all_caps_legacy,
138281,DEENA JOSEPH,1,format_all_caps_legacy,
140686,WESLEY T. CHURCH II,1,format_all_caps_legacy,
140708,MARCELA SARMIENTO MELLINGER,1,format_all_caps_legacy,
140717,GEORGE LEIBOWITZ,1,format_all_caps_legacy,
140761,ELIZABETH C. AHERN,1,format_all_caps_legacy,
140777,"VELMER S. BURTON, JR.",1,format_all_caps_legacy,
140817,MIKE TANANA,1,format_all_caps_legacy,
140825,CARLTON MUNSON,1,format_all_caps_legacy,
140841,PHILLIPE COPELAND,1,format_all_caps_legacy,
140858,JOHN R. BARNER,1,format_all_caps_legacy,
140860,AMY DELLINGER PAGE,1,format_all_caps_legacy,
140874,LYNN GEURIN,1,format_all_caps_legacy,
140880,JAVONDA WILLIAMS,1,format_all_caps_legacy,
140886,LESLIE TUTTY,1,format_all_caps_legacy,
140891,MARIE BAILEY-KLOCH,1,format_all_caps_legacy,
140925,SUSAN MCCARTER,1,format_all_caps_legacy,
140928,CARRIE PETTUS-DAVIS,1,format_all_caps_legacy,
140939,SUSAN P. ROBBINS,1,format_all_caps_legacy,
142770,PING-CHUAN HSIUNG,1,format_all_caps_legacy,
142772,"CHUNG, LYINN",1,format_all_caps_legacy,
142775,"MUTAMBARA, JULIA",1,format_all_caps_legacy,
142777,"KHOMBO, SIBUSISO",1,format_all_caps_legacy,
142778,"MATSIKURE, MEMORY",1,format_all_caps_legacy,
142779,"MAUWA, GRETA",1,format_all_caps_legacy,
142780,"MUTSEURA, TANYARADZWA",1,format_all_caps_legacy,
142792,SALLY KA WING LO,1,format_all_caps_legacy,
142793,EDISON KA-LOK LAU,1,format_all_caps_legacy,
142794,TAMMI KING-WAI LEE,1,format_all_caps_legacy,
142797,"AZZI-LESSING, LENETTE",1,format_all_caps_legacy,
142804,QI LU HUANG,1,format_all_caps_legacy,
142805,FELIX SAI KIT NG,1,format_all_caps_legacy,
142806,YIDA YEE HA CHUNG,1,format_all_caps_legacy,
142807,YU CHEUNG WONG,1,format_all_caps_legacy,
142808,WAI TUNG NG,1,format_all_caps_legacy,
142809,JACKY KWOK KWONG CHAN,1,format_all_caps_legacy,
142810,"GUO, HAOYI",1,format_all_caps_legacy,
142811,"HÄMÄLÄINEN, JUHA",1,format_all_caps_legacy,
142813,"YANG-TZU, LI",1,format_all_caps_legacy,
142814,HUA-YUAN TSENG,1,format_all_caps_legacy,
142815,KAO-MING HSIAO,1,format_all_caps_legacy,
142820,CHUNG YUE JOEY SIU,1,format_all_caps_legacy,
142821,BEN KA-CHUNG TIN,1,format_all_caps_legacy,
142824,MOHAMMAD IDRIS ALEMI,1,format_all_caps_legacy,
142828,BEN CP LIU,1,format_all_caps_legacy,
142829,"CHUI, RAYMOND CF",1,format_all_caps_legacy,
142838,JOHNSON CHEUK KIU LEE,1,format_all_caps_legacy,
142845,NELSON WY TAM,1,format_all_caps_legacy,
142846,"KWOK, SYLVIA YCL",1,format_all_caps_legacy,
142849,LI CHEN CHENG,1,format_all_caps_legacy,
142855,"HIGHTOWER, LAMART",1,format_all_caps_legacy,
142875,"HAN, JOYCE CHANG SAU",1,format_all_caps_legacy,
142876,"WANG, SHU-TWU",1,format_all_caps_legacy,
142879,"UDDIN, MOHAMMAD JASIM",1,format_all_caps_legacy,
142881,"YUEN, MANTAK",1,format_all_caps_legacy,
142882,"UDDIN, MOHAMMAD JASIM",1,format_all_caps_legacy,
150497,ISHITHA E.K.,1,format_all_caps_legacy,
150502,JAYANTHY P. NAIR,1,format_all_caps_legacy,
150503,M.I. JOSEPH,1,format_all_caps_legacy,
150578,P.S FATHIMA,1,format_all_caps_legacy,
150579,SWAIN MAMTA,1,format_all_caps_legacy,
150580,SINHA V.K,1,format_all_caps_legacy,
150618,SEENA ABRAHAM,1,format_all_caps_legacy,
158248,ISHITHA E.K.,1,format_all_caps_legacy,
158253,JAYANTHY P. NAIR,1,format_all_caps_legacy,
158254,M.I. JOSEPH,1,format_all_caps_legacy,
158329,P.S FATHIMA,1,format_all_caps_legacy,
158330,SWAIN MAMTA,1,format_all_caps_legacy,
158331,SINHA V.K,1,format_all_caps_legacy,
158369,SEENA ABRAHAM,1,format_all_caps_legacy,
8,"WILSON, MC",0,format_all_caps_legacy,
89,"ENGLANDER, K",0,format_all_caps_legacy,
122,"MOYER, HL",0,format_all_caps_legacy,
223,"PURVIS, GM",0,format_all_caps_legacy,
313,"GRIFFIN, TJ",0,format_all_caps_legacy,
319,"KROTCHER, JC",0,format_all_caps_legacy,
329,"MICHAELSON, R",0,format_all_caps_legacy,
341,"RUBIN, D",0,format_all_caps_legacy,
344,"SHANER, P",0,format_all_caps_legacy,
347,"SWARTZ, BE",0,format_all_caps_legacy,
401,"VANWEL, F",0,format_all_caps_legacy,
509,"HUMPHREY, C",0,format_all_caps_legacy,
510,"CARTER, P",0,format_all_caps_legacy,
2049,"MORGAN, J",0,format_all_caps_legacy,
2109,"KAUFFMAN, H",0,format_all_caps_legacy,
2122,"MONROE, KL",0,format_all_caps_legacy,
2139,"STERNBERG, P",0,format_all_caps_legacy,
2243,"DIRIENZOCALLAHAN, C",0,format_all_caps_legacy,
2450,"KIDDOO, M",0,format_all_caps_legacy,
2451,"LAFLEUR, B",0,format_all_caps_legacy,
2479,"CORDEN, A",0,format_all_caps_legacy,
2704,"MAYBANKS, S",0,format_all_caps_legacy,
3050,"MATHEW, M",0,format_all_caps_legacy,
3060,"PROUDFIT, C",0,format_all_caps_legacy,
3072,"TURNER, WR",0,format_all_caps_legacy,
3073,"WASHINGTON, F",0,format_all_caps_legacy,
3116,"HOSIE, K",0,format_all_caps_legacy,
3117,"MILLHAM, S",0,format_all_caps_legacy,
3250,"MILES, J",0,format_all_caps_legacy,
3280,"PASNER, M",0,format_all_caps_legacy,
3292,"VIETS, D",0,format_all_caps_legacy,
3341,"FOWELL, I",0,format_all_caps_legacy,
3362,"COLLINS, CJ",0,format_all_caps_legacy,
3371,"GLOGOWSKI, J",0,format_all_caps_legacy,
3378,"HOPE, D",0,format_all_caps_legacy,
3390,"KNOEPLER, S",0,format_all_caps_legacy,
3411,"TSUI, P",0,format_all_caps_legacy,
3415,"WINKLER, M",0,format_all_caps_legacy,
3652,"HAYDEN, SL",0,format_all_caps_legacy,
3723,"NEMICCOLO, H",0,format_all_caps_legacy,
3724,"FERULLO, D",0,format_all_caps_legacy,
3750,"SEMKE, J",0,format_all_caps_legacy,
3826,"GOOCH, G",0,format_all_caps_legacy,
3957,"NEALE, V",0,format_all_caps_legacy,
3969,"WILLNER, S",0,format_all_caps_legacy,
3976,"BOVAIRD, T",0,format_all_caps_legacy,
3977,"MALLINSON, I",0,format_all_caps_legacy,
4057,"BUTERO, T",0,format_all_caps_legacy,
4236,"LUNDERVOLD, D",0,format_all_caps_legacy,
4263,"WEISSMAN, AL",0,format_all_caps_legacy,
4289,"THRASHER, S",0,format_all_caps_legacy,
4360,"FLIEGEL, DL",0,format_all_caps_legacy,
4378,"WRZOS, RL",0,format_all_caps_legacy,
4478,"BROWNSTEIN, SM",0,format_all_caps_legacy,
4514,"FORBES, C",0,format_all_caps_legacy,
4559,"DURBY, DD",0,format_all_caps_legacy,
4592,"SHARMA, SD",0,format_all_caps_legacy,
4745,"LUDWIG, T",0,format_all_caps_legacy,
4940,"MCCLELLAN, DL",0,format_all_caps_legacy,
5140,"FURNESS, AM",0,format_all_caps_legacy,
5174,"MAMA, RS",0,format_all_caps_legacy,
5175,"MAMA, S",0,format_all_caps_legacy,
5188,"RUFFIN, EW",0,format_all_caps_legacy,
5355,"COLEMAN, L",0,format_all_caps_legacy,
5361,"CLIFTON, M",0,format_all_caps_legacy,
5443,"GUALTIERI, H",0,format_all_caps_legacy,
5454,"HARTLEY, E",0,format_all_caps_legacy,
5561,"OLEARY, JE",0,format_all_caps_legacy,
5562,"ORAM, R",0,format_all_caps_legacy,
5603,"RAWLINGS, SA",0,format_all_caps_legacy,
5633,"SESSIONS, R",0,format_all_caps_legacy,
5667,"TENNANT, JS",0,format_all_caps_legacy,
5699,"ZIMRIN, H",0,format_all_caps_legacy,
5865,"HARPER, HV",0,format_all_caps_legacy,
5890,"IMHOF, J",0,format_all_caps_legacy,
5918,"KRETCHMER, L",0,format_all_caps_legacy,
5949,"MARCUS, L",0,format_all_caps_legacy,
5964,"MONFILS, M",0,format_all_caps_legacy,
5966,"MORSE, SJ",0,format_all_caps_legacy,
5967,"NEEL, M",0,format_all_caps_legacy,
6025,"SHAPIRO, A",0,format_all_caps_legacy,
6038,"SLACK, J",0,format_all_caps_legacy,
6051,"STJAMES, RL",0,format_all_caps_legacy,
6064,"TUPPER, GW",0,format_all_caps_legacy,
6090,"WOLFF, E",0,format_all_caps_legacy,
6091,"WOODDOBBINS, K",0,format_all_caps_legacy,
6141,"BRESLER, E",0,format_all_caps_legacy,
6235,"MCCORMICK, R",0,format_all_caps_legacy,
6309,"MATHEIS, L",0,format_all_caps_legacy,
6322,"MILLON, T",0,format_all_caps_legacy,
6363,"JETER, SC",0,format_all_caps_legacy,
6364,"FINK, RL",0,format_all_caps_legacy,
6374,"POLLEY, GW",0,format_all_caps_legacy,
6380,"PUGH, C",0,format_all_caps_legacy,
6400,"ROTHWELL, NA",0,format_all_caps_legacy,
6401,"BRITTON, PG",0,format_all_caps_legacy,
6402,"WOODS, RT",0,format_all_caps_legacy,
6712,"PIPER, MH",0,format_all_caps_legacy,
6780,"STANLEY, AR",0,format_all_caps_legacy,
6821,"ACKLAND, JW",0,format_all_caps_legacy,
6853,"ROSENBERG, ML",0,format_all_caps_legacy,
6904,"DUTTA, R",0,format_all_caps_legacy,
6909,"EISENBERG, G",0,format_all_caps_legacy,
6929,"FREDRICKS, G",0,format_all_caps_legacy,
6932,"GALLOWAY, D",0,format_all_caps_legacy,
6933,"BALL, T",0,format_all_caps_legacy,
6934,"SEYD, R",0,format_all_caps_legacy,
6948,"GRODOFSKY, D",0,format_all_caps_legacy,
6987,"JONES, H",0,format_all_caps_legacy,
6988,"JUVENAL, M",0,format_all_caps_legacy,
7004,"LACKEY, AD",0,format_all_caps_legacy,
7066,"PENFIELD, W",0,format_all_caps_legacy,
7144,"TAGGART, S",0,format_all_caps_legacy,
7162,"VALENTINE, J",0,format_all_caps_legacy,
7264,"KUIPERS, J",0,format_all_caps_legacy,
7513,"SPARROW, J",0,format_all_caps_legacy,
7531,"VAUGHAN, PJ",0,format_all_caps_legacy,
7533,"WAISBROT, AJ",0,format_all_caps_legacy,
7552,"WITKIN, L",0,format_all_caps_legacy,
7674,"GUNTHER, J",0,format_all_caps_legacy,
7684,"HICKS, GG",0,format_all_caps_legacy,
7686,"HIRSCHBACH, E",0,format_all_caps_legacy,
7696,"JALINSKE, WJ",0,format_all_caps_legacy,
7827,"SHEPHERD, DM",0,format_all_caps_legacy,
7828,"BARRACLOUGH, BM",0,format_all_caps_legacy,
8168,"TAPP, JL",0,format_all_caps_legacy,
8201,"ZEILINGER, R",0,format_all_caps_legacy,
8232,"BERNARD, D",0,format_all_caps_legacy,
8350,"GROVES, PA",0,format_all_caps_legacy,
8394,"KILMAN, K",0,format_all_caps_legacy,
8487,"QUAID, J",0,format_all_caps_legacy,
8498,"RAYNER, P",0,format_all_caps_legacy,
8513,"ROSENZWEIG, C",0,format_all_caps_legacy,
8526,"SHAFER, C",0,format_all_caps_legacy,
8532,"SIGER, LP",0,format_all_caps_legacy,
8540,"SPENCER, B",0,format_all_caps_legacy,
8582,"WEBBER, R",0,format_all_caps_legacy,
8600,"WILLIAMS, RL",0,format_all_caps_legacy,
8848,"RELE, JR",0,format_all_caps_legacy,
9004,"HALL, RA",0,format_all_caps_legacy,
9128,"WALSH, RJ",0,format_all_caps_legacy,
9132,"WEINBERG, MH",0,format_all_caps_legacy,
9190,"CHAMBERS, M",0,format_all_caps_legacy,
9250,"JAFFE, E",0,format_all_caps_legacy,
9298,"TUREM, J",0,format_all_caps_legacy,
9345,"SEVY, TD",0,format_all_caps_legacy,
9385,"WILLISON, RB",0,format_all_caps_legacy,
9468,"FERRI, E",0,format_all_caps_legacy,
9557,"MARKS, RA",0,format_all_caps_legacy,
9565,"MELCHER, MM",0,format_all_caps_legacy,
9712,"EMERSON, D",0,format_all_caps_legacy,
9713,"HAXBY, D",0,format_all_caps_legacy,
9727,"CATE, GE",0,format_all_caps_legacy,
9734,"CRAWLEY, J",0,format_all_caps_legacy,
9807,"KARN, E",0,format_all_caps_legacy,
9844,"MARK, J",0,format_all_caps_legacy,
9874,"NAPIER, H",0,format_all_caps_legacy,
9884,"PAPO, MA",0,format_all_caps_legacy,
9926,"SHLONSKY, H",0,format_all_caps_legacy,
9949,"STURTON, S",0,format_all_caps_legacy,
9954,"THOMPSON, AR",0,format_all_caps_legacy,
9972,"FIENE, J",0,format_all_caps_legacy,
10036,"DRAKE, FM",0,format_all_caps_legacy,
10049,"GILSON, E",0,format_all_caps_legacy,
10072,"HEY, A",0,format_all_caps_legacy,
10074,"HOBMAN, D",0,format_all_caps_legacy,
10140,"ROBINSON, LJ",0,format_all_caps_legacy,
10166,"SOWERS, WJ",0,format_all_caps_legacy,
10184,"LOBBAN, V",0,format_all_caps_legacy,
10189,"WARD, J",0,format_all_caps_legacy,
10283,"OWEN, JH",0,format_all_caps_legacy,
10289,"PINDERHUGHES, CA",0,format_all_caps_legacy,
10360,"GODMILOW, L",0,format_all_caps_legacy,
10418,"ZIMMERMAN, N",0,format_all_caps_legacy,
10450,"ELLERT, ML",0,format_all_caps_legacy,
10477,"MCCARTHY, V",0,format_all_caps_legacy,
10501,"SHIPP, MS",0,format_all_caps_legacy,
10634,"WINOKUR, G",0,format_all_caps_legacy,
10697,"KOVACS, ME",0,format_all_caps_legacy,
10713,"MOORE, P",0,format_all_caps_legacy,
10724,"PIEHL, W",0,format_all_caps_legacy,
10760,"WEGMAN, ME",0,format_all_caps_legacy,
10986,"DZIK, GW",0,format_all_caps_legacy,
11035,"RABKIN, R",0,format_all_caps_legacy,
11130,"OCONNELL, OP",0,format_all_caps_legacy,
11162,"WARD, LE",0,format_all_caps_legacy,
11202,"GREEN, MD",0,format_all_caps_legacy,
11238,"OHARA, JD",0,format_all_caps_legacy,
11241,"PAPPENHEIM, Y",0,format_all_caps_legacy,
11303,"GOLDFELD, F",0,format_all_caps_legacy,
11319,"KITCHEN, B",0,format_all_caps_legacy,
11415,"JABLONS, JR",0,format_all_caps_legacy,
11456,"VACHERON, DR",0,format_all_caps_legacy,
20154,"GELSTHORPE, L",0,format_all_caps_legacy,
20155,"TISI, A",0,format_all_caps_legacy,
20172,"HOUGH, AW",0,format_all_caps_legacy,
20193,"MURRAY, PM",0,format_all_caps_legacy,
20219,"HARGREAVES, RG",0,format_all_caps_legacy,
20220,"HADLOW, J",0,format_all_caps_legacy,
20345,"SPITZER, RL",0,format_all_caps_legacy,
20369,"RAMO, K",0,format_all_caps_legacy,
20388,"FEAVER, N",0,format_all_caps_legacy,
20405,"WILKINSON, J",0,format_all_caps_legacy,
20476,"WEBSTER, K",0,format_all_caps_legacy,
26983,"ROONEY, GD",0,format_all_caps_legacy,
27003,"HODNICKI, J",0,format_all_caps_legacy,
27005,"JUCHARTZ, A",0,format_all_caps_legacy,
27007,"LASOFF, MJ",0,format_all_caps_legacy,
27011,"MCNERNEY, F",0,format_all_caps_legacy,
27017,"ROSS, VB",0,format_all_caps_legacy,
27024,"GAGE, A",0,format_all_caps_legacy,
27250,"PATTINSON, G",0,format_all_caps_legacy,
27384,"PIEPER, WJ",0,format_all_caps_legacy,
27391,"STEINBERG, ML",0,format_all_caps_legacy,
115412,"VENEMA, RACHEL",0,format_all_caps_legacy,
115413,"HATTA, ZULKARNAIN A.",0,format_all_caps_legacy,
115444,"BEECHER, BLAKE",0,format_all_caps_legacy,
115447,"JACINTO, GEORGE A.",0,format_all_caps_legacy,
115466,"ROBINSON, LINDA C.",0,format_all_caps_legacy,
115607,"TICE, CAROLYN J.",0,format_all_caps_legacy,
115625,"STRUG, DAVID",0,format_all_caps_legacy,
116062,"QUINN, ANDREW S.",0,format_all_caps_legacy,
116159,"BRADLEY, CAROLYN A.",0,format_all_caps_legacy,
116278,"MOON, SUNG SEEK",0,format_all_caps_legacy,
116358,"COOK, IDA",0,format_all_caps_legacy,
116563,"ROSENWALD, MITCHELL",0,format_all_caps_legacy,
116593,"CARRINGTON, ANN M.",0,format_all_caps_legacy,
116636,"NEWMAN, EDWARD",0,format_all_caps_legacy,
116658,"JACOBS, ROBIN J.",0,format_all_caps_legacy,
116670,"KANE, MICHAEL N.",0,format_all_caps_legacy,
116688,"FAVER, CATHERINE A.",0,format_all_caps_legacy,
116787,"HUBBERT, PAULETTE D.",0,format_all_caps_legacy,
116808,"STANSBURY, KIM L.",0,format_all_caps_legacy,
116815,"KOESKE, GARY F.",0,format_all_caps_legacy,
116898,"DYER, JACQUELINE",0,format_all_caps_legacy,
117001,"BUSHFIELD, SUZANNE",0,format_all_caps_legacy,
117024,"LAPORTE, HEIDI HEFT",0,format_all_caps_legacy,
117101,"HORTON, E. GAIL",0,format_all_caps_legacy,
117105,"HUGEN, BERYL",0,format_all_caps_legacy,
117154,"KVARFORDT, CONNIE L.",0,format_all_caps_legacy,
117175,"DEHART, DANA D.",0,format_all_caps_legacy,
117264,"CLUTE, MARY ANN",0,format_all_caps_legacy,
117673,"HENRY, CAROLYN S.",0,format_all_caps_legacy,
117787,"LUN, MAN WAI ALICE",0,format_all_caps_legacy,
117924,"HAN, JINA",0,format_all_caps_legacy,
118047,"WILKERSON, PATRICIA",0,format_all_caps_legacy,
118122,"HEO, GRACE JEONGIM",0,format_all_caps_legacy,
118233,"CLAY, KIMBERLY S.",0,format_all_caps_legacy,
118259,"KNITTER, PAUL F.",0,format_all_caps_legacy,
118313,"SVARE, GLORIA MESSICK",0,format_all_caps_legacy,
118334,"MYERS, LAURA L.",0,format_all_caps_legacy,
118395,"WEINER, MICHAEL",0,format_all_caps_legacy,
118418,"RICHARDSON, VIRGINIA E.",0,format_all_caps_legacy,
118450,"THYER, BRUCE A.",0,format_all_caps_legacy,
118752,"PRIOR, MICHAEL K.",0,format_all_caps_legacy,
118772,"THALLER, JONEL",0,format_all_caps_legacy,
118904,"ANNGELA-COLE, LINDA",0,format_all_caps_legacy,
119037,"CARLSON, BONNIE E.",0,format_all_caps_legacy,
119164,"BONIFAS, ROBIN P.",0,format_all_caps_legacy,
119167,"HUEY, ERRON L.",0,format_all_caps_legacy,
119267,"FITZPATRICK, TANYA R.",0,format_all_caps_legacy,
119454,"WILLIAMS, LAUREN B.",0,format_all_caps_legacy,
119762,"IVES, NICOLE",0,format_all_caps_legacy,
119948,"YOUNG, KAREN B.",0,format_all_caps_legacy,
119978,"SMITH-OSBORNE, ALEXA",0,format_all_caps_legacy,
120133,"PLUNKETT, SCOTT W.",0,format_all_caps_legacy,
120385,"LARSEN, KELLI M.",0,format_all_caps_legacy,
120407,"BELL-TOLLIVER, LAVERNE",0,format_all_caps_legacy,
120464,"LARKIN, HEATHER",0,format_all_caps_legacy,
120494,"SWEIFACH, JAY",0,format_all_caps_legacy,
120694,KIM WAN YOUNG,0,format_all_caps_legacy,
120706,"DIAZ, NAELYS",0,format_all_caps_legacy,
120789,"CNAAN, RAM A.",0,format_all_caps_legacy,
121131,"MCILVEEN, JOHN",0,format_all_caps_legacy,
121378,"TURNAGE, BARBARA F.",0,format_all_caps_legacy,
121457,"TALLEY, COSTELLIA",0,format_all_caps_legacy,
121653,"SHIM, WOOCHAN S.",0,format_all_caps_legacy,
121719,"CNAAN, RAM",0,format_all_caps_legacy,
121793,"BELCHER, JOHN R.",0,format_all_caps_legacy,
121878,"SINHA, JILL WITMER",0,format_all_caps_legacy,
121921,"MCMICHAEL, B. J.",0,format_all_caps_legacy,
122512,C. PRITCHARD,0,format_all_caps_legacy,
127281,"HÄMÄLÄINEN, JUHA",0,format_all_caps_legacy,
127352,"UDDIN, MOHAMMAD JASIM",0,format_all_caps_legacy,
151986,WESLEY T. CHURCH II,0,format_all_caps_legacy,
152007,MARCELA SARMIENTO MELLINGER,0,format_all_caps_legacy,
152010,GEORGE LEIBOWITZ,0,format_all_caps_legacy,
152047,ELIZABETH C. AHERN,0,format_all_caps_legacy,
152058,"VELMER S. BURTON, JR.",0,format_all_caps_legacy,
152090,MIKE TANANA,0,format_all_caps_legacy,
152096,CARLTON MUNSON,0,format_all_caps_legacy,
152109,PHILLIPE COPELAND,0,format_all_caps_legacy,
152122,JOHN R. BARNER,0,format_all_caps_legacy,
152124,AMY DELLINGER PAGE,0,format_all_caps_legacy,
152133,LYNN GEURIN,0,format_all_caps_legacy,
152138,JAVONDA WILLIAMS,0,format_all_caps_legacy,
152143,LESLIE TUTTY,0,format_all_caps_legacy,
152146,MARIE BAILEY-KLOCH,0,format_all_caps_legacy,
152176,CARRIE PETTUS-DAVIS,0,format_all_caps_legacy,
152184,SUSAN P. ROBBINS,0,format_all_caps_legacy,
159737,WESLEY T. CHURCH II,0,format_all_caps_legacy,
159758,MARCELA SARMIENTO MELLINGER,0,format_all_caps_legacy,
159761,GEORGE LEIBOWITZ,0,format_all_caps_legacy,
159798,ELIZABETH C. AHERN,0,format_all_caps_legacy,
159809,"VELMER S. BURTON, JR.",0,format_all_caps_legacy,
159841,MIKE TANANA,0,format_all_caps_legacy,
159847,CARLTON MUNSON,0,format_all_caps_legacy,
159860,PHILLIPE COPELAND,0,format_all_caps_legacy,
159873,JOHN R. BARNER,0,format_all_caps_legacy,
159875,AMY DELLINGER PAGE,0,format_all_caps_legacy,
159884,LYNN GEURIN,0,format_all_caps_legacy,
159889,JAVONDA WILLIAMS,0,format_all_caps_legacy,
159894,LESLIE TUTTY,0,format_all_caps_legacy,
159897,MARIE BAILEY-KLOCH,0,format_all_caps_legacy,
159927,CARRIE PETTUS-DAVIS,0,format_all_caps_legacy,
159935,SUSAN P. ROBBINS,0,format_all_caps_legacy,
159945,"ACHIMOVICH, L",0,format_all_caps_legacy,
159946,"AKHUP, ALEX",0,format_all_caps_legacy,
159947,"ANNAM, HEPZIBAI",0,format_all_caps_legacy,
163764,"DEA, CARMEL O'",0,format_all_caps_legacy,
163765,"DESAI, KAIVALYA T",0,format_all_caps_legacy,
163766,"DHANASEKARA, P R",0,format_all_caps_legacy,
164691,"ERMEC, EMINE GAYE",0,format_all_caps_legacy,
165043,"FORDING, RICHARD C.",0,format_all_caps_legacy,
165044,"FREUD, S LOWENSTEIN",0,format_all_caps_legacy,
165736,"GELBAL, SELAHATTIN",0,format_all_caps_legacy,
166793,"HERTEL-FERNANDEZ, ALEXANDER",0,format_all_caps_legacy,
9334,ROSENHEI.E,2,format_wos_truncated,
9429,BUTTERWO.E,2,format_wos_truncated,
9467,FELDSTEI.D,2,format_wos_truncated,
9663,GREENWAL.SR,2,format_wos_truncated,
9696,BERNSTEI.L,2,format_wos_truncated,
9825,LEVENSTE.S,2,format_wos_truncated,
9948,STRESHIN.N,2,format_wos_truncated,
9978,WINESANK.J,2,format_wos_truncated,
8949,KERBESHI.A,1,format_wos_truncated,
9127,VORWALLE.DJ,1,format_wos_truncated,
9194,CHRISTEN.J,1,format_wos_truncated,
9199,GREENBER.HL,1,format_wos_truncated,
9242,HOKENSTA.DJ,1,format_wos_truncated,
9246,ARMSTRON.M,1,format_wos_truncated,
9254,KARTYCHA.G,1,format_wos_truncated,
9257,KINDELSP.WL,1,format_wos_truncated,
9260,KINNERSL.SC,1,format_wos_truncated,
9271,LOEWENST.C,1,format_wos_truncated,
9281,MCCULLOC.W,1,format_wos_truncated,
9291,MONKHOUS.P,1,format_wos_truncated,
9317,SHOENBER.E,1,format_wos_truncated,
9329,ROBERTSO.J,1,format_wos_truncated,
9338,SAINSBUR.E,1,format_wos_truncated,
9348,SILVERMA.M,1,format_wos_truncated,
9356,TEMPLETR.RE,1,format_wos_truncated,
9362,TRISELIO.JP,1,format_wos_truncated,
9364,TWELVETR.A,1,format_wos_truncated,
9376,WILLENBR.G,1,format_wos_truncated,
9403,RICHARDS.LC,1,format_wos_truncated,
9409,BILLINGS.A,1,format_wos_truncated,
9433,CHESCHEI.MW,1,format_wos_truncated,
9450,RICHARDS.B,1,format_wos_truncated,
9451,DETLEFSE.J,1,format_wos_truncated,
9453,DONADELL.G,1,format_wos_truncated,
9458,STEVENSO.N,1,format_wos_truncated,
9465,EVANSBUR.E,1,format_wos_truncated,
9482,GARFINKL.I,1,format_wos_truncated,
9485,ROSENKRA.A,1,format_wos_truncated,
9511,HEICHEME.LE,1,format_wos_truncated,
9530,KAVANAUG.J,1,format_wos_truncated,
9536,LAMENDOL.W,1,format_wos_truncated,
9548,LOEWENBE.FM,1,format_wos_truncated,
9552,MACKENZI.M,1,format_wos_truncated,
9571,MIDDLEMA.RR,1,format_wos_truncated,
9582,NIEDERMA.J,1,format_wos_truncated,
9618,RODRIGUE.LV,1,format_wos_truncated,
9628,SAWBRIDG.A,1,format_wos_truncated,
9630,SCHLENOF.M,1,format_wos_truncated,
9699,BLENKINS.D,1,format_wos_truncated,
9709,BOKSENBA.ES,1,format_wos_truncated,
9722,CARRINGT.SH,1,format_wos_truncated,
9725,CASTANED.CM,1,format_wos_truncated,
9731,COCKERIL.EE,1,format_wos_truncated,
9738,CUNNINGH.P,1,format_wos_truncated,
9765,FLEISCHM.DH,1,format_wos_truncated,
9781,GOETSCHI.GW,1,format_wos_truncated,
9787,GROSVENO.LA,1,format_wos_truncated,
9790,HARDMEIE.H,1,format_wos_truncated,
9793,HEFFERNA.J,1,format_wos_truncated,
9795,HILBOURN.J,1,format_wos_truncated,
9817,KLINGENM.S,1,format_wos_truncated,
9827,LIEBERMA.M,1,format_wos_truncated,
9836,LUKASZEW.HA,1,format_wos_truncated,
9846,MATIJEVI.A,1,format_wos_truncated,
9851,MCCRACKE.CS,1,format_wos_truncated,
9855,MCPHERSO.L,1,format_wos_truncated,
9857,MEENAGHA.TM,1,format_wos_truncated,
9858,MIDDLETO.V,1,format_wos_truncated,
9871,NAGELBER.H,1,format_wos_truncated,
9891,SILVERMA.HA,1,format_wos_truncated,
9912,ROTHSTEI.RA,1,format_wos_truncated,
9917,SAMANTRA.K,1,format_wos_truncated,
9920,SCHOENBE.E,1,format_wos_truncated,
9940,SPAULDIN.EC,1,format_wos_truncated,
9946,LAUDERDA.M,1,format_wos_truncated,
9947,SHUTTLES.GE,1,format_wos_truncated,
9989,STEINBER.P,1,format_wos_truncated,
10006,BORENZWE.H,1,format_wos_truncated,
10012,CARRILIN.M,1,format_wos_truncated,
10013,SAWBRIDG.P,1,format_wos_truncated,
10014,CASSELMA.BL,1,format_wos_truncated,
10039,ENGLANDE.S,1,format_wos_truncated,
10041,FINESTON.S,1,format_wos_truncated,
10088,LAUTERBU.AM,1,format_wos_truncated,
10092,MCPHEETE.HL,1,format_wos_truncated,
10094,LICHTENB.P,1,format_wos_truncated,
10120,NURENBER.GB,1,format_wos_truncated,
10129,PETTERSS.U,1,format_wos_truncated,
10133,POPPLEST.G,1,format_wos_truncated,
10144,ROTHSTEI.A,1,format_wos_truncated,
10207,YELTONKA.S,1,format_wos_truncated,
94792,SHELLHAS.FE,1,format_wos_truncated,
9243,HOLLANDE.S,0,format_wos_truncated,
9473,FREEDHEI.GK,0,format_wos_truncated,
9517,INGLEHAR.A,0,format_wos_truncated,
9914,RUBENSTE.H,0,format_wos_truncated,
9983,AINSWORT.F,0,format_wos_truncated,
9984,BRIDGFOR.N,0,format_wos_truncated,
10073,ROWBOTTO.R,0,format_wos_truncated,
10183,TRISELIO.J,0,format_wos_truncated,
10208,ZIMMERMA.S,0,format_wos_truncated,
251,[Anonymous],942,placeholder_convention,
143670,Anonymous,12,placeholder_convention,
141915,Anonymous,11,placeholder_convention,
143251,[Unknown],7,placeholder_convention,
125940,Anonymous,5,placeholder_convention,
125969,Anonymous,5,placeholder_convention,
125993,Anonymous,5,placeholder_convention,
126174,Anonymous,5,placeholder_convention,
126180,Anonymous,5,placeholder_convention,
126203,Anonymous,5,placeholder_convention,
126204,Anonymous,5,placeholder_convention,
126222,Anonymous,5,placeholder_convention,
126228,Anonymous,5,placeholder_convention,
126230,Anonymous,5,placeholder_convention,
126246,Anonymous,5,placeholder_convention,
126252,Anonymous,5,placeholder_convention,
126253,Anonymous,5,placeholder_convention,
126281,Anonymous,5,placeholder_convention,
126282,Anonymous,5,placeholder_convention,
126283,Anonymous,5,placeholder_convention,
126295,Anonymous,5,placeholder_convention,
126333,Anonymous,5,placeholder_convention,
126342,Anonymous,5,placeholder_convention,
126349,Anonymous,5,placeholder_convention,
126350,Anonymous,5,placeholder_convention,
126354,Anonymous,5,placeholder_convention,
126370,Anonymous,5,placeholder_convention,
126385,Anonymous,5,placeholder_convention,
126387,Anonymous,5,placeholder_convention,
126401,Anonymous,5,placeholder_convention,
126402,Anonymous,5,placeholder_convention,
126415,Anonymous,5,placeholder_convention,
126419,Anonymous,5,placeholder_convention,
126431,Anonymous,5,placeholder_convention,
126437,Anonymous,5,placeholder_convention,
126486,Anonymous,5,placeholder_convention,
127371,Anonymous,5,placeholder_convention,
127372,Anonymous,5,placeholder_convention,
127839,Anonymous,5,placeholder_convention,
127846,Anonymous,5,placeholder_convention,
127869,Anonymous,5,placeholder_convention,
127876,Anonymous,5,placeholder_convention,
127887,Anonymous,5,placeholder_convention,
127904,Anonymous,5,placeholder_convention,
127909,Anonymous,5,placeholder_convention,
127910,Anonymous,5,placeholder_convention,
127934,Anonymous,5,placeholder_convention,
127935,Anonymous,5,placeholder_convention,
127956,Anonymous,5,placeholder_convention,
127962,Anonymous,5,placeholder_convention,
127980,Anonymous,5,placeholder_convention,
127981,Anonymous,5,placeholder_convention,
127984,Anonymous,5,placeholder_convention,
127999,Anonymous,5,placeholder_convention,
128013,Anonymous,5,placeholder_convention,
128076,Anonymous,5,placeholder_convention,
128085,Anonymous,5,placeholder_convention,
128095,Anonymous,5,placeholder_convention,
128102,Anonymous,5,placeholder_convention,
128140,Anonymous,5,placeholder_convention,
128143,Anonymous,5,placeholder_convention,
128146,Anonymous,5,placeholder_convention,
128158,Anonymous,5,placeholder_convention,
128196,Anonymous,5,placeholder_convention,
128198,Anonymous,5,placeholder_convention,
128207,Anonymous,5,placeholder_convention,
128234,Anonymous,5,placeholder_convention,
128246,Anonymous,5,placeholder_convention,
128260,Anonymous,5,placeholder_convention,
128262,Anonymous,5,placeholder_convention,
128277,Anonymous,5,placeholder_convention,
128292,Anonymous,5,placeholder_convention,
128312,Anonymous,5,placeholder_convention,
128316,Anonymous,5,placeholder_convention,
128337,Anonymous,5,placeholder_convention,
128344,Anonymous,5,placeholder_convention,
128374,Anonymous,5,placeholder_convention,
128375,Anonymous,5,placeholder_convention,
128402,Anonymous,5,placeholder_convention,
128406,Anonymous,5,placeholder_convention,
128457,Anonymous,5,placeholder_convention,
128468,Anonymous,5,placeholder_convention,
128470,Anonymous,5,placeholder_convention,
128479,Anonymous,5,placeholder_convention,
119055,et al,4,placeholder_convention,
127181,[Unknown],4,placeholder_convention,
127361,[Unknown],4,placeholder_convention,
127385,[Unknown],4,placeholder_convention,
127426,[Unknown],4,placeholder_convention,
127435,[Unknown],4,placeholder_convention,
127436,[Unknown],4,placeholder_convention,
127446,[Unknown],4,placeholder_convention,
127456,[Unknown],4,placeholder_convention,
127462,[Unknown],4,placeholder_convention,
127473,[Unknown],4,placeholder_convention,
127485,[Unknown],4,placeholder_convention,
127493,[Unknown],4,placeholder_convention,
127494,[Unknown],4,placeholder_convention,
127496,[Unknown],4,placeholder_convention,
127504,[Unknown],4,placeholder_convention,
127505,[Unknown],4,placeholder_convention,
127506,[Unknown],4,placeholder_convention,
127507,[Unknown],4,placeholder_convention,
127510,[Unknown],4,placeholder_convention,
127677,[Unknown],4,placeholder_convention,
127685,[Unknown],4,placeholder_convention,
127686,[Unknown],4,placeholder_convention,
127712,[Unknown],4,placeholder_convention,
127721,[Unknown],4,placeholder_convention,
142024,et al,2,placeholder_convention,
143625,Anonymous,2,placeholder_convention,
101638,Anon,1,placeholder_convention,
104249,Anonymous,1,placeholder_convention,
108743,Editors,1,placeholder_convention,
109366,The Editors,1,placeholder_convention,
112679,et al.,1,placeholder_convention,
115125,et al,1,placeholder_convention,
124029,Anon,1,placeholder_convention,
126494,et al,1,placeholder_convention,
141470,Anonymous,1,placeholder_convention,
141499,Anonymous,1,placeholder_convention,
141523,Anonymous,1,placeholder_convention,
141704,Anonymous,1,placeholder_convention,
141710,Anonymous,1,placeholder_convention,
141733,Anonymous,1,placeholder_convention,
141734,Anonymous,1,placeholder_convention,
141752,Anonymous,1,placeholder_convention,
141758,Anonymous,1,placeholder_convention,
141760,Anonymous,1,placeholder_convention,
141776,Anonymous,1,placeholder_convention,
141782,Anonymous,1,placeholder_convention,
141783,Anonymous,1,placeholder_convention,
141811,Anonymous,1,placeholder_convention,
141812,Anonymous,1,placeholder_convention,
141813,Anonymous,1,placeholder_convention,
141825,Anonymous,1,placeholder_convention,
141863,Anonymous,1,placeholder_convention,
141872,Anonymous,1,placeholder_convention,
141879,Anonymous,1,placeholder_convention,
141880,Anonymous,1,placeholder_convention,
141884,Anonymous,1,placeholder_convention,
141900,Anonymous,1,placeholder_convention,
141917,Anonymous,1,placeholder_convention,
141931,Anonymous,1,placeholder_convention,
141932,Anonymous,1,placeholder_convention,
141945,Anonymous,1,placeholder_convention,
141949,Anonymous,1,placeholder_convention,
141961,Anonymous,1,placeholder_convention,
141967,Anonymous,1,placeholder_convention,
142711,[Unknown],1,placeholder_convention,
142891,[Unknown],1,placeholder_convention,
142901,Anonymous,1,placeholder_convention,
142902,Anonymous,1,placeholder_convention,
142915,[Unknown],1,placeholder_convention,
142956,[Unknown],1,placeholder_convention,
142965,[Unknown],1,placeholder_convention,
142966,[Unknown],1,placeholder_convention,
142976,[Unknown],1,placeholder_convention,
142986,[Unknown],1,placeholder_convention,
142992,[Unknown],1,placeholder_convention,
143003,[Unknown],1,placeholder_convention,
143015,[Unknown],1,placeholder_convention,
143023,[Unknown],1,placeholder_convention,
143024,[Unknown],1,placeholder_convention,
143026,[Unknown],1,placeholder_convention,
143034,[Unknown],1,placeholder_convention,
143035,[Unknown],1,placeholder_convention,
143036,[Unknown],1,placeholder_convention,
143037,[Unknown],1,placeholder_convention,
143040,[Unknown],1,placeholder_convention,
143207,[Unknown],1,placeholder_convention,
143215,[Unknown],1,placeholder_convention,
143216,[Unknown],1,placeholder_convention,
143242,[Unknown],1,placeholder_convention,
143369,Anonymous,1,placeholder_convention,
143376,Anonymous,1,placeholder_convention,
143399,Anonymous,1,placeholder_convention,
143406,Anonymous,1,placeholder_convention,
143417,Anonymous,1,placeholder_convention,
143434,Anonymous,1,placeholder_convention,
143439,Anonymous,1,placeholder_convention,
143440,Anonymous,1,placeholder_convention,
143464,Anonymous,1,placeholder_convention,
143465,Anonymous,1,placeholder_convention,
143486,Anonymous,1,placeholder_convention,
143492,Anonymous,1,placeholder_convention,
143510,Anonymous,1,placeholder_convention,
143511,Anonymous,1,placeholder_convention,
143514,Anonymous,1,placeholder_convention,
143529,Anonymous,1,placeholder_convention,
143543,Anonymous,1,placeholder_convention,
143606,Anonymous,1,placeholder_convention,
143615,Anonymous,1,placeholder_convention,
143632,Anonymous,1,placeholder_convention,
143673,Anonymous,1,placeholder_convention,
143676,Anonymous,1,placeholder_convention,
143688,Anonymous,1,placeholder_convention,
143726,Anonymous,1,placeholder_convention,
143728,Anonymous,1,placeholder_convention,
143737,Anonymous,1,placeholder_convention,
143764,Anonymous,1,placeholder_convention,
143776,Anonymous,1,placeholder_convention,
143790,Anonymous,1,placeholder_convention,
143792,Anonymous,1,placeholder_convention,
143807,Anonymous,1,placeholder_convention,
143822,Anonymous,1,placeholder_convention,
143842,Anonymous,1,placeholder_convention,
143846,Anonymous,1,placeholder_convention,
143867,Anonymous,1,placeholder_convention,
143874,Anonymous,1,placeholder_convention,
143905,Anonymous,1,placeholder_convention,
143932,Anonymous,1,placeholder_convention,
143936,Anonymous,1,placeholder_convention,
143987,Anonymous,1,placeholder_convention,
143998,Anonymous,1,placeholder_convention,
144000,Anonymous,1,placeholder_convention,
121472,et al.,0,placeholder_convention,
142016,Anonymous,0,placeholder_convention,
143904,Anonymous,0,placeholder_convention,
144009,Anonymous,0,placeholder_convention,
109697,Gottlieb,53,structural_bare_token,
111623,Price,47,structural_bare_token,
111661,Goodwin,39,structural_bare_token,
112066,Cluse-Tolar,38,structural_bare_token,
110597,Jennings,35,structural_bare_token,
111719,Tatsushi,35,structural_bare_token,
112933,Wrenn,31,structural_bare_token,
111589,Roxanna,29,structural_bare_token,
109800,Richey,27,structural_bare_token,
109960,Bartlett,26,structural_bare_token,
111648,Jonson-Reid,26,structural_bare_token,
109807,Ivanoff,24,structural_bare_token,
109971,Bidlack,24,structural_bare_token,
111927,Willie,23,structural_bare_token,
109540,Petrie,21,structural_bare_token,
109786,Chilman,21,structural_bare_token,
111933,Decker,21,structural_bare_token,
109832,Nemore,20,structural_bare_token,
109871,Harris,20,structural_bare_token,
110642,Rembert,20,structural_bare_token,
109725,Johnson,18,structural_bare_token,
110006,Robin,18,structural_bare_token,
110297,Galambos,18,structural_bare_token,
111554,Gerrand,18,structural_bare_token,
111682,Thurman,18,structural_bare_token,
111752,DeRigne,18,structural_bare_token,
109617,Maritza,17,structural_bare_token,
110204,Sellers,17,structural_bare_token,
111509,Wayne,17,structural_bare_token,
111653,Singletary,17,structural_bare_token,
113292,Mackie,17,structural_bare_token,
105375,John,16,structural_bare_token,
110005,Spath,16,structural_bare_token,
110663,Bennett-Speight,16,structural_bare_token,
111720,Cayce,16,structural_bare_token,
112312,Pazos,16,structural_bare_token,
112815,Justice,16,structural_bare_token,
113645,Dwight,16,structural_bare_token,
109891,Jeanne,15,structural_bare_token,
111550,Alexa,15,structural_bare_token,
111683,Dawn,15,structural_bare_token,
112505,Rouilard,15,structural_bare_token,
112506,Fish,15,structural_bare_token,
112904,Ying,15,structural_bare_token,
110194,Carbonell,14,structural_bare_token,
110402,Campbell,14,structural_bare_token,
110522,Jayne,14,structural_bare_token,
110811,Nicoll,14,structural_bare_token,
111621,Bouchard,14,structural_bare_token,
111627,Kasch,14,structural_bare_token,
111754,Stoltzfus,14,structural_bare_token,
111763,Steele,14,structural_bare_token,
113723,Gatza,14,structural_bare_token,
104241,Anne,13,structural_bare_token,
109599,Darren,13,structural_bare_token,
109970,Maria,13,structural_bare_token,
106685,Strydom,12,structural_bare_token,
109593,Pinar,12,structural_bare_token,
109620,Schwinn,12,structural_bare_token,
109661,Tickamyer,12,structural_bare_token,
109941,Marino,12,structural_bare_token,
110444,Lewandowski,12,structural_bare_token,
110734,McQuaide,12,structural_bare_token,
112029,Turell,12,structural_bare_token,
112055,Boulden,12,structural_bare_token,
113025,Voll,12,structural_bare_token,
113057,Thornburgh,12,structural_bare_token,
113652,Margarita,12,structural_bare_token,
105340,Jennifer,11,structural_bare_token,
105617,Lennart,11,structural_bare_token,
105915,Michael,11,structural_bare_token,
110165,Tracy,11,structural_bare_token,
110187,Sandra,11,structural_bare_token,
110404,Brostoff,11,structural_bare_token,
110478,Keisha,11,structural_bare_token,
111783,Jong,11,structural_bare_token,
111943,Venable,11,structural_bare_token,
105161,Herman,10,structural_bare_token,
109656,East,10,structural_bare_token,
109676,Laura,10,structural_bare_token,
109684,Catherine,10,structural_bare_token,
109779,Andrews,10,structural_bare_token,
110057,Cyleste,10,structural_bare_token,
110261,Gegenhuber,10,structural_bare_token,
110317,Freedberg,10,structural_bare_token,
110386,Sturges,10,structural_bare_token,
110458,Lopezrevoredo',10,structural_bare_token,
110512,Katy,10,structural_bare_token,
111208,Marcela,10,structural_bare_token,
111597,Roberson,10,structural_bare_token,
111605,Payne,10,structural_bare_token,
112391,Storer,10,structural_bare_token,
112392,Graeme,10,structural_bare_token,
113214,Pauline,10,structural_bare_token,
104898,Fabian,9,structural_bare_token,
105477,Kessl,9,structural_bare_token,
105665,Lombard,9,structural_bare_token,
105668,Lorenz,9,structural_bare_token,
109794,Crawley,9,structural_bare_token,
110007,Panichelli,9,structural_bare_token,
110152,McCormack,9,structural_bare_token,
110192,Curry,9,structural_bare_token,
110241,Marianne,9,structural_bare_token,
110355,Laird,9,structural_bare_token,
110547,Mendez-Shannon,9,structural_bare_token,
110644,West,9,structural_bare_token,
110757,Rock,9,structural_bare_token,
111050,Stephen,9,structural_bare_token,
111088,Banerjee,9,structural_bare_token,
111447,Zuleka,9,structural_bare_token,
111556,Nduna,9,structural_bare_token,
112160,Nelly,9,structural_bare_token,
112476,Mancoske,9,structural_bare_token,
113027,Sherry,9,structural_bare_token,
113028,Yocum,9,structural_bare_token,
113370,Rivas,9,structural_bare_token,
114006,Dutra,9,structural_bare_token,
114282,Lauber,9,structural_bare_token,
104597,Christian,8,structural_bare_token,
104649,Corinne,8,structural_bare_token,
105060,Gray,8,structural_bare_token,
105352,Jessica,8,structural_bare_token,
109559,Hairston,8,structural_bare_token,
109628,Pandey,8,structural_bare_token,
109762,Lindhorst,8,structural_bare_token,
109792,Olson,8,structural_bare_token,
109826,Gillespie,8,structural_bare_token,
109993,Burack-Weiss,8,structural_bare_token,
110218,Edmond,8,structural_bare_token,
110441,Geiger,8,structural_bare_token,
111449,Lavar,8,structural_bare_token,
111485,Groenhout,8,structural_bare_token,
111491,Navarro,8,structural_bare_token,
111637,Cross-Denny,8,structural_bare_token,
111764,Janessa,8,structural_bare_token,
112872,Plunkett,8,structural_bare_token,
112949,Wilks,8,structural_bare_token,
114596,Tower,8,structural_bare_token,
104619,Clarke,7,structural_bare_token,
104773,Douglas,7,structural_bare_token,
104836,Elisabeth,7,structural_bare_token,
105117,Hans-Uwe,7,structural_bare_token,
105192,Holger,7,structural_bare_token,
105433,Karen,7,structural_bare_token,
105449,Katherine,7,structural_bare_token,
106159,Otto,7,structural_bare_token,
106657,Stefan,7,structural_bare_token,
106952,Walter,7,structural_bare_token,
109654,Wahab,7,structural_bare_token,
109833,Arnold,7,structural_bare_token,
109884,Rosemary,7,structural_bare_token,
109898,Susan,7,structural_bare_token,
109925,Pentini,7,structural_bare_token,
109977,Dorsey,7,structural_bare_token,
110058,Clayton,7,structural_bare_token,
110082,Shirley,7,structural_bare_token,
110114,Salwen,7,structural_bare_token,
110151,Rachel,7,structural_bare_token,
110294,Linda,7,structural_bare_token,
110295,Cramer,7,structural_bare_token,
110322,Leighninger,7,structural_bare_token,
110470,Karima,7,structural_bare_token,
110576,Christiana,7,structural_bare_token,
110621,Barranti,7,structural_bare_token,
111218,Beatriz,7,structural_bare_token,
111512,Sherr,7,structural_bare_token,
111607,Husain,7,structural_bare_token,
111833,Canda,7,structural_bare_token,
112295,Ernesto,7,structural_bare_token,
112420,Rodriguez,7,structural_bare_token,
112773,Anderson-Meger,7,structural_bare_token,
112836,Ives,7,structural_bare_token,
112879,Shier,7,structural_bare_token,
113411,Drewry,7,structural_bare_token,
113660,Burnside,7,structural_bare_token,
113823,Suppes,7,structural_bare_token,
113966,Isohanni,7,structural_bare_token,
113967,Matti,7,structural_bare_token,
113968,Aymard,7,structural_bare_token,
19651,Kailash,6,structural_bare_token,
104236,Anna,6,structural_bare_token,
104254,Antoinette,6,structural_bare_token,
104554,Catherine,6,structural_bare_token,
104756,Dirk,6,structural_bare_token,
104861,Engelbrecht,6,structural_bare_token,
106079,Nicole,6,structural_bare_token,
106381,Robert,6,structural_bare_token,
106485,Sara,6,structural_bare_token,
106488,Sarah,6,structural_bare_token,
106601,Singh,6,structural_bare_token,
106662,Stephan,6,structural_bare_token,
106702,Susan,6,structural_bare_token,
106792,Thomas,6,structural_bare_token,
107069,Ziegler,6,structural_bare_token,
109537,Gittell,6,structural_bare_token,
109629,Shanta,6,structural_bare_token,
109688,Mimi,6,structural_bare_token,
109740,Nuccio,6,structural_bare_token,
109823,Fellin,6,structural_bare_token,
109838,Koeske,6,structural_bare_token,
109907,Alvarez,6,structural_bare_token,
109984,Sara,6,structural_bare_token,
110009,Anderson-Nathe,6,structural_bare_token,
110041,George,6,structural_bare_token,
110186,Kopels,6,structural_bare_token,
110193,Ginette,6,structural_bare_token,
110206,Amell,6,structural_bare_token,
110236,Vicki,6,structural_bare_token,
110275,Mizrahi,6,structural_bare_token,
110409,DiNitto,6,structural_bare_token,
110473,Carrasco,6,structural_bare_token,
110523,Bhuyan,6,structural_bare_token,
110759,Heisel,6,structural_bare_token,
110779,Nicarthy,6,structural_bare_token,
110871,Portner,6,structural_bare_token,
111016,Cerecer,6,structural_bare_token,
111077,Everett,6,structural_bare_token,
111361,Brick,6,structural_bare_token,
111372,Hill,6,structural_bare_token,
111555,Priscilla,6,structural_bare_token,
111711,Thompson,6,structural_bare_token,
111989,Evans-Campbell,6,structural_bare_token,
112009,LaSala,6,structural_bare_token,
112060,Patsdaughter,6,structural_bare_token,
112104,José,6,structural_bare_token,
112643,Peck,6,structural_bare_token,
112831,Moon,6,structural_bare_token,
112905,Yu-Wen,6,structural_bare_token,
113289,Faria,6,structural_bare_token,
113356,Kabadaki,6,structural_bare_token,
113417,Messinger,6,structural_bare_token,
113740,Whipple,6,structural_bare_token,
113900,Erdman,6,structural_bare_token,
114972,Ralson,6,structural_bare_token,
1733,Haryanto,5,structural_bare_token,
104210,Andreas,5,structural_bare_token,
104327,Barbara,5,structural_bare_token,
104397,Björn,5,structural_bare_token,
104604,Christine,5,structural_bare_token,
104618,Clark,5,structural_bare_token,
104625,Coates,5,structural_bare_token,
104667,Cronje,5,structural_bare_token,
104706,David,5,structural_bare_token,
105062,Green,5,structural_bare_token,
105136,Heather,5,structural_bare_token,
105505,Kjersti,5,structural_bare_token,
105784,Maria,5,structural_bare_token,
105799,Marie,5,structural_bare_token,
105810,Mark,5,structural_bare_token,
105929,Mike,5,structural_bare_token,
105982,Morten,5,structural_bare_token,
106188,Paul,5,structural_bare_token,
106216,Peter,5,structural_bare_token,
106231,Philip,5,structural_bare_token,
106363,Richard,5,structural_bare_token,
106815,Tony,5,structural_bare_token,
109698,Konek,5,structural_bare_token,
109723,Levy,5,structural_bare_token,
109742,Barrett,5,structural_bare_token,
109765,Kendall,5,structural_bare_token,
109785,Pence,5,structural_bare_token,
109795,Weiner,5,structural_bare_token,
109873,Braverman,5,structural_bare_token,
109934,Bonsu,5,structural_bare_token,
109937,Peckinpaugh,5,structural_bare_token,
109952,Ruhr,5,structural_bare_token,
110033,Ifeona,5,structural_bare_token,
110068,Conner,5,structural_bare_token,
110110,Frankford,5,structural_bare_token,
110170,Valerie,5,structural_bare_token,
110175,Else,5,structural_bare_token,
110200,Drolen,5,structural_bare_token,
110214,Debra,5,structural_bare_token,
110258,Estabrooks,5,structural_bare_token,
110271,Young,5,structural_bare_token,
110347,Amidei,5,structural_bare_token,
110410,Diana,5,structural_bare_token,
110411,Hyde,5,structural_bare_token,
110483,Barusch,5,structural_bare_token,
110484,Boyles,5,structural_bare_token,
110532,Kelly,5,structural_bare_token,
110619,Krjsti,5,structural_bare_token,
110677,Varsha,5,structural_bare_token,
110678,Parrish,5,structural_bare_token,
110713,Opffer,5,structural_bare_token,
110794,Coffman,5,structural_bare_token,
111160,Lindley,5,structural_bare_token,
111207,Arrivillaga,5,structural_bare_token,
111441,Perry,5,structural_bare_token,
111455,Slovak,5,structural_bare_token,
111531,Dorothea,5,structural_bare_token,
111541,Arnsberger,5,structural_bare_token,
111600,McMillin,5,structural_bare_token,
111615,Alina,5,structural_bare_token,
111668,Polson,5,structural_bare_token,
111687,Adam,5,structural_bare_token,
111963,Harold,5,structural_bare_token,
111984,Fredriksen-Goldsen,5,structural_bare_token,
112085,O'Neill,5,structural_bare_token,
112108,Ishler,5,structural_bare_token,
112291,Colon,5,structural_bare_token,
112362,Tabitha,5,structural_bare_token,
112385,Hohman,5,structural_bare_token,
112456,Herr,5,structural_bare_token,
112549,Hernandez-Peck,5,structural_bare_token,
112964,Rodgers,5,structural_bare_token,
112968,Krisanna,5,structural_bare_token,
112994,Shufeldt,5,structural_bare_token,
112995,Gregory,5,structural_bare_token,
112996,Kelle,5,structural_bare_token,
113009,Ferguson,5,structural_bare_token,
113012,Coyle,5,structural_bare_token,
113074,Gorey,5,structural_bare_token,
113119,Bowen,5,structural_bare_token,
113148,Hammons,5,structural_bare_token,
113238,Heckel,5,structural_bare_token,
113364,Plionis,5,structural_bare_token,
113654,Steimla,5,structural_bare_token,
114249,Straine,5,structural_bare_token,
115134,Perrone,5,structural_bare_token,
104164,Albert,4,structural_bare_token,
104195,Amanda,4,structural_bare_token,
104474,Brückner,4,structural_bare_token,
104593,Chris,4,structural_bare_token,
104696,Daniel,4,structural_bare_token,
104744,Dhemba,4,structural_bare_token,
104841,Elizabeth,4,structural_bare_token,
104890,Evans,4,structural_bare_token,
105011,George,4,structural_bare_token,
105114,Hans,4,structural_bare_token,
105258,Ingunn,4,structural_bare_token,
105346,Jensen,4,structural_bare_token,
105393,Jotham,4,structural_bare_token,
105471,Kendall,4,structural_bare_token,
105588,Laura,4,structural_bare_token,
105695,Lyons,4,structural_bare_token,
105776,Margaret,4,structural_bare_token,
105781,Margrit,4,structural_bare_token,
105857,McDonald,4,structural_bare_token,
105897,Mendes,4,structural_bare_token,
105922,Michel-Schertges,4,structural_bare_token,
106218,Peters,4,structural_bare_token,
106233,Philipp,4,structural_bare_token,
106288,Purnima,4,structural_bare_token,
106550,Sewpaul,4,structural_bare_token,
106686,Studsrød,4,structural_bare_token,
106698,Sulina,4,structural_bare_token,
106753,Tara,4,structural_bare_token,
106763,Taylor,4,structural_bare_token,
106799,Timo,4,structural_bare_token,
106921,Victoria,4,structural_bare_token,
106932,Vishanthie,4,structural_bare_token,
109476,Scharlach,4,structural_bare_token,
109538,Schehl,4,structural_bare_token,
109578,Rice,4,structural_bare_token,
109598,Cosgrove,4,structural_bare_token,
109624,Westcott,4,structural_bare_token,
109675,Curran,4,structural_bare_token,
109763,Taryn,4,structural_bare_token,
109775,Reeser,4,structural_bare_token,
109804,Blythe,4,structural_bare_token,
109922,Lynne,4,structural_bare_token,
109936,Lechuga-Peña,4,structural_bare_token,
109961,Actress,4,structural_bare_token,
109965,Golder,4,structural_bare_token,
109966,Seana,4,structural_bare_token,
109980,Tanja,4,structural_bare_token,
109997,Nealy,4,structural_bare_token,
110025,Ndeye,4,structural_bare_token,
110155,Cawood,4,structural_bare_token,
110213,Nelson-Gardell,4,structural_bare_token,
110250,December,4,structural_bare_token,
110335,McCaslin,4,structural_bare_token,
110395,Klingbeil,4,structural_bare_token,
110406,Bonilla-Santiago,4,structural_bare_token,
110419,Travis,4,structural_bare_token,
110432,Kamerman,4,structural_bare_token,
110436,Merriam,4,structural_bare_token,
110446,Sudduth,4,structural_bare_token,
110454,Mehrotra,4,structural_bare_token,
110477,Farmer-Smith,4,structural_bare_token,
110701,Wilson,4,structural_bare_token,
110770,Denise,4,structural_bare_token,
110780,Ginny,4,structural_bare_token,
110820,Balassone,4,structural_bare_token,
110866,Serena,4,structural_bare_token,
110955,Pyles,4,structural_bare_token,
110996,Mitra,4,structural_bare_token,
111067,Gretchen,4,structural_bare_token,
111091,Eric,4,structural_bare_token,
111116,Julia,4,structural_bare_token,
111226,Garbiñe,4,structural_bare_token,
111228,Itziar,4,structural_bare_token,
111363,Ling,4,structural_bare_token,
111443,Sherwood,4,structural_bare_token,
111453,Tanya,4,structural_bare_token,
111480,Donaldson,4,structural_bare_token,
111495,Myers,4,structural_bare_token,
111507,Reaves,4,structural_bare_token,
111518,Ellor,4,structural_bare_token,
111599,Hagues,4,structural_bare_token,
111757,Goss-Reaves,4,structural_bare_token,
111847,Myrna,4,structural_bare_token,
111848,Blakey,4,structural_bare_token,
111866,Firmin,4,structural_bare_token,
112016,Louis-Robert,4,structural_bare_token,
112078,Frederick,4,structural_bare_token,
112083,Rath,4,structural_bare_token,
112091,Amadio,4,structural_bare_token,
112095,Snively,4,structural_bare_token,
112140,Kertzner,4,structural_bare_token,
112189,Warren,4,structural_bare_token,
112195,Wheeler,4,structural_bare_token,
112199,McClennen,4,structural_bare_token,
112203,Bettinger,4,structural_bare_token,
112249,Sussman-Skalka,4,structural_bare_token,
112284,Walt,4,structural_bare_token,
112355,Bradford,4,structural_bare_token,
112365,Shuttleworth,4,structural_bare_token,
112406,Jose,4,structural_bare_token,
112411,Rawls,4,structural_bare_token,
112419,Gary,4,structural_bare_token,
112431,Scheps,4,structural_bare_token,
112465,Tommy,4,structural_bare_token,
112474,Whittier,4,structural_bare_token,
112478,Clayborne,4,structural_bare_token,
112498,Patti,4,structural_bare_token,
112547,Romel,4,structural_bare_token,
112548,JoAnn,4,structural_bare_token,
112565,Bidwell,4,structural_bare_token,
112696,Lowdermilk,4,structural_bare_token,
112724,Barker,4,structural_bare_token,
112804,Larkin,4,structural_bare_token,
112818,Wilk,4,structural_bare_token,
112846,McMullin,4,structural_bare_token,
112856,Stasi,4,structural_bare_token,
112875,Teasley,4,structural_bare_token,
112898,Tonia,4,structural_bare_token,
112899,Pizzi,4,structural_bare_token,
112969,Straughan,4,structural_bare_token,
112973,Karin,4,structural_bare_token,
113020,Bedford,4,structural_bare_token,
113036,Fred,4,structural_bare_token,
113079,Vandezande,4,structural_bare_token,
113080,Gerald,4,structural_bare_token,
113137,Petre,4,structural_bare_token,
113281,Vourlekis,4,structural_bare_token,
113282,Betsy,4,structural_bare_token,
113283,Mapp,4,structural_bare_token,
113328,Eustice,4,structural_bare_token,
113347,Jewell,4,structural_bare_token,
113350,Vandsburger,4,structural_bare_token,
113359,Ernst,4,structural_bare_token,
113394,Whittlesey-Jerome,4,structural_bare_token,
113416,Glazer,4,structural_bare_token,
113421,Nesoff,4,structural_bare_token,
113491,Gardella,4,structural_bare_token,
113640,Richards,4,structural_bare_token,
113655,Quinney,4,structural_bare_token,
113688,Leon,4,structural_bare_token,
113756,Fiduccia,4,structural_bare_token,
113808,Joyner,4,structural_bare_token,
113846,Schori,4,structural_bare_token,
113972,Bonk,4,structural_bare_token,
114001,Doyle,4,structural_bare_token,
114037,Shufang,4,structural_bare_token,
114133,Raffety,4,structural_bare_token,
114244,Gagnon,4,structural_bare_token,
114245,Katia,4,structural_bare_token,
114254,Bokma,4,structural_bare_token,
114271,Umbreit,4,structural_bare_token,
114347,Barsky,4,structural_bare_token,
114407,Kubiak,4,structural_bare_token,
114538,Senreich,4,structural_bare_token,
114724,Biddison,4,structural_bare_token,
114966,Roger,4,structural_bare_token,
22076,Valandra,3,structural_bare_token,
99874,Houston,3,structural_bare_token,
99907,Horwath,3,structural_bare_token,
104173,Alexandra,3,structural_bare_token,
104228,Anita,3,structural_bare_token,
104240,Annamaria,3,structural_bare_token,
104247,Annie,3,structural_bare_token,
104288,Atzmüller,3,structural_bare_token,
104374,Bernd,3,structural_bare_token,
104387,Bifulco,3,structural_bare_token,
104410,Blom,3,structural_bare_token,
104411,Blomberg,3,structural_bare_token,
104433,Bonvin,3,structural_bare_token,
104464,Brown,3,structural_bare_token,
104510,Cameron,3,structural_bare_token,
104511,Camilla,3,structural_bare_token,
104513,Campanini,3,structural_bare_token,
104574,Charlotte,3,structural_bare_token,
104630,Coholic,3,structural_bare_token,
104634,Colin,3,structural_bare_token,
104654,Coughlan,3,structural_bare_token,
104670,Csiernik,3,structural_bare_token,
104697,Daniela,3,structural_bare_token,
104708,Davis,3,structural_bare_token,
104721,Debbie,3,structural_bare_token,
104746,Diana,3,structural_bare_token,
104803,Düker,3,structural_bare_token,
104855,Emma,3,structural_bare_token,
104868,Eric,3,structural_bare_token,
104926,Ferreira,3,structural_bare_token,
104928,Filip,3,structural_bare_token,
104949,Fook,3,structural_bare_token,
105056,Graham,3,structural_bare_token,
105149,Helena,3,structural_bare_token,
105297,James,3,structural_bare_token,
105304,Jane,3,structural_bare_token,
105330,Jean-Michel,3,structural_bare_token,
105362,Joachim,3,structural_bare_token,
105383,Jonathan,3,structural_bare_token,
105387,Jordan,3,structural_bare_token,
105404,Julie,3,structural_bare_token,
105441,Karolina,3,structural_bare_token,
105444,Kasiram,3,structural_bare_token,
105447,Kate,3,structural_bare_token,
105475,Kerstin,3,structural_bare_token,
105577,Landhäußer,3,structural_bare_token,
105595,Lavinia,3,structural_bare_token,
105624,Lesley,3,structural_bare_token,
105651,Lisa,3,structural_bare_token,
105775,Maren,3,structural_bare_token,
105796,Marianna,3,structural_bare_token,
105905,Merlinda,3,structural_bare_token,
105966,Monica,3,structural_bare_token,
106038,Natalie,3,structural_bare_token,
106106,Norma,3,structural_bare_token,
106221,Petra,3,structural_bare_token,
106281,Prior,3,structural_bare_token,
106365,Rick,3,structural_bare_token,
106370,Rina,3,structural_bare_token,
106466,Samantha,3,structural_bare_token,
106474,Sandermann,3,structural_bare_token,
106476,Sandra,3,structural_bare_token,
106517,Schoeman,3,structural_bare_token,
106520,Schröder,3,structural_bare_token,
106597,Simon,3,structural_bare_token,
106600,Sinclair,3,structural_bare_token,
106621,Smith,3,structural_bare_token,
106663,Stephanie,3,structural_bare_token,
106666,Stephen,3,structural_bare_token,
106729,Sztandar-Sztanderska,3,structural_bare_token,
106771,Terblanche,3,structural_bare_token,
106845,Tønnessen,3,structural_bare_token,
106851,Ulla,3,structural_bare_token,
106871,Valerie,3,structural_bare_token,
106917,Vibeke,3,structural_bare_token,
106953,Walther,3,structural_bare_token,
106958,Wang,3,structural_bare_token,
106969,Webb,3,structural_bare_token,
106974,Weinberg,3,structural_bare_token,
106990,Weyers,3,structural_bare_token,
106994,Wieler,3,structural_bare_token,
107001,Williams,3,structural_bare_token,
107064,Zeller,3,structural_bare_token,
109535,Tungate,3,structural_bare_token,
109565,Bush,3,structural_bare_token,
109574,Thomas,3,structural_bare_token,
109587,Smith,3,structural_bare_token,
109615,Elizabeth,3,structural_bare_token,
109627,Marcie,3,structural_bare_token,
109671,Filiano,3,structural_bare_token,
109673,Abrams,3,structural_bare_token,
109693,Coss,3,structural_bare_token,
109700,Bonham,3,structural_bare_token,
109716,Anne,3,structural_bare_token,
109738,Segal,3,structural_bare_token,
109739,Sands,3,structural_bare_token,
109784,Shepard,3,structural_bare_token,
109790,Shallenberger,3,structural_bare_token,
109812,Atcherson,3,structural_bare_token,
109814,Grevatt,3,structural_bare_token,
109816,Marcia,3,structural_bare_token,
109817,Gutiérrez,3,structural_bare_token,
109824,Phillip,3,structural_bare_token,
109850,Collins,3,structural_bare_token,
109860,Kathleen,3,structural_bare_token,
109919,Emma,3,structural_bare_token,
109938,Angela,3,structural_bare_token,
109974,Nubian,3,structural_bare_token,
109979,Burkhard,3,structural_bare_token,
110060,Rowe,3,structural_bare_token,
110072,Danto,3,structural_bare_token,
110083,Schuerman,3,structural_bare_token,
110094,Mary,3,structural_bare_token,
110116,Berlin,3,structural_bare_token,
110142,Adrienne,3,structural_bare_token,
110143,Hahn,3,structural_bare_token,
110173,McGowan,3,structural_bare_token,
110174,Brenda,3,structural_bare_token,
110184,Anastas,3,structural_bare_token,
110188,Albert,3,structural_bare_token,
110199,Bronwyn,3,structural_bare_token,
110270,Filliano,3,structural_bare_token,
110280,Folaron,3,structural_bare_token,
110282,Graziano,3,structural_bare_token,
110298,Colleen,3,structural_bare_token,
110340,Antta,3,structural_bare_token,
110341,Anderton,3,structural_bare_token,
110346,Kalafus,3,structural_bare_token,
110351,Rado,3,structural_bare_token,
110354,Leeder,3,structural_bare_token,
110382,Peebles-Wilkins,3,structural_bare_token,
110407,Gloria,3,structural_bare_token,
110408,Alter,3,structural_bare_token,
110420,McLaughlin,3,structural_bare_token,
110427,Stowbridge,3,structural_bare_token,
110443,Ericka,3,structural_bare_token,
110448,Karandikar,3,structural_bare_token,
110449,Sharvari,3,structural_bare_token,
110487,David,3,structural_bare_token,
110495,Waites,3,structural_bare_token,
110508,Henrika,3,structural_bare_token,
110548,Goldkind,3,structural_bare_token,
110564,Bensdorf,3,structural_bare_token,
110579,Linden,3,structural_bare_token,
110582,Merle,3,structural_bare_token,
110645,Espin,3,structural_bare_token,
110714,Elenie,3,structural_bare_token,
110721,Cora,3,structural_bare_token,
110744,Lowery,3,structural_bare_token,
110766,Forgery,3,structural_bare_token,
110857,Gutierrez,3,structural_bare_token,
110864,Donadello,3,structural_bare_token,
110931,Hodges,3,structural_bare_token,
110937,Altman,3,structural_bare_token,
110945,Rotabi,3,structural_bare_token,
110967,Netting,3,structural_bare_token,
110982,Pierce-Weeds,3,structural_bare_token,
110994,Samantha,3,structural_bare_token,
110995,Rickard,3,structural_bare_token,
111003,Khaja,3,structural_bare_token,
111033,Sperling,3,structural_bare_token,
111096,Carole,3,structural_bare_token,
111115,Krane,3,structural_bare_token,
111155,Notisha,3,structural_bare_token,
111170,Hutton,3,structural_bare_token,
111194,Briana,3,structural_bare_token,
111215,Gómez-Peñaloza,3,structural_bare_token,
111229,Simons,3,structural_bare_token,
111271,Derek,3,structural_bare_token,
111283,Devin,3,structural_bare_token,
111324,Regina,3,structural_bare_token,
111414,Dessel,3,structural_bare_token,
111431,Scales,3,structural_bare_token,
111445,Bent-Goodley,3,structural_bare_token,
111446,Tricia,3,structural_bare_token,
111452,Brice,3,structural_bare_token,
111454,Hardy,3,structural_bare_token,
111472,Taylor,3,structural_bare_token,
111473,Bauerle,3,structural_bare_token,
111526,Huyser,3,structural_bare_token,
111542,James,3,structural_bare_token,
111548,Lester,3,structural_bare_token,
111562,Herridge,3,structural_bare_token,
111564,Ziegler,3,structural_bare_token,
111574,Marraccino,3,structural_bare_token,
111591,Vundla,3,structural_bare_token,
111619,Alexander,3,structural_bare_token,
111625,Swan,3,structural_bare_token,
111644,Richard,3,structural_bare_token,
111723,Oliver,3,structural_bare_token,
111778,Ginesini,3,structural_bare_token,
111787,Alford,3,structural_bare_token,
111811,Kristi,3,structural_bare_token,
111902,Schmoock,3,structural_bare_token,
111904,Adkins,3,structural_bare_token,
111908,Branche,3,structural_bare_token,
111977,Doctor,3,structural_bare_token,
112007,Elze,3,structural_bare_token,
112031,Cornell-Swanson,3,structural_bare_token,
112064,Poon,3,structural_bare_token,
112100,Watt,3,structural_bare_token,
112110,Mostade,3,structural_bare_token,
112111,Jeffrey,3,structural_bare_token,
112175,Snodgrass,3,structural_bare_token,
112188,Losberg,3,structural_bare_token,
112197,Hash,3,structural_bare_token,
112209,Parsons,3,structural_bare_token,
112287,Appleby,3,structural_bare_token,
112289,Fimbres,3,structural_bare_token,
112293,Cassese,3,structural_bare_token,
112294,Mujica,3,structural_bare_token,
112304,Mike,3,structural_bare_token,
112325,Suzanna,3,structural_bare_token,
112354,Rothblum,3,structural_bare_token,
112403,Prudence,3,structural_bare_token,
112414,Gilbert,3,structural_bare_token,
112433,Lopez,3,structural_bare_token,
112489,Greco,3,structural_bare_token,
112491,Winston,3,structural_bare_token,
112508,Lorraine,3,structural_bare_token,
112560,Lora,3,structural_bare_token,
112590,Livingston,3,structural_bare_token,
112593,Renzetti,3,structural_bare_token,
112595,Letellier,3,structural_bare_token,
112605,Kreger,3,structural_bare_token,
112645,Dworkin,3,structural_bare_token,
112646,Kaufer,3,structural_bare_token,
112722,Cathleen,3,structural_bare_token,
112812,Jodi,3,structural_bare_token,
112829,Bonifas,3,structural_bare_token,
112833,Shim,3,structural_bare_token,
112852,Pittman,3,structural_bare_token,
112867,Nason-Clark,3,structural_bare_token,
112880,Micheal,3,structural_bare_token,
112881,Henrickson,3,structural_bare_token,
112917,Hugen,3,structural_bare_token,
112924,Homiak,3,structural_bare_token,
112929,Hopkins,3,structural_bare_token,
113033,Titus,3,structural_bare_token,
113082,Lehmacher,3,structural_bare_token,
113098,Glennon,3,structural_bare_token,
113100,Roslyn,3,structural_bare_token,
113115,Geyer,3,structural_bare_token,
113128,Whitcomb,3,structural_bare_token,
113129,Semanision,3,structural_bare_token,
113133,Consiglio,3,structural_bare_token,
113187,Thyer,3,structural_bare_token,
113236,Singleton,3,structural_bare_token,
113244,Holody,3,structural_bare_token,
113275,Hylton,3,structural_bare_token,
113276,Albers,3,structural_bare_token,
113312,Grettenberger,3,structural_bare_token,
113351,Crawley-Woods,3,structural_bare_token,
113352,Shelek-Furbee,3,structural_bare_token,
113412,Acker,3,structural_bare_token,
113431,Sandell,3,structural_bare_token,
113448,DiGiulio,3,structural_bare_token,
113452,Jarrold,3,structural_bare_token,
113493,Royse,3,structural_bare_token,
113495,Poynter,3,structural_bare_token,
113538,Forte,3,structural_bare_token,
113555,Dick,3,structural_bare_token,
113565,Rome,3,structural_bare_token,
113576,Fancett,3,structural_bare_token,
113638,Scribner,3,structural_bare_token,
113666,Herndon,3,structural_bare_token,
113672,Houskamp,3,structural_bare_token,
113702,Torr,3,structural_bare_token,
113710,Rudolph,3,structural_bare_token,
113764,Horsburgh,3,structural_bare_token,
113768,Candy,3,structural_bare_token,
113789,Oliveira,3,structural_bare_token,
113836,Drisko,3,structural_bare_token,
113852,Levitan,3,structural_bare_token,
113890,Lynett,3,structural_bare_token,
113970,Cummings,3,structural_bare_token,
113982,Cowan,3,structural_bare_token,
113993,Currin,3,structural_bare_token,
114027,Waheeda,3,structural_bare_token,
114039,Mirta,3,structural_bare_token,
114053,Kronner,3,structural_bare_token,
114059,René,3,structural_bare_token,
114087,Ruffolo,3,structural_bare_token,
114093,Hurlburt,3,structural_bare_token,
114196,Ulmer,3,structural_bare_token,
114255,Queen,3,structural_bare_token,
114257,Klas,3,structural_bare_token,
114288,Vanderwalker,3,structural_bare_token,
114294,Fudge,3,structural_bare_token,
114313,Nora,3,structural_bare_token,
114330,Linares,3,structural_bare_token,
114429,Rataj,3,structural_bare_token,
114594,Ouellette,3,structural_bare_token,
114690,Onolemhemhen,3,structural_bare_token,
114705,Erich,3,structural_bare_token,
114708,Needha,3,structural_bare_token,
114709,Donnelly,3,structural_bare_token,
114979,Gerstman,3,structural_bare_token,
115058,Grasso,3,structural_bare_token,
115122,Uddenberg,3,structural_bare_token,
115123,Kight-Law,3,structural_bare_token,
115154,Weston,3,structural_bare_token,
396,SHYAMLAL,2,structural_bare_token,
53521,Zulfaidil,2,structural_bare_token,
74184,Leah ,2,structural_bare_token,
99873,Spratt,2,structural_bare_token,
99910,Humphreys,2,structural_bare_token,
99913,Gibbs,2,structural_bare_token,
99914,Sinclair,2,structural_bare_token,
104132,Ackermann,2,structural_bare_token,
104142,Adri,2,structural_bare_token,
104148,Aila-Leena,2,structural_bare_token,
104154,Akin,2,structural_bare_token,
104170,Aleksandar,2,structural_bare_token,
104182,Allegritti,2,structural_bare_token,
104191,Alpaslan,2,structural_bare_token,
104207,Andrea,2,structural_bare_token,
104217,Angela,2,structural_bare_token,
104256,Antonio,2,structural_bare_token,
104264,Arne,2,structural_bare_token,
104286,Atle,2,structural_bare_token,
104299,Azlinda,2,structural_bare_token,
104300,Azman,2,structural_bare_token,
104333,Bart,2,structural_bare_token,
104338,Baskin,2,structural_bare_token,
104354,Bell,2,structural_bare_token,
104361,Benjamin,2,structural_bare_token,
104370,Bernadette,2,structural_bare_token,
104379,Besthorn,2,structural_bare_token,
104396,Bissell,2,structural_bare_token,
104421,Boetto,2,structural_bare_token,
104487,Buys,2,structural_bare_token,
104498,CAJC,2,structural_bare_token,
104506,Caitlin,2,structural_bare_token,
104514,Campbell,2,structural_bare_token,
104526,Carina,2,structural_bare_token,
104536,Carole,2,structural_bare_token,
104537,Carolina,2,structural_bare_token,
104547,Cassandra,2,structural_bare_token,
104566,Chakradhar,2,structural_bare_token,
104577,Chatterjee,2,structural_bare_token,
104582,Chenxi,2,structural_bare_token,
104608,Christopher,2,structural_bare_token,
104610,Chytil,2,structural_bare_token,
104622,Claudia,2,structural_bare_token,
104655,Coussée,2,structural_bare_token,
104662,Crespo,2,structural_bare_token,
104677,Cyndy,2,structural_bare_token,
104690,Dahmen,2,structural_bare_token,
104719,DeVylder,2,structural_bare_token,
104729,Delport,2,structural_bare_token,
104761,Dominelli,2,structural_bare_token,
104796,Dunlop,2,structural_bare_token,
104817,Edward,2,structural_bare_token,
104819,Egdell,2,structural_bare_token,
104823,Eilers,2,structural_bare_token,
104845,Ellen,2,structural_bare_token,
104848,Elma,2,structural_bare_token,
104853,Emily,2,structural_bare_token,
104873,Erika,2,structural_bare_token,
104876,Eriksson,2,structural_bare_token,
104887,Eunice,2,structural_bare_token,
104900,Fabio,2,structural_bare_token,
104903,Fairbanks,2,structural_bare_token,
104970,Friederike,2,structural_bare_token,
104980,Frühauf,2,structural_bare_token,
104987,Gabriel,2,structural_bare_token,
104989,Gabriella,2,structural_bare_token,
104990,Gabrielle,2,structural_bare_token,
105001,Gathiram,2,structural_bare_token,
105004,Gavin,2,structural_bare_token,
105007,Gemma,2,structural_bare_token,
105008,Geneviève,2,structural_bare_token,
105024,Gilbert,2,structural_bare_token,
105034,Glen,2,structural_bare_token,
105046,Goran,2,structural_bare_token,
105059,Graveline,2,structural_bare_token,
105069,Griffore,2,structural_bare_token,
105084,Gupta,2,structural_bare_token,
105110,Hanne,2,structural_bare_token,
105122,Harrikari,2,structural_bare_token,
105123,Harris,2,structural_bare_token,
105133,Hawkins,2,structural_bare_token,
105134,Healy,2,structural_bare_token,
105156,Henna,2,structural_bare_token,
105157,Henrik,2,structural_bare_token,
105178,Hildegunn,2,structural_bare_token,
105182,Hiranandani,2,structural_bare_token,
105196,Hollywood,2,structural_bare_token,
105222,Husen,2,structural_bare_token,
105237,Iarskaia-Smirnova,2,structural_bare_token,
105242,Ilse,2,structural_bare_token,
105243,Ilze,2,structural_bare_token,
105250,Inge,2,structural_bare_token,
105254,Ingo,2,structural_bare_token,
105255,Ingrid,2,structural_bare_token,
105265,Irina,2,structural_bare_token,
105306,Janet,2,structural_bare_token,
105310,Janine,2,structural_bare_token,
105316,Jansen,2,structural_bare_token,
105319,Janzen,2,structural_bare_token,
105325,Jason,2,structural_bare_token,
105336,Jeff,2,structural_bare_token,
105365,Joanne,2,structural_bare_token,
105382,Jonas,2,structural_bare_token,
105394,Joubert,2,structural_bare_token,
105407,June,2,structural_bare_token,
105425,Kala,2,structural_bare_token,
105453,Kati,2,structural_bare_token,
105474,Kersti,2,structural_bare_token,
105481,Kevin,2,structural_bare_token,
105511,Klein,2,structural_bare_token,
105524,Kotze,2,structural_bare_token,
105531,Kraus,2,structural_bare_token,
105533,Kriisk,2,structural_bare_token,
105535,Kristina,2,structural_bare_token,
105536,Kritzinger,2,structural_bare_token,
105537,Kroll,2,structural_bare_token,
105538,Kruger,2,structural_bare_token,
105611,Leila,2,structural_bare_token,
105615,Lena,2,structural_bare_token,
105636,Liechty,2,structural_bare_token,
105642,Linda,2,structural_bare_token,
105645,Lindsay,2,structural_bare_token,
105657,Liza,2,structural_bare_token,
105672,Loretta,2,structural_bare_token,
105679,Lourie,2,structural_bare_token,
105680,Louw,2,structural_bare_token,
105681,Lucy,2,structural_bare_token,
105685,Lukas,2,structural_bare_token,
105794,Marian,2,structural_bare_token,
105797,Marianne,2,structural_bare_token,
105807,Marit,2,structural_bare_token,
105842,Matthies,2,structural_bare_token,
105873,McQuaid,2,structural_bare_token,
105880,Megan,2,structural_bare_token,
105883,Meike,2,structural_bare_token,
105885,Melanie,2,structural_bare_token,
105924,Michiel,2,structural_bare_token,
105932,Miller,2,structural_bare_token,
105936,Minna,2,structural_bare_token,
105938,Mirja,2,structural_bare_token,
105975,Moorhead,2,structural_bare_token,
106020,Nadine,2,structural_bare_token,
106074,Nicky,2,structural_bare_token,
106094,Nissen,2,structural_bare_token,
106109,Nothdurfter,2,structural_bare_token,
106117,Nuelle,2,structural_bare_token,
106131,Oelofse,2,structural_bare_token,
106135,Olga,2,structural_bare_token,
106146,Onno,2,structural_bare_token,
106174,Park,2,structural_bare_token,
106177,Partab,2,structural_bare_token,
106182,Patel,2,structural_bare_token,
106186,Patrick,2,structural_bare_token,
106200,Pedro,2,structural_bare_token,
106204,Penna,2,structural_bare_token,
106219,Petersen,2,structural_bare_token,
106230,Phenice,2,structural_bare_token,
106273,Pozzuto,2,structural_bare_token,
106277,Preston,2,structural_bare_token,
106282,Priscilla,2,structural_bare_token,
106290,Pyles,2,structural_bare_token,
106302,Rachel,2,structural_bare_token,
106313,Raluca,2,structural_bare_token,
106324,Rasa,2,structural_bare_token,
106330,Raven,2,structural_bare_token,
106336,Reeli,2,structural_bare_token,
106341,Reimer,2,structural_bare_token,
106364,Richter,2,structural_bare_token,
106367,Riga,2,structural_bare_token,
106368,Riina,2,structural_bare_token,
106386,Roberto,2,structural_bare_token,
106389,Robin,2,structural_bare_token,
106401,Roland,2,structural_bare_token,
106404,Rolv,2,structural_bare_token,
106407,Ronald,2,structural_bare_token,
106417,Ross,2,structural_bare_token,
106421,Roux,2,structural_bare_token,
106446,Sabine,2,structural_bare_token,
106470,Samuel,2,structural_bare_token,
106492,Sascha,2,structural_bare_token,
106494,Sathiparsad,2,structural_bare_token,
106495,Satka,2,structural_bare_token,
106503,Schatz,2,structural_bare_token,
106513,Schmidt,2,structural_bare_token,
106516,Schnurr,2,structural_bare_token,
106521,Schrödter,2,structural_bare_token,
106523,Schuyt,2,structural_bare_token,
106526,Scott,2,structural_bare_token,
106538,Seibel,2,structural_bare_token,
106547,September,2,structural_bare_token,
106567,Shdaimah,2,structural_bare_token,
106607,Sirotkina,2,structural_bare_token,
106616,Skovlund,2,structural_bare_token,
106620,Smit,2,structural_bare_token,
106643,Splane,2,structural_bare_token,
106661,Stenson,2,structural_bare_token,
106671,Steve,2,structural_bare_token,
106672,Steven,2,structural_bare_token,
106679,Sting,2,structural_bare_token,
106688,Sturgeon,2,structural_bare_token,
106706,Susanne,2,structural_bare_token,
106713,Sven,2,structural_bare_token,
106718,Swanepoel,2,structural_bare_token,
106720,Swindell,2,structural_bare_token,
106735,Søren,2,structural_bare_token,
106740,Taiwo,2,structural_bare_token,
106754,Tarja,2,structural_bare_token,
106760,Tatyana,2,structural_bare_token,
106784,Theo,2,structural_bare_token,
106802,Tina,2,structural_bare_token,
106824,Trang,2,structural_bare_token,
106828,Trond,2,structural_bare_token,
106831,Trygged,2,structural_bare_token,
106848,Uhlendorff,2,structural_bare_token,
106853,Ulrike,2,structural_bare_token,
106857,Urban,2,structural_bare_token,
106893,Vanmala,2,structural_bare_token,
106923,Vikram,2,structural_bare_token,
106982,Wendy,2,structural_bare_token,
106988,Wessels,2,structural_bare_token,
107009,Wittfeld,2,structural_bare_token,
107011,Wohlfarth,2,structural_bare_token,
107012,Wolf,2,structural_bare_token,
107027,Yang,2,structural_bare_token,
107038,Yok-Fong,2,structural_bare_token,
107060,Zapf,2,structural_bare_token,
107070,Zielenska,2,structural_bare_token,
107083,Zöller,2,structural_bare_token,
109440,Spence,2,structural_bare_token,
109446,Cicerelli,2,structural_bare_token,
109460,Pearlin,2,structural_bare_token,
109486,Nesto,2,structural_bare_token,
109492,Greene,2,structural_bare_token,
109529,Geissinger,2,structural_bare_token,
109544,Roberts,2,structural_bare_token,
109553,Hoff,2,structural_bare_token,
109588,Tice,2,structural_bare_token,
109590,Rotman,2,structural_bare_token,
109601,Dana,2,structural_bare_token,
109602,Quezada-Horne,2,structural_bare_token,
109611,Fanta,2,structural_bare_token,
109613,Tyler,2,structural_bare_token,
109621,Traci,2,structural_bare_token,
109626,Lentjes,2,structural_bare_token,
109645,Nancie,2,structural_bare_token,
109650,Tastsoglou,2,structural_bare_token,
109651,Evangelia,2,structural_bare_token,
109652,Sloan,2,structural_bare_token,
109653,Lacey,2,structural_bare_token,
109655,Stephanie,2,structural_bare_token,
109663,Henderson,2,structural_bare_token,
109669,Brandwein,2,structural_bare_token,
109677,Nguyen,2,structural_bare_token,
109683,Hiersteiner,2,structural_bare_token,
109690,Miriam,2,structural_bare_token,
109717,Anita,2,structural_bare_token,
109734,Nishimoto,2,structural_bare_token,
109769,Grella,2,structural_bare_token,
109774,Allen,2,structural_bare_token,
109781,Anderson,2,structural_bare_token,
109793,Bersak,2,structural_bare_token,
109796,Adele,2,structural_bare_token,
109797,Chernesky,2,structural_bare_token,
109798,Bombyk,2,structural_bare_token,
109802,Gambrill,2,structural_bare_token,
109813,Roth,2,structural_bare_token,
109825,Marti,2,structural_bare_token,
109840,Hunter,2,structural_bare_token,
109842,Shannon,2,structural_bare_token,
109843,Coleen,2,structural_bare_token,
109848,Hoag,2,structural_bare_token,
109852,Feiner,2,structural_bare_token,
109854,Katz,2,structural_bare_token,
109864,Burgos,2,structural_bare_token,
109866,Valentine,2,structural_bare_token,
109867,Deborah,2,structural_bare_token,
109868,Schmir,2,structural_bare_token,
109869,Lacerte,2,structural_bare_token,
109874,Lois,2,structural_bare_token,
109878,Nichols,2,structural_bare_token,
109883,Ryan,2,structural_bare_token,
109885,Wetzel,2,structural_bare_token,
109889,Chelsea,2,structural_bare_token,
109890,Flavin,2,structural_bare_token,
109897,Sherman,2,structural_bare_token,
109903,Ruby,2,structural_bare_token,
109905,Brocious,2,structural_bare_token,
109906,Heidi,2,structural_bare_token,
109909,Yanique,2,structural_bare_token,
109910,Lovato,2,structural_bare_token,
109920,Sancher,2,structural_bare_token,
109921,Tempest,2,structural_bare_token,
109928,Robinson,2,structural_bare_token,
109930,Roll,2,structural_bare_token,
109932,Hulko,2,structural_bare_token,
109933,Wendy,2,structural_bare_token,
109939,Labash,2,structural_bare_token,
109940,Amanda,2,structural_bare_token,
109943,Lopezrevoredo,2,structural_bare_token,
109944,Analucía,2,structural_bare_token,
109945,Sellmaier,2,structural_bare_token,
109946,Claudia,2,structural_bare_token,
109947,Kindle,2,structural_bare_token,
109949,Barbara,2,structural_bare_token,
109954,Capous-Desyllas,2,structural_bare_token,
109955,Moshoula,2,structural_bare_token,
109956,Anyikwa,2,structural_bare_token,
109958,Wood,2,structural_bare_token,
109959,Leila,2,structural_bare_token,
109964,Amber,2,structural_bare_token,
109969,Tamboukou,2,structural_bare_token,
109975,Schrag,2,structural_bare_token,
109983,Goodkind,2,structural_bare_token,
109991,Coxe,2,structural_bare_token,
109995,Barratt,2,structural_bare_token,
110001,Glass,2,structural_bare_token,
110032,Fulani,2,structural_bare_token,
110034,Jackson,2,structural_bare_token,
110039,Ayim,2,structural_bare_token,
110042,Erin,2,structural_bare_token,
110054,Soûle,2,structural_bare_token,
110062,Aivadyan,2,structural_bare_token,
110063,Christina,2,structural_bare_token,
110069,Berkley,2,structural_bare_token,
110070,Smoyer,2,structural_bare_token,
110076,Swigonski,2,structural_bare_token,
110078,Roche,2,structural_bare_token,
110081,Jenkins,2,structural_bare_token,
110089,O'Shaughnessy,2,structural_bare_token,
110091,Saunders,2,structural_bare_token,
110092,Beatrice,2,structural_bare_token,
110093,Bricker-Jenkins,2,structural_bare_token,
110095,Mason,2,structural_bare_token,
110097,Gutterman,2,structural_bare_token,
110126,Sheridan,2,structural_bare_token,
110129,Danis,2,structural_bare_token,
110137,Vail,2,structural_bare_token,
110140,Bonnie,2,structural_bare_token,
110141,Goloda,2,structural_bare_token,
110145,Moosa-Mitha,2,structural_bare_token,
110157,Klug,2,structural_bare_token,
110160,Candace,2,structural_bare_token,
110161,Wright,2,structural_bare_token,
110221,Kasper,2,structural_bare_token,
110222,Begun,2,structural_bare_token,
110228,Latorre,2,structural_bare_token,
110232,Hirschmann,2,structural_bare_token,
110235,Lens,2,structural_bare_token,
110240,Berry,2,structural_bare_token,
110242,Kirst-Ashman,2,structural_bare_token,
110267,Jonathan,2,structural_bare_token,
110283,Roberta,2,structural_bare_token,
110309,Fisher,2,structural_bare_token,
110312,Land,2,structural_bare_token,
110329,Kaschak,2,structural_bare_token,
110331,Allison,2,structural_bare_token,
110336,Kaplan,2,structural_bare_token,
110344,Queiro-Tajalli,2,structural_bare_token,
110352,Mills,2,structural_bare_token,
110353,Crystal,2,structural_bare_token,
110370,Saperstein,2,structural_bare_token,
110373,Bogolub,2,structural_bare_token,
110383,Wilma,2,structural_bare_token,
110392,Halseth,2,structural_bare_token,
110398,Evans,2,structural_bare_token,
110400,Davidson,2,structural_bare_token,
110413,Foster,2,structural_bare_token,
110416,Webb,2,structural_bare_token,
110422,Lucy,2,structural_bare_token,
110425,Temkin,2,structural_bare_token,
110428,Cynthia,2,structural_bare_token,
110434,Baldwin,2,structural_bare_token,
110442,Kimball,2,structural_bare_token,
110456,Cherian,2,structural_bare_token,
110465,Orme,2,structural_bare_token,
110466,Julie,2,structural_bare_token,
110468,Maryam,2,structural_bare_token,
110471,McPhail,2,structural_bare_token,
110475,Patil,2,structural_bare_token,
110476,Prachi,2,structural_bare_token,
110486,McCarty-Caplan,2,structural_bare_token,
110492,Leotti,2,structural_bare_token,
110493,Sandy,2,structural_bare_token,
110499,Heffron,2,structural_bare_token,
110501,Barretti,2,structural_bare_token,
110507,McCoy,2,structural_bare_token,
110517,Sonya,2,structural_bare_token,
110518,Gomes,2,structural_bare_token,
110521,Swift,2,structural_bare_token,
110524,Rupaleem,2,structural_bare_token,
110525,Zahraei,2,structural_bare_token,
110531,Bouie,2,structural_bare_token,
110550,Needle,2,structural_bare_token,
110560,Bertha,2,structural_bare_token,
110577,Kurtz,2,structural_bare_token,
110587,Karyn,2,structural_bare_token,
110592,Atkatz,2,structural_bare_token,
110603,Kate,2,structural_bare_token,
110611,Nicole,2,structural_bare_token,
110618,O'Dell,2,structural_bare_token,
110637,Gaynell,2,structural_bare_token,
110638,Simpson,2,structural_bare_token,
110651,Ronald,2,structural_bare_token,
110659,Navari,2,structural_bare_token,
110660,Sylvia,2,structural_bare_token,
110661,Peel,2,structural_bare_token,
110669,Sidell,2,structural_bare_token,
110673,Reed,2,structural_bare_token,
110737,Dillon,2,structural_bare_token,
110741,Stoner,2,structural_bare_token,
110752,Greenblatt,2,structural_bare_token,
110769,Burnette,2,structural_bare_token,
110777,Abney,2,structural_bare_token,
110783,Wawa,2,structural_bare_token,
110786,Friaz,2,structural_bare_token,
110787,Guadalupe,2,structural_bare_token,
110788,Long,2,structural_bare_token,
110813,Marcus,2,structural_bare_token,
110834,Dicks,2,structural_bare_token,
110838,Kugelman,2,structural_bare_token,
110854,Prigoff,2,structural_bare_token,
110873,Geller,2,structural_bare_token,
110875,Wandrei,2,structural_bare_token,
110879,Chieco,2,structural_bare_token,
110887,Tyriesa,2,structural_bare_token,
110909,Nielsen,2,structural_bare_token,
110910,Frost,2,structural_bare_token,
110951,Jabour,2,structural_bare_token,
110953,Hillock,2,structural_bare_token,
110961,Jaclyn,2,structural_bare_token,
111035,Woodford,2,structural_bare_token,
111041,Roxanne,2,structural_bare_token,
111044,Addams,2,structural_bare_token,
111045,Blair,2,structural_bare_token,
111052,Susana,2,structural_bare_token,
111094,Paige,2,structural_bare_token,
111176,Muñoz-Fernández,2,structural_bare_token,
111177,Noelia,2,structural_bare_token,
111193,Schiff,2,structural_bare_token,
111202,McKenzie,2,structural_bare_token,
111214,Lina,2,structural_bare_token,
111285,Forbes,2,structural_bare_token,
111289,Justin,2,structural_bare_token,
111320,Daniel,2,structural_bare_token,
111356,Bankard,2,structural_bare_token,
111412,Hawkins,2,structural_bare_token,
111421,Caroline,2,structural_bare_token,
111427,Nobles,2,structural_bare_token,
111458,Stryffeler,2,structural_bare_token,
111468,Hilary,2,structural_bare_token,
111483,Schreiber,2,structural_bare_token,
111487,Brandsen,2,structural_bare_token,
111513,Michael,2,structural_bare_token,
111516,Terpstra,2,structural_bare_token,
111519,Mask,2,structural_bare_token,
111527,Mackenzi,2,structural_bare_token,
111528,Hohn,2,structural_bare_token,
111529,Kris,2,structural_bare_token,
111549,Smith-Osborne,2,structural_bare_token,
111575,Julianna,2,structural_bare_token,
111576,Gustafson,2,structural_bare_token,
111577,Costello,2,structural_bare_token,
111586,Coyoy,2,structural_bare_token,
111587,Marla,2,structural_bare_token,
111594,Rich,2,structural_bare_token,
111603,Suzuki,2,structural_bare_token,
111635,Gurrola,2,structural_bare_token,
111647,Maxine,2,structural_bare_token,
111733,Richburg,2,structural_bare_token,
111770,Doss,2,structural_bare_token,
111812,Trotter,2,structural_bare_token,
111846,McNitt,2,structural_bare_token,
111868,Markum,2,structural_bare_token,
111870,Stultz,2,structural_bare_token,
111885,Marks,2,structural_bare_token,
111900,Callier,2,structural_bare_token,
111907,Dong,2,structural_bare_token,
111938,Stiney-Ziskind,2,structural_bare_token,
111968,Mitchell,2,structural_bare_token,
111969,Halkitis,2,structural_bare_token,
111972,Leedy,2,structural_bare_token,
111975,Ross,2,structural_bare_token,
111987,Coon,2,structural_bare_token,
111990,Walters,2,structural_bare_token,
112000,D'Augelli,2,structural_bare_token,
112027,Murray,2,structural_bare_token,
112033,Crisp,2,structural_bare_token,
112035,Orellana,2,structural_bare_token,
112037,Walker,2,structural_bare_token,
112058,Grindel,2,structural_bare_token,
112068,Ventura,2,structural_bare_token,
112071,Sudershan,2,structural_bare_token,
112119,Johnston,2,structural_bare_token,
112135,Greif,2,structural_bare_token,
112137,Holtby,2,structural_bare_token,
112143,Doug,2,structural_bare_token,
112165,Peters,2,structural_bare_token,
112177,Patrick,2,structural_bare_token,
112206,Doueck,2,structural_bare_token,
112222,Connors,2,structural_bare_token,
112223,Irwin,2,structural_bare_token,
112226,Ferfolja,2,structural_bare_token,
112243,Matthews,2,structural_bare_token,
112244,Alicia,2,structural_bare_token,
112258,Sarosy,2,structural_bare_token,
112275,Morrow,2,structural_bare_token,
112278,Horwath,2,structural_bare_token,
112292,Edgar,2,structural_bare_token,
112307,Goodwill,2,structural_bare_token,
112309,Klein,2,structural_bare_token,
112310,Glenn,2,structural_bare_token,
112326,Zand,2,structural_bare_token,
112327,Gurevitch,2,structural_bare_token,
112328,Jeanette,2,structural_bare_token,
112342,Arnup,2,structural_bare_token,
112345,Carballo-diéguez,2,structural_bare_token,
112393,McCamish,2,structural_bare_token,
112421,Hanson,2,structural_bare_token,
112422,Pamm,2,structural_bare_token,
112424,Marsiglia,2,structural_bare_token,
112426,MacEachron,2,structural_bare_token,
112443,Hoenigmann-Stovall,2,structural_bare_token,
112455,Carl,2,structural_bare_token,
112459,Jordan,2,structural_bare_token,
112468,Haag,2,structural_bare_token,
112470,Chang,2,structural_bare_token,
112472,Friedman,2,structural_bare_token,
112480,Coates,2,structural_bare_token,
112482,Phill,2,structural_bare_token,
112495,Burke,2,structural_bare_token,
112531,Keefe,2,structural_bare_token,
112544,Bazargan,2,structural_bare_token,
112545,Moshen,2,structural_bare_token,
112556,Douglas,2,structural_bare_token,
112557,Schwartz,2,structural_bare_token,
112563,Gochros,2,structural_bare_token,
112566,Pope,2,structural_bare_token,
112567,Powers,2,structural_bare_token,
112573,Rosabal,2,structural_bare_token,
112631,Anees,2,structural_bare_token,
112641,Julio,2,structural_bare_token,
112666,Latcovich,2,structural_bare_token,
112712,Chidimma,2,structural_bare_token,
112733,Noelle,2,structural_bare_token,
112736,Constable,2,structural_bare_token,
112762,Williamson,2,structural_bare_token,
112763,Celia,2,structural_bare_token,
112768,Chaves,2,structural_bare_token,
112798,Register,2,structural_bare_token,
112799,Sackreiter,2,structural_bare_token,
112801,McAllister,2,structural_bare_token,
112806,Kane,2,structural_bare_token,
112809,Antle,2,structural_bare_token,
112813,Huckins,2,structural_bare_token,
112819,Emily,2,structural_bare_token,
112821,Christen,2,structural_bare_token,
112823,Keith-Lucas,2,structural_bare_token,
112827,Garza,2,structural_bare_token,
112838,Rothenberg,2,structural_bare_token,
112841,Gadd,2,structural_bare_token,
112843,Smita,2,structural_bare_token,
112844,Fisher-Townsend,2,structural_bare_token,
112854,Brade,2,structural_bare_token,
112859,Dennison,2,structural_bare_token,
112870,Henry,2,structural_bare_token,
112876,Martell,2,structural_bare_token,
112882,Ebear,2,structural_bare_token,
112883,Béchard,2,structural_bare_token,
112885,Wilfred,2,structural_bare_token,
112886,Holosko,2,structural_bare_token,
112887,Glen,2,structural_bare_token,
112889,Wilkinson,2,structural_bare_token,
112891,Lamb,2,structural_bare_token,
112895,Pellebon,2,structural_bare_token,
112897,Caselman,2,structural_bare_token,
112906,Melcher,2,structural_bare_token,
112907,Zapf,2,structural_bare_token,
112909,Vliem,2,structural_bare_token,
112911,Haile,2,structural_bare_token,
112913,Chambers,2,structural_bare_token,
112931,Thayer,2,structural_bare_token,
112937,Waits,2,structural_bare_token,
112948,Wolterstoff,2,structural_bare_token,
112951,Robinson-Davis,2,structural_bare_token,
112952,Edith,2,structural_bare_token,
112953,Huff,2,structural_bare_token,
112955,Stockwell,2,structural_bare_token,
112958,Fernando,2,structural_bare_token,
112959,Rukshan,2,structural_bare_token,
112960,Graddy,2,structural_bare_token,
112963,Dobrof,2,structural_bare_token,
112965,Himchak,2,structural_bare_token,
112971,Shields,2,structural_bare_token,
112974,Rambo-Freeman,2,structural_bare_token,
112975,McGrew,2,structural_bare_token,
112979,Trachte,2,structural_bare_token,
112984,Dave,2,structural_bare_token,
112988,Nelson-Becker,2,structural_bare_token,
112992,Abram,2,structural_bare_token,
112997,Roga,2,structural_bare_token,
112998,Vita,2,structural_bare_token,
112999,Endicott,2,structural_bare_token,
113000,Lanny,2,structural_bare_token,
113007,Rivera,2,structural_bare_token,
113016,Judah,2,structural_bare_token,
113019,Schobert,2,structural_bare_token,
113024,Horne,2,structural_bare_token,
113032,Peachey,2,structural_bare_token,
113034,Meldrim,2,structural_bare_token,
113035,Coisman,2,structural_bare_token,
113040,Delia,2,structural_bare_token,
113041,Golson,2,structural_bare_token,
113047,Jonker,2,structural_bare_token,
113049,Koopman,2,structural_bare_token,
113053,Cathryn,2,structural_bare_token,
113054,Sider,2,structural_bare_token,
113062,Dziegielewski,2,structural_bare_token,
113067,Boynton,2,structural_bare_token,
113077,Sistler,2,structural_bare_token,
113078,Hoyt-Oliver,2,structural_bare_token,
113088,Crew,2,structural_bare_token,
113089,Louie,2,structural_bare_token,
113102,Iorfido,2,structural_bare_token,
113107,Meister,2,structural_bare_token,
113109,Halladay,2,structural_bare_token,
113110,Allan,2,structural_bare_token,
113118,Sandee,2,structural_bare_token,
113121,Brackney,2,structural_bare_token,
113131,Zahn,2,structural_bare_token,
113138,Hoeldtke,2,structural_bare_token,
113221,Reamer,2,structural_bare_token,
113229,Carla,2,structural_bare_token,
113231,Hijazi,2,structural_bare_token,
113245,Dalton,2,structural_bare_token,
113250,Junius,2,structural_bare_token,
113263,Rodenhiser,2,structural_bare_token,
113278,Jenna,2,structural_bare_token,
113290,Kendra,2,structural_bare_token,
113294,Blieszner,2,structural_bare_token,
113297,Lietz,2,structural_bare_token,
113298,Baylis,2,structural_bare_token,
113309,Jindani,2,structural_bare_token,
113310,Shinaz,2,structural_bare_token,
113311,Riebschleger,2,structural_bare_token,
113313,Brownstein-Evans,2,structural_bare_token,
113314,McNeal,2,structural_bare_token,
113315,Jacobson,2,structural_bare_token,
113316,Goheen,2,structural_bare_token,
113317,Alysha,2,structural_bare_token,
113318,Kapp,2,structural_bare_token,
113321,Garrett,2,structural_bare_token,
113323,Herman,2,structural_bare_token,
113325,Ting,2,structural_bare_token,
113327,McFeaters,2,structural_bare_token,
113330,Bergel,2,structural_bare_token,
113343,Betz,2,structural_bare_token,
113345,Spicuzza,2,structural_bare_token,
113357,Sowbel,2,structural_bare_token,
113361,Rawlings,2,structural_bare_token,
113362,Johansen,2,structural_bare_token,
113366,Eisenhower,2,structural_bare_token,
113374,Fimmen,2,structural_bare_token,
113380,Wolterstorff,2,structural_bare_token,
113382,Kittle,2,structural_bare_token,
113384,Heydt,2,structural_bare_token,
113387,Fogel,2,structural_bare_token,
113388,Ellison,2,structural_bare_token,
113389,Bigler,2,structural_bare_token,
113391,Bergquist,2,structural_bare_token,
113393,Nadel,2,structural_bare_token,
113408,Muthengi,2,structural_bare_token,
113410,Muilenburg,2,structural_bare_token,
113413,Mondros,2,structural_bare_token,
113420,Unger,2,structural_bare_token,
113422,Ginther,2,structural_bare_token,
113424,Schroeder,2,structural_bare_token,
113426,Bartolli,2,structural_bare_token,
113427,Gasker,2,structural_bare_token,
113429,Vafeas,2,structural_bare_token,
113430,Shepherd,2,structural_bare_token,
113433,Reid,2,structural_bare_token,
113434,Hilton,2,structural_bare_token,
113437,Cascio,2,structural_bare_token,
113440,Aviles,2,structural_bare_token,
113441,Unrau,2,structural_bare_token,
113443,Stampley,2,structural_bare_token,
113460,Marlow,2,structural_bare_token,
113472,Evens,2,structural_bare_token,
113483,Sauer-Jones,2,structural_bare_token,
113486,Merchant,2,structural_bare_token,
113489,NADIR,2,structural_bare_token,
113490,ANEESAH,2,structural_bare_token,
113508,Hobbs,2,structural_bare_token,
113509,Corcoran,2,structural_bare_token,
113512,Weisman,2,structural_bare_token,
113513,Stone,2,structural_bare_token,
113514,Bratton,2,structural_bare_token,
113539,Miller-Cribbs,2,structural_bare_token,
113542,Resnick,2,structural_bare_token,
113547,Stocks,2,structural_bare_token,
113551,Menon,2,structural_bare_token,
113567,Luoma,2,structural_bare_token,
113577,Fortuna,2,structural_bare_token,
113607,Yingzhe,2,structural_bare_token,
113613,Peter,2,structural_bare_token,
113614,Cordero,2,structural_bare_token,
113615,Alison,2,structural_bare_token,
113622,Seth,2,structural_bare_token,
113623,McCullough,2,structural_bare_token,
113628,Pranger,2,structural_bare_token,
113653,Schriver,2,structural_bare_token,
113656,Abo-Zena,2,structural_bare_token,
113657,Mona,2,structural_bare_token,
113658,Eckardt,2,structural_bare_token,
113662,Sampson,2,structural_bare_token,
113664,Shyman,2,structural_bare_token,
113667,Nathaniel,2,structural_bare_token,
113690,Coughlin,2,structural_bare_token,
113696,Goode,2,structural_bare_token,
113699,Whittington,2,structural_bare_token,
113700,Ronaele,2,structural_bare_token,
113707,Tenetzky,2,structural_bare_token,
113709,Calabrese,2,structural_bare_token,
113714,Vermeer,2,structural_bare_token,
113718,Fabel,2,structural_bare_token,
113724,Schneider,2,structural_bare_token,
113731,Morehouse,2,structural_bare_token,
113732,Skarsten,2,structural_bare_token,
113734,Blackman,2,structural_bare_token,
113737,Shuman,2,structural_bare_token,
113738,Dubose,2,structural_bare_token,
113769,Pumphrey,2,structural_bare_token,
113775,Abraham,2,structural_bare_token,
113790,Jacob,2,structural_bare_token,
113821,Cornelius,2,structural_bare_token,
113834,Rehner,2,structural_bare_token,
113842,Minsun,2,structural_bare_token,
113850,Neilson,2,structural_bare_token,
113861,Flynn,2,structural_bare_token,
113894,Trochim,2,structural_bare_token,
113898,Siegal,2,structural_bare_token,
113899,Murtaugh,2,structural_bare_token,
113904,Jefferson,2,structural_bare_token,
113907,Blazyk,2,structural_bare_token,
113908,Stan,2,structural_bare_token,
113913,Engel,2,structural_bare_token,
113915,McMurtry,2,structural_bare_token,
113916,Meehan,2,structural_bare_token,
113919,Brodzinski,2,structural_bare_token,
113925,Struminger,2,structural_bare_token,
113927,Burchell,2,structural_bare_token,
113942,Dumbrill,2,structural_bare_token,
113944,Cauble,2,structural_bare_token,
113950,Hallock,2,structural_bare_token,
113961,Marja-Leena,2,structural_bare_token,
113962,Ohinmaa,2,structural_bare_token,
113963,Arto,2,structural_bare_token,
113964,Moring,2,structural_bare_token,
113965,Juha,2,structural_bare_token,
113974,Wilder,2,structural_bare_token,
113975,Scanzoni,2,structural_bare_token,
113976,Gropper,2,structural_bare_token,
113980,Dawson,2,structural_bare_token,
113984,Copello,2,structural_bare_token,
113990,Cronin,2,structural_bare_token,
113995,Call,2,structural_bare_token,
114000,Tural,2,structural_bare_token,
114004,Irigaray,2,structural_bare_token,
114009,Garkisch,2,structural_bare_token,
114019,Lobo,2,structural_bare_token,
114020,Roanna,2,structural_bare_token,
114021,Newnham,2,structural_bare_token,
114022,Phelan,2,structural_bare_token,
114026,Saif,2,structural_bare_token,
114028,Oyewuwo-Gassikia,2,structural_bare_token,
114040,Popov,2,structural_bare_token,
114068,Mackenzie,2,structural_bare_token,
114083,Anupama,2,structural_bare_token,
114088,Deal,2,structural_bare_token,
114095,Sanchez,2,structural_bare_token,
114190,Kvarfordt,2,structural_bare_token,
114194,Gideon,2,structural_bare_token,
114195,Myra,2,structural_bare_token,
114198,Ryle,2,structural_bare_token,
114199,Caruthers,2,structural_bare_token,
114204,Debinski,2,structural_bare_token,
114205,Beata,2,structural_bare_token,
114206,Vanya,2,structural_bare_token,
114233,Doret,2,structural_bare_token,
114236,Cassandra,2,structural_bare_token,
114240,Taiwo,2,structural_bare_token,
114246,Kashefi,2,structural_bare_token,
114247,Sogand,2,structural_bare_token,
114283,Massey,2,structural_bare_token,
114289,Musick,2,structural_bare_token,
114307,Hood,2,structural_bare_token,
114311,Ziblim,2,structural_bare_token,
114312,Padykula,2,structural_bare_token,
114333,Jason,2,structural_bare_token,
114340,Kesslyn,2,structural_bare_token,
114341,Gilliam,2,structural_bare_token,
114447,McGuire,2,structural_bare_token,
114456,Benner,2,structural_bare_token,
114465,Sullenberger,2,structural_bare_token,
114468,Millicent,2,structural_bare_token,
114475,Valutis,2,structural_bare_token,
114486,Szto,2,structural_bare_token,
114523,Hernandez,2,structural_bare_token,
114534,Ornelas,2,structural_bare_token,
114550,Olson-McBride,2,structural_bare_token,
114571,Ihara,2,structural_bare_token,
114702,Karp,2,structural_bare_token,
114714,Knowles,2,structural_bare_token,
114715,Ballantyne,2,structural_bare_token,
114716,Neil,2,structural_bare_token,
114717,Wong,2,structural_bare_token,
114719,Leung,2,structural_bare_token,
114726,Chaparro,2,structural_bare_token,
114730,Tak-Yan,2,structural_bare_token,
114752,Yaffe,2,structural_bare_token,
114784,Jackie,2,structural_bare_token,
114793,Marziali,2,structural_bare_token,
114794,Elsa,2,structural_bare_token,
114797,Donahue,2,structural_bare_token,
114799,Fergusan,2,structural_bare_token,
114805,Bushfield,2,structural_bare_token,
114824,Maynard,2,structural_bare_token,
114827,Cheung,2,structural_bare_token,
114829,González,2,structural_bare_token,
114858,Pahwa,2,structural_bare_token,
114916,Opalinski,2,structural_bare_token,
114932,Clemmons,2,structural_bare_token,
114937,Behar,2,structural_bare_token,
114967,Kasab,2,structural_bare_token,
114976,Burling,2,structural_bare_token,
114984,Gerhard,2,structural_bare_token,
114986,Klaus,2,structural_bare_token,
114987,Reinoehl,2,structural_bare_token,
114999,Brogden,2,structural_bare_token,
115071,Kolodner,2,structural_bare_token,
115129,Sicoly,2,structural_bare_token,
115160,Hoover,2,structural_bare_token,
115168,Pirie,2,structural_bare_token,
115169,Viola,2,structural_bare_token,
115174,Rike,2,structural_bare_token,
150488,Saumya,2,structural_bare_token,
158239,Saumya,2,structural_bare_token,
865,Yovian,1,structural_bare_token,
971,Dirwansyah,1,structural_bare_token,
1084,Indriana,1,structural_bare_token,
1877,Aminah,1,structural_bare_token,
8908,RAJBIR,1,structural_bare_token,
12866,Annie,1,structural_bare_token,
17897,Bimla,1,structural_bare_token,
25323,Auerbach,1,structural_bare_token,
27550,Nawsherwan,1,structural_bare_token,
45934,Claire,1,structural_bare_token,
45935,Jordan,1,structural_bare_token,
45936,Glen,1,structural_bare_token,
46716,Sreerupa,1,structural_bare_token,
50001,Ridwan,1,structural_bare_token,
50398,Fitria,1,structural_bare_token,
50694,Heldalia,1,structural_bare_token,
51310,Surilena,1,structural_bare_token,
51677,Sakroni,1,structural_bare_token,
51842,Raisatunnisa,1,structural_bare_token,
51844,Scristia,1,structural_bare_token,
52013,Nuraliah,1,structural_bare_token,
52160,Darhim,1,structural_bare_token,
52341,Mawaddah,1,structural_bare_token,
53836,Burhanudin,1,structural_bare_token,
54755,Harmaen,1,structural_bare_token,
55150,Martino,1,structural_bare_token,
55416,Twinkal,1,structural_bare_token,
57772,Zulharman,1,structural_bare_token,
59090,Saumya,1,structural_bare_token,
62527,Nancy,1,structural_bare_token,
64554,Sirojuzilam,1,structural_bare_token,
64555,Zulham,1,structural_bare_token,
65337,Ramlan,1,structural_bare_token,
65706,Kenny,1,structural_bare_token,
66459,Asikunnaby,1,structural_bare_token,
66651,Nur'Aini,1,structural_bare_token,
67684,Alesyanti,1,structural_bare_token,
68092,Nithiamurugan,1,structural_bare_token,
68866,Sugiharto,1,structural_bare_token,
69047,Setyowati,1,structural_bare_token,
70998,Subhilhar,1,structural_bare_token,
71333,Holly-Dabelko-Schoeny,1,structural_bare_token,
72174,Mapendere,1,structural_bare_token,
77181,Nurlinah ,1,structural_bare_token,
77182,Haryanto ,1,structural_bare_token,
80671,Neundorfer,1,structural_bare_token,
80681,Beckers,1,structural_bare_token,
80686,Ancelin ,1,structural_bare_token,
80688,Bouma,1,structural_bare_token,
83854,David,1,structural_bare_token,
84225,Gertrude ,1,structural_bare_token,
84233,Friendlander,1,structural_bare_token,
84234,Shaw,1,structural_bare_token,
84258,Adithy ,1,structural_bare_token,
84263,Kudrat-E-Khuda ,1,structural_bare_token,
84302,Pushpendra ,1,structural_bare_token,
84370,Manjula ,1,structural_bare_token,
84406,Supanto ,1,structural_bare_token,
84629,Shravya ,1,structural_bare_token,
84631,Saraswathi ,1,structural_bare_token,
85644,Nancy ,1,structural_bare_token,
87358,Ganz ,1,structural_bare_token,
87359,Bernhard ,1,structural_bare_token,
87360,Hurny ,1,structural_bare_token,
87615,Haworth ,1,structural_bare_token,
90318,Lai-Foon,1,structural_bare_token,
90618,Kamaruddin ,1,structural_bare_token,
90805,Nurhadi ,1,structural_bare_token,
90870,Irwanto ,1,structural_bare_token,
98675,Huma,1,structural_bare_token,
99796,Platt,1,structural_bare_token,
99797,Munro,1,structural_bare_token,
99798,Wagner,1,structural_bare_token,
99800,Spence,1,structural_bare_token,
99801,Parton,1,structural_bare_token,
99802,Mathews,1,structural_bare_token,
99803,Hydén,1,structural_bare_token,
99805,Dalrymple,1,structural_bare_token,
99827,Berry,1,structural_bare_token,
99828,Cash,1,structural_bare_token,
99829,Brook,1,structural_bare_token,
99831,Fisher,1,structural_bare_token,
99834,Wilson,1,structural_bare_token,
99836,Morrison,1,structural_bare_token,
99837,Weyts,1,structural_bare_token,
99838,Morpeth,1,structural_bare_token,
99839,Bullock,1,structural_bare_token,
99840,Calder,1,structural_bare_token,
99842,Goldson,1,structural_bare_token,
99845,Hicks,1,structural_bare_token,
99846,Pithouse,1,structural_bare_token,
99847,Tasiran,1,structural_bare_token,
99848,Morris,1,structural_bare_token,
99849,Shepherd,1,structural_bare_token,
99850,Sturgeon-Adams,1,structural_bare_token,
99851,James,1,structural_bare_token,
99852,Howe,1,structural_bare_token,
99853,Dooley,1,structural_bare_token,
99854,Hinings,1,structural_bare_token,
99855,Kemp,1,structural_bare_token,
99856,Bodonyi,1,structural_bare_token,
99857,Owusu-Bempah,1,structural_bare_token,
99858,Howitt,1,structural_bare_token,
99861,Magill,1,structural_bare_token,
99862,Goddard,1,structural_bare_token,
99863,Kwok,1,structural_bare_token,
99864,Wong,1,structural_bare_token,
99865,Francis,1,structural_bare_token,
99867,Griffiths,1,structural_bare_token,
99868,Turney,1,structural_bare_token,
99869,Chand,1,structural_bare_token,
99870,Krane,1,structural_bare_token,
99871,Davies,1,structural_bare_token,
99872,Carroll,1,structural_bare_token,
99876,Sharland,1,structural_bare_token,
99878,Atkar,1,structural_bare_token,
99879,Baldwin,1,structural_bare_token,
99881,Farmer,1,structural_bare_token,
99884,Andersson,1,structural_bare_token,
99885,Cross,1,structural_bare_token,
99886,Huntington,1,structural_bare_token,
99887,Thomas,1,structural_bare_token,
99889,Daniel,1,structural_bare_token,
99890,Taylor,1,structural_bare_token,
99891,Batchelor,1,structural_bare_token,
99892,Gould,1,structural_bare_token,
99893,Wright,1,structural_bare_token,
99894,Christie,1,structural_bare_token,
99895,Mittler,1,structural_bare_token,
99896,Gilligan,1,structural_bare_token,
99897,Prior,1,structural_bare_token,
99898,Lynch,1,structural_bare_token,
99899,Glaser,1,structural_bare_token,
99900,Lancaster,1,structural_bare_token,
99901,Lumb,1,structural_bare_token,
99902,Forrest,1,structural_bare_token,
99903,Rushton,1,structural_bare_token,
99904,Skehill,1,structural_bare_token,
99906,Buckley,1,structural_bare_token,
99909,Featherstone,1,structural_bare_token,
99911,Schofield,1,structural_bare_token,
99912,Brown,1,structural_bare_token,
99915,Gair,1,structural_bare_token,
99916,Butler,1,structural_bare_token,
99917,Charles,1,structural_bare_token,
99918,Sheppard,1,structural_bare_token,
99919,Woodcock,1,structural_bare_token,
99920,Boushel,1,structural_bare_token,
99921,Middleton,1,structural_bare_token,
99922,Bagley,1,structural_bare_token,
99923,Pritchard,1,structural_bare_token,
99924,Hindle,1,structural_bare_token,
99925,Precey,1,structural_bare_token,
99926,Bar-Nir,1,structural_bare_token,
99927,Schmid,1,structural_bare_token,
99938,Mullender,1,structural_bare_token,
99939,Debbonaire,1,structural_bare_token,
99940,Hague,1,structural_bare_token,
99941,Kelly,1,structural_bare_token,
99942,Malos,1,structural_bare_token,
99945,Dillon,1,structural_bare_token,
99946,Statham,1,structural_bare_token,
103406,Madhuri,1,structural_bare_token,
104115,Aakjær,1,structural_bare_token,
104116,Aaron,1,structural_bare_token,
104117,Aarons,1,structural_bare_token,
104123,Abdullahi,1,structural_bare_token,
104124,Abebe,1,structural_bare_token,
104125,Abercrombie,1,structural_bare_token,
104126,Abigail,1,structural_bare_token,
104127,Abraham,1,structural_bare_token,
104129,Abramovitz,1,structural_bare_token,
104130,Abutima,1,structural_bare_token,
104131,Acar,1,structural_bare_token,
104135,Adejoh,1,structural_bare_token,
104136,Adela,1,structural_bare_token,
104140,Adisa,1,structural_bare_token,
104141,Adlem,1,structural_bare_token,
104143,Adrian,1,structural_bare_token,
104144,Adriana,1,structural_bare_token,
104145,Adrienne,1,structural_bare_token,
104146,Ahlea,1,structural_bare_token,
104147,Ahmet,1,structural_bare_token,
104149,Aino,1,structural_bare_token,
104150,Aiste,1,structural_bare_token,
104151,Ajandi,1,structural_bare_token,
104152,Ajla,1,structural_bare_token,
104153,Akesson,1,structural_bare_token,
104155,Akio,1,structural_bare_token,
104158,Alaers,1,structural_bare_token,
104159,Alaggia,1,structural_bare_token,
104160,Alant,1,structural_bare_token,
104161,Alastair,1,structural_bare_token,
104162,Alayón,1,structural_bare_token,
104163,Alban,1,structural_bare_token,
104165,Albina,1,structural_bare_token,
104174,Aleyamma,1,structural_bare_token,
104176,Alice,1,structural_bare_token,
104177,Alicia,1,structural_bare_token,
104180,Alireza,1,structural_bare_token,
104181,Allard,1,structural_bare_token,
104184,Allen,1,structural_bare_token,
104185,Allison,1,structural_bare_token,
104186,Allyn,1,structural_bare_token,
104187,Almeida,1,structural_bare_token,
104189,Alonso,1,structural_bare_token,
104190,Alpana,1,structural_bare_token,
104193,Althauser,1,structural_bare_token,
104197,Amoh,1,structural_bare_token,
104198,Amrita,1,structural_bare_token,
104201,Amza,1,structural_bare_token,
104206,Andoni,1,structural_bare_token,
104212,Andriani,1,structural_bare_token,
104213,Andruczyk,1,structural_bare_token,
104215,Anette,1,structural_bare_token,
104225,Angilletta,1,structural_bare_token,
104226,Angle,1,structural_bare_token,
104231,Ankit,1,structural_bare_token,
104238,Annabell,1,structural_bare_token,
104245,Anni,1,structural_bare_token,
104246,Annica,1,structural_bare_token,
104251,Anstey,1,structural_bare_token,
104252,Anthony,1,structural_bare_token,
104253,Antoanneta,1,structural_bare_token,
104255,Antonin,1,structural_bare_token,
104258,Anucha,1,structural_bare_token,
104259,Apollo,1,structural_bare_token,
104260,Ardic,1,structural_bare_token,
104261,Arkhipova,1,structural_bare_token,
104262,Armstrong,1,structural_bare_token,
104263,Arnd-Caddigan,1,structural_bare_token,
104266,Arnett,1,structural_bare_token,
104267,Arnold,1,structural_bare_token,
104268,Arnon,1,structural_bare_token,
104269,Arnouse,1,structural_bare_token,
104270,Artemis,1,structural_bare_token,
104271,Arthur,1,structural_bare_token,
104274,Asey,1,structural_bare_token,
104275,Ashatu,1,structural_bare_token,
104277,Ashley,1,structural_bare_token,
104279,Asiya,1,structural_bare_token,
104281,Aspasia,1,structural_bare_token,
104287,Attoh,1,structural_bare_token,
104290,Aurelia,1,structural_bare_token,
104291,Aurora,1,structural_bare_token,
104293,Austin,1,structural_bare_token,
104295,Aviva,1,structural_bare_token,
104296,Ayan,1,structural_bare_token,
104297,Ayana,1,structural_bare_token,
104301,Azwihangwisi,1,structural_bare_token,
104304,Baba,1,structural_bare_token,
104305,Bacher,1,structural_bare_token,
104308,Baikady,1,structural_bare_token,
104309,Baikie,1,structural_bare_token,
104310,Bailey,1,structural_bare_token,
104313,Baitoo,1,structural_bare_token,
104316,Bakshi,1,structural_bare_token,
104318,Balaban,1,structural_bare_token,
104319,Balasingham,1,structural_bare_token,
104320,Baldwin,1,structural_bare_token,
104321,Balogh,1,structural_bare_token,
104322,Balsera,1,structural_bare_token,
104324,Banks,1,structural_bare_token,
104326,Bar-On,1,structural_bare_token,
104328,Barise,1,structural_bare_token,
104329,Barnard,1,structural_bare_token,
104330,Barnoff,1,structural_bare_token,
104331,Baros,1,structural_bare_token,
104332,Barraclough,1,structural_bare_token,
104335,Barzoo,1,structural_bare_token,
104339,Bassoumah,1,structural_bare_token,
104341,Batista,1,structural_bare_token,
104342,Bauling,1,structural_bare_token,
104343,Bautista,1,structural_bare_token,
104344,Bazarova,1,structural_bare_token,
104349,Beckmann,1,structural_bare_token,
104350,Behrman,1,structural_bare_token,
104351,Bejan,1,structural_bare_token,
104352,Bekker,1,structural_bare_token,
104353,Bekkers,1,structural_bare_token,
104357,Benasso,1,structural_bare_token,
104358,Bender,1,structural_bare_token,
104359,Benelli,1,structural_bare_token,
104360,Bengt,1,structural_bare_token,
104362,Benn,1,structural_bare_token,
104363,Bennadate,1,structural_bare_token,
104364,Bennett,1,structural_bare_token,
104367,Beresford,1,structural_bare_token,
104369,Bergström,1,structural_bare_token,
104371,Bernadine,1,structural_bare_token,
104372,Bernard,1,structural_bare_token,
104376,Berteke,1,structural_bare_token,
104377,Berthet,1,structural_bare_token,
104378,Bertotti,1,structural_bare_token,
104380,Bettina,1,structural_bare_token,
104381,Beverlee,1,structural_bare_token,
104383,Bharati,1,structural_bare_token,
104385,Bianca,1,structural_bare_token,
104386,Biel,1,structural_bare_token,
104389,Bill,1,structural_bare_token,
104390,Bini,1,structural_bare_token,
104392,Birkbeck,1,structural_bare_token,
104393,Birnbaum,1,structural_bare_token,
104398,Bjørg,1,structural_bare_token,
104399,Bjørgo,1,structural_bare_token,
104402,Bjørtvedt,1,structural_bare_token,
104405,Blair,1,structural_bare_token,
104409,Blok,1,structural_bare_token,
104412,Blumenthal,1,structural_bare_token,
104413,Board,1,structural_bare_token,
104416,Bodil,1,structural_bare_token,
104423,Bogle,1,structural_bare_token,
104428,Boles,1,structural_bare_token,
104429,Bollweg,1,structural_bare_token,
104430,Bolognari,1,structural_bare_token,
104431,Bonfanti,1,structural_bare_token,
104432,Bongeka,1,structural_bare_token,
104436,Borodkina,1,structural_bare_token,
104437,Botes,1,structural_bare_token,
104439,Bougangue,1,structural_bare_token,
104441,Bowen,1,structural_bare_token,
104442,Boyett,1,structural_bare_token,
104445,Bradt,1,structural_bare_token,
104446,Brady,1,structural_bare_token,
104447,Brandi,1,structural_bare_token,
104448,Brandt,1,structural_bare_token,
104449,Bree,1,structural_bare_token,
104454,Brianna,1,structural_bare_token,
104455,Brid,1,structural_bare_token,
104456,Brienne,1,structural_bare_token,
104457,Brinkkjær,1,structural_bare_token,
104459,Brittany,1,structural_bare_token,
104460,Brix,1,structural_bare_token,
104461,Brodkin,1,structural_bare_token,
104463,Brooklyn,1,structural_bare_token,
104468,Bruno,1,structural_bare_token,
104471,Bryant,1,structural_bare_token,
104472,Bryderup,1,structural_bare_token,
104473,Brännlund,1,structural_bare_token,
104475,Buchanan,1,structural_bare_token,
104476,Buck,1,structural_bare_token,
104477,Bullock,1,structural_bare_token,
104478,Bulut,1,structural_bare_token,
104479,Burman,1,structural_bare_token,
104481,Burnette,1,structural_bare_token,
104482,Busch,1,structural_bare_token,
104483,Buseman,1,structural_bare_token,
104484,Bussi,1,structural_bare_token,
104485,Buszkiewicz,1,structural_bare_token,
104486,Butot,1,structural_bare_token,
104488,Béchard,1,structural_bare_token,
104491,Böhringer,1,structural_bare_token,
104504,Cadell,1,structural_bare_token,
104505,Caetano,1,structural_bare_token,
104508,Callahan,1,structural_bare_token,
104509,Caloutsis,1,structural_bare_token,
104512,Camille,1,structural_bare_token,
104516,Canali,1,structural_bare_token,
104517,Canavan,1,structural_bare_token,
104518,Candeias,1,structural_bare_token,
104519,Cantu,1,structural_bare_token,
104520,Cappello,1,structural_bare_token,
104522,Cara,1,structural_bare_token,
104523,Caragata,1,structural_bare_token,
104524,Carbonatto,1,structural_bare_token,
104527,Carla,1,structural_bare_token,
104528,Carlien,1,structural_bare_token,
104529,Carlotta,1,structural_bare_token,
104530,Carme,1,structural_bare_token,
104531,Carmel,1,structural_bare_token,
104533,Carmen,1,structural_bare_token,
104534,Carol,1,structural_bare_token,
104535,Carola,1,structural_bare_token,
104539,Caroline,1,structural_bare_token,
104540,Carolyn,1,structural_bare_token,
104542,Carpholt,1,structural_bare_token,
104544,Carrie,1,structural_bare_token,
104545,Carvalho,1,structural_bare_token,
104546,Case,1,structural_bare_token,
104548,Cassano,1,structural_bare_token,
104549,Castellani,1,structural_bare_token,
104551,Castro,1,structural_bare_token,
104552,Caswell,1,structural_bare_token,
104553,Catharine,1,structural_bare_token,
104559,Cathy,1,structural_bare_token,
104560,Catrin,1,structural_bare_token,
104565,Chaiklin,1,structural_bare_token,
104567,Chambon,1,structural_bare_token,
104571,Charlene,1,structural_bare_token,
104573,Charles,1,structural_bare_token,
104579,Chen,1,structural_bare_token,
104580,Cheng,1,structural_bare_token,
104581,Chenoweth,1,structural_bare_token,
104583,Chenyi,1,structural_bare_token,
104584,Cheryl,1,structural_bare_token,
104585,Chester,1,structural_bare_token,
104587,Chibaya,1,structural_bare_token,
104589,Chipetz,1,structural_bare_token,
104591,Chitereka,1,structural_bare_token,
104592,Chou,1,structural_bare_token,
104594,Christel,1,structural_bare_token,
104596,Christensen,1,structural_bare_token,
104600,Christiana,1,structural_bare_token,
104601,Christiane,1,structural_bare_token,
104606,Christof,1,structural_bare_token,
104609,Chrystal,1,structural_bare_token,
104612,Cindy,1,structural_bare_token,
104613,Cinzia,1,structural_bare_token,
104615,Claire,1,structural_bare_token,
104616,Clare,1,structural_bare_token,
104617,Clarisa,1,structural_bare_token,
104620,Clarke-McLeod,1,structural_bare_token,
104623,Claudius,1,structural_bare_token,
104624,Cluse-Tolar,1,structural_bare_token,
104627,Coelen,1,structural_bare_token,
104628,Coen,1,structural_bare_token,
104629,Cohen,1,structural_bare_token,
104631,Cole,1,structural_bare_token,
104632,Coleman,1,structural_bare_token,
104633,Coley,1,structural_bare_token,
104637,Collins,1,structural_bare_token,
104639,Colvin,1,structural_bare_token,
104641,Conradie,1,structural_bare_token,
104642,Constance-Huggins,1,structural_bare_token,
104644,Cooper,1,structural_bare_token,
104646,Cordell,1,structural_bare_token,
104647,Cordula,1,structural_bare_token,
104651,Cossetta,1,structural_bare_token,
104652,Costain,1,structural_bare_token,
104653,Cote-Meek,1,structural_bare_token,
104656,Cowie,1,structural_bare_token,
104658,Coyle,1,structural_bare_token,
104659,Crabtree,1,structural_bare_token,
104665,Cristina,1,structural_bare_token,
104668,Cronjé,1,structural_bare_token,
104669,Crous,1,structural_bare_token,
104671,Cullo,1,structural_bare_token,
104672,Cumming,1,structural_bare_token,
104673,Cupido,1,structural_bare_token,
104674,Curpan,1,structural_bare_token,
104675,Cusack,1,structural_bare_token,
104676,Cyleste,1,structural_bare_token,
104689,Dahl,1,structural_bare_token,
104692,Daleen,1,structural_bare_token,
104693,Damian,1,structural_bare_token,
104694,Damianakis,1,structural_bare_token,
104695,Danelia,1,structural_bare_token,
104698,Daniella,1,structural_bare_token,
104699,Danielle,1,structural_bare_token,
104701,Danneris,1,structural_bare_token,
104703,Darja,1,structural_bare_token,
104704,Darwin,1,structural_bare_token,
104705,Dash,1,structural_bare_token,
104707,Davids,1,structural_bare_token,
104709,Davis-Berman,1,structural_bare_token,
104717,DeJoy,1,structural_bare_token,
104718,DeRigne,1,structural_bare_token,
104720,Debaene,1,structural_bare_token,
104723,Debra,1,structural_bare_token,
104725,Dehm,1,structural_bare_token,
104726,DelVecchio,1,structural_bare_token,
104728,Delphine,1,structural_bare_token,
104732,Dennis,1,structural_bare_token,
104738,Derluyn,1,structural_bare_token,
104739,Derrick,1,structural_bare_token,
104740,Devika,1,structural_bare_token,
104741,Dewe,1,structural_bare_token,
104742,Dezendorf,1,structural_bare_token,
104743,Dhaske,1,structural_bare_token,
104747,Didier,1,structural_bare_token,
104748,Diebäcker,1,structural_bare_token,
104749,Dif-Pradalier,1,structural_bare_token,
104750,Dillard,1,structural_bare_token,
104753,Dipankar,1,structural_bare_token,
104755,Dippenaar,1,structural_bare_token,
104757,Dittrich,1,structural_bare_token,
104759,Dolby,1,structural_bare_token,
104760,Dollinger,1,structural_bare_token,
104762,Dominique,1,structural_bare_token,
104763,Dominoe,1,structural_bare_token,
104764,Dongyan,1,structural_bare_token,
104766,Dora,1,structural_bare_token,
104767,Dore,1,structural_bare_token,
104768,Dorf,1,structural_bare_token,
104769,Dorothee,1,structural_bare_token,
104770,Dorothy,1,structural_bare_token,
104771,Dorte,1,structural_bare_token,
104772,Dorthe,1,structural_bare_token,
104774,Douwe,1,structural_bare_token,
104775,Doyen,1,structural_bare_token,
104779,Drani,1,structural_bare_token,
104780,Drew,1,structural_bare_token,
104782,Drolet,1,structural_bare_token,
104783,Drumbl,1,structural_bare_token,
104784,Drumm,1,structural_bare_token,
104787,Dubery,1,structural_bare_token,
104788,Duckham,1,structural_bare_token,
104790,Duku,1,structural_bare_token,
104792,Dunbar,1,structural_bare_token,
104793,Dung,1,structural_bare_token,
104794,Dunk,1,structural_bare_token,
104795,Dunk-West,1,structural_bare_token,
104800,Dwain,1,structural_bare_token,
104801,Dykes,1,structural_bare_token,
104802,Décieux,1,structural_bare_token,
104804,Dümling,1,structural_bare_token,
104810,Ebear,1,structural_bare_token,
104812,Edge,1,structural_bare_token,
104814,Edith,1,structural_bare_token,
104818,Eelke,1,structural_bare_token,
104821,Eide,1,structural_bare_token,
104822,Eileen,1,structural_bare_token,
104824,Ekaterina,1,structural_bare_token,
104826,Eldin,1,structural_bare_token,
104828,Elena,1,structural_bare_token,
104831,Eleni,1,structural_bare_token,
104834,Eliassi,1,structural_bare_token,
104835,Eliphus,1,structural_bare_token,
104838,Elissa,1,structural_bare_token,
104839,Elita,1,structural_bare_token,
104840,Eliza,1,structural_bare_token,
104849,Elmar,1,structural_bare_token,
104850,Elsen,1,structural_bare_token,
104852,Emilie,1,structural_bare_token,
104858,Emprechtinger,1,structural_bare_token,
104860,Engan,1,structural_bare_token,
104863,Enrique,1,structural_bare_token,
104865,Epps,1,structural_bare_token,
104866,Equit,1,structural_bare_token,
104871,Erik,1,structural_bare_token,
104877,Erin,1,structural_bare_token,
104878,Erja,1,structural_bare_token,
104881,Esmeranda,1,structural_bare_token,
104882,Estabrooks,1,structural_bare_token,
104883,Este,1,structural_bare_token,
104885,Esther,1,structural_bare_token,
104886,Eulalia,1,structural_bare_token,
104888,Euteneuer,1,structural_bare_token,
104891,Evelyn,1,structural_bare_token,
104895,Ezra,1,structural_bare_token,
104899,Fabienne,1,structural_bare_token,
104901,Facchini,1,structural_bare_token,
104902,Fahmy,1,structural_bare_token,
104906,Fallov,1,structural_bare_token,
104907,Fang,1,structural_bare_token,
104908,Fantus,1,structural_bare_token,
104909,Farah,1,structural_bare_token,
104910,Fardella,1,structural_bare_token,
104911,Fargion,1,structural_bare_token,
104913,Farid,1,structural_bare_token,
104914,Farley,1,structural_bare_token,
104915,Fathi,1,structural_bare_token,
104916,Faulkner,1,structural_bare_token,
104917,Faustine,1,structural_bare_token,
104918,Favaro,1,structural_bare_token,
104919,Fazzino,1,structural_bare_token,
104920,Featherstone,1,structural_bare_token,
104921,Felicia,1,structural_bare_token,
104922,Felix,1,structural_bare_token,
104923,Ferguson,1,structural_bare_token,
104925,Fernando,1,structural_bare_token,
104927,Fili,1,structural_bare_token,
104929,Fineran,1,structural_bare_token,
104930,Fiona,1,structural_bare_token,
104932,Fire,1,structural_bare_token,
104934,Fischlmayr,1,structural_bare_token,
104935,Fisher,1,structural_bare_token,
104936,Fisher-Townsend,1,structural_bare_token,
104937,Fives,1,structural_bare_token,
104940,Flora,1,structural_bare_token,
104941,Florence,1,structural_bare_token,
104943,Florinda,1,structural_bare_token,
104945,Flügel-Martinsen,1,structural_bare_token,
104946,Fogelc,1,structural_bare_token,
104947,Folkerts,1,structural_bare_token,
104948,Follett,1,structural_bare_token,
104950,Forchuk,1,structural_bare_token,
104951,Forrest,1,structural_bare_token,
104952,Forrest-Bank,1,structural_bare_token,
104954,Fowler,1,structural_bare_token,
104956,Franca,1,structural_bare_token,
104957,Francine,1,structural_bare_token,
104960,Francois,1,structural_bare_token,
104961,Frank,1,structural_bare_token,
104962,Franz,1,structural_bare_token,
104964,Frechon,1,structural_bare_token,
104966,Freedman,1,structural_bare_token,
104967,Freeman,1,structural_bare_token,
104971,Friedman,1,structural_bare_token,
104973,Frieg,1,structural_bare_token,
104974,Friesenhahn,1,structural_bare_token,
104975,Fristrup,1,structural_bare_token,
104977,Frode,1,structural_bare_token,
104981,Fulton,1,structural_bare_token,
104982,Furman,1,structural_bare_token,
104986,Gabay,1,structural_bare_token,
104988,Gabriele,1,structural_bare_token,
104991,Gail,1,structural_bare_token,
104992,Gallant,1,structural_bare_token,
104993,Gambrah,1,structural_bare_token,
104994,Gant,1,structural_bare_token,
104997,Garrett,1,structural_bare_token,
105002,Gault,1,structural_bare_token,
105005,Gedas,1,structural_bare_token,
105009,Genussa,1,structural_bare_token,
105012,Georgia,1,structural_bare_token,
105015,Gerlach,1,structural_bare_token,
105018,Getts,1,structural_bare_token,
105020,Giamello,1,structural_bare_token,
105021,Gianna,1,structural_bare_token,
105023,Giertsen,1,structural_bare_token,
105025,Gill,1,structural_bare_token,
105027,Gillette,1,structural_bare_token,
105028,Gillingham,1,structural_bare_token,
105029,Ginette,1,structural_bare_token,
105030,Giovannetti,1,structural_bare_token,
105031,Gisela,1,structural_bare_token,
105032,Giuseppe,1,structural_bare_token,
105033,Gjersøe,1,structural_bare_token,
105037,Glynnis,1,structural_bare_token,
105040,Goldkind,1,structural_bare_token,
105044,Gonzalo,1,structural_bare_token,
105045,Gopal,1,structural_bare_token,
105047,Gordon,1,structural_bare_token,
105048,Gosh,1,structural_bare_token,
105049,Gotoh,1,structural_bare_token,
105051,Gould,1,structural_bare_token,
105052,Gous,1,structural_bare_token,
105053,Govind,1,structural_bare_token,
105054,Grace,1,structural_bare_token,
105057,Grant,1,structural_bare_token,
105058,Graser,1,structural_bare_token,
105063,Greenfield,1,structural_bare_token,
105064,Greg,1,structural_bare_token,
105066,Greif,1,structural_bare_token,
105067,Greppi,1,structural_bare_token,
105068,Griet,1,structural_bare_token,
105071,Grobbelaar,1,structural_bare_token,
105073,Grover,1,structural_bare_token,
105075,Grønningsæter,1,structural_bare_token,
105077,Guerra,1,structural_bare_token,
105078,Gumbo,1,structural_bare_token,
105079,Gunilla,1,structural_bare_token,
105082,Gunsch,1,structural_bare_token,
105086,Gurman,1,structural_bare_token,
105087,Guro,1,structural_bare_token,
105091,Gwaltney,1,structural_bare_token,
105092,Göbel,1,structural_bare_token,
105094,Günther,1,structural_bare_token,
105097,Habibov,1,structural_bare_token,
105099,Haidinger,1,structural_bare_token,
105100,Hakan,1,structural_bare_token,
105101,Hall,1,structural_bare_token,
105103,Hamburger,1,structural_bare_token,
105105,Hand,1,structural_bare_token,
105106,Handler,1,structural_bare_token,
105108,Hanna,1,structural_bare_token,
105112,Hannelie,1,structural_bare_token,
105113,Hanrahan,1,structural_bare_token,
105119,Hansmeyer,1,structural_bare_token,
105121,Harriet,1,structural_bare_token,
105124,Harry,1,structural_bare_token,
105126,Harty,1,structural_bare_token,
105127,Harvey,1,structural_bare_token,
105131,Hauss,1,structural_bare_token,
105132,Havrdová,1,structural_bare_token,
105140,Heikki,1,structural_bare_token,
105141,Heilemann,1,structural_bare_token,
105143,Heinecker,1,structural_bare_token,
105144,Heinz,1,structural_bare_token,
105145,Heite,1,structural_bare_token,
105147,Held,1,structural_bare_token,
105150,Heli,1,structural_bare_token,
105153,Henderson,1,structural_bare_token,
105155,Hendry,1,structural_bare_token,
105160,Hering,1,structural_bare_token,
105162,Hermann,1,structural_bare_token,
105164,Heron,1,structural_bare_token,
105165,Herrmann,1,structural_bare_token,
105166,Herschelmann,1,structural_bare_token,
105167,Herselman,1,structural_bare_token,
105168,Hershenson,1,structural_bare_token,
105170,Herz,1,structural_bare_token,
105172,Hick,1,structural_bare_token,
105173,Hicks,1,structural_bare_token,
105175,Higgins,1,structural_bare_token,
105177,Hilde,1,structural_bare_token,
105180,Hill,1,structural_bare_token,
105181,Hillock,1,structural_bare_token,
105183,Hiroko,1,structural_bare_token,
105184,Hirseland,1,structural_bare_token,
105186,Hlongwane,1,structural_bare_token,
105187,Hlungwani,1,structural_bare_token,
105188,Hochfeld,1,structural_bare_token,
105190,Hoffmann,1,structural_bare_token,
105193,Hollee,1,structural_bare_token,
105194,Holloway,1,structural_bare_token,
105195,Holly,1,structural_bare_token,
105197,Holmdahl,1,structural_bare_token,
105198,Holosko,1,structural_bare_token,
105199,Holtmann,1,structural_bare_token,
105205,Horner,1,structural_bare_token,
105206,Houser,1,structural_bare_token,
105209,Howarth,1,structural_bare_token,
105210,Hoya,1,structural_bare_token,
105211,Hozid,1,structural_bare_token,
105213,Hrncic-Lipovic,1,structural_bare_token,
105217,Hultqvist,1,structural_bare_token,
105218,Human,1,structural_bare_token,
105220,Humme,1,structural_bare_token,
105221,Husband,1,structural_bare_token,
105227,Håvard,1,structural_bare_token,
105228,Höjer,1,structural_bare_token,
105229,Hölscher,1,structural_bare_token,
105230,Høiland,1,structural_bare_token,
105235,Iain,1,structural_bare_token,
105241,Ilieva-Trichkova,1,structural_bare_token,
105244,Imonie,1,structural_bare_token,
105247,Indira,1,structural_bare_token,
105248,Ines,1,structural_bare_token,
105256,Ingrida,1,structural_bare_token,
105257,Inguanta,1,structural_bare_token,
105261,Inui,1,structural_bare_token,
105262,Iravani,1,structural_bare_token,
105263,Irene,1,structural_bare_token,
105266,Iris,1,structural_bare_token,
105267,Irvine,1,structural_bare_token,
105268,Iryna,1,structural_bare_token,
105269,Isabelle,1,structural_bare_token,
105270,Isahaque,1,structural_bare_token,
105272,Iske,1,structural_bare_token,
105274,Isra,1,structural_bare_token,
105275,Ivana,1,structural_bare_token,
105276,Iversen,1,structural_bare_token,
105279,Iyer,1,structural_bare_token,
105281,Izak,1,structural_bare_token,
105282,Izanette,1,structural_bare_token,
105289,Jack,1,structural_bare_token,
105291,Jacqueline,1,structural_bare_token,
105292,Jacques,1,structural_bare_token,
105293,Jaehrling,1,structural_bare_token,
105294,Jaime,1,structural_bare_token,
105295,Jainer,1,structural_bare_token,
105300,Jamie,1,structural_bare_token,
105303,Jan-Stella,1,structural_bare_token,
105305,Janelle,1,structural_bare_token,
105308,Jangmin,1,structural_bare_token,
105311,Janissa,1,structural_bare_token,
105312,Jann,1,structural_bare_token,
105318,Jany-Catrice,1,structural_bare_token,
105320,Jardim,1,structural_bare_token,
105321,Jarman,1,structural_bare_token,
105322,Jarvis,1,structural_bare_token,
105323,Jasmine,1,structural_bare_token,
105328,Javier,1,structural_bare_token,
105329,Jayden,1,structural_bare_token,
105331,Jean-Pierre,1,structural_bare_token,
105332,Jeanette,1,structural_bare_token,
105333,Jeanne,1,structural_bare_token,
105335,Jeevasuthan,1,structural_bare_token,
105337,Jeffrey,1,structural_bare_token,
105339,Jenna,1,structural_bare_token,
105344,Jenny,1,structural_bare_token,
105345,Jens,1,structural_bare_token,
105348,Jeon,1,structural_bare_token,
105349,Jerzy,1,structural_bare_token,
105350,Jesse,1,structural_bare_token,
105355,Jianguo,1,structural_bare_token,
105356,Jill,1,structural_bare_token,
105358,Jindal,1,structural_bare_token,
105359,Jing,1,structural_bare_token,
105367,Joel,1,structural_bare_token,
105368,Johan,1,structural_bare_token,
105370,Johannessen,1,structural_bare_token,
105373,Johansen,1,structural_bare_token,
105374,Johansson,1,structural_bare_token,
105379,Johnson,1,structural_bare_token,
105380,Johnston,1,structural_bare_token,
105381,Jokela,1,structural_bare_token,
105384,Jones,1,structural_bare_token,
105385,Jonker,1,structural_bare_token,
105388,Jorunn,1,structural_bare_token,
105390,Josef,1,structural_bare_token,
105391,Joseph,1,structural_bare_token,
105392,Josiane,1,structural_bare_token,
105395,Jovia,1,structural_bare_token,
105396,Joyce,1,structural_bare_token,
105398,Judith,1,structural_bare_token,
105400,Julia,1,structural_bare_token,
105402,Juliana,1,structural_bare_token,
105405,Juliusdottir,1,structural_bare_token,
105406,Julkunen,1,structural_bare_token,
105408,Jupp,1,structural_bare_token,
105409,Juul,1,structural_bare_token,
105410,Jäppinen,1,structural_bare_token,
105411,Järvelä,1,structural_bare_token,
105413,Júlíusdóttir,1,structural_bare_token,
105418,Kadish,1,structural_bare_token,
105419,Kagee,1,structural_bare_token,
105420,Kahn,1,structural_bare_token,
105431,Karabanow,1,structural_bare_token,
105439,Karl,1,structural_bare_token,
105442,Kaseke,1,structural_bare_token,
105445,Kaspar,1,structural_bare_token,
105446,Kasper,1,structural_bare_token,
105454,Katie,1,structural_bare_token,
105456,Katka,1,structural_bare_token,
105457,Katrien,1,structural_bare_token,
105465,Keevy,1,structural_bare_token,
105466,Keith,1,structural_bare_token,
105467,Keller,1,structural_bare_token,
105468,Kelsey,1,structural_bare_token,
105469,Kemp,1,structural_bare_token,
105472,Kennan,1,structural_bare_token,
105473,Kerschbaumer,1,structural_bare_token,
105476,Kersting,1,structural_bare_token,
105479,Ketil,1,structural_bare_token,
105484,Khalil,1,structural_bare_token,
105485,Khan,1,structural_bare_token,
105486,Kherehloa,1,structural_bare_token,
105488,Kiczkowski,1,structural_bare_token,
105489,Kiik,1,structural_bare_token,
105490,Kiland,1,structural_bare_token,
105494,Kimberley,1,structural_bare_token,
105495,Kimberly,1,structural_bare_token,
105498,Kirkpatrick,1,structural_bare_token,
105500,Kirsti,1,structural_bare_token,
105503,Kivipelto,1,structural_bare_token,
105504,Kjeldsen,1,structural_bare_token,
105507,Kjær,1,structural_bare_token,
105508,Kjærulff,1,structural_bare_token,
105510,Klaus,1,structural_bare_token,
105515,Knecht,1,structural_bare_token,
105517,Kogan,1,structural_bare_token,
105518,Kokkonen,1,structural_bare_token,
105519,Koldinská,1,structural_bare_token,
105520,Komarova,1,structural_bare_token,
105522,Kopij,1,structural_bare_token,
105526,Koustab,1,structural_bare_token,
105528,Kovach,1,structural_bare_token,
105529,Kovacheva,1,structural_bare_token,
105532,Kremer,1,structural_bare_token,
105539,Kruk,1,structural_bare_token,
105540,Krull,1,structural_bare_token,
105541,Krynytska,1,structural_bare_token,
105542,Krystian,1,structural_bare_token,
105545,Kuehni,1,structural_bare_token,
105546,Kuhlmann,1,structural_bare_token,
105548,Kunnemann,1,structural_bare_token,
105552,Kutscher,1,structural_bare_token,
105553,Kuusela,1,structural_bare_token,
105556,Kwaku,1,structural_bare_token,
105557,Kyei-Gyamfi,1,structural_bare_token,
105558,Köngeter,1,structural_bare_token,
105569,Labonté-Roset,1,structural_bare_token,
105571,Lafrenière,1,structural_bare_token,
105572,Laine,1,structural_bare_token,
105573,Laird,1,structural_bare_token,
105574,Laksh,1,structural_bare_token,
105576,Land,1,structural_bare_token,
105578,Lanette,1,structural_bare_token,
105579,Lange,1,structural_bare_token,
105581,Lanya,1,structural_bare_token,
105582,Lapierre,1,structural_bare_token,
105583,Larkin,1,structural_bare_token,
105584,Larner,1,structural_bare_token,
105585,Lars,1,structural_bare_token,
105587,Lauer,1,structural_bare_token,
105590,Lauren,1,structural_bare_token,
105591,Laurens,1,structural_bare_token,
105592,Lauri,1,structural_bare_token,
105596,Lavoie,1,structural_bare_token,
105598,Laycock,1,structural_bare_token,
105602,LeFrançois,1,structural_bare_token,
105604,LeaAnne,1,structural_bare_token,
105608,LeeAnn,1,structural_bare_token,
105612,Leino,1,structural_bare_token,
105618,Lennox,1,structural_bare_token,
105620,Leonard,1,structural_bare_token,
105621,Leopold,1,structural_bare_token,
105622,Leppänen,1,structural_bare_token,
105625,Leslie,1,structural_bare_token,
105626,Leveridge,1,structural_bare_token,
105627,Levin,1,structural_bare_token,
105628,Levine,1,structural_bare_token,
105629,Levor,1,structural_bare_token,
105633,Lichtblau,1,structural_bare_token,
105634,Lidén,1,structural_bare_token,
105635,Liebenberg,1,structural_bare_token,
105637,Lieve,1,structural_bare_token,
105638,Lila,1,structural_bare_token,
105640,Lily,1,structural_bare_token,
105649,Liora,1,structural_bare_token,
105652,Lise,1,structural_bare_token,
105654,Littman,1,structural_bare_token,
105659,Lizano,1,structural_bare_token,
105662,Loffell,1,structural_bare_token,
105664,Lokender,1,structural_bare_token,
105666,Lonbay,1,structural_bare_token,
105671,Lorenzetti,1,structural_bare_token,
105675,Lou-Marié,1,structural_bare_token,
105676,Loucková,1,structural_bare_token,
105682,Luidmila,1,structural_bare_token,
105683,Luigi,1,structural_bare_token,
105689,Lunz,1,structural_bare_token,
105690,Luyt,1,structural_bare_token,
105691,Lydia,1,structural_bare_token,
105692,Lynch,1,structural_bare_token,
105696,Lysack,1,structural_bare_token,
105699,López-Peláez,1,structural_bare_token,
105713,Mabutho,1,structural_bare_token,
105714,MacDonald,1,structural_bare_token,
105715,MacKay-Barr,1,structural_bare_token,
105716,Macarena,1,structural_bare_token,
105717,Macfarlane,1,structural_bare_token,
105719,Mackinem,1,structural_bare_token,
105721,Madeleen,1,structural_bare_token,
105722,Madhu,1,structural_bare_token,
105723,Madi,1,structural_bare_token,
105726,Maeseele,1,structural_bare_token,
105727,Maforah,1,structural_bare_token,
105728,Magano,1,structural_bare_token,
105729,Magaqa,1,structural_bare_token,
105731,Magdaline,1,structural_bare_token,
105734,Magojo,1,structural_bare_token,
105735,Magyar-Haas,1,structural_bare_token,
105736,Mahapatra,1,structural_bare_token,
105737,Mahendravada,1,structural_bare_token,
105740,Maija,1,structural_bare_token,
105741,Main,1,structural_bare_token,
105742,Maiss,1,structural_bare_token,
105743,Majumdar,1,structural_bare_token,
105747,Makuu,1,structural_bare_token,
105748,Malaka,1,structural_bare_token,
105749,Maldovan,1,structural_bare_token,
105751,Malherbe,1,structural_bare_token,
105752,Malina,1,structural_bare_token,
105753,Malinauskas,1,structural_bare_token,
105754,Malinga,1,structural_bare_token,
105755,Malwina,1,structural_bare_token,
105756,Mamasela,1,structural_bare_token,
105757,Manafi,1,structural_bare_token,
105758,Mancini,1,structural_bare_token,
105760,Mandie,1,structural_bare_token,
105761,Manful,1,structural_bare_token,
105764,Mansfield,1,structural_bare_token,
105765,Manuela,1,structural_bare_token,
105769,Marc,1,structural_bare_token,
105770,Marciana,1,structural_bare_token,
105771,Marcus,1,structural_bare_token,
105772,Mare,1,structural_bare_token,
105773,Marei,1,structural_bare_token,
105774,Marek,1,structural_bare_token,
105777,Margareth,1,structural_bare_token,
105778,Margherita,1,structural_bare_token,
105783,Marguerite,1,structural_bare_token,
105798,Marichen,1,structural_bare_token,
105801,Marija,1,structural_bare_token,
105802,Marilyn,1,structural_bare_token,
105803,Marina,1,structural_bare_token,
105804,Marinei,1,structural_bare_token,
105805,Marion,1,structural_bare_token,
105806,Marissa,1,structural_bare_token,
105808,Maritta,1,structural_bare_token,
105811,Marleen,1,structural_bare_token,
105813,Marquet,1,structural_bare_token,
105814,Marroquin,1,structural_bare_token,
105815,Marsh,1,structural_bare_token,
105816,Marshall,1,structural_bare_token,
105817,Marston,1,structural_bare_token,
105818,Marta,1,structural_bare_token,
105819,Marthie,1,structural_bare_token,
105820,Martin,1,structural_bare_token,
105824,Marynowicz-Hetka,1,structural_bare_token,
105825,Mascha,1,structural_bare_token,
105827,Masheane,1,structural_bare_token,
105828,Mashego,1,structural_bare_token,
105829,Mason,1,structural_bare_token,
105833,Mathew,1,structural_bare_token,
105834,Mathews,1,structural_bare_token,
105836,Matlhabe,1,structural_bare_token,
105838,Matt,1,structural_bare_token,
105839,Matteo,1,structural_bare_token,
105840,Matthew,1,structural_bare_token,
105841,Matthias,1,structural_bare_token,
105843,Maud,1,structural_bare_token,
105845,Maurer,1,structural_bare_token,
105846,Maurizio,1,structural_bare_token,
105847,Mauro,1,structural_bare_token,
105850,May-Chahal,1,structural_bare_token,
105851,Maël,1,structural_bare_token,
105854,McCartney,1,structural_bare_token,
105856,McCue,1,structural_bare_token,
105858,McGinnis,1,structural_bare_token,
105860,McIntosh,1,structural_bare_token,
105861,McKeen,1,structural_bare_token,
105862,McKendrick,1,structural_bare_token,
105863,McKenzie,1,structural_bare_token,
105864,McKernan,1,structural_bare_token,
105865,McKinney,1,structural_bare_token,
105866,McKinnon,1,structural_bare_token,
105867,McKnight,1,structural_bare_token,
105868,McKynzie,1,structural_bare_token,
105869,McMillin,1,structural_bare_token,
105870,McMullen,1,structural_bare_token,
105871,McMurphy,1,structural_bare_token,
105875,Meade,1,structural_bare_token,
105876,Meagan,1,structural_bare_token,
105878,Meagher,1,structural_bare_token,
105881,Meher,1,structural_bare_token,
105886,Melendez,1,structural_bare_token,
105888,Melinda,1,structural_bare_token,
105889,Melissa,1,structural_bare_token,
105891,Mello,1,structural_bare_token,
105893,Melton,1,structural_bare_token,
105896,Mendel,1,structural_bare_token,
105899,Menzies,1,structural_bare_token,
105900,Merchant,1,structural_bare_token,
105902,Merete,1,structural_bare_token,
105903,Merethe,1,structural_bare_token,
105904,Merita,1,structural_bare_token,
105906,Merran,1,structural_bare_token,
105908,Mestrum,1,structural_bare_token,
105909,Metheany,1,structural_bare_token,
105910,Metz,1,structural_bare_token,
105911,Metzger,1,structural_bare_token,
105913,Meyer,1,structural_bare_token,
105919,Michaud,1,structural_bare_token,
105920,Micheal,1,structural_bare_token,
105921,Michel,1,structural_bare_token,
105923,Michelle,1,structural_bare_token,
105925,Michèle,1,structural_bare_token,
105926,Miettinen,1,structural_bare_token,
105928,Mikael,1,structural_bare_token,
105930,Milano,1,structural_bare_token,
105931,Milford,1,structural_bare_token,
105933,Milligan,1,structural_bare_token,
105934,Mimi,1,structural_bare_token,
105935,Minas,1,structural_bare_token,
105937,Miriam,1,structural_bare_token,
105940,Mishka,1,structural_bare_token,
105941,Mitchell,1,structural_bare_token,
105943,Mitsue,1,structural_bare_token,
105944,Mitu,1,structural_bare_token,
105945,Miyuki,1,structural_bare_token,
105949,Moachon,1,structural_bare_token,
105950,Modisane,1,structural_bare_token,
105951,Modise,1,structural_bare_token,
105954,Mogensen,1,structural_bare_token,
105958,Mohammed,1,structural_bare_token,
105960,Mohsenian-Rahman,1,structural_bare_token,
105961,Molly,1,structural_bare_token,
105962,Molyneux,1,structural_bare_token,
105963,Mona,1,structural_bare_token,
105965,Monia,1,structural_bare_token,
105968,Monique,1,structural_bare_token,
105969,Monreal,1,structural_bare_token,
105970,Monteleone,1,structural_bare_token,
105971,Montesino,1,structural_bare_token,
105972,Montgomery,1,structural_bare_token,
105973,Montserrat,1,structural_bare_token,
105978,Morgane,1,structural_bare_token,
105979,Morin,1,structural_bare_token,
105980,Morley,1,structural_bare_token,
105983,Morton,1,structural_bare_token,
105984,Morén,1,structural_bare_token,
105986,Mosher,1,structural_bare_token,
105987,Moula,1,structural_bare_token,
105988,Mozzana,1,structural_bare_token,
105993,Muireann,1,structural_bare_token,
105994,Muldoon,1,structural_bare_token,
105997,Mulé,1,structural_bare_token,
105998,Munger,1,structural_bare_token,
106002,Muthukrishna,1,structural_bare_token,
106006,Mynhardt,1,structural_bare_token,
106008,Myrna,1,structural_bare_token,
106009,Mäkinen,1,structural_bare_token,
106011,Müller,1,structural_bare_token,
106017,Nabha,1,structural_bare_token,
106019,Nadia,1,structural_bare_token,
106022,Nadja,1,structural_bare_token,
106024,Nagbøl,1,structural_bare_token,
106025,Naidoo,1,structural_bare_token,
106027,Nalls,1,structural_bare_token,
106029,Namita,1,structural_bare_token,
106032,Nancy,1,structural_bare_token,
106034,Naomi,1,structural_bare_token,
106035,Nason-Clark,1,structural_bare_token,
106036,Nasreen,1,structural_bare_token,
106037,Natalia,1,structural_bare_token,
106039,Nataliia,1,structural_bare_token,
106040,Nataliya,1,structural_bare_token,
106041,Natania,1,structural_bare_token,
106044,Naude,1,structural_bare_token,
106048,Navina,1,structural_bare_token,
106049,Naylor,1,structural_bare_token,
106050,Nazim,1,structural_bare_token,
106051,Neely,1,structural_bare_token,
106052,Neeta,1,structural_bare_token,
106053,Neil,1,structural_bare_token,
106055,Nelson,1,structural_bare_token,
106057,Nesterova,1,structural_bare_token,
106058,Neumann,1,structural_bare_token,
106060,Newberry-Koroluk,1,structural_bare_token,
106061,Newbold,1,structural_bare_token,
106064,Nguyen,1,structural_bare_token,
106068,Nhapi,1,structural_bare_token,
106069,Nicholas,1,structural_bare_token,
106076,Nico,1,structural_bare_token,
106081,Niels,1,structural_bare_token,
106087,Nikiforovs,1,structural_bare_token,
106088,Nikku,1,structural_bare_token,
106089,Nikolaus,1,structural_bare_token,
106090,Nils,1,structural_bare_token,
106092,Nina,1,structural_bare_token,
106096,Nnenna,1,structural_bare_token,
106098,Nonas-Barnes,1,structural_bare_token,
106101,Norbert,1,structural_bare_token,
106102,Norberto,1,structural_bare_token,
106103,Nordberg,1,structural_bare_token,
106108,Nortje,1,structural_bare_token,
106112,Noyoo,1,structural_bare_token,
106115,Ntshwarang,1,structural_bare_token,
106118,Nullmeier,1,structural_bare_token,
106120,Nygren,1,structural_bare_token,
106122,Nyman,1,structural_bare_token,
106123,Närhi,1,structural_bare_token,
106125,Nørholm,1,structural_bare_token,
106126,O'Brien,1,structural_bare_token,
106128,O'Connell,1,structural_bare_token,
106129,Obame,1,structural_bare_token,
106130,Oelkers,1,structural_bare_token,
106133,Oksana,1,structural_bare_token,
106137,Olin,1,structural_bare_token,
106138,Oliphant,1,structural_bare_token,
106139,Oliver,1,structural_bare_token,
106140,Olivia,1,structural_bare_token,
106142,Olivieri,1,structural_bare_token,
106143,Olsen,1,structural_bare_token,
106144,Oltedal,1,structural_bare_token,
106145,Olubukola,1,structural_bare_token,
106147,Onwu,1,structural_bare_token,
106148,Onyema,1,structural_bare_token,
106149,Opperman,1,structural_bare_token,
106150,Orchard,1,structural_bare_token,
106153,Osei-Hwedie,1,structural_bare_token,
106155,Ostad-Hashemi,1,structural_bare_token,
106157,Otten,1,structural_bare_token,
106165,Pack,1,structural_bare_token,
106166,Palley,1,structural_bare_token,
106169,Panarello,1,structural_bare_token,
106170,Pandey,1,structural_bare_token,
106173,Parekh,1,structural_bare_token,
106175,Parker,1,structural_bare_token,
106176,Parkinson,1,structural_bare_token,
106179,Parusel,1,structural_bare_token,
106183,Patni,1,structural_bare_token,
106184,Patricia,1,structural_bare_token,
106187,Patrizia,1,structural_bare_token,
106192,Paula,1,structural_bare_token,
106194,Pauline,1,structural_bare_token,
106195,Pavlova,1,structural_bare_token,
106201,Pelan,1,structural_bare_token,
106203,Peltzer,1,structural_bare_token,
106205,Penny,1,structural_bare_token,
106207,Pentini,1,structural_bare_token,
106211,Perlinski,1,structural_bare_token,
106215,Pesso,1,structural_bare_token,
106220,Petersson,1,structural_bare_token,
106223,Petya,1,structural_bare_token,
106227,Pham,1,structural_bare_token,
106234,Phillips,1,structural_bare_token,
106235,Phoenix,1,structural_bare_token,
106236,Phuong,1,structural_bare_token,
106240,Pierre,1,structural_bare_token,
106243,Pillai,1,structural_bare_token,
106244,Pinkerton,1,structural_bare_token,
106247,Piscitelli,1,structural_bare_token,
106251,Platais,1,structural_bare_token,
106253,Plöger,1,structural_bare_token,
106254,Pohl,1,structural_bare_token,
106255,Pohlmann,1,structural_bare_token,
106256,Polack,1,structural_bare_token,
106257,Pollock,1,structural_bare_token,
106259,Polycarp,1,structural_bare_token,
106263,Poole,1,structural_bare_token,
106264,Popescu,1,structural_bare_token,
106265,Popova,1,structural_bare_token,
106266,Porterfield,1,structural_bare_token,
106267,Portia,1,structural_bare_token,
106268,Potsi,1,structural_bare_token,
106271,Power,1,structural_bare_token,
106272,Powers,1,structural_bare_token,
106275,Prashad,1,structural_bare_token,
106276,Prater,1,structural_bare_token,
106283,Priscillah,1,structural_bare_token,
106286,Pruis,1,structural_bare_token,
106287,Psoinos,1,structural_bare_token,
106294,Querna,1,structural_bare_token,
106295,Quinn,1,structural_bare_token,
106297,Quiñones,1,structural_bare_token,
106301,Rachana,1,structural_bare_token,
106303,Raelene,1,structural_bare_token,
106304,Raewyn,1,structural_bare_token,
106306,Raffaele,1,structural_bare_token,
106310,Rajendra,1,structural_bare_token,
106311,Ralph,1,structural_bare_token,
106315,Ramona,1,structural_bare_token,
106316,Ramos,1,structural_bare_token,
106318,Randall,1,structural_bare_token,
106319,Randy,1,structural_bare_token,
106320,Raniga,1,structural_bare_token,
106323,Rantakeisu,1,structural_bare_token,
106325,Rashid,1,structural_bare_token,
106326,Rashmi,1,structural_bare_token,
106327,Raskin,1,structural_bare_token,
106328,Rasmus,1,structural_bare_token,
106332,Read,1,structural_bare_token,
106333,Rebbe,1,structural_bare_token,
106334,Rebecca,1,structural_bare_token,
106335,Recollet,1,structural_bare_token,
106337,Refaeli,1,structural_bare_token,
106338,Reidun,1,structural_bare_token,
106340,Reiko,1,structural_bare_token,
106342,Reinhard,1,structural_bare_token,
106343,Reisch,1,structural_bare_token,
106344,Reitmanova,1,structural_bare_token,
106346,Renate,1,structural_bare_token,
106347,Rene,1,structural_bare_token,
106348,René,1,structural_bare_token,
106350,Reshma,1,structural_bare_token,
106351,Retha,1,structural_bare_token,
106352,Retief,1,structural_bare_token,
106353,Reutlinger,1,structural_bare_token,
106354,Revital,1,structural_bare_token,
106355,Reyes,1,structural_bare_token,
106356,Reynaert,1,structural_bare_token,
106360,Ribeiro,1,structural_bare_token,
106362,Rich,1,structural_bare_token,
106369,Riitta,1,structural_bare_token,
106371,Ring,1,structural_bare_token,
106372,Ringø,1,structural_bare_token,
106373,Rinie,1,structural_bare_token,
106377,Ritala-Koskinen,1,structural_bare_token,
106387,Roberts,1,structural_bare_token,
106388,Robertson,1,structural_bare_token,
106390,Robinson,1,structural_bare_token,
106391,Robyn,1,structural_bare_token,
106392,Rochelle,1,structural_bare_token,
106394,Rodriguez,1,structural_bare_token,
106398,Roger,1,structural_bare_token,
106402,Roll,1,structural_bare_token,
106403,Rollins,1,structural_bare_token,
106405,Roman,1,structural_bare_token,
106406,Romich,1,structural_bare_token,
106411,Rooney,1,structural_bare_token,
106412,Roose,1,structural_bare_token,
106416,Rosenstein,1,structural_bare_token,
106418,Rossiter,1,structural_bare_token,
106420,Rothman,1,structural_bare_token,
106424,Ruben,1,structural_bare_token,
106425,Rudi,1,structural_bare_token,
106426,Ruff,1,structural_bare_token,
106428,Ruiter,1,structural_bare_token,
106429,Rukundo,1,structural_bare_token,
106430,Runge,1,structural_bare_token,
106431,Rupsiene,1,structural_bare_token,
106432,Rutaremwa,1,structural_bare_token,
106433,Ruth,1,structural_bare_token,
106434,Rwomire,1,structural_bare_token,
106436,Ryke,1,structural_bare_token,
106437,Røkkum,1,structural_bare_token,
106445,Saavedra,1,structural_bare_token,
106447,Sabrina,1,structural_bare_token,
106448,Sacco,1,structural_bare_token,
106451,Sagmeister,1,structural_bare_token,
106452,Sagrario,1,structural_bare_token,
106454,Sainsbury,1,structural_bare_token,
106455,Sajid,1,structural_bare_token,
106457,Salas,1,structural_bare_token,
106458,Salee,1,structural_bare_token,
106462,Saloner,1,structural_bare_token,
106465,Sama,1,structural_bare_token,
106467,Samimi,1,structural_bare_token,
106468,Samita,1,structural_bare_token,
106475,Sandler,1,structural_bare_token,
106479,Sanet,1,structural_bare_token,
106480,Sanjana,1,structural_bare_token,
106481,Santiago,1,structural_bare_token,
106482,Santie,1,structural_bare_token,
106483,Santistevan,1,structural_bare_token,
106493,Saskia,1,structural_bare_token,
106496,Satu,1,structural_bare_token,
106498,Saurama,1,structural_bare_token,
106501,Scaramuzzino,1,structural_bare_token,
106502,Schaarschuch,1,structural_bare_token,
106504,Scheid,1,structural_bare_token,
106506,Schenck,1,structural_bare_token,
106507,Schertges,1,structural_bare_token,
106508,Scheyett,1,structural_bare_token,
106509,Schiff,1,structural_bare_token,
106514,Schmitz,1,structural_bare_token,
106515,Schmoller,1,structural_bare_token,
106518,Schoen,1,structural_bare_token,
106519,Schoneville,1,structural_bare_token,
106522,Schubotz,1,structural_bare_token,
106525,Sciolla,1,structural_bare_token,
106528,Sealey,1,structural_bare_token,
106529,Searle,1,structural_bare_token,
106530,Sebastian,1,structural_bare_token,
106531,Sebastiano,1,structural_bare_token,
106532,Sebastien,1,structural_bare_token,
106533,Seckinger,1,structural_bare_token,
106534,Seelmeyer,1,structural_bare_token,
106537,Segal,1,structural_bare_token,
106539,Seifert,1,structural_bare_token,
106543,Selma,1,structural_bare_token,
106544,Sema,1,structural_bare_token,
106546,Sepideah,1,structural_bare_token,
106549,Sethi,1,structural_bare_token,
106551,Shahinaz,1,structural_bare_token,
106552,Shamila,1,structural_bare_token,
106553,Shan,1,structural_bare_token,
106554,Shana,1,structural_bare_token,
106555,Shandra,1,structural_bare_token,
106556,Shanee,1,structural_bare_token,
106559,Shanna,1,structural_bare_token,
106560,Shannon,1,structural_bare_token,
106563,Shaw,1,structural_bare_token,
106564,Shawna,1,structural_bare_token,
106565,Shayna,1,structural_bare_token,
106568,Shearar,1,structural_bare_token,
106569,Sheehan,1,structural_bare_token,
106570,Sheila,1,structural_bare_token,
106571,Shelly,1,structural_bare_token,
106572,Shengli,1,structural_bare_token,
106574,Sheri,1,structural_bare_token,
106576,Shier,1,structural_bare_token,
106579,Shinjini,1,structural_bare_token,
106580,Shiral,1,structural_bare_token,
106581,Shirindi,1,structural_bare_token,
106583,Shophi,1,structural_bare_token,
106584,Shovita,1,structural_bare_token,
106586,Sibley,1,structural_bare_token,
106589,Sigrid,1,structural_bare_token,
106590,Sigrun,1,structural_bare_token,
106591,Sigrún,1,structural_bare_token,
106593,Silver,1,structural_bare_token,
106594,Silvia,1,structural_bare_token,
106598,Simone,1,structural_bare_token,
106599,Simpson,1,structural_bare_token,
106603,Sinzpson,1,structural_bare_token,
106605,Siri,1,structural_bare_token,
106611,Sivakumaran,1,structural_bare_token,
106612,Siyka,1,structural_bare_token,
106613,Sjöblom,1,structural_bare_token,
106615,Skinner,1,structural_bare_token,
106617,Skrobanek,1,structural_bare_token,
106618,Slabbert,1,structural_bare_token,
106619,Slozanska,1,structural_bare_token,
106623,Smyth,1,structural_bare_token,
106624,Snyder,1,structural_bare_token,
106625,Snyder-Hegener,1,structural_bare_token,
106627,Solvang,1,structural_bare_token,
106628,Soma,1,structural_bare_token,
106630,Sonal,1,structural_bare_token,
106631,Song,1,structural_bare_token,
106632,Sophia,1,structural_bare_token,
106633,Sophie,1,structural_bare_token,
106634,Spartaco,1,structural_bare_token,
106636,Specht,1,structural_bare_token,
106637,Speechley,1,structural_bare_token,
106638,Spencer-Laitt,1,structural_bare_token,
106640,Spissinger,1,structural_bare_token,
106641,Spiteri,1,structural_bare_token,
106642,Spivack,1,structural_bare_token,
106646,Stacy,1,structural_bare_token,
106647,Staffan,1,structural_bare_token,
106648,Stambolieva,1,structural_bare_token,
106649,Stampfli,1,structural_bare_token,
106651,Stang,1,structural_bare_token,
106654,Starshinova,1,structural_bare_token,
106655,Stauf,1,structural_bare_token,
106660,Stelmakh,1,structural_bare_token,
106670,Stern,1,structural_bare_token,
106675,Stewart,1,structural_bare_token,
106676,Steyaert,1,structural_bare_token,
106678,Stijn,1,structural_bare_token,
106680,Stinson,1,structural_bare_token,
106682,Strahl,1,structural_bare_token,
106683,Strauch,1,structural_bare_token,
106684,Streckeisen,1,structural_bare_token,
106687,Stumpp,1,structural_bare_token,
106691,Stövesand,1,structural_bare_token,
106693,Subramaniam,1,structural_bare_token,
106696,Sula,1,structural_bare_token,
106699,Sullivan,1,structural_bare_token,
106700,Suria,1,structural_bare_token,
106705,Susanna,1,structural_bare_token,
106707,Suslova,1,structural_bare_token,
106711,Suzie,1,structural_bare_token,
106712,Svein,1,structural_bare_token,
106714,Svendsen,1,structural_bare_token,
106715,Svensson,1,structural_bare_token,
106716,Svistova,1,structural_bare_token,
106717,Svitlana,1,structural_bare_token,
106719,Swanson,1,structural_bare_token,
106721,Syazwani,1,structural_bare_token,
106722,Sylvester,1,structural_bare_token,
106723,Sylvia,1,structural_bare_token,
106726,Szadkowski,1,structural_bare_token,
106727,Szkudlarek,1,structural_bare_token,
106728,Szmagalski,1,structural_bare_token,
106731,Sæbjørnsen,1,structural_bare_token,
106732,Sílvia,1,structural_bare_token,
106734,Sønneland,1,structural_bare_token,
106736,Sünker,1,structural_bare_token,
106739,Taimur,1,structural_bare_token,
106742,Takyi,1,structural_bare_token,
106743,Tale,1,structural_bare_token,
106744,Tamara,1,structural_bare_token,
106745,Tamburro,1,structural_bare_token,
106746,Tanesha,1,structural_bare_token,
106747,Tanga,1,structural_bare_token,
106749,Tanusha,1,structural_bare_token,
106750,Tanya,1,structural_bare_token,
106751,Tanyi,1,structural_bare_token,
106755,Tatchell,1,structural_bare_token,
106756,Tatek,1,structural_bare_token,
106759,Tatum,1,structural_bare_token,
106761,Taubman,1,structural_bare_token,
106765,Tedor,1,structural_bare_token,
106766,Tehila,1,structural_bare_token,
106767,Teles,1,structural_bare_token,
106772,Teresa,1,structural_bare_token,
106773,Terhi,1,structural_bare_token,
106774,Terra,1,structural_bare_token,
106775,Terry,1,structural_bare_token,
106777,Tess,1,structural_bare_token,
106779,Thabathi,1,structural_bare_token,
106780,Thalheim,1,structural_bare_token,
106782,Thecla,1,structural_bare_token,
106783,Thejane,1,structural_bare_token,
106785,Theofild,1,structural_bare_token,
106787,Therese,1,structural_bare_token,
106790,Thierry,1,structural_bare_token,
106791,Thoburn,1,structural_bare_token,
106798,Timlin,1,structural_bare_token,
106800,Timothy,1,structural_bare_token,
106804,Tine,1,structural_bare_token,
106805,Tiny,1,structural_bare_token,
106806,Tiziano,1,structural_bare_token,
106807,Toerien,1,structural_bare_token,
106809,Tolliver,1,structural_bare_token,
106811,Tomasz,1,structural_bare_token,
106813,Tomoko,1,structural_bare_token,
106814,Tone,1,structural_bare_token,
106816,Tonya,1,structural_bare_token,
106818,Toril,1,structural_bare_token,
106819,Tracee,1,structural_bare_token,
106820,Tracy,1,structural_bare_token,
106821,Tragust,1,structural_bare_token,
106822,Trai,1,structural_bare_token,
106826,Trejos,1,structural_bare_token,
106829,Trude,1,structural_bare_token,
106833,Tshiangwana,1,structural_bare_token,
106835,Tsholofelo,1,structural_bare_token,
106837,Tuba,1,structural_bare_token,
106838,Tudor,1,structural_bare_token,
106840,Tumani,1,structural_bare_token,
106841,Tuomo,1,structural_bare_token,
106842,Turcotte,1,structural_bare_token,
106843,Tyyne,1,structural_bare_token,
106844,Törrönen,1,structural_bare_token,
106847,Uggerhøj,1,structural_bare_token,
106856,Unite,1,structural_bare_token,
106858,Urboniene,1,structural_bare_token,
106864,Utiramerur,1,structural_bare_token,
106865,Uwarren,1,structural_bare_token,
106872,Valokivi,1,structural_bare_token,
106890,Vanderwoerd,1,structural_bare_token,
106891,Vandevelde,1,structural_bare_token,
106892,Vandna,1,structural_bare_token,
106895,Varela,1,structural_bare_token,
106896,Vecchiato,1,structural_bare_token,
106898,Velleda,1,structural_bare_token,
106899,Venkataraman,1,structural_bare_token,
106900,Venter,1,structural_bare_token,
106901,Vera,1,structural_bare_token,
106905,Verity,1,structural_bare_token,
106906,Vermeulen,1,structural_bare_token,
106908,Verniest,1,structural_bare_token,
106909,Vero,1,structural_bare_token,
106910,Veronika,1,structural_bare_token,
106912,Verschelden,1,structural_bare_token,
106913,Verster,1,structural_bare_token,
106915,Vervliet,1,structural_bare_token,
106916,Vesna,1,structural_bare_token,
106919,Vibha,1,structural_bare_token,
106920,Vicki,1,structural_bare_token,
106925,Villadsen,1,structural_bare_token,
106926,Vincenzo,1,structural_bare_token,
106927,Vinum,1,structural_bare_token,
106928,Vinzenz,1,structural_bare_token,
106929,Virginia,1,structural_bare_token,
106930,Virva,1,structural_bare_token,
106933,Vivienne,1,structural_bare_token,
106940,Véronique,1,structural_bare_token,
106942,Waaldijk,1,structural_bare_token,
106943,Wade,1,structural_bare_token,
106945,Wagler-Martin,1,structural_bare_token,
106947,Wali,1,structural_bare_token,
106950,Walsh,1,structural_bare_token,
106951,Walsh-Bowers,1,structural_bare_token,
106954,Walton,1,structural_bare_token,
106956,Wanda,1,structural_bare_token,
106959,Ward,1,structural_bare_token,
106960,Ward-Griffin,1,structural_bare_token,
106961,Warming,1,structural_bare_token,
106963,Washington,1,structural_bare_token,
106964,Wassilios,1,structural_bare_token,
106967,Waziri,1,structural_bare_token,
106968,Weaver,1,structural_bare_token,
106970,Weekes,1,structural_bare_token,
106972,Wehbi,1,structural_bare_token,
106977,Weiss,1,structural_bare_token,
106978,Weisz,1,structural_bare_token,
106979,Weitekamp,1,structural_bare_token,
106980,Wellington,1,structural_bare_token,
106981,Wenche,1,structural_bare_token,
106983,Weng,1,structural_bare_token,
106995,Wilfred,1,structural_bare_token,
106996,Wilhelm,1,structural_bare_token,
106998,Wilkinson,1,structural_bare_token,
106999,Willem,1,structural_bare_token,
107004,Wilna,1,structural_bare_token,
107005,Wilson,1,structural_bare_token,
107007,Wiskind,1,structural_bare_token,
107008,Witkin,1,structural_bare_token,
107010,Wohlfahrt,1,structural_bare_token,
107013,Wolff,1,structural_bare_token,
107014,Wollter,1,structural_bare_token,
107016,Wood,1,structural_bare_token,
107017,Woods,1,structural_bare_token,
107018,Worley,1,structural_bare_token,
107019,Wright,1,structural_bare_token,
107020,Xanthos,1,structural_bare_token,
107021,Xavier,1,structural_bare_token,
107022,Xythali,1,structural_bare_token,
107023,Yadav,1,structural_bare_token,
107024,Yafang,1,structural_bare_token,
107028,Yardley,1,structural_bare_token,
107031,Yinan,1,structural_bare_token,
107032,Ying,1,structural_bare_token,
107034,Yixuan,1,structural_bare_token,
107035,Ylinen,1,structural_bare_token,
107036,Yliruka,1,structural_bare_token,
107039,Yoko,1,structural_bare_token,
107040,Yolanda,1,structural_bare_token,
107041,Yoosun,1,structural_bare_token,
107044,Yu-Wen,1,structural_bare_token,
107045,Yueh-Ching,1,structural_bare_token,
107047,Yunhe,1,structural_bare_token,
107048,Yunqi,1,structural_bare_token,
107049,Yurman-Whyde,1,structural_bare_token,
107050,Yuxiang,1,structural_bare_token,
107051,Yvonne,1,structural_bare_token,
107053,Zachary,1,structural_bare_token,
107054,Zack,1,structural_bare_token,
107057,Zainab,1,structural_bare_token,
107058,Zaleski,1,structural_bare_token,
107061,Zavala,1,structural_bare_token,
107062,Zavirsek,1,structural_bare_token,
107063,Zawani,1,structural_bare_token,
107065,Zelnick,1,structural_bare_token,
107066,Zhang,1,structural_bare_token,
107073,Zimiles,1,structural_bare_token,
107074,Zink,1,structural_bare_token,
107076,Zubia,1,structural_bare_token,
107077,Zufferey,1,structural_bare_token,
107079,Zurbuchen,1,structural_bare_token,
107081,Zuzana,1,structural_bare_token,
107084,chan,1,structural_bare_token,
107085,contributor,1,structural_bare_token,
108043,MSSW,1,structural_bare_token,
108054,LISW-S,1,structural_bare_token,
108199,Valandra,1,structural_bare_token,
108308,Reflections,1,structural_bare_token,
109417,Obiorah,1,structural_bare_token,
109421,Meens,1,structural_bare_token,
109427,O'Brien,1,structural_bare_token,
109428,Stout,1,structural_bare_token,
109431,Goldberg,1,structural_bare_token,
109433,Gringeri,1,structural_bare_token,
109435,Davis,1,structural_bare_token,
109437,Srinivasan,1,structural_bare_token,
109438,Fiene,1,structural_bare_token,
109442,Helmreich,1,structural_bare_token,
109447,Garvin,1,structural_bare_token,
109448,Spakes,1,structural_bare_token,
109450,Nichols-Casebolt,1,structural_bare_token,
109452,Westoff,1,structural_bare_token,
109454,Potter,1,structural_bare_token,
109456,Sagi,1,structural_bare_token,
109458,Mishler,1,structural_bare_token,
109462,Schooler,1,structural_bare_token,
109464,Yegidis,1,structural_bare_token,
109466,Renzy,1,structural_bare_token,
109468,Zippay,1,structural_bare_token,
109470,Zarit,1,structural_bare_token,
109472,Reever,1,structural_bare_token,
109474,Bach-Peterson,1,structural_bare_token,
109477,Bentley,1,structural_bare_token,
109479,Hutchison,1,structural_bare_token,
109481,Green,1,structural_bare_token,
109483,Chandler,1,structural_bare_token,
109485,Kassebaum,1,structural_bare_token,
109488,Rosenberg,1,structural_bare_token,
109491,Moxley,1,structural_bare_token,
109494,Pyron,1,structural_bare_token,
109496,Manion,1,structural_bare_token,
109498,Winklevos,1,structural_bare_token,
109499,Procidano,1,structural_bare_token,
109500,Heller,1,structural_bare_token,
109501,Dinkel,1,structural_bare_token,
109503,Morell,1,structural_bare_token,
109505,Aguilar,1,structural_bare_token,
109507,Williams,1,structural_bare_token,
109509,Gowdy,1,structural_bare_token,
109511,Pearlmutter,1,structural_bare_token,
109513,Butler,1,structural_bare_token,
109515,Weatherley,1,structural_bare_token,
109517,Pennell,1,structural_bare_token,
109518,Joan,1,structural_bare_token,
109519,Flaherty,1,structural_bare_token,
109520,Maureen,1,structural_bare_token,
109521,Gravel,1,structural_bare_token,
109522,Naomi,1,structural_bare_token,
109523,Milliken,1,structural_bare_token,
109524,Eveline,1,structural_bare_token,
109525,Neuman,1,structural_bare_token,
109527,Egan,1,structural_bare_token,
109531,Lazzari,1,structural_bare_token,
109533,Porter,1,structural_bare_token,
109539,Fareri,1,structural_bare_token,
109542,Giordano,1,structural_bare_token,
109546,Turner,1,structural_bare_token,
109548,Morris,1,structural_bare_token,
109550,Logan,1,structural_bare_token,
109551,Freeman,1,structural_bare_token,
109555,Vinton,1,structural_bare_token,
109557,Schiele,1,structural_bare_token,
109561,Schilit,1,structural_bare_token,
109562,Rebecca,1,structural_bare_token,
109566,Judy,1,structural_bare_token,
109567,Montagne,1,structural_bare_token,
109568,Marilyn,1,structural_bare_token,
109569,Reyes,1,structural_bare_token,
109571,Harper,1,structural_bare_token,
109576,Zunz,1,structural_bare_token,
109580,Jimenez,1,structural_bare_token,
109582,Benda,1,structural_bare_token,
109584,Dattalo,1,structural_bare_token,
109592,Ayradilli,1,structural_bare_token,
109594,Ustunel,1,structural_bare_token,
109596,Colacchio,1,structural_bare_token,
109600,Levin,1,structural_bare_token,
109603,Nelia,1,structural_bare_token,
109604,Benedict,1,structural_bare_token,
109605,Melody,1,structural_bare_token,
109606,Gross,1,structural_bare_token,
109608,Trach,1,structural_bare_token,
109609,Cadence,1,structural_bare_token,
109610,Diallo,1,structural_bare_token,
109612,Fulton,1,structural_bare_token,
109614,Beck,1,structural_bare_token,
109618,Palmiter,1,structural_bare_token,
109619,Margaret,1,structural_bare_token,
109622,Driessen,1,structural_bare_token,
109644,Palmer,1,structural_bare_token,
109647,Jaipaul,1,structural_bare_token,
109648,Inderjit,1,structural_bare_token,
109649,Randall,1,structural_bare_token,
109659,Bartle,1,structural_bare_token,
109665,White,1,structural_bare_token,
109667,Tadlock,1,structural_bare_token,
109680,Hagen,1,structural_bare_token,
109685,Peterson,1,structural_bare_token,
109687,Abramovitz,1,structural_bare_token,
109689,Dinerman,1,structural_bare_token,
109691,Meyer,1,structural_bare_token,
109694,Clare,1,structural_bare_token,
109695,Hoffman,1,structural_bare_token,
109702,Parks,1,structural_bare_token,
109704,Fenby,1,structural_bare_token,
109707,Metz,1,structural_bare_token,
109711,Meera,1,structural_bare_token,
109713,Faulkner,1,structural_bare_token,
109714,Audrey,1,structural_bare_token,
109715,Minahan,1,structural_bare_token,
109718,Curtiss,1,structural_bare_token,
109720,Weinbach,1,structural_bare_token,
109722,Jones,1,structural_bare_token,
109727,Kaspar,1,structural_bare_token,
109728,Rife,1,structural_bare_token,
109730,Toomey,1,structural_bare_token,
109732,First,1,structural_bare_token,
109736,Chau,1,structural_bare_token,
109744,Montgomery,1,structural_bare_token,
109750,Maier,1,structural_bare_token,
109752,Baver,1,structural_bare_token,
109754,Dhooper,1,structural_bare_token,
109756,Byars,1,structural_bare_token,
109758,Berzoff,1,structural_bare_token,
109761,Simon,1,structural_bare_token,
109764,Moss,1,structural_bare_token,
109767,Miller,1,structural_bare_token,
109770,Scheyett,1,structural_bare_token,
109771,Rodning,1,structural_bare_token,
109773,Rubin,1,structural_bare_token,
109777,Kopacsi,1,structural_bare_token,
109788,Clark,1,structural_bare_token,
109809,Bailey,1,structural_bare_token,
109810,Neilsen,1,structural_bare_token,
109819,Churchill,1,structural_bare_token,
109821,Croxton,1,structural_bare_token,
109827,Diane,1,structural_bare_token,
109828,Donovan,1,structural_bare_token,
109829,Shatz,1,structural_bare_token,
109834,Gould,1,structural_bare_token,
109836,Lincoln,1,structural_bare_token,
109837,Rosamond,1,structural_bare_token,
109844,Maypole,1,structural_bare_token,
109846,Sowers-Hoag,1,structural_bare_token,
109855,Harriet,1,structural_bare_token,
109856,Norman,1,structural_bare_token,
109857,Elaine,1,structural_bare_token,
109858,Statham,1,structural_bare_token,
109859,Pottick,1,structural_bare_token,
109861,Adams,1,structural_bare_token,
109870,Judith,1,structural_bare_token,
109876,Leonard,1,structural_bare_token,
109879,Leiblum,1,structural_bare_token,
109881,Briar,1,structural_bare_token,
109887,Schmidt,1,structural_bare_token,
109888,Kimberly,1,structural_bare_token,
109892,Alleyne,1,structural_bare_token,
109895,Sancier,1,structural_bare_token,
109896,Betty,1,structural_bare_token,
109899,Mayer,1,structural_bare_token,
109900,Rachael,1,structural_bare_token,
109911,Kristina,1,structural_bare_token,
109912,Pasko,1,structural_bare_token,
109913,Lisa,1,structural_bare_token,
109914,Braedley,1,structural_bare_token,
109915,Choi,1,structural_bare_token,
109916,Shinwoo,1,structural_bare_token,
109917,McCormick,1,structural_bare_token,
109918,Melinda,1,structural_bare_token,
109924,Cross,1,structural_bare_token,
109962,Dean,1,structural_bare_token,
109963,Janan,1,structural_bare_token,
109972,Beth,1,structural_bare_token,
109985,Kennedy,1,structural_bare_token,
109987,Karbhari,1,structural_bare_token,
109988,Shilpashri,1,structural_bare_token,
109989,Ávila,1,structural_bare_token,
109999,Wattis,1,structural_bare_token,
110000,Louise,1,structural_bare_token,
110029,JaeRan,1,structural_bare_token,
110035,Gale,1,structural_bare_token,
110044,Kemper,1,structural_bare_token,
110045,Jean,1,structural_bare_token,
110046,Park,1,structural_bare_token,
110049,Arcana,1,structural_bare_token,
110055,Jennifer,1,structural_bare_token,
110065,Dorothy,1,structural_bare_token,
110066,Bowers,1,structural_bare_token,
110074,Waller,1,structural_bare_token,
110079,Congress,1,structural_bare_token,
110085,Gold,1,structural_bare_token,
110087,Collier,1,structural_bare_token,
110099,Basham,1,structural_bare_token,
110100,Kathryn,1,structural_bare_token,
110101,Baratta,1,structural_bare_token,
110103,Keigher,1,structural_bare_token,
110109,Cummerton,1,structural_bare_token,
110112,Totman,1,structural_bare_token,
110117,Sharon,1,structural_bare_token,
110118,Spaulding,1,structural_bare_token,
110120,Souffrant,1,structural_bare_token,
110121,Kharoll-Ann,1,structural_bare_token,
110122,Hartmann,1,structural_bare_token,
110124,Bochicchio,1,structural_bare_token,
110125,Lauren,1,structural_bare_token,
110131,Edwards,1,structural_bare_token,
110132,Leah,1,structural_bare_token,
110133,Gooding,1,structural_bare_token,
110135,Rizzo,1,structural_bare_token,
110139,Ewald,1,structural_bare_token,
110146,Mehmoona,1,structural_bare_token,
110148,Watson,1,structural_bare_token,
110150,Venema,1,structural_bare_token,
110159,Christensen,1,structural_bare_token,
110163,Shaïda,1,structural_bare_token,
110164,Royce,1,structural_bare_token,
110167,Buck,1,structural_bare_token,
110169,Borum,1,structural_bare_token,
110171,Soule,1,structural_bare_token,
110172,Conroy,1,structural_bare_token,
110177,Kanuha,1,structural_bare_token,
110179,Papell,1,structural_bare_token,
110182,Saulnier,1,structural_bare_token,
110189,Vicky,1,structural_bare_token,
110196,Resko,1,structural_bare_token,
110197,Stella,1,structural_bare_token,
110198,Naylor,1,structural_bare_token,
110208,Barale,1,structural_bare_token,
110211,Clarkson,1,structural_bare_token,
110212,Pamela,1,structural_bare_token,
110216,Rosenthal,1,structural_bare_token,
110226,Busch,1,structural_bare_token,
110230,Dewees,1,structural_bare_token,
110231,Marty,1,structural_bare_token,
110237,Stevens,1,structural_bare_token,
110238,Winchester-Vega,1,structural_bare_token,
110245,Katherine,1,structural_bare_token,
110247,Velazquez,1,structural_bare_token,
110248,Mirelsie,1,structural_bare_token,
110249,Maxwell,1,structural_bare_token,
110251,Chesney-Lind,1,structural_bare_token,
110252,Meda,1,structural_bare_token,
110253,Kyunghee,1,structural_bare_token,
110254,Moylan,1,structural_bare_token,
110259,Abramson,1,structural_bare_token,
110260,Doris,1,structural_bare_token,
110262,Landers,1,structural_bare_token,
110263,Grace,1,structural_bare_token,
110264,Bernard,1,structural_bare_token,
110266,Fast,1,structural_bare_token,
110268,Lowe,1,structural_bare_token,
110273,Gonyea,1,structural_bare_token,
110276,Terry,1,structural_bare_token,
110277,Profitt,1,structural_bare_token,
110279,Kapila,1,structural_bare_token,
110285,Koenig,1,structural_bare_token,
110291,Glassman,1,structural_bare_token,
110292,Carol,1,structural_bare_token,
110299,Fran,1,structural_bare_token,
110301,Martha,1,structural_bare_token,
110303,Heintzelman,1,structural_bare_token,
110306,Burman,1,structural_bare_token,
110308,Gibelman,1,structural_bare_token,
110314,Hipp,1,structural_bare_token,
110316,Sparks,1,structural_bare_token,
110318,Rosen,1,structural_bare_token,
110325,Axinn,1,structural_bare_token,
110326,June,1,structural_bare_token,
110348,Nancy,1,structural_bare_token,
110356,England,1,structural_bare_token,
110358,Haeuser,1,structural_bare_token,
110360,Esther,1,structural_bare_token,
110361,Baker,1,structural_bare_token,
110363,Ruth,1,structural_bare_token,
110364,Carolyn,1,structural_bare_token,
110365,Connaway,1,structural_bare_token,
110368,Martin,1,structural_bare_token,
110371,Jellinek,1,structural_bare_token,
110372,Margherita,1,structural_bare_token,
110376,Humphreys,1,structural_bare_token,
110379,Biggerstaff,1,structural_bare_token,
110380,Holmes,1,structural_bare_token,
110388,Rosenzweig,1,structural_bare_token,
110390,McDonald,1,structural_bare_token,
110394,Pederson,1,structural_bare_token,
110396,Karil,1,structural_bare_token,
110403,Jacqueline,1,structural_bare_token,
110412,Cheryl,1,structural_bare_token,
110415,Pascoe,1,structural_bare_token,
110418,Suzanne,1,structural_bare_token,
110421,Berliner,1,structural_bare_token,
110424,Wattenberg,1,structural_bare_token,
110426,Abramowitz,1,structural_bare_token,
110430,Weick,1,structural_bare_token,
110431,Altpeter,1,structural_bare_token,
110437,Karen,1,structural_bare_token,
110438,Keith,1,structural_bare_token,
110439,Fedock,1,structural_bare_token,
110440,Gina,1,structural_bare_token,
110450,Sinha,1,structural_bare_token,
110451,Sunny,1,structural_bare_token,
110452,Syed,1,structural_bare_token,
110457,Madhavi,1,structural_bare_token,
110459,Ortega,1,structural_bare_token,
110461,Gundy,1,structural_bare_token,
110463,Cherry,1,structural_bare_token,
110464,Kevin,1,structural_bare_token,
110467,Khan,1,structural_bare_token,
110472,Beverly,1,structural_bare_token,
110479,Grumbach,1,structural_bare_token,
110480,Giesela,1,structural_bare_token,
110481,Myka,1,structural_bare_token,
110482,Lenore,1,structural_bare_token,
110488,Wyche,1,structural_bare_token,
110490,Rolbiecki,1,structural_bare_token,
110494,Geraldine,1,structural_bare_token,
110497,Ivery,1,structural_bare_token,
110503,Okazawa-Rey,1,structural_bare_token,
110504,Margo,1,structural_bare_token,
110505,Wheeler-Brooks,1,structural_bare_token,
110509,Watts,1,structural_bare_token,
110511,Tangenberg,1,structural_bare_token,
110514,LaPointe,1,structural_bare_token,
110515,Lindsey,1,structural_bare_token,
110516,Crabtree-Nelson,1,structural_bare_token,
110520,Smith-Carrier,1,structural_bare_token,
110526,Sajedeh,1,structural_bare_token,
110527,Crewe,1,structural_bare_token,
110534,Lewis,1,structural_bare_token,
110537,Hauser,1,structural_bare_token,
110539,Fairfax,1,structural_bare_token,
110541,Vogel-Ferguson,1,structural_bare_token,
110544,Bulbeck,1,structural_bare_token,
110545,Chilla,1,structural_bare_token,
110554,Gentlewarrior,1,structural_bare_token,
110555,Sabrina,1,structural_bare_token,
110556,Liebert,1,structural_bare_token,
110557,Schmitz,1,structural_bare_token,
110559,Murphy,1,structural_bare_token,
110561,Blazek,1,structural_bare_token,
110563,Bonanno,1,structural_bare_token,
110566,Gabrielli,1,structural_bare_token,
110567,Maschi,1,structural_bare_token,
110568,Tina,1,structural_bare_token,
110569,Lynn,1,structural_bare_token,
110570,Deanow,1,structural_bare_token,
110572,Romich,1,structural_bare_token,
110575,Bratiotis,1,structural_bare_token,
110584,Rookey,1,structural_bare_token,
110586,Kirschbaum,1,structural_bare_token,
110589,Sunday,1,structural_bare_token,
110590,Shaw,1,structural_bare_token,
110591,Janice,1,structural_bare_token,
110594,Finch,1,structural_bare_token,
110596,Gallogly,1,structural_bare_token,
110598,Bhlryan,1,structural_bare_token,
110599,Page,1,structural_bare_token,
110600,Jaimie,1,structural_bare_token,
110606,Massat,1,structural_bare_token,
110608,Burris,1,structural_bare_token,
110610,Nicotera,1,structural_bare_token,
110612,Smith-McKeever,1,structural_bare_token,
110613,Chedgzsey,1,structural_bare_token,
110614,Metzendorf,1,structural_bare_token,
110615,Dinis,1,structural_bare_token,
110616,Martini,1,structural_bare_token,
110620,Teresa,1,structural_bare_token,
110623,Whelley,1,structural_bare_token,
110624,Joanne,1,structural_bare_token,
110626,Lancer,1,structural_bare_token,
110628,Mailer,1,structural_bare_token,
110631,Weber,1,structural_bare_token,
110633,Falk,1,structural_bare_token,
110635,Cleavieland,1,structural_bare_token,
110636,Marie,1,structural_bare_token,
110639,Salina,1,structural_bare_token,
110647,Scott,1,structural_bare_token,
110649,Cohen,1,structural_bare_token,
110653,Northup,1,structural_bare_token,
110655,Manning,1,structural_bare_token,
110657,Puic,1,structural_bare_token,
110662,Mark,1,structural_bare_token,
110664,Krook,1,structural_bare_token,
110666,Vosler,1,structural_bare_token,
110668,Kent,1,structural_bare_token,
110671,Piedra,1,structural_bare_token,
110675,Trinidad,1,structural_bare_token,
110676,Pandya,1,structural_bare_token,
110679,Margarete,1,structural_bare_token,
110680,Dunphy,1,structural_bare_token,
110682,Ebron,1,structural_bare_token,
110684,Lucas,1,structural_bare_token,
110685,Green-Smith,1,structural_bare_token,
110686,Dianne,1,structural_bare_token,
110687,Gunther,1,structural_bare_token,
110688,Robinson-Dooley,1,structural_bare_token,
110689,Vanessa,1,structural_bare_token,
110690,Stromwall,1,structural_bare_token,
110692,Bolles,1,structural_bare_token,
110694,Linzey,1,structural_bare_token,
110695,Padgett,1,structural_bare_token,
110696,Drews,1,structural_bare_token,
110700,Forgey,1,structural_bare_token,
110703,Solomon,1,structural_bare_token,
110704,Daly,1,structural_bare_token,
110705,Alfrieda,1,structural_bare_token,
110706,Christopher,1,structural_bare_token,
110708,Jessica,1,structural_bare_token,
110712,Grube,1,structural_bare_token,
110715,Waxman,1,structural_bare_token,
110717,Appel,1,structural_bare_token,
110719,Franklin,1,structural_bare_token,
110720,Le-Doux,1,structural_bare_token,
110724,Lundy,1,structural_bare_token,
110725,Marta,1,structural_bare_token,
110728,Owens,1,structural_bare_token,
110729,Loew,1,structural_bare_token,
110732,Mennen,1,structural_bare_token,
110735,Kraft,1,structural_bare_token,
110738,Imre,1,structural_bare_token,
110747,Dunn,1,structural_bare_token,
110749,DiPalma,1,structural_bare_token,
110750,Shiromoto,1,structural_bare_token,
110755,Corrigan,1,structural_bare_token,
110758,Melanie,1,structural_bare_token,
110763,DePoy,1,structural_bare_token,
110767,Walther,1,structural_bare_token,
110771,SuÁRez,1,structural_bare_token,
110774,Kaiser,1,structural_bare_token,
110782,Baczynskyj,1,structural_bare_token,
110790,Glynn,1,structural_bare_token,
110792,Bergman,1,structural_bare_token,
110793,Libby,1,structural_bare_token,
110795,Lambert,1,structural_bare_token,
110797,Kennelly,1,structural_bare_token,
110803,Gillmore,1,structural_bare_token,
110815,Tritt,1,structural_bare_token,
110817,Sussal,1,structural_bare_token,
110819,Huffman,1,structural_bare_token,
110822,Turnbull,1,structural_bare_token,
110825,Marceline,1,structural_bare_token,
110827,Richardson,1,structural_bare_token,
110828,Virginia,1,structural_bare_token,
110829,Rubenstein,1,structural_bare_token,
110830,Hiasaura,1,structural_bare_token,
110831,Elbow,1,structural_bare_token,
110833,Withorn,1,structural_bare_token,
110837,Casper,1,structural_bare_token,
110841,Eileen,1,structural_bare_token,
110842,Friesen,1,structural_bare_token,
110844,Healy,1,structural_bare_token,
110845,Shapiro,1,structural_bare_token,
110847,Woodman,1,structural_bare_token,
110849,Dane,1,structural_bare_token,
110851,Phyllis,1,structural_bare_token,
110852,Austrian,1,structural_bare_token,
110855,Arline,1,structural_bare_token,
110858,Bauer,1,structural_bare_token,
110859,Farber,1,structural_bare_token,
110860,Ballassone,1,structural_bare_token,
110861,Porcino,1,structural_bare_token,
110862,Hunzeker,1,structural_bare_token,
110865,Stier,1,structural_bare_token,
110867,Love,1,structural_bare_token,
110869,Korr,1,structural_bare_token,
110872,Doreen,1,structural_bare_token,
110877,Capello,1,structural_bare_token,
110881,Kinsella,1,structural_bare_token,
110882,Campos,1,structural_bare_token,
110883,Choy-Brown,1,structural_bare_token,
110884,Atkinson,1,structural_bare_token,
110885,Kristen,1,structural_bare_token,
110886,Howard,1,structural_bare_token,
110888,Wilen,1,structural_bare_token,
110890,Gwat-Yong,1,structural_bare_token,
110891,Carballeira,1,structural_bare_token,
110894,Newransky,1,structural_bare_token,
110895,Chrisann,1,structural_bare_token,
110896,Aldredge,1,structural_bare_token,
110899,Burwell,1,structural_bare_token,
110903,Lally,1,structural_bare_token,
110904,Luckey,1,structural_bare_token,
110907,Bayes,1,structural_bare_token,
110908,Marjorie,1,structural_bare_token,
110911,Kalergis,1,structural_bare_token,
110915,Sullivan,1,structural_bare_token,
110916,Cris,1,structural_bare_token,
110917,Madill,1,structural_bare_token,
110918,Marg,1,structural_bare_token,
110919,Clemans,1,structural_bare_token,
110923,Harrison,1,structural_bare_token,
110925,McCarthy,1,structural_bare_token,
110926,Zita,1,structural_bare_token,
110929,Cariton-LaNey,1,structural_bare_token,
110934,Heffernan,1,structural_bare_token,
110935,Kristin,1,structural_bare_token,
110940,Finn,1,structural_bare_token,
110942,Carter,1,structural_bare_token,
110944,Grube-Farrell,1,structural_bare_token,
110947,Bromfield,1,structural_bare_token,
110949,Kakoti,1,structural_bare_token,
110952,Anya,1,structural_bare_token,
110956,Loretta,1,structural_bare_token,
110957,Katie,1,structural_bare_token,
110958,Mariame,1,structural_bare_token,
110959,Suzette,1,structural_bare_token,
110960,DeChiro,1,structural_bare_token,
110962,Lorri,1,structural_bare_token,
110969,McKinnon,1,structural_bare_token,
110970,Davies,1,structural_bare_token,
110973,Saleh,1,structural_bare_token,
110976,Natsuko,1,structural_bare_token,
110979,Tang,1,structural_bare_token,
110990,Belliveau,1,structural_bare_token,
110991,Michele,1,structural_bare_token,
110997,Messing,1,structural_bare_token,
110999,Carter-Black,1,structural_bare_token,
111001,Kayama,1,structural_bare_token,
111002,Barkdull,1,structural_bare_token,
111004,Swart,1,structural_bare_token,
111005,Cunningham,1,structural_bare_token,
111006,Dennis,1,structural_bare_token,
111007,Valentich,1,structural_bare_token,
111008,Pulliam,1,structural_bare_token,
111010,Mott,1,structural_bare_token,
111011,Nagoshi,1,structural_bare_token,
111013,Brzuzy,1,structural_bare_token,
111015,Cahill,1,structural_bare_token,
111022,Nsonwu,1,structural_bare_token,
111028,Critelli,1,structural_bare_token,
111030,Pollack,1,structural_bare_token,
111031,Caragata,1,structural_bare_token,
111032,Drolet,1,structural_bare_token,
111037,Sheets,1,structural_bare_token,
111043,Ingrid,1,structural_bare_token,
111047,Okamoto,1,structural_bare_token,
111051,Helm,1,structural_bare_token,
111053,Giroux,1,structural_bare_token,
111054,Danielle,1,structural_bare_token,
111055,Black,1,structural_bare_token,
111057,Weisz,1,structural_bare_token,
111059,Bennett,1,structural_bare_token,
111065,Chris,1,structural_bare_token,
111068,Vakalahi,1,structural_bare_token,
111071,Saundra,1,structural_bare_token,
111073,Kammer,1,structural_bare_token,
111076,Bowden,1,structural_bare_token,
111079,Hall,1,structural_bare_token,
111081,Hamilton-Mason,1,structural_bare_token,
111082,Johnnie,1,structural_bare_token,
111083,Daley,1,structural_bare_token,
111084,Andrea,1,structural_bare_token,
111085,Wehbi,1,structural_bare_token,
111086,Lakkis,1,structural_bare_token,
111087,Sylvana,1,structural_bare_token,
111090,Swank,1,structural_bare_token,
111092,Raiz,1,structural_bare_token,
111093,Averett,1,structural_bare_token,
111095,Zufferey,1,structural_bare_token,
111097,Russell,1,structural_bare_token,
111108,Carlson,1,structural_bare_token,
111112,Dickey,1,structural_bare_token,
111113,Claire,1,structural_bare_token,
111114,Naples,1,structural_bare_token,
111118,Gustavsson,1,structural_bare_token,
111122,Cook,1,structural_bare_token,
111126,Francis,1,structural_bare_token,
111132,Torre,1,structural_bare_token,
111133,Kiefer,1,structural_bare_token,
111135,Berridge,1,structural_bare_token,
111136,Clara,1,structural_bare_token,
111138,Raheim,1,structural_bare_token,
111139,Funk,1,structural_bare_token,
111141,Kropf,1,structural_bare_token,
111148,Ziefert,1,structural_bare_token,
111149,Metzger,1,structural_bare_token,
111151,Nyoni,1,structural_bare_token,
111152,Thabani,1,structural_bare_token,
111153,Newman,1,structural_bare_token,
111154,Massaquoi,1,structural_bare_token,
111172,Dodge,1,structural_bare_token,
111173,Brian,1,structural_bare_token,
111178,Sánchez-Jiménez,1,structural_bare_token,
111198,Jessamyn,1,structural_bare_token,
111200,Claude,1,structural_bare_token,
111216,Sheilla,1,structural_bare_token,
111223,Aurrekoetxea-Casaus,1,structural_bare_token,
111227,Urkijo,1,structural_bare_token,
111245,Arthur,1,structural_bare_token,
111246,Marc,1,structural_bare_token,
111247,Windsor,1,structural_bare_token,
111255,Francine,1,structural_bare_token,
111263,Émilie,1,structural_bare_token,
111301,Schope,1,structural_bare_token,
111303,Eliason,1,structural_bare_token,
111365,Summer,1,structural_bare_token,
111366,Gehman,1,structural_bare_token,
111367,Victoria,1,structural_bare_token,
111369,Koeshartono,1,structural_bare_token,
111370,Raines,1,structural_bare_token,
111378,Jones-Eversley,1,structural_bare_token,
111381,Adedoyin,1,structural_bare_token,
111404,Luann,1,structural_bare_token,
111405,Cole,1,structural_bare_token,
111406,Carlson-Thies,1,structural_bare_token,
111420,Bobbie,1,structural_bare_token,
111422,Griffin,1,structural_bare_token,
111423,Meegan,1,structural_bare_token,
111459,Vanderwoerd,1,structural_bare_token,
111466,Purnell,1,structural_bare_token,
111475,Callahan,1,structural_bare_token,
111476,Seitz,1,structural_bare_token,
111479,Garland,1,structural_bare_token,
111489,Nicholas,1,structural_bare_token,
111493,Siciliano,1,structural_bare_token,
111514,Kuhlmann,1,structural_bare_token,
111521,Borger,1,structural_bare_token,
111530,Ivey,1,structural_bare_token,
111536,Oxhandler,1,structural_bare_token,
111538,Paul,1,structural_bare_token,
111539,Penney,1,structural_bare_token,
111544,Burse,1,structural_bare_token,
111563,Mallory,1,structural_bare_token,
111565,Meagan,1,structural_bare_token,
111566,Bridges,1,structural_bare_token,
111567,Wills,1,structural_bare_token,
111568,Folaranmi,1,structural_bare_token,
111578,Mejico,1,structural_bare_token,
111588,Najmi,1,structural_bare_token,
111592,Sikholiwe,1,structural_bare_token,
111602,Talbot,1,structural_bare_token,
111608,Altaf,1,structural_bare_token,
111609,Hodge,1,structural_bare_token,
111614,Baltazar,1,structural_bare_token,
111617,Winchester,1,structural_bare_token,
111629,Jemal,1,structural_bare_token,
111631,Bussey,1,structural_bare_token,
111638,Nguema,1,structural_bare_token,
111640,Limb,1,structural_bare_token,
111643,Alboroto,1,structural_bare_token,
111658,Philip,1,structural_bare_token,
111662,Bonni,1,structural_bare_token,
111663,Pharris,1,structural_bare_token,
111680,Burley,1,structural_bare_token,
111688,Baldridge,1,structural_bare_token,
111690,Sneed,1,structural_bare_token,
111692,Teike,1,structural_bare_token,
111694,Rapp-McCall,1,structural_bare_token,
111696,Lori,1,structural_bare_token,
111697,Hosack,1,structural_bare_token,
111698,Hale,1,structural_bare_token,
111699,Oldham,1,structural_bare_token,
111701,Powell,1,structural_bare_token,
111702,Caitlin,1,structural_bare_token,
111713,Delavega,1,structural_bare_token,
111714,Elena,1,structural_bare_token,
111715,Lockhart,1,structural_bare_token,
111742,Soneoulay-Gillespie,1,structural_bare_token,
111744,Birkel,1,structural_bare_token,
111748,Pritt,1,structural_bare_token,
111750,Stoddard-Dare,1,structural_bare_token,
111758,Crouso,1,structural_bare_token,
111760,Lefdahl-Davis,1,structural_bare_token,
111762,Sawatsky,1,structural_bare_token,
111766,Orpinas,1,structural_bare_token,
111767,Irang,1,structural_bare_token,
111768,Junhoe,1,structural_bare_token,
111789,Zuverink,1,structural_bare_token,
111790,Zandee,1,structural_bare_token,
111792,Furness,1,structural_bare_token,
111794,Hookey,1,structural_bare_token,
111803,Pringle,1,structural_bare_token,
111817,Rogers,1,structural_bare_token,
111824,Simmons,1,structural_bare_token,
111838,Albright,1,structural_bare_token,
111844,Kick,1,structural_bare_token,
111858,Shaler,1,structural_bare_token,
111860,Deckert,1,structural_bare_token,
111862,Darrell,1,structural_bare_token,
111863,Duckham,1,structural_bare_token,
111874,Dyer,1,structural_bare_token,
111877,Girvin,1,structural_bare_token,
111878,Heather,1,structural_bare_token,
111880,Tucker,1,structural_bare_token,
111882,Zold-Kilbourn,1,structural_bare_token,
111883,Krepcho,1,structural_bare_token,
111889,Snell,1,structural_bare_token,
111892,Stephens,1,structural_bare_token,
111898,Hile,1,structural_bare_token,
111913,Dempsey,1,structural_bare_token,
111920,Wolf,1,structural_bare_token,
111922,Lotten,1,structural_bare_token,
111923,Joshua,1,structural_bare_token,
111930,Neshama,1,structural_bare_token,
111931,Shaynah,1,structural_bare_token,
111932,Hae-Seong,1,structural_bare_token,
111941,Perkins,1,structural_bare_token,
111942,Emory,1,structural_bare_token,
111945,Jerry,1,structural_bare_token,
111946,Stepteau-Watson,1,structural_bare_token,
111948,Hays,1,structural_bare_token,
111954,Trammel,1,structural_bare_token,
111958,Sweet,1,structural_bare_token,
111960,DesRoches,1,structural_bare_token,
111967,Rosenwald,1,structural_bare_token,
111973,Connolly,1,structural_bare_token,
111992,Stately,1,structural_bare_token,
111993,Antony,1,structural_bare_token,
111996,Shippy,1,structural_bare_token,
111998,Grossman,1,structural_bare_token,
112002,Dragowski,1,structural_bare_token,
112004,Hoy-Ellis,1,structural_bare_token,
112012,Helfrich,1,structural_bare_token,
112014,Engler,1,structural_bare_token,
112015,Frigault,1,structural_bare_token,
112017,Léobon,1,structural_bare_token,
112018,Alain,1,structural_bare_token,
112019,Lévy,1,structural_bare_token,
112021,Howell,1,structural_bare_token,
112023,Hubbard,1,structural_bare_token,
112024,Steven,1,structural_bare_token,
112025,Washington,1,structural_bare_token,
112039,Viquez,1,structural_bare_token,
112043,Roffman,1,structural_bare_token,
112045,Barnoff,1,structural_bare_token,
112046,Sinding,1,structural_bare_token,
112047,Grassau,1,structural_bare_token,
112048,Satterly,1,structural_bare_token,
112050,Shernoff,1,structural_bare_token,
112051,Freundlich,1,structural_bare_token,
112052,Madelyn,1,structural_bare_token,
112053,Avery,1,structural_bare_token,
112061,Reardon,1,structural_bare_token,
112072,Severance,1,structural_bare_token,
112074,Holliday,1,structural_bare_token,
112081,Hanjorgiris,1,structural_bare_token,
112087,Lipton,1,structural_bare_token,
112088,Benjamin,1,structural_bare_token,
112089,Sears,1,structural_bare_token,
112093,Chung,1,structural_bare_token,
112096,Kreuger,1,structural_bare_token,
112097,Larry,1,structural_bare_token,
112098,Stretch,1,structural_bare_token,
112102,Chadha,1,structural_bare_token,
112103,Toro-Alfonso,1,structural_bare_token,
112105,Rodríguez-Madera,1,structural_bare_token,
112106,Anetzberger,1,structural_bare_token,
112112,Grise-Owens,1,structural_bare_token,
112113,Erlene,1,structural_bare_token,
112114,Vessels,1,structural_bare_token,
112115,Jeff,1,structural_bare_token,
112117,Negroni,1,structural_bare_token,
112139,Gerard,1,structural_bare_token,
112153,Goddard,1,structural_bare_token,
112158,Labelle,1,structural_bare_token,
112159,Jitsuya,1,structural_bare_token,
112166,Wally,1,structural_bare_token,
112176,Holdsworth,1,structural_bare_token,
112178,Barry,1,structural_bare_token,
112179,Hugh,1,structural_bare_token,
112180,Garfield,1,structural_bare_token,
112181,Bell,1,structural_bare_token,
112182,Jack,1,structural_bare_token,
112184,Meezan,1,structural_bare_token,
112185,William,1,structural_bare_token,
112187,Sarah-Jane,1,structural_bare_token,
112201,Finlon,1,structural_bare_token,
112204,Maccio,1,structural_bare_token,
112224,Jude,1,structural_bare_token,
112233,Brotman,1,structural_bare_token,
112234,Shari,1,structural_bare_token,
112235,Bill,1,structural_bare_token,
112236,Jalbert,1,structural_bare_token,
112237,Yves,1,structural_bare_token,
112238,Summers,1,structural_bare_token,
112245,Hughes,1,structural_bare_token,
112247,Meris,1,structural_bare_token,
112253,Berger,1,structural_bare_token,
112256,Alley,1,structural_bare_token,
112267,Halpert,1,structural_bare_token,
112273,Chen-Hayes,1,structural_bare_token,
112280,Diehm,1,structural_bare_token,
112281,Mallon,1,structural_bare_token,
112283,Pierce,1,structural_bare_token,
112299,Balcom,1,structural_bare_token,
112301,King,1,structural_bare_token,
112302,Neal,1,structural_bare_token,
112306,Licata,1,structural_bare_token,
112313,Sophia,1,structural_bare_token,
112314,Burgess,1,structural_bare_token,
112315,Christian,1,structural_bare_token,
112316,Herbert,1,structural_bare_token,
112318,Raphael,1,structural_bare_token,
112320,Christa,1,structural_bare_token,
112321,Finnegan,1,structural_bare_token,
112323,McNally,1,structural_bare_token,
112329,Weinstock,1,structural_bare_token,
112331,Valory,1,structural_bare_token,
112332,Keeler,1,structural_bare_token,
112334,Vidas,1,structural_bare_token,
112336,Bigner,1,structural_bare_token,
112339,Baques,1,structural_bare_token,
112340,Poverny,1,structural_bare_token,
112341,Antoniuk,1,structural_bare_token,
112343,Nieves-rosa,1,structural_bare_token,
112346,Alex,1,structural_bare_token,
112347,Dolezal,1,structural_bare_token,
112348,Curtis,1,structural_bare_token,
112349,Haas,1,structural_bare_token,
112351,Cassidy,1,structural_bare_token,
112356,Drabble,1,structural_bare_token,
112357,Kuilema,1,structural_bare_token,
112360,Mulder,1,structural_bare_token,
112361,Cray,1,structural_bare_token,
112363,Jensen-Hart,1,structural_bare_token,
112364,Staci,1,structural_bare_token,
112366,Milner,1,structural_bare_token,
112367,Marleen,1,structural_bare_token,
112369,Neimetz,1,structural_bare_token,
112370,Hunt,1,structural_bare_token,
112372,Oles,1,structural_bare_token,
112375,Hope,1,structural_bare_token,
112378,Honnold,1,structural_bare_token,
112381,Jacobs,1,structural_bare_token,
112387,Sinnott,1,structural_bare_token,
112388,Megan,1,structural_bare_token,
112394,Malcolm,1,structural_bare_token,
112399,Martinez,1,structural_bare_token,
112402,Borthwick,1,structural_bare_token,
112404,Girshick,1,structural_bare_token,
112407,Carroll,1,structural_bare_token,
112409,Beeler,1,structural_bare_token,
112413,Herdt,1,structural_bare_token,
112415,Cohler,1,structural_bare_token,
112417,Fickey,1,structural_bare_token,
112418,Grimm,1,structural_bare_token,
112428,Sheppard,1,structural_bare_token,
112429,Onken,1,structural_bare_token,
112437,Bliss,1,structural_bare_token,
112440,Ball,1,structural_bare_token,
112441,Gilroy,1,structural_bare_token,
112442,Paula,1,structural_bare_token,
112444,Natalia,1,structural_bare_token,
112448,Gibson,1,structural_bare_token,
112451,Klotz,1,structural_bare_token,
112452,Fontaine,1,structural_bare_token,
112454,Locke,1,structural_bare_token,
112457,Malinsky,1,structural_bare_token,
112461,Woodworth,1,structural_bare_token,
112464,Janet,1,structural_bare_token,
112466,Mann,1,structural_bare_token,
112483,Longres,1,structural_bare_token,
112484,Najman,1,structural_bare_token,
112486,Seabold,1,structural_bare_token,
112487,Price-Spratlen,1,structural_bare_token,
112488,Townsand,1,structural_bare_token,
112490,Wilde,1,structural_bare_token,
112492,Eldridge,1,structural_bare_token,
112493,Nations,1,structural_bare_token,
112494,Leigh,1,structural_bare_token,
112497,Faber,1,structural_bare_token,
112499,Decrescenzo,1,structural_bare_token,
112500,Rollins,1,structural_bare_token,
112501,Lara,1,structural_bare_token,
112502,Frances,1,structural_bare_token,
112503,Bragg,1,structural_bare_token,
112504,Kirk,1,structural_bare_token,
112509,O'donnell,1,structural_bare_token,
112510,Ferreira,1,structural_bare_token,
112511,Malin,1,structural_bare_token,
112512,Morgan,1,structural_bare_token,
112514,Kooden,1,structural_bare_token,
112515,Bolduc,1,structural_bare_token,
112516,Rowell,1,structural_bare_token,
112519,Zumwalt,1,structural_bare_token,
112521,Crow,1,structural_bare_token,
112522,Sitter,1,structural_bare_token,
112524,Kochman,1,structural_bare_token,
112525,Arlene,1,structural_bare_token,
112526,Whitford,1,structural_bare_token,
112528,Hamburger,1,structural_bare_token,
112533,Dietz,1,structural_bare_token,
112535,Icard,1,structural_bare_token,
112538,Sohng,1,structural_bare_token,
112539,Katrice,1,structural_bare_token,
112541,Phil,1,structural_bare_token,
112542,Tapley,1,structural_bare_token,
112546,Mackelprang,1,structural_bare_token,
112551,Zamora-Hernandez,1,structural_bare_token,
112554,Tafoya,1,structural_bare_token,
112555,Wirth,1,structural_bare_token,
112561,Ettelbrick,1,structural_bare_token,
112569,Spielman,1,structural_bare_token,
112570,Winfeld,1,structural_bare_token,
112571,Badgett,1,structural_bare_token,
112576,Wight,1,structural_bare_token,
112577,Evelyn,1,structural_bare_token,
112578,Martinson,1,structural_bare_token,
112581,DeLapp,1,structural_bare_token,
112584,Salome,1,structural_bare_token,
112585,Baez,1,structural_bare_token,
112587,Rothberg,1,structural_bare_token,
112588,Weinstein,1,structural_bare_token,
112589,Dava,1,structural_bare_token,
112591,Nord,1,structural_bare_token,
112596,Mdndez,1,structural_bare_token,
112598,Hamberger,1,structural_bare_token,
112600,Istar,1,structural_bare_token,
112601,Byrne,1,structural_bare_token,
112603,Marrujo,1,structural_bare_token,
112604,Becky,1,structural_bare_token,
112606,Farley,1,structural_bare_token,
112608,Waldron,1,structural_bare_token,
112610,Merrill,1,structural_bare_token,
112612,Elliott,1,structural_bare_token,
112613,Waite,1,structural_bare_token,
112614,Hart,1,structural_bare_token,
112615,Ariss,1,structural_bare_token,
112621,Leong,1,structural_bare_token,
112623,Clarke,1,structural_bare_token,
112624,Romo-Carmona,1,structural_bare_token,
112625,Mariana,1,structural_bare_token,
112626,Bruining,1,structural_bare_token,
112628,Hidalgo,1,structural_bare_token,
112630,Silverman,1,structural_bare_token,
112634,Beadnell,1,structural_bare_token,
112635,Downey,1,structural_bare_token,
112637,Kuszelwicz,1,structural_bare_token,
112638,Lloyd,1,structural_bare_token,
112640,Morales,1,structural_bare_token,
112650,Cruikshank,1,structural_bare_token,
112651,Powrie,1,structural_bare_token,
112653,Baer,1,structural_bare_token,
112654,Nightengale,1,structural_bare_token,
112655,Owen,1,structural_bare_token,
112656,Pryde,1,structural_bare_token,
112657,Mech,1,structural_bare_token,
112659,Knox,1,structural_bare_token,
112668,Booth,1,structural_bare_token,
112670,Hetherington,1,structural_bare_token,
112671,Kominars,1,structural_bare_token,
112673,Pohl,1,structural_bare_token,
112675,Bickelhaupt,1,structural_bare_token,
112677,Causby,1,structural_bare_token,
112678,Vickie,1,structural_bare_token,
112681,Parker,1,structural_bare_token,
112683,MacCall,1,structural_bare_token,
112685,Goetz,1,structural_bare_token,
112687,Sims,1,structural_bare_token,
112688,Harrell,1,structural_bare_token,
112689,Shadi,1,structural_bare_token,
112690,Khalifa,1,structural_bare_token,
112693,MacDonald,1,structural_bare_token,
112695,Denis,1,structural_bare_token,
112697,Brunache,1,structural_bare_token,
112698,Joey,1,structural_bare_token,
112702,Grover,1,structural_bare_token,
112708,Harr,1,structural_bare_token,
112709,Olaore,1,structural_bare_token,
112711,Aham-Chiabuotu,1,structural_bare_token,
112718,Alice,1,structural_bare_token,
112726,Belanger,1,structural_bare_token,
112728,McCarty,1,structural_bare_token,
112731,Sandman,1,structural_bare_token,
112734,Hubbert,1,structural_bare_token,
112740,Wirsing,1,structural_bare_token,
112742,Gumz,1,structural_bare_token,
112745,Eglantina,1,structural_bare_token,
112746,Epple,1,structural_bare_token,
112748,Schrader,1,structural_bare_token,
112749,Wendland,1,structural_bare_token,
112752,Ashenfelter,1,structural_bare_token,
112754,Gilham,1,structural_bare_token,
112756,Brenden,1,structural_bare_token,
112757,Shank,1,structural_bare_token,
112759,Perdue,1,structural_bare_token,
112760,Tasha,1,structural_bare_token,
112761,Prior,1,structural_bare_token,
112764,Blanch,1,structural_bare_token,
112765,Miles,1,structural_bare_token,
112769,Roberts-Lewis,1,structural_bare_token,
112771,Zellmer,1,structural_bare_token,
112776,Daniels,1,structural_bare_token,
112777,Archibald,1,structural_bare_token,
112778,Zumdahl,1,structural_bare_token,
112781,Hyepin,1,structural_bare_token,
112782,Saras,1,structural_bare_token,
112783,Raymond,1,structural_bare_token,
112785,Pooler,1,structural_bare_token,
112787,Fitzgerald,1,structural_bare_token,
112788,Trulear,1,structural_bare_token,
112792,Larsen,1,structural_bare_token,
112794,Ressler,1,structural_bare_token,
112796,Pinson,1,structural_bare_token,
112814,Harder,1,structural_bare_token,
112817,Reiland,1,structural_bare_token,
112820,Argueta,1,structural_bare_token,
112824,Alan,1,structural_bare_token,
112826,Wolf-Branigin,1,structural_bare_token,
112839,Popescu,1,structural_bare_token,
112840,Marciana,1,structural_bare_token,
112842,Dewan,1,structural_bare_token,
112845,Holtmann,1,structural_bare_token,
112847,Steve,1,structural_bare_token,
112848,Petersen,1,structural_bare_token,
112849,Danielson,1,structural_bare_token,
112850,Thay,1,structural_bare_token,
112851,Malinowski,1,structural_bare_token,
112860,Daphne,1,structural_bare_token,
112861,Muñoz,1,structural_bare_token,
112863,Openshaw,1,structural_bare_token,
112865,Fowler,1,structural_bare_token,
112868,Northern,1,structural_bare_token,
112884,Gallant,1,structural_bare_token,
112902,Kotrla,1,structural_bare_token,
112903,Preston,1,structural_bare_token,
112918,Beryl,1,structural_bare_token,
112920,Blakley,1,structural_bare_token,
112922,Larson,1,structural_bare_token,
112923,Robertson,1,structural_bare_token,
112926,Danzig,1,structural_bare_token,
112935,Wubbenhorst,1,structural_bare_token,
112938,Matthew,1,structural_bare_token,
112939,Hurt,1,structural_bare_token,
112943,Timpson,1,structural_bare_token,
112944,Modesto,1,structural_bare_token,
112946,Flannelly,1,structural_bare_token,
112947,Dahlburg,1,structural_bare_token,
112967,Machtmes,1,structural_bare_token,
112977,Faver,1,structural_bare_token,
112983,Sangha,1,structural_bare_token,
112985,Sahoo,1,structural_bare_token,
112987,Packard,1,structural_bare_token,
112990,Holland,1,structural_bare_token,
113002,Winship,1,structural_bare_token,
113004,Seaton,1,structural_bare_token,
113011,Mauer,1,structural_bare_token,
113014,Galbraith,1,structural_bare_token,
113018,Bryant,1,structural_bare_token,
113022,Staral,1,structural_bare_token,
113029,Carrie,1,structural_bare_token,
113037,Dalberg,1,structural_bare_token,
113042,Franchesca,1,structural_bare_token,
113044,Henning,1,structural_bare_token,
113052,Bradshaw,1,structural_bare_token,
113058,Georgianne,1,structural_bare_token,
113060,Pittman-Munke,1,structural_bare_token,
113072,Haller,1,structural_bare_token,
113076,Lesiuk,1,structural_bare_token,
113084,Zwaanstra,1,structural_bare_token,
113090,McLeod,1,structural_bare_token,
113091,Quam,1,structural_bare_token,
113093,Rizer,1,structural_bare_token,
113095,McColley,1,structural_bare_token,
113097,Wineberg,1,structural_bare_token,
113103,Roseberry,1,structural_bare_token,
113111,Greenlee,1,structural_bare_token,
113113,Ogle,1,structural_bare_token,
113124,Blake,1,structural_bare_token,
113125,Coleman,1,structural_bare_token,
113136,Lantz,1,structural_bare_token,
113141,Breuggemann,1,structural_bare_token,
113143,Ifill,1,structural_bare_token,
113144,Stanelle,1,structural_bare_token,
113145,Herb,1,structural_bare_token,
113150,Deane,1,structural_bare_token,
113151,Corbin,1,structural_bare_token,
113153,Abbott,1,structural_bare_token,
113155,Huffman-Nevins,1,structural_bare_token,
113156,Alisa,1,structural_bare_token,
113159,Scudder,1,structural_bare_token,
113164,BEHRMAN,1,structural_bare_token,
113165,TEBB,1,structural_bare_token,
113166,DEREZOTES,1,structural_bare_token,
113174,Birnbaum,1,structural_bare_token,
113175,Liora,1,structural_bare_token,
113176,Aiton,1,structural_bare_token,
113180,Smolak,1,structural_bare_token,
113182,Cnaan,1,structural_bare_token,
113186,Zanis,1,structural_bare_token,
113199,Belcher,1,structural_bare_token,
113200,O'Gorman,1,structural_bare_token,
113203,Conway,1,structural_bare_token,
113205,Tyson,1,structural_bare_token,
113206,Northcut,1,structural_bare_token,
113208,Ashby,1,structural_bare_token,
113212,Praglin,1,structural_bare_token,
113215,Misleh,1,structural_bare_token,
113217,Hanneman,1,structural_bare_token,
113220,KayPranis,1,structural_bare_token,
113225,Sterling,1,structural_bare_token,
113227,Fritz,1,structural_bare_token,
113228,Christson,1,structural_bare_token,
113233,Susanna,1,structural_bare_token,
113234,Loya,1,structural_bare_token,
113240,Bowie,1,structural_bare_token,
113242,Kahn,1,structural_bare_token,
113246,Bruce,1,structural_bare_token,
113247,Maas-Brady,1,structural_bare_token,
113252,Probst,1,structural_bare_token,
113257,Veneziano,1,structural_bare_token,
113260,Hull,1,structural_bare_token,
113265,Buchan,1,structural_bare_token,
113268,Pike,1,structural_bare_token,
113269,Cassie,1,structural_bare_token,
113271,Sowers,1,structural_bare_token,
113272,Poulin,1,structural_bare_token,
113273,Silver,1,structural_bare_token,
113274,Kauffman,1,structural_bare_token,
113277,Grotelueschen,1,structural_bare_token,
113279,Lozier,1,structural_bare_token,
113280,Mandy,1,structural_bare_token,
113284,McFarland,1,structural_bare_token,
113285,Newell,1,structural_bare_token,
113287,Keaohi'ilani,1,structural_bare_token,
113295,Langer,1,structural_bare_token,
113299,Droppa,1,structural_bare_token,
113301,Knight,1,structural_bare_token,
113302,Garner,1,structural_bare_token,
113304,Barbera,1,structural_bare_token,
113306,Murdock,1,structural_bare_token,
113307,Ward,1,structural_bare_token,
113308,Ligon,1,structural_bare_token,
113320,Drywater-Whitekiller,1,structural_bare_token,
113329,Lisamarie,1,structural_bare_token,
113332,Diepstra,1,structural_bare_token,
113334,Ames,1,structural_bare_token,
113336,Gore,1,structural_bare_token,
113338,Dettlaff,1,structural_bare_token,
113342,Theriot,1,structural_bare_token,
113368,Sirles,1,structural_bare_token,
113372,Orwig,1,structural_bare_token,
113396,Speed,1,structural_bare_token,
113398,Schatz,1,structural_bare_token,
113400,Flagler,1,structural_bare_token,
113403,Westerfelt,1,structural_bare_token,
113404,Barton,1,structural_bare_token,
113407,Vandrwoerd,1,structural_bare_token,
113454,Sokolec,1,structural_bare_token,
113459,Dongvillo,1,structural_bare_token,
113461,Urwin,1,structural_bare_token,
113462,Cavazos,1,structural_bare_token,
113464,Sheafor,1,structural_bare_token,
113466,Stuart,1,structural_bare_token,
113468,Hymans,1,structural_bare_token,
113474,Sansone,1,structural_bare_token,
113476,Bedics,1,structural_bare_token,
113478,Rappe,1,structural_bare_token,
113480,Rhodes,1,structural_bare_token,
113481,Gumpert,1,structural_bare_token,
113482,Saltman,1,structural_bare_token,
113484,Dudley,1,structural_bare_token,
113487,Haslett,1,structural_bare_token,
113494,Riffe,1,structural_bare_token,
113496,Zimmerman,1,structural_bare_token,
113497,Berg-Weger,1,structural_bare_token,
113498,Birkenmaier,1,structural_bare_token,
113500,Guerrero,1,structural_bare_token,
113501,Priddy,1,structural_bare_token,
113502,Crudden,1,structural_bare_token,
113504,Southward,1,structural_bare_token,
113506,Carnes,1,structural_bare_token,
113507,Galvan-Posada,1,structural_bare_token,
113510,Hurd,1,structural_bare_token,
113516,O'Neal,1,structural_bare_token,
113519,Mosca,1,structural_bare_token,
113520,Reichert,1,structural_bare_token,
113521,Speer,1,structural_bare_token,
113522,Ashton,1,structural_bare_token,
113523,Stafford,1,structural_bare_token,
113524,Namorato,1,structural_bare_token,
113526,Crook,1,structural_bare_token,
113528,Brady,1,structural_bare_token,
113530,Tompkins,1,structural_bare_token,
113532,Chong,1,structural_bare_token,
113533,Butterfield,1,structural_bare_token,
113535,Schoech,1,structural_bare_token,
113536,Bolen,1,structural_bare_token,
113540,Chadiha,1,structural_bare_token,
113543,Patchner,1,structural_bare_token,
113545,Petracchi,1,structural_bare_token,
113546,Wise,1,structural_bare_token,
113549,Freddolino,1,structural_bare_token,
113554,DiGiuseppe,1,structural_bare_token,
113556,Jensen,1,structural_bare_token,
113557,Fulks,1,structural_bare_token,
113559,Raber,1,structural_bare_token,
113562,Lavitt,1,structural_bare_token,
113569,Banman,1,structural_bare_token,
113571,Bracy,1,structural_bare_token,
113573,Sieppert,1,structural_bare_token,
113575,Krysik,1,structural_bare_token,
113578,Desrochers,1,structural_bare_token,
113579,Rothman,1,structural_bare_token,
113580,Juliet,1,structural_bare_token,
113581,Krajewski-Jaime,1,structural_bare_token,
113583,Madden,1,structural_bare_token,
113586,Latting,1,structural_bare_token,
113588,Jandorf,1,structural_bare_token,
113589,Bromet,1,structural_bare_token,
113592,Steyaert,1,structural_bare_token,
113593,Kirschner,1,structural_bare_token,
113595,Valcke,1,structural_bare_token,
113598,Ghobary,1,structural_bare_token,
113601,Nowitz,1,structural_bare_token,
113602,Leonie,1,structural_bare_token,
113603,Eisenhandler,1,structural_bare_token,
113605,Moberg,1,structural_bare_token,
113609,Fasano,1,structural_bare_token,
113611,Rodberg,1,structural_bare_token,
113612,Bynum,1,structural_bare_token,
113616,Kramer,1,structural_bare_token,
113617,Felix,1,structural_bare_token,
113618,Eastman,1,structural_bare_token,
113619,Beva,1,structural_bare_token,
113620,Downing,1,structural_bare_token,
113621,Chaiklin,1,structural_bare_token,
113625,Bernstein,1,structural_bare_token,
113626,Goldman,1,structural_bare_token,
113631,Kang,1,structural_bare_token,
113634,Morano,1,structural_bare_token,
113641,Laditka,1,structural_bare_token,
113642,Feize,1,structural_bare_token,
113643,Leyla,1,structural_bare_token,
113644,Carrier,1,structural_bare_token,
113646,Scheffert,1,structural_bare_token,
113647,Aynsley,1,structural_bare_token,
113649,Address,1,structural_bare_token,
113651,Frederico,1,structural_bare_token,
113669,Holstege,1,structural_bare_token,
113670,Jaeck,1,structural_bare_token,
113675,Beless,1,structural_bare_token,
113677,Schild,1,structural_bare_token,
113679,Spressart,1,structural_bare_token,
113682,Wilcox,1,structural_bare_token,
113686,Guinan,1,structural_bare_token,
113694,Pinder,1,structural_bare_token,
113703,Sophie,1,structural_bare_token,
113704,Hoffer,1,structural_bare_token,
113705,Ekeland,1,structural_bare_token,
113711,Renetzky,1,structural_bare_token,
113716,Clemmer,1,structural_bare_token,
113721,Buckbee,1,structural_bare_token,
113726,Watkins,1,structural_bare_token,
113728,Bower,1,structural_bare_token,
113742,Lusvardi,1,structural_bare_token,
113744,Abramczyk,1,structural_bare_token,
113746,Bear,1,structural_bare_token,
113748,Donald,1,structural_bare_token,
113750,Mercer,1,structural_bare_token,
113753,Holman,1,structural_bare_token,
113759,Sebesta,1,structural_bare_token,
113761,Servetto,1,structural_bare_token,
113762,Ruffin,1,structural_bare_token,
113765,Ballenger,1,structural_bare_token,
113767,Beavers,1,structural_bare_token,
113772,Korol,1,structural_bare_token,
113774,Schmitt,1,structural_bare_token,
113776,Benton,1,structural_bare_token,
113777,Willoughby,1,structural_bare_token,
113786,Pardy,1,structural_bare_token,
113787,Visser,1,structural_bare_token,
113788,Charis,1,structural_bare_token,
113791,Tanner,1,structural_bare_token,
113793,Anissa,1,structural_bare_token,
113794,Bembry,1,structural_bare_token,
113796,Youdin,1,structural_bare_token,
113797,Killian,1,structural_bare_token,
113798,Cleaveland,1,structural_bare_token,
113801,Vela,1,structural_bare_token,
113802,Edward,1,structural_bare_token,
113803,Vang,1,structural_bare_token,
113804,Tangjudy,1,structural_bare_token,
113805,Walden,1,structural_bare_token,
113812,Voss,1,structural_bare_token,
113814,Scher,1,structural_bare_token,
113820,Zlotnik,1,structural_bare_token,
113825,Nellis,1,structural_bare_token,
113826,Martinovic,1,structural_bare_token,
113827,Marietta,1,structural_bare_token,
113828,Byers,1,structural_bare_token,
113831,Ginsberg,1,structural_bare_token,
113832,Gohagan,1,structural_bare_token,
113833,Forster,1,structural_bare_token,
113835,Timothy,1,structural_bare_token,
113838,Howe,1,structural_bare_token,
113840,Evers,1,structural_bare_token,
113841,Sung,1,structural_bare_token,
113844,Sayilgan,1,structural_bare_token,
113845,Salih,1,structural_bare_token,
113849,DeJacimo,1,structural_bare_token,
113854,Willis,1,structural_bare_token,
113855,Vogelgesang,1,structural_bare_token,
113856,Hedlund,1,structural_bare_token,
113858,Vieweg,1,structural_bare_token,
113863,Romano,1,structural_bare_token,
113865,Merrell,1,structural_bare_token,
113868,Goldstein,1,structural_bare_token,
113869,Hammer,1,structural_bare_token,
113872,Schkade,1,structural_bare_token,
113874,Hooper-Russell,1,structural_bare_token,
113875,Chrisan,1,structural_bare_token,
113877,Vogel,1,structural_bare_token,
113879,Brower,1,structural_bare_token,
113881,Nurius,1,structural_bare_token,
113884,LaMendola,1,structural_bare_token,
113886,Gardner,1,structural_bare_token,
113887,Colby,1,structural_bare_token,
113892,Saka,1,structural_bare_token,
113902,Greist,1,structural_bare_token,
113905,Wagner,1,structural_bare_token,
113909,Lyons,1,structural_bare_token,
113920,Crable,1,structural_bare_token,
113921,Scherer,1,structural_bare_token,
113923,Leiderman,1,structural_bare_token,
113924,Guzetta,1,structural_bare_token,
113926,Monnickendam,1,structural_bare_token,
113928,Lana,1,structural_bare_token,
113929,Stevenson,1,structural_bare_token,
113930,Nikki,1,structural_bare_token,
113931,Friedland,1,structural_bare_token,
113939,Davor,1,structural_bare_token,
113940,MacFadden,1,structural_bare_token,
113941,Maiter,1,structural_bare_token,
113948,Garcia,1,structural_bare_token,
113952,Hansen,1,structural_bare_token,
113956,Meier,1,structural_bare_token,
113957,Cheng,1,structural_bare_token,
113959,Hick,1,structural_bare_token,
113960,Mielonen,1,structural_bare_token,
113973,Bosworth,1,structural_bare_token,
113977,Banach,1,structural_bare_token,
113978,Engen,1,structural_bare_token,
113996,Jarrod,1,structural_bare_token,
113997,Holloway,1,structural_bare_token,
113999,Mammadli,1,structural_bare_token,
114010,Steinke,1,structural_bare_token,
114011,Joss,1,structural_bare_token,
114012,Steiner,1,structural_bare_token,
114013,Olivier,1,structural_bare_token,
114014,Thiem,1,structural_bare_token,
114015,Carolin,1,structural_bare_token,
114016,Zeyen,1,structural_bare_token,
114017,Anica,1,structural_bare_token,
114025,Egag,1,structural_bare_token,
114030,Maglalang,1,structural_bare_token,
114032,Kaipeng,1,structural_bare_token,
114033,Moitra,1,structural_bare_token,
114034,Ethan,1,structural_bare_token,
114035,Zelaya,1,structural_bare_token,
114041,Matea,1,structural_bare_token,
114042,Laginja,1,structural_bare_token,
114043,Paola,1,structural_bare_token,
114045,Klara,1,structural_bare_token,
114047,Leonarda,1,structural_bare_token,
114051,Huddleston,1,structural_bare_token,
114055,Calloway,1,structural_bare_token,
114061,Barnett,1,structural_bare_token,
114063,Kohring,1,structural_bare_token,
114065,Spaeth,1,structural_bare_token,
114070,Thornton,1,structural_bare_token,
114072,Munoz,1,structural_bare_token,
114073,Valeria,1,structural_bare_token,
114076,Marshall,1,structural_bare_token,
114077,McCausland,1,structural_bare_token,
114079,Lauve-Moon,1,structural_bare_token,
114080,Noel,1,structural_bare_token,
114084,Huang,1,structural_bare_token,
114086,Samuel,1,structural_bare_token,
114091,Cranfield,1,structural_bare_token,
114097,Rakestraw,1,structural_bare_token,
114100,Parsloe,1,structural_bare_token,
114101,Basting,1,structural_bare_token,
114102,Frost-Helms,1,structural_bare_token,
114104,Medenblik,1,structural_bare_token,
114109,Shorey,1,structural_bare_token,
114112,Rivadelo,1,structural_bare_token,
114113,Abigail,1,structural_bare_token,
114114,Tupaz,1,structural_bare_token,
114115,Ofreneo,1,structural_bare_token,
114117,Borres,1,structural_bare_token,
114118,Mibo,1,structural_bare_token,
114120,Grinnell-Davis,1,structural_bare_token,
114122,Arumugham,1,structural_bare_token,
114123,Packiaraj,1,structural_bare_token,
114124,Marson,1,structural_bare_token,
114126,Asbill,1,structural_bare_token,
114127,Cline,1,structural_bare_token,
114129,Raquel,1,structural_bare_token,
114134,Abinoja,1,structural_bare_token,
114136,Sturtevant,1,structural_bare_token,
114137,Bouma,1,structural_bare_token,
114138,Chad,1,structural_bare_token,
114140,Swafford,1,structural_bare_token,
114141,Tayon,1,structural_bare_token,
114142,Humble,1,structural_bare_token,
114143,Cirino,1,structural_bare_token,
114145,Pate,1,structural_bare_token,
114147,Adamowich,1,structural_bare_token,
114148,Fahy,1,structural_bare_token,
114152,Wren,1,structural_bare_token,
114153,Tatum,1,structural_bare_token,
114155,Stiers,1,structural_bare_token,
114157,Maclean,1,structural_bare_token,
114159,Stump,1,structural_bare_token,
114178,Frank,1,structural_bare_token,
114185,Gabbard,1,structural_bare_token,
114187,Conrad,1,structural_bare_token,
114192,Greenfield,1,structural_bare_token,
114197,Tara,1,structural_bare_token,
114201,Boyd,1,structural_bare_token,
114207,Dahm,1,structural_bare_token,
114208,Gielen,1,structural_bare_token,
114210,Werner,1,structural_bare_token,
114211,Cali,1,structural_bare_token,
114212,Vietta,1,structural_bare_token,
114213,Carissa,1,structural_bare_token,
114214,Rohrman,1,structural_bare_token,
114215,Cassler,1,structural_bare_token,
114216,Wilke,1,structural_bare_token,
114218,Tony,1,structural_bare_token,
114221,Foreman,1,structural_bare_token,
114223,Michelle,1,structural_bare_token,
114224,Tauati,1,structural_bare_token,
114225,DeVonne,1,structural_bare_token,
114226,Moreau,1,structural_bare_token,
114227,Kessy,1,structural_bare_token,
114228,Soverall,1,structural_bare_token,
114229,Nicolette,1,structural_bare_token,
114235,Hanrahan,1,structural_bare_token,
114239,Odom,1,structural_bare_token,
114241,Akin,1,structural_bare_token,
114242,Cavell,1,structural_bare_token,
114243,Mikaeli,1,structural_bare_token,
114250,Marni,1,structural_bare_token,
114251,HutchiIson,1,structural_bare_token,
114256,Borell,1,structural_bare_token,
114260,Guiking,1,structural_bare_token,
114261,Kylie,1,structural_bare_token,
114262,Torres,1,structural_bare_token,
114263,Rita,1,structural_bare_token,
114264,Stinson,1,structural_bare_token,
114266,Soroya,1,structural_bare_token,
114267,Baljit,1,structural_bare_token,
114268,Cahouet,1,structural_bare_token,
114269,Eugene,1,structural_bare_token,
114274,Hughes-Jones,1,structural_bare_token,
114278,McColl,1,structural_bare_token,
114280,Mendez,1,structural_bare_token,
114285,Chechotka-McQuade,1,structural_bare_token,
114286,Maher,1,structural_bare_token,
114290,Doughty,1,structural_bare_token,
114292,Babler,1,structural_bare_token,
114304,McElwee,1,structural_bare_token,
114309,Schweitzer,1,structural_bare_token,
114310,Abukari,1,structural_bare_token,
114314,Propp,1,structural_bare_token,
114316,Hepscher,1,structural_bare_token,
114317,Joyce,1,structural_bare_token,
114318,Mirick,1,structural_bare_token,
114321,Radis,1,structural_bare_token,
114322,Brie,1,structural_bare_token,
114323,Crocetto,1,structural_bare_token,
114324,Johanna,1,structural_bare_token,
114325,Beemer,1,structural_bare_token,
114327,Bohrman,1,structural_bare_token,
114328,Casey,1,structural_bare_token,
114329,Lizette,1,structural_bare_token,
114331,Rossy,1,structural_bare_token,
114334,Keane,1,structural_bare_token,
114344,Gonzalez,1,structural_bare_token,
114345,Keren,1,structural_bare_token,
114346,Horton,1,structural_bare_token,
114349,Himmelheber,1,structural_bare_token,
114352,Williford,1,structural_bare_token,
114353,Depaolis,1,structural_bare_token,
114356,Debbie,1,structural_bare_token,
114367,Harris-Robinson,1,structural_bare_token,
114368,Kagotho,1,structural_bare_token,
114369,Njeri,1,structural_bare_token,
114370,McClendon,1,structural_bare_token,
114371,Dupper,1,structural_bare_token,
114372,Crain,1,structural_bare_token,
114375,Sawyer,1,structural_bare_token,
114377,Herrera,1,structural_bare_token,
114378,Samara,1,structural_bare_token,
114379,Haley,1,structural_bare_token,
114380,Averbach,1,structural_bare_token,
114381,Janine,1,structural_bare_token,
114382,McGovern,1,structural_bare_token,
114383,Justine,1,structural_bare_token,
114384,Younes,1,structural_bare_token,
114386,Vanlaningham,1,structural_bare_token,
114388,Tufford,1,structural_bare_token,
114390,Bogo,1,structural_bare_token,
114391,Marion,1,structural_bare_token,
114392,Ellen,1,structural_bare_token,
114393,Mullins,1,structural_bare_token,
114394,Baggett,1,structural_bare_token,
114395,Donna,1,structural_bare_token,
114396,Cronley,1,structural_bare_token,
114397,Kilgore,1,structural_bare_token,
114398,Daniels-Lerberg,1,structural_bare_token,
114399,Tracey,1,structural_bare_token,
114400,Dill,1,structural_bare_token,
114401,Shera,1,structural_bare_token,
114403,Webber,1,structural_bare_token,
114404,Jeanine,1,structural_bare_token,
114405,Sloane,1,structural_bare_token,
114409,Milanovic,1,structural_bare_token,
114410,Edita,1,structural_bare_token,
114411,Gates,1,structural_bare_token,
114413,Quinn,1,structural_bare_token,
114421,Dexter,1,structural_bare_token,
114430,Volis,1,structural_bare_token,
114431,Trull,1,structural_bare_token,
114432,Williams-Gray,1,structural_bare_token,
114433,Rena,1,structural_bare_token,
114434,Pond,1,structural_bare_token,
114435,Debora,1,structural_bare_token,
114436,Hefflinger,1,structural_bare_token,
114437,Tamburro,1,structural_bare_token,
114439,Marshelia,1,structural_bare_token,
114440,Ogden,1,structural_bare_token,
114441,Lydia,1,structural_bare_token,
114444,Hitchcock,1,structural_bare_token,
114446,Battista,1,structural_bare_token,
114449,Gentle-Genitty,1,structural_bare_token,
114450,Galyean,1,structural_bare_token,
114451,Erika,1,structural_bare_token,
114452,McAdams,1,structural_bare_token,
114453,Moran,1,structural_bare_token,
114454,Alexandra,1,structural_bare_token,
114455,Fitch,1,structural_bare_token,
114457,Kalea,1,structural_bare_token,
114458,Freelin,1,structural_bare_token,
114460,Cary,1,structural_bare_token,
114461,Macke,1,structural_bare_token,
114464,Hostetter,1,structural_bare_token,
114466,Ritter,1,structural_bare_token,
114467,Carvalho-Grevious,1,structural_bare_token,
114470,Deck,1,structural_bare_token,
114472,Borders,1,structural_bare_token,
114473,Galarza,1,structural_bare_token,
114474,Jayleen,1,structural_bare_token,
114476,Klemm,1,structural_bare_token,
114477,Terri,1,structural_bare_token,
114478,Edmiston,1,structural_bare_token,
114479,Alisha,1,structural_bare_token,
114480,Dente,1,structural_bare_token,
114482,Beise,1,structural_bare_token,
114483,Dirk,1,structural_bare_token,
114484,Amelia,1,structural_bare_token,
114488,Chonody,1,structural_bare_token,
114489,Jill,1,structural_bare_token,
114490,Nilan,1,structural_bare_token,
114491,Lopez-Humphreys,1,structural_bare_token,
114492,Mayra,1,structural_bare_token,
114494,Meyette,1,structural_bare_token,
114495,Ginger,1,structural_bare_token,
114496,Schat,1,structural_bare_token,
114497,Kyra,1,structural_bare_token,
114506,Bruster,1,structural_bare_token,
114507,Belinda,1,structural_bare_token,
114508,Anstadt,1,structural_bare_token,
114509,Boyko,1,structural_bare_token,
114522,Pizzuto-Pomaco,1,structural_bare_token,
114531,Susanne,1,structural_bare_token,
114535,Vincent,1,structural_bare_token,
114539,Evan,1,structural_bare_token,
114540,Straussner,1,structural_bare_token,
114542,Agbényiga,1,structural_bare_token,
114544,Laverman,1,structural_bare_token,
114546,Skiba,1,structural_bare_token,
114548,Horner,1,structural_bare_token,
114549,Quinn-Lee,1,structural_bare_token,
114553,Colin,1,structural_bare_token,
114560,Shelagh,1,structural_bare_token,
114563,Knothe,1,structural_bare_token,
114567,Keller,1,structural_bare_token,
114574,Funge,1,structural_bare_token,
114575,Meyer-Adams,1,structural_bare_token,
114576,Tapp,1,structural_bare_token,
114578,Javonda,1,structural_bare_token,
114579,Bolland,1,structural_bare_token,
114581,Hamilton,1,structural_bare_token,
114586,Gerritsen-McKane,1,structural_bare_token,
114590,Bakko,1,structural_bare_token,
114598,Hollister,1,structural_bare_token,
114602,Cloud,1,structural_bare_token,
114606,Rooney,1,structural_bare_token,
114608,Izaksonas,1,structural_bare_token,
114609,Macy,1,structural_bare_token,
114611,Kolbo,1,structural_bare_token,
114617,Gandy,1,structural_bare_token,
114624,Clinton,1,structural_bare_token,
114627,Marley,1,structural_bare_token,
114628,Golden,1,structural_bare_token,
114629,Yolanda,1,structural_bare_token,
114630,Jerome,1,structural_bare_token,
114633,Taliaferro,1,structural_bare_token,
114635,Natalie,1,structural_bare_token,
114643,Gauer,1,structural_bare_token,
114644,Seroka,1,structural_bare_token,
114645,Sabri,1,structural_bare_token,
114646,Bushra,1,structural_bare_token,
114648,Cairns-Descoteaux,1,structural_bare_token,
114649,Bonita,1,structural_bare_token,
114650,Sanger,1,structural_bare_token,
114651,Intae,1,structural_bare_token,
114653,Hanssen,1,structural_bare_token,
114658,Ford,1,structural_bare_token,
114659,Letteney,1,structural_bare_token,
114662,Trecartin,1,structural_bare_token,
114663,Beaver,1,structural_bare_token,
114664,Hollenberger,1,structural_bare_token,
114665,Nathan,1,structural_bare_token,
114666,Guzman,1,structural_bare_token,
114667,Donahoe,1,structural_bare_token,
114670,Walls,1,structural_bare_token,
114673,Battle-Walters,1,structural_bare_token,
114675,Nick,1,structural_bare_token,
114683,Kulkin,1,structural_bare_token,
114685,Boykin,1,structural_bare_token,
114686,Lolita,1,structural_bare_token,
114688,Premalatha,1,structural_bare_token,
114691,Durrenda,1,structural_bare_token,
114694,Zugazaga,1,structural_bare_token,
114695,Saltzburg,1,structural_bare_token,
114697,Dorfman,1,structural_bare_token,
114699,Ingram,1,structural_bare_token,
114701,Murty,1,structural_bare_token,
114707,Boutté-Queen,1,structural_bare_token,
114710,Tittsworth,1,structural_bare_token,
114711,Josephine,1,structural_bare_token,
114712,Youn,1,structural_bare_token,
114721,Shaffer,1,structural_bare_token,
114722,Cohen-Mansfield,1,structural_bare_token,
114723,Jiska,1,structural_bare_token,
114725,Levine,1,structural_bare_token,
114728,Asgarkhani,1,structural_bare_token,
114729,Mehdi,1,structural_bare_token,
114732,LCSW,1,structural_bare_token,
114733,Carrilio,1,structural_bare_token,
114736,Jolie,1,structural_bare_token,
114738,Kessen,1,structural_bare_token,
114739,Tsan,1,structural_bare_token,
114743,Benestad,1,structural_bare_token,
114748,Tomi,1,structural_bare_token,
114749,Colón,1,structural_bare_token,
114750,Merydawilda,1,structural_bare_token,
114753,Koren,1,structural_bare_token,
114755,Coe-Regan,1,structural_bare_token,
114758,Hisle-Gorman,1,structural_bare_token,
114759,Zuravin,1,structural_bare_token,
114760,Westhuis,1,structural_bare_token,
114761,Eldon,1,structural_bare_token,
114763,Wingerson,1,structural_bare_token,
114765,Benotsch,1,structural_bare_token,
114769,Pinkerton,1,structural_bare_token,
114771,Weinhardt,1,structural_bare_token,
114772,Lance,1,structural_bare_token,
114774,Shibusawa,1,structural_bare_token,
114775,Tazuko,1,structural_bare_token,
114776,VanEsselstyn,1,structural_bare_token,
114777,Oppenheim,1,structural_bare_token,
114778,Coursen,1,structural_bare_token,
114779,Gelman,1,structural_bare_token,
114781,Tosone,1,structural_bare_token,
114782,Hallett,1,structural_bare_token,
114783,Rafferty,1,structural_bare_token,
114785,Waldman,1,structural_bare_token,
114790,Finkelhor,1,structural_bare_token,
114791,Blease,1,structural_bare_token,
114795,Damianakis,1,structural_bare_token,
114796,Thecla,1,structural_bare_token,
114800,Batter,1,structural_bare_token,
114801,Bjornson,1,structural_bare_token,
114803,Barnett-Queen,1,structural_bare_token,
114804,Merrick,1,structural_bare_token,
114806,Herie,1,structural_bare_token,
114807,Mallinger,1,structural_bare_token,
114808,Gayle,1,structural_bare_token,
114809,Rafael,1,structural_bare_token,
114810,Rishel,1,structural_bare_token,
114812,Washburn,1,structural_bare_token,
114813,Knaggs,1,structural_bare_token,
114816,Rice-Green,1,structural_bare_token,
114817,Jacquie,1,structural_bare_token,
114818,Weingardt,1,structural_bare_token,
114820,Villafranca,1,structural_bare_token,
114822,Whitten,1,structural_bare_token,
114823,Notman,1,structural_bare_token,
114825,Glandon,1,structural_bare_token,
114826,Kerman,1,structural_bare_token,
114831,Shriver,1,structural_bare_token,
114833,Allen-Meares,1,structural_bare_token,
114834,Hudgins,1,structural_bare_token,
114836,Engberg,1,structural_bare_token,
114838,Maddux,1,structural_bare_token,
114840,Massimo,1,structural_bare_token,
114842,Cravens,1,structural_bare_token,
114843,Tichon,1,structural_bare_token,
114845,Redmond,1,structural_bare_token,
114848,Chiauzzi,1,structural_bare_token,
114849,Emil,1,structural_bare_token,
114850,Bromberg,1,structural_bare_token,
114852,Budman,1,structural_bare_token,
114854,Buono,1,structural_bare_token,
114856,Epstein,1,structural_bare_token,
114857,Joel,1,structural_bare_token,
114860,Spence-Diehl,1,structural_bare_token,
114861,Smokowski,1,structural_bare_token,
114863,Hartung,1,structural_bare_token,
114864,Matuszek,1,structural_bare_token,
114865,Tish,1,structural_bare_token,
114866,Rycraft,1,structural_bare_token,
114868,Rowe-Adjibogoun,1,structural_bare_token,
114869,Seabury,1,structural_bare_token,
114870,Brett,1,structural_bare_token,
114871,Helton,1,structural_bare_token,
114872,Giffords,1,structural_bare_token,
114874,Kleinpeter,1,structural_bare_token,
114876,Potts,1,structural_bare_token,
114878,Johnsen,1,structural_bare_token,
114880,Steinsvik,1,structural_bare_token,
114882,Gammon,1,structural_bare_token,
114883,Deede,1,structural_bare_token,
114886,Richman,1,structural_bare_token,
114889,Broughton,1,structural_bare_token,
114890,Ritchie,1,structural_bare_token,
114891,Oullette,1,structural_bare_token,
114893,Briscoe,1,structural_bare_token,
114894,Quartaro,1,structural_bare_token,
114896,Spier,1,structural_bare_token,
114897,Kleinman,1,structural_bare_token,
114899,Guanipa,1,structural_bare_token,
114900,Carmen,1,structural_bare_token,
114901,Nolte,1,structural_bare_token,
114903,Lizarraga,1,structural_bare_token,
114904,Juanaca,1,structural_bare_token,
114907,Klinkenberg,1,structural_bare_token,
114909,Barak,1,structural_bare_token,
114911,Kinnevy,1,structural_bare_token,
114912,Enosh,1,structural_bare_token,
114914,Pray,1,structural_bare_token,
114915,Sells,1,structural_bare_token,
114917,Laural,1,structural_bare_token,
114918,Sarnoff,1,structural_bare_token,
114919,Youngmin,1,structural_bare_token,
114921,Wasko,1,structural_bare_token,
114923,Newhouse,1,structural_bare_token,
114924,Savaya,1,structural_bare_token,
114925,Riki,1,structural_bare_token,
114926,Menachem,1,structural_bare_token,
114927,Waysman,1,structural_bare_token,
114931,Kelley,1,structural_bare_token,
114933,Grady,1,structural_bare_token,
114934,Brandi,1,structural_bare_token,
114935,Zipper,1,structural_bare_token,
114938,Bernat,1,structural_bare_token,
114940,Holden,1,structural_bare_token,
114941,Bearison,1,structural_bare_token,
114943,Rode,1,structural_bare_token,
114945,Kapiloff,1,structural_bare_token,
114947,Gingerich,1,structural_bare_token,
114949,Abel,1,structural_bare_token,
114951,D'Aprix,1,structural_bare_token,
114952,Nordquist,1,structural_bare_token,
114953,Gigi,1,structural_bare_token,
114954,Smead,1,structural_bare_token,
114956,Alemagno,1,structural_bare_token,
114957,Sonia,1,structural_bare_token,
114958,Mosavel,1,structural_bare_token,
114959,Maghboeba,1,structural_bare_token,
114961,Kerr,1,structural_bare_token,
114962,Linn,1,structural_bare_token,
114965,McCreery,1,structural_bare_token,
114969,Pullen,1,structural_bare_token,
114970,Champlin,1,structural_bare_token,
114973,Ranae,1,structural_bare_token,
114974,Seidner,1,structural_bare_token,
114981,Hornby,1,structural_bare_token,
114982,Harald,1,structural_bare_token,
114983,Zimmermann,1,structural_bare_token,
114985,Zink,1,structural_bare_token,
114988,Engst,1,structural_bare_token,
114989,Stosuy,1,structural_bare_token,
114990,Varghese,1,structural_bare_token,
114991,Stefanescu,1,structural_bare_token,
114992,Poliana,1,structural_bare_token,
114993,Busby,1,structural_bare_token,
114994,Geoff,1,structural_bare_token,
114995,Bhatti-Sinclair,1,structural_bare_token,
114996,Kish,1,structural_bare_token,
114997,Vaarama,1,structural_bare_token,
114998,Marja,1,structural_bare_token,
115000,Cara,1,structural_bare_token,
115001,Satterwhite,1,structural_bare_token,
115002,Hanna,1,structural_bare_token,
115003,Härkönen,1,structural_bare_token,
115004,Ritva-Sini,1,structural_bare_token,
115005,Ferriter,1,structural_bare_token,
115007,Geert,1,structural_bare_token,
115008,Olsen-Rando,1,structural_bare_token,
115009,Maple,1,structural_bare_token,
115011,Keenan,1,structural_bare_token,
115012,Sherer,1,structural_bare_token,
115013,Moshe,1,structural_bare_token,
115015,Finken,1,structural_bare_token,
115017,Luschei,1,structural_bare_token,
115019,Kenney,1,structural_bare_token,
115021,Stull,1,structural_bare_token,
115023,Shulamith,1,structural_bare_token,
115026,Favelle,1,structural_bare_token,
115028,Olevitch,1,structural_bare_token,
115029,Hagan,1,structural_bare_token,
115033,Oakley,1,structural_bare_token,
115034,Coraine,1,structural_bare_token,
115037,Kokish,1,structural_bare_token,
115040,Farris,1,structural_bare_token,
115041,Bates,1,structural_bare_token,
115042,Stabler,1,structural_bare_token,
115043,Raffoul,1,structural_bare_token,
115044,Lyles,1,structural_bare_token,
115045,Ravetz,1,structural_bare_token,
115046,Looman,1,structural_bare_token,
115048,Deimling,1,structural_bare_token,
115050,Binner,1,structural_bare_token,
115051,Flowers,1,structural_bare_token,
115053,Booraem,1,structural_bare_token,
115056,Bowes,1,structural_bare_token,
115060,Matheson,1,structural_bare_token,
115062,Mahler,1,structural_bare_token,
115065,Schervish,1,structural_bare_token,
115067,Waters,1,structural_bare_token,
115069,Vatterott,1,structural_bare_token,
115070,Madeleine,1,structural_bare_token,
115072,Zawacky,1,structural_bare_token,
115073,Levit,1,structural_bare_token,
115076,Bhattacharyya,1,structural_bare_token,
115077,Anjan,1,structural_bare_token,
115079,Welle,1,structural_bare_token,
115080,Petzel,1,structural_bare_token,
115083,Budd,1,structural_bare_token,
115087,Evenson,1,structural_bare_token,
115088,Bischoff,1,structural_bare_token,
115089,Wark,1,structural_bare_token,
115090,Kalkman,1,structural_bare_token,
115091,Dixie,1,structural_bare_token,
115092,Wales,1,structural_bare_token,
115093,Kettelhut,1,structural_bare_token,
115094,McClintock,1,structural_bare_token,
115095,Mutschler,1,structural_bare_token,
115096,Korte,1,structural_bare_token,
115098,Iroff,1,structural_bare_token,
115101,Walter,1,structural_bare_token,
115103,Janzen,1,structural_bare_token,
115105,Raider,1,structural_bare_token,
115106,Melvyn,1,structural_bare_token,
115108,Reisman,1,structural_bare_token,
115109,Nierengarten,1,structural_bare_token,
115110,Schwab,1,structural_bare_token,
115113,Gibbs,1,structural_bare_token,
115114,Bright,1,structural_bare_token,
115116,Sacks,1,structural_bare_token,
115118,Mathisen,1,structural_bare_token,
115120,Areskog,1,structural_bare_token,
115121,Kjessler,1,structural_bare_token,
115124,Calandra,1,structural_bare_token,
115126,Mullen,1,structural_bare_token,
115127,Stagner,1,structural_bare_token,
115128,Penny,1,structural_bare_token,
115130,Fiore,1,structural_bare_token,
115132,Arbona,1,structural_bare_token,
115133,Consuelo,1,structural_bare_token,
115136,Madara,1,structural_bare_token,
115137,Kalafat,1,structural_bare_token,
115139,Senner,1,structural_bare_token,
115141,Gunn,1,structural_bare_token,
115143,Taintor,1,structural_bare_token,
115144,Zebulon,1,structural_bare_token,
115145,Holbrook,1,structural_bare_token,
115146,Mandell,1,structural_bare_token,
115149,Schinke,1,structural_bare_token,
115151,Orlandi,1,structural_bare_token,
115156,Erickson,1,structural_bare_token,
115157,Hubert,1,structural_bare_token,
115158,Cavalier,1,structural_bare_token,
115161,Betts,1,structural_bare_token,
115162,Kondraske,1,structural_bare_token,
115163,Sturgis,1,structural_bare_token,
115165,Anton,1,structural_bare_token,
115170,Echterling,1,structural_bare_token,
115172,Hoschar,1,structural_bare_token,
115173,Siegel,1,structural_bare_token,
115175,McIntyre,1,structural_bare_token,
115176,Zane,1,structural_bare_token,
115177,Fluke,1,structural_bare_token,
115179,O'Beirne,1,structural_bare_token,
127359,Al-Amin,1,structural_bare_token,
136320,Ankit,1,structural_bare_token,
137761,Premalatha,1,structural_bare_token,
137888,Saumya,1,structural_bare_token,
137989,Saumya,1,structural_bare_token,
138146,Premalatha,1,structural_bare_token,
138372,Saumya,1,structural_bare_token,
140585,Alfrojems,1,structural_bare_token,
140618,Saipullah,1,structural_bare_token,
140621,Habibullah,1,structural_bare_token,
140624,Muhtar,1,structural_bare_token,
140676,Nahar,1,structural_bare_token,
142889,Al-Amin,1,structural_bare_token,
150394,Premalatha,1,structural_bare_token,
158145,Premalatha,1,structural_bare_token,
25078,Green,0,structural_bare_token,
25079,Baskind,0,structural_bare_token,
25080,Bellin,0,structural_bare_token,
99832,Gibbs,0,structural_bare_token,
99833,Sinclair,0,structural_bare_token,
99835,Horwath,0,structural_bare_token,
99841,Horwath,0,structural_bare_token,
99859,Spratt,0,structural_bare_token,
99860,Houston,0,structural_bare_token,
99866,Houston,0,structural_bare_token,
99877,Humphreys,0,structural_bare_token,
104118,Aasback,0,structural_bare_token,
104119,Aaslund,0,structural_bare_token,
104120,Abbey,0,structural_bare_token,
104121,Abdulaziz,0,structural_bare_token,
104122,Abdulla,0,structural_bare_token,
104128,Abrahams,0,structural_bare_token,
104137,Adelette,0,structural_bare_token,
104138,Ademi,0,structural_bare_token,
104139,Adhikari,0,structural_bare_token,
104156,Aksnes,0,structural_bare_token,
104166,Albrithen,0,structural_bare_token,
104167,Albus,0,structural_bare_token,
104168,Alcantara,0,structural_bare_token,
104171,Alemi,0,structural_bare_token,
104183,Allemeersch,0,structural_bare_token,
104188,Aloise,0,structural_bare_token,
104196,Amera,0,structural_bare_token,
104204,Anders,0,structural_bare_token,
104205,Andiswa,0,structural_bare_token,
104214,Andvig,0,structural_bare_token,
104216,Angel,0,structural_bare_token,
104222,Angell,0,structural_bare_token,
104229,Anja,0,structural_bare_token,
104239,Annaline,0,structural_bare_token,
104273,Asen,0,structural_bare_token,
104276,Ashleigh,0,structural_bare_token,
104280,Askeland,0,structural_bare_token,
104282,Aspaslan,0,structural_bare_token,
104283,Assim,0,structural_bare_token,
104284,Astrid,0,structural_bare_token,
104285,Asumang,0,structural_bare_token,
104292,Ausland,0,structural_bare_token,
104294,Avendal,0,structural_bare_token,
104298,Aycan,0,structural_bare_token,
104306,Baciu,0,structural_bare_token,
104312,Bain,0,structural_bare_token,
104314,Baker,0,structural_bare_token,
104323,Baltra-Ulloa,0,structural_bare_token,
104334,Bartlett,0,structural_bare_token,
104337,Basic,0,structural_bare_token,
104340,Bastaits,0,structural_bare_token,
104346,Beatrix,0,structural_bare_token,
104347,Beaudin,0,structural_bare_token,
104348,Beck,0,structural_bare_token,
104355,Bellefeuille,0,structural_bare_token,
104356,Beltman,0,structural_bare_token,
104365,Benoot,0,structural_bare_token,
104366,Berens,0,structural_bare_token,
104368,Berghan,0,structural_bare_token,
104382,Bhagwan,0,structural_bare_token,
104384,Bian,0,structural_bare_token,
104388,Bila,0,structural_bare_token,
104391,Birgit,0,structural_bare_token,
104394,Biruk,0,structural_bare_token,
104403,Blaauw,0,structural_bare_token,
104404,Blachford,0,structural_bare_token,
104408,Bloem,0,structural_bare_token,
104415,Bode,0,structural_bare_token,
104418,Bodor,0,structural_bare_token,
104419,Boecker,0,structural_bare_token,
104420,Boehringer,0,structural_bare_token,
104422,Boget,0,structural_bare_token,
104424,Bogo,0,structural_bare_token,
104425,Bohmke,0,structural_bare_token,
104426,Boira,0,structural_bare_token,
104434,Booyens,0,structural_bare_token,
104435,Borho,0,structural_bare_token,
104438,Botha,0,structural_bare_token,
104443,Bozalek,0,structural_bare_token,
104444,Bozic,0,structural_bare_token,
104450,Breimo,0,structural_bare_token,
104451,Brenda,0,structural_bare_token,
104453,Brey,0,structural_bare_token,
104458,Briskman,0,structural_bare_token,
104462,Brooke,0,structural_bare_token,
104465,Brownlee,0,structural_bare_token,
104467,Bruer,0,structural_bare_token,
104469,Brunovskis,0,structural_bare_token,
104480,Burmester,0,structural_bare_token,
104489,Béla,0,structural_bare_token,
104490,Böhnisch,0,structural_bare_token,
104492,Böllert,0,structural_bare_token,
104493,Bühler,0,structural_bare_token,
104494,Bütow,0,structural_bare_token,
104507,Calisto,0,structural_bare_token,
104515,Campbell-Barr,0,structural_bare_token,
104521,Capra,0,structural_bare_token,
104525,Carelse,0,structural_bare_token,
104541,Carpenter,0,structural_bare_token,
104543,Carr,0,structural_bare_token,
104550,Castillo,0,structural_bare_token,
104563,Cautreels,0,structural_bare_token,
104564,Chadha,0,structural_bare_token,
104568,Chamdimba,0,structural_bare_token,
104576,Chassie,0,structural_bare_token,
104578,Chavira,0,structural_bare_token,
104586,Chiang,0,structural_bare_token,
104588,Chigeza,0,structural_bare_token,
104590,Chisala,0,structural_bare_token,
104602,Christie,0,structural_bare_token,
104603,Christina,0,structural_bare_token,
104607,Christoph,0,structural_bare_token,
104614,Claasen,0,structural_bare_token,
104626,Coco,0,structural_bare_token,
104640,Combrink,0,structural_bare_token,
104643,Contreras,0,structural_bare_token,
104650,Cornelia,0,structural_bare_token,
104660,Craig,0,structural_bare_token,
104663,Crichlow,0,structural_bare_token,
104666,Crofts,0,structural_bare_token,
104686,Daan,0,structural_bare_token,
104688,Dadzie,0,structural_bare_token,
104691,Dako-Gyeke,0,structural_bare_token,
104710,Dawn,0,structural_bare_token,
104724,Deepshikha,0,structural_bare_token,
104730,Demmer,0,structural_bare_token,
104735,Denvall,0,structural_bare_token,
104736,Deranger,0,structural_bare_token,
104737,Derick,0,structural_bare_token,
104752,Dinca,0,structural_bare_token,
104754,Dipela,0,structural_bare_token,
104765,Doorgapershad,0,structural_bare_token,
104781,Dries,0,structural_bare_token,
104786,Dube,0,structural_bare_token,
104789,Dudziak,0,structural_bare_token,
104791,Dulieu,0,structural_bare_token,
104798,Durst,0,structural_bare_token,
104799,Dustin,0,structural_bare_token,
104813,Edita,0,structural_bare_token,
104815,Edmos,0,structural_bare_token,
104825,Ekoh,0,structural_bare_token,
104827,Eldén,0,structural_bare_token,
104832,Elia,0,structural_bare_token,
104833,Elianne,0,structural_bare_token,
104847,Ellingsen,0,structural_bare_token,
104851,Emelie,0,structural_bare_token,
104859,Enescu,0,structural_bare_token,
104862,Enoksen,0,structural_bare_token,
104864,Entongwe,0,structural_bare_token,
104867,Erasmus,0,structural_bare_token,
104870,Ericsson,0,structural_bare_token,
104875,Eriksen,0,structural_bare_token,
104879,Escajeda,0,structural_bare_token,
104880,Eskil,0,structural_bare_token,
104884,Esteban,0,structural_bare_token,
104904,Fairoza,0,structural_bare_token,
104905,Faith,0,structural_bare_token,
104912,Farias,0,structural_bare_token,
104924,Fernandez,0,structural_bare_token,
104931,Firbank,0,structural_bare_token,
104933,Fisch,0,structural_bare_token,
104938,Fjelldal,0,structural_bare_token,
104939,Fleischack,0,structural_bare_token,
104942,Florian,0,structural_bare_token,
104944,Fluks,0,structural_bare_token,
104953,Forsberg,0,structural_bare_token,
104955,Frampton,0,structural_bare_token,
104958,Francis,0,structural_bare_token,
104959,Franco,0,structural_bare_token,
104963,Franziska,0,structural_bare_token,
104969,Freysteinsdóttir,0,structural_bare_token,
104978,Froneman,0,structural_bare_token,
104979,Frykman,0,structural_bare_token,
104996,Garcia,0,structural_bare_token,
104998,Garth,0,structural_bare_token,
105000,Gateley,0,structural_bare_token,
105003,Gautschi,0,structural_bare_token,
105006,Gell,0,structural_bare_token,
105013,Gerard,0,structural_bare_token,
105016,Germundsson,0,structural_bare_token,
105017,Gerrand,0,structural_bare_token,
105019,Geyer,0,structural_bare_token,
105026,Gille,0,structural_bare_token,
105038,Gobena,0,structural_bare_token,
105039,Goitse,0,structural_bare_token,
105042,Goliath,0,structural_bare_token,
105043,Gonzalez,0,structural_bare_token,
105050,Gottuck,0,structural_bare_token,
105061,Greeff,0,structural_bare_token,
105065,Gregori,0,structural_bare_token,
105070,Grimwood,0,structural_bare_token,
105072,Grobler,0,structural_bare_token,
105076,Gubrium,0,structural_bare_token,
105081,Gunnarsdottir,0,structural_bare_token,
105088,Gusak,0,structural_bare_token,
105090,Guzmán,0,structural_bare_token,
105093,Gümüscü,0,structural_bare_token,
105098,Haga,0,structural_bare_token,
105102,Halverson,0,structural_bare_token,
105104,Hamenoo,0,structural_bare_token,
105107,Handulle,0,structural_bare_token,
105111,Hannele,0,structural_bare_token,
105118,Hansen,0,structural_bare_token,
105125,Hartweg,0,structural_bare_token,
105128,Hatta,0,structural_bare_token,
105129,Hauch,0,structural_bare_token,
105130,Haugen,0,structural_bare_token,
105135,Hean,0,structural_bare_token,
105146,Heitmann,0,structural_bare_token,
105152,Hemingway,0,structural_bare_token,
105154,Hendriks,0,structural_bare_token,
105158,Henton,0,structural_bare_token,
105159,Herbst,0,structural_bare_token,
105163,Hernández,0,structural_bare_token,
105169,Hervie,0,structural_bare_token,
105171,Hess,0,structural_bare_token,
105176,Hiilamo,0,structural_bare_token,
105179,Hildén,0,structural_bare_token,
105185,Hjemdahl,0,structural_bare_token,
105189,Hofer-Temmel,0,structural_bare_token,
105200,Holtzhausen,0,structural_bare_token,
105201,Home,0,structural_bare_token,
105203,Hooper,0,structural_bare_token,
105204,Hoppe,0,structural_bare_token,
105207,Houston,0,structural_bare_token,
105208,Hovland,0,structural_bare_token,
105215,Huang,0,structural_bare_token,
105219,Human-Hendricks,0,structural_bare_token,
105223,Hussain,0,structural_bare_token,
105224,Hussein,0,structural_bare_token,
105225,Hutchinson,0,structural_bare_token,
105226,Hämäläinen,0,structural_bare_token,
105231,I-Hsuan,0,structural_bare_token,
105238,Icheria,0,structural_bare_token,
105249,Inga,0,structural_bare_token,
105252,Inger,0,structural_bare_token,
105273,Islam,0,structural_bare_token,
105277,Ives,0,structural_bare_token,
105280,Izabela,0,structural_bare_token,
105290,Jacobs,0,structural_bare_token,
105309,Janice,0,structural_bare_token,
105347,Jenssen,0,structural_bare_token,
105351,Jessen,0,structural_bare_token,
105363,Joan,0,structural_bare_token,
105369,Johanna,0,structural_bare_token,
105371,Johannisen,0,structural_bare_token,
105378,Johner,0,structural_bare_token,
105386,Jordaan,0,structural_bare_token,
105397,Juberg,0,structural_bare_token,
105426,Kalliomaa-Puha,0,structural_bare_token,
105427,Kalverboer,0,structural_bare_token,
105430,Kapp,0,structural_bare_token,
105437,Karin,0,structural_bare_token,
105448,Katenga-Kaunda,0,structural_bare_token,
105451,Kathleen,0,structural_bare_token,
105458,Katrin,0,structural_bare_token,
105460,Katz,0,structural_bare_token,
105461,Kaushik,0,structural_bare_token,
105463,Keefe,0,structural_bare_token,
105464,Keet,0,structural_bare_token,
105478,Ketelaar,0,structural_bare_token,
105480,Kettil,0,structural_bare_token,
105483,Kgadima,0,structural_bare_token,
105487,Khoo,0,structural_bare_token,
105492,Kimathi,0,structural_bare_token,
105509,Klammer,0,structural_bare_token,
105512,Klevan,0,structural_bare_token,
105513,Klußmann,0,structural_bare_token,
105514,Klörudóttir,0,structural_bare_token,
105516,Knorth,0,structural_bare_token,
105521,Kondowe,0,structural_bare_token,
105523,Korpinen,0,structural_bare_token,
105525,Kotzé,0,structural_bare_token,
105527,Kouta,0,structural_bare_token,
105530,Krane,0,structural_bare_token,
105543,Krüger,0,structural_bare_token,
105544,Ksenia,0,structural_bare_token,
105547,Kulikowski,0,structural_bare_token,
105549,Kurenkova,0,structural_bare_token,
105550,Kurz,0,structural_bare_token,
105554,Kuzmina,0,structural_bare_token,
105559,Kühn,0,structural_bare_token,
105570,Labuschagné,0,structural_bare_token,
105580,Lanh,0,structural_bare_token,
105586,Larsen,0,structural_bare_token,
105593,Laurinen,0,structural_bare_token,
105597,Lawrence,0,structural_bare_token,
105599,Layton,0,structural_bare_token,
105600,Lazar,0,structural_bare_token,
105605,Leburu-Masigo,0,structural_bare_token,
105609,Leena,0,structural_bare_token,
105610,Lehwess-Litzmann,0,structural_bare_token,
105613,Lekganyane,0,structural_bare_token,
105614,Leman,0,structural_bare_token,
105616,Lenka,0,structural_bare_token,
105619,Leon,0,structural_bare_token,
105630,Levy-Powell,0,structural_bare_token,
105632,Liana,0,structural_bare_token,
105646,Lindseth,0,structural_bare_token,
105653,Lisenga,0,structural_bare_token,
105658,Lizane,0,structural_bare_token,
105660,Llosada-Gistau,0,structural_bare_token,
105663,Lognwe,0,structural_bare_token,
105669,Lorenz-Sinai,0,structural_bare_token,
105670,Lorenza,0,structural_bare_token,
105673,Lothar,0,structural_bare_token,
105674,Lou-Marie,0,structural_bare_token,
105678,Lourens,0,structural_bare_token,
105684,Luitjies,0,structural_bare_token,
105686,Lukelelo,0,structural_bare_token,
105687,Lundberg,0,structural_bare_token,
105688,Lundström,0,structural_bare_token,
105693,Lyngstad,0,structural_bare_token,
105718,Machold,0,structural_bare_token,
105720,Macleod,0,structural_bare_token,
105725,Madu,0,structural_bare_token,
105730,Magda,0,structural_bare_token,
105732,Magnus,0,structural_bare_token,
105733,Magogodi,0,structural_bare_token,
105738,Mahlangu,0,structural_bare_token,
105739,Maia,0,structural_bare_token,
105744,Makhitha,0,structural_bare_token,
105745,Makobe,0,structural_bare_token,
105746,Makofane,0,structural_bare_token,
105750,Malema,0,structural_bare_token,
105759,Manders,0,structural_bare_token,
105762,Mankwane,0,structural_bare_token,
105763,Manolis,0,structural_bare_token,
105767,Mapendere,0,structural_bare_token,
105779,Margie,0,structural_bare_token,
105780,Margit,0,structural_bare_token,
105782,Margrite,0,structural_bare_token,
105793,Mariam,0,structural_bare_token,
105800,Mariette,0,structural_bare_token,
105812,Marlene,0,structural_bare_token,
105821,Martina,0,structural_bare_token,
105822,Marttunen,0,structural_bare_token,
105826,Masha,0,structural_bare_token,
105830,Massart,0,structural_bare_token,
105831,Matebese,0,structural_bare_token,
105832,Mathende,0,structural_bare_token,
105835,Mathibela,0,structural_bare_token,
105837,Matotay,0,structural_bare_token,
105844,Maundeni,0,structural_bare_token,
105848,Mavis,0,structural_bare_token,
105852,Mbedzi,0,structural_bare_token,
105853,Mbulayi,0,structural_bare_token,
105855,McConnell,0,structural_bare_token,
105859,McGrath,0,structural_bare_token,
105872,McNutt,0,structural_bare_token,
105882,Mehrara,0,structural_bare_token,
105892,Melnyk-Poliakiwski,0,structural_bare_token,
105898,Meng,0,structural_bare_token,
105907,Mesiäislehto,0,structural_bare_token,
105927,Miika,0,structural_bare_token,
105939,Mischeck,0,structural_bare_token,
105942,Mitlin,0,structural_bare_token,
105947,Mlotshwa,0,structural_bare_token,
105953,Moffatt,0,structural_bare_token,
105967,Monika,0,structural_bare_token,
105974,Moore,0,structural_bare_token,
105976,Morad,0,structural_bare_token,
105977,Morales,0,structural_bare_token,
105981,Moro,0,structural_bare_token,
105985,Moser,0,structural_bare_token,
105989,Mthembu,0,structural_bare_token,
105990,Mthetwa,0,structural_bare_token,
105991,Muchacha,0,structural_bare_token,
105992,Muche,0,structural_bare_token,
105995,Muller,0,structural_bare_token,
105996,Mulqueeny,0,structural_bare_token,
105999,Munyaradzi,0,structural_bare_token,
106000,Murphy-Stewart,0,structural_bare_token,
106001,Musinguzi,0,structural_bare_token,
106003,Muuri,0,structural_bare_token,
106005,Muñoz-Guzmán,0,structural_bare_token,
106007,Myra,0,structural_bare_token,
106018,Nada,0,structural_bare_token,
106023,Naegele,0,structural_bare_token,
106026,Nakazibwe,0,structural_bare_token,
106030,Namutosi,0,structural_bare_token,
106045,Naudé,0,structural_bare_token,
106046,Naujaniené,0,structural_bare_token,
106056,Nesimovic,0,structural_bare_token,
106059,Nevashnee,0,structural_bare_token,
106062,Ngiba,0,structural_bare_token,
106071,Nichols,0,structural_bare_token,
106073,Nickelsen,0,structural_bare_token,
106077,Nicola,0,structural_bare_token,
106078,Nicolai,0,structural_bare_token,
106080,Nicolle,0,structural_bare_token,
106084,Nielsen,0,structural_bare_token,
106085,Nieman,0,structural_bare_token,
106086,Nigel,0,structural_bare_token,
106091,Nilsen,0,structural_bare_token,
106095,Nkuna,0,structural_bare_token,
106097,Nomvuyo,0,structural_bare_token,
106099,Nontozamo,0,structural_bare_token,
106104,Nordesjö,0,structural_bare_token,
106105,Nordstoga,0,structural_bare_token,
106107,Norstedt,0,structural_bare_token,
106110,Novik,0,structural_bare_token,
106111,Nowell,0,structural_bare_token,
106114,Ntata,0,structural_bare_token,
106116,Nudelman,0,structural_bare_token,
106121,Nygård,0,structural_bare_token,
106127,O'Byrne,0,structural_bare_token,
106151,Orjasniemi,0,structural_bare_token,
106154,Ossais,0,structural_bare_token,
106156,Oterholm,0,structural_bare_token,
106158,Ottesen,0,structural_bare_token,
106164,Paat,0,structural_bare_token,
106168,Panagiotis,0,structural_bare_token,
106171,Pangritz,0,structural_bare_token,
106178,Parton,0,structural_bare_token,
106180,Pasteels,0,structural_bare_token,
106193,Paulina,0,structural_bare_token,
106197,Paylor,0,structural_bare_token,
106198,Pease,0,structural_bare_token,
106199,Pedersen,0,structural_bare_token,
106202,Pellebon,0,structural_bare_token,
106206,Pentaris,0,structural_bare_token,
106213,Perry,0,structural_bare_token,
106214,Perumal,0,structural_bare_token,
106222,Petro,0,structural_bare_token,
106224,Peña,0,structural_bare_token,
106226,Pfaff,0,structural_bare_token,
106229,Pheme,0,structural_bare_token,
106239,Pierlings,0,structural_bare_token,
106242,Pieterse,0,structural_bare_token,
106245,Piotr,0,structural_bare_token,
106246,Pirskanen,0,structural_bare_token,
106248,Pitzel,0,structural_bare_token,
106249,Pius,0,structural_bare_token,
106252,Plath,0,structural_bare_token,
106260,Pomey,0,structural_bare_token,
106262,Poodhun,0,structural_bare_token,
106270,Powell,0,structural_bare_token,
106278,Price,0,structural_bare_token,
106280,Prinsloo,0,structural_bare_token,
106284,Professor,0,structural_bare_token,
106285,Pruim,0,structural_bare_token,
106291,Pålsson,0,structural_bare_token,
106292,Pöso,0,structural_bare_token,
106293,Pösö,0,structural_bare_token,
106296,Quiroga,0,structural_bare_token,
106307,Rahman,0,structural_bare_token,
106308,Raisuyah,0,structural_bare_token,
106321,Rankin,0,structural_bare_token,
106329,Rautio,0,structural_bare_token,
106345,Remmery,0,structural_bare_token,
106357,Reyneke,0,structural_bare_token,
106358,Reynolds,0,structural_bare_token,
106359,Rian,0,structural_bare_token,
106361,Rice,0,structural_bare_token,
106366,Rickard,0,structural_bare_token,
106375,Rita,0,structural_bare_token,
106378,Ritter,0,structural_bare_token,
106379,Rizzini,0,structural_bare_token,
106395,Rodríguez-Soler,0,structural_bare_token,
106396,Roestenburg,0,structural_bare_token,
106397,Roets,0,structural_bare_token,
106409,Ronel,0,structural_bare_token,
106419,Rothdeutsch-Granzer,0,structural_bare_token,
106422,Roxana,0,structural_bare_token,
106427,Ruggero,0,structural_bare_token,
106435,Ryen,0,structural_bare_token,
106438,Rüegger,0,structural_bare_token,
106449,Saffy,0,structural_bare_token,
106450,Saga,0,structural_bare_token,
106453,Sagvaag,0,structural_bare_token,
106456,Salah,0,structural_bare_token,
106459,Salifu,0,structural_bare_token,
106461,Sallnäs,0,structural_bare_token,
106463,Saltkjel,0,structural_bare_token,
106469,Samsonsen,0,structural_bare_token,
106472,Sand,0,structural_bare_token,
106477,Sandvin,0,structural_bare_token,
106497,Sauer,0,structural_bare_token,
106499,Saus,0,structural_bare_token,
106505,Schell-Kiehl,0,structural_bare_token,
106510,Schiller,0,structural_bare_token,
106511,Schilling,0,structural_bare_token,
106512,Schlattmeier,0,structural_bare_token,
106524,Schäfer,0,structural_bare_token,
106535,Seepamore,0,structural_bare_token,
106540,Sela-Shayovitz,0,structural_bare_token,
106541,Sello,0,structural_bare_token,
106548,Sepúlveda,0,structural_bare_token,
106557,Shanks,0,structural_bare_token,
106561,Shardlow,0,structural_bare_token,
106562,Shavrina,0,structural_bare_token,
106566,Shcherbakov,0,structural_bare_token,
106573,Shenton,0,structural_bare_token,
106575,Shermaaz,0,structural_bare_token,
106577,Shingairai,0,structural_bare_token,
106585,Sibanda,0,structural_bare_token,
106587,Sibongile,0,structural_bare_token,
106588,Sichling,0,structural_bare_token,
106596,Simbine,0,structural_bare_token,
106602,Sinha,0,structural_bare_token,
106604,Sipho,0,structural_bare_token,
106608,Sithole,0,structural_bare_token,
106614,Skhosanna,0,structural_bare_token,
106622,Smith-Solbakken,0,structural_bare_token,
106629,Sommerfeld,0,structural_bare_token,
106635,Spatscheck,0,structural_bare_token,
106639,Spies,0,structural_bare_token,
106644,Spurrier,0,structural_bare_token,
106650,Stander,0,structural_bare_token,
106652,Stanley,0,structural_bare_token,
106656,Steen-Johnsen,0,structural_bare_token,
106658,Stefanie,0,structural_bare_token,
106659,Stein,0,structural_bare_token,
106669,Stephens,0,structural_bare_token,
106674,Stevens,0,structural_bare_token,
106677,Steyn,0,structural_bare_token,
106689,Stutterheim,0,structural_bare_token,
106690,Stydom,0,structural_bare_token,
106692,Støkken,0,structural_bare_token,
106697,Sulette,0,structural_bare_token,
106701,Surkova,0,structural_bare_token,
106708,Sussman,0,structural_bare_token,
106709,Suzanne,0,structural_bare_token,
106724,Sylwester,0,structural_bare_token,
106725,Szabó,0,structural_bare_token,
106730,Sánchez-Moreno,0,structural_bare_token,
106733,Søftestad,0,structural_bare_token,
106738,Tabin,0,structural_bare_token,
106741,Takudzwa,0,structural_bare_token,
106748,Tania,0,structural_bare_token,
106752,Tapologo,0,structural_bare_token,
106757,Tatenda,0,structural_bare_token,
106762,Taute,0,structural_bare_token,
106768,Temba,0,structural_bare_token,
106769,Tembo,0,structural_bare_token,
106770,Tembo-Pankuku,0,structural_bare_token,
106776,Tervooren,0,structural_bare_token,
106778,Tevlina,0,structural_bare_token,
106788,Theron,0,structural_bare_token,
106795,Thommesen,0,structural_bare_token,
106796,Thomson,0,structural_bare_token,
106797,Thönnessen,0,structural_bare_token,
106801,Timson,0,structural_bare_token,
106812,Tommy,0,structural_bare_token,
106817,Toon,0,structural_bare_token,
106825,Transken,0,structural_bare_token,
106830,Truschkat,0,structural_bare_token,
106832,Tsetse,0,structural_bare_token,
106836,Tuastad,0,structural_bare_token,
106839,Tullius,0,structural_bare_token,
106849,Ulene,0,structural_bare_token,
106852,Ulmestig,0,structural_bare_token,
106854,Underwood,0,structural_bare_token,
106855,Ungar,0,structural_bare_token,
106859,Ursin,0,structural_bare_token,
106862,Usha,0,structural_bare_token,
106870,Vagli,0,structural_bare_token,
106894,Vapalahti,0,structural_bare_token,
106897,Veeran,0,structural_bare_token,
106902,Verd,0,structural_bare_token,
106904,Vergottini,0,structural_bare_token,
106907,Verner,0,structural_bare_token,
106911,Veronna,0,structural_bare_token,
106914,Vertamatti,0,structural_bare_token,
106924,Viktorija,0,structural_bare_token,
106931,Visagie,0,structural_bare_token,
106935,Volckmar-Eeg,0,structural_bare_token,
106936,Volhyna,0,structural_bare_token,
106937,Vornanen,0,structural_bare_token,
106944,Wadensjö,0,structural_bare_token,
106946,Wakabayashi,0,structural_bare_token,
106948,Walk,0,structural_bare_token,
106949,Walquist,0,structural_bare_token,
106962,Warwick,0,structural_bare_token,
106965,Watarai,0,structural_bare_token,
106966,Watt,0,structural_bare_token,
106971,Wegener,0,structural_bare_token,
106973,Weihe,0,structural_bare_token,
106975,Weingraber,0,structural_bare_token,
106976,Weinkogl,0,structural_bare_token,
106984,Werling,0,structural_bare_token,
106985,Werner,0,structural_bare_token,
106987,Wesley,0,structural_bare_token,
106989,Westerveld,0,structural_bare_token,
106991,White,0,structural_bare_token,
106992,Wickman,0,structural_bare_token,
106993,Wiechmann,0,structural_bare_token,
106997,Wilkins,0,structural_bare_token,
107002,Willmann-Robleda,0,structural_bare_token,
107003,Willumsen,0,structural_bare_token,
107015,Wong,0,structural_bare_token,
107025,Yalli,0,structural_bare_token,
107029,Yates,0,structural_bare_token,
107037,Yoann,0,structural_bare_token,
107042,Yoshimoto,0,structural_bare_token,
107052,Zabel,0,structural_bare_token,
107055,Zagulski,0,structural_bare_token,
107056,Zaidi,0,structural_bare_token,
107067,Zhao,0,structural_bare_token,
107072,Zijlstra,0,structural_bare_token,
107080,Zurina,0,structural_bare_token,
107082,Zängl,0,structural_bare_token,
107115,Çelikaksoy,0,structural_bare_token,
107116,Ólafsdóttir,0,structural_bare_token,
107117,Ødegård,0,structural_bare_token,
107118,Ørvig,0,structural_bare_token,
107119,Øydgard,0,structural_bare_token,
108053,ACSW,0,structural_bare_token,
109411,Schumm,0,structural_bare_token,
109415,Hatch,0,structural_bare_token,
109419,Copeland,0,structural_bare_token,
109423,Bugaighis,0,structural_bare_token,
109425,Hudson,0,structural_bare_token,
109430,Brown,0,structural_bare_token,
109444,Gordon,0,structural_bare_token,
109449,Patricia,0,structural_bare_token,
110003,VanZoeren,0,structural_bare_token,
110004,Sarah,0,structural_bare_token,
110016,Replansky,0,structural_bare_token,
110018,Patterson,0,structural_bare_token,
110024,Seck,0,structural_bare_token,
110026,Diop,0,structural_bare_token,
110030,Sherrer,0,structural_bare_token,
110107,Reubens,0,structural_bare_token,
110108,Peggy,0,structural_bare_token,
110162,Zarumey,0,structural_bare_token,
110219,Tonya,0,structural_bare_token,
110281,Gail,0,structural_bare_token,
110287,Grant,0,structural_bare_token,
110288,Darlene,0,structural_bare_token,
110289,Baum,0,structural_bare_token,
110293,Carelli,0,structural_bare_token,
110300,Raske,0,structural_bare_token,
110304,Rose,0,structural_bare_token,
110305,Gaboda,0,structural_bare_token,
110307,Sondra,0,structural_bare_token,
110310,Goodman,0,structural_bare_token,
110313,Helen,0,structural_bare_token,
110320,Lechner,0,structural_bare_token,
110323,Leslie,0,structural_bare_token,
110327,Brilliant,0,structural_bare_token,
110330,Ellyn,0,structural_bare_token,
110333,Gorman,0,structural_bare_token,
110334,Jane,0,structural_bare_token,
110338,Vandiver,0,structural_bare_token,
110342,Kass,0,structural_bare_token,
110345,Irene,0,structural_bare_token,
110535,Jacobsen,0,structural_bare_token,
110536,Jeanna,0,structural_bare_token,
110551,Elana,0,structural_bare_token,
110552,Hanus,0,structural_bare_token,
110553,Charles,0,structural_bare_token,
110602,Coney,0,structural_bare_token,
110640,Belote,0,structural_bare_token,
110672,Lissette,0,structural_bare_token,
110710,Tully,0,structural_bare_token,
110722,Reisch,0,structural_bare_token,
110798,Delois,0,structural_bare_token,
110799,Faerstein,0,structural_bare_token,
110801,Gilchrist,0,structural_bare_token,
110806,Figueira-McDonough,0,structural_bare_token,
110807,Josefina,0,structural_bare_token,
110808,Graber,0,structural_bare_token,
110824,Loring,0,structural_bare_token,
110836,Nilsa,0,structural_bare_token,
110840,Grogan,0,structural_bare_token,
110850,Eckhaus,0,structural_bare_token,
110892,Gita,0,structural_bare_token,
110893,Christine,0,structural_bare_token,
110901,Bachman,0,structural_bare_token,
110913,Deacon,0,structural_bare_token,
110914,Zermarie,0,structural_bare_token,
110930,Iris,0,structural_bare_token,
110933,Risley-Curtiss,0,structural_bare_token,
110971,Rains,0,structural_bare_token,
110972,Prue,0,structural_bare_token,
110975,Ryosho,0,structural_bare_token,
110977,Cindy,0,structural_bare_token,
110978,Melissa,0,structural_bare_token,
110983,Stapleton,0,structural_bare_token,
110985,Wiesen-Martin,0,structural_bare_token,
110986,Phillips,0,structural_bare_token,
110988,Gerten,0,structural_bare_token,
110992,Zosky,0,structural_bare_token,
111018,Bradley,0,structural_bare_token,
111019,Kemp,0,structural_bare_token,
111024,Gruber,0,structural_bare_token,
111026,Charest,0,structural_bare_token,
111038,Katharine,0,structural_bare_token,
111039,Scherrer,0,structural_bare_token,
111040,d'Eon-Blemings,0,structural_bare_token,
111042,Tenkate,0,structural_bare_token,
111049,Kulis,0,structural_bare_token,
111061,Sallmann,0,structural_bare_token,
111072,Vonderlack-Navarro,0,structural_bare_token,
111099,Chaze,0,structural_bare_token,
111105,Mama,0,structural_bare_token,
111129,Lawler,0,structural_bare_token,
111156,Tepjan,0,structural_bare_token,
111157,Suchon,0,structural_bare_token,
111158,Admassu,0,structural_bare_token,
111159,Zerihun,0,structural_bare_token,
111161,Ashley,0,structural_bare_token,
111162,Casanova,0,structural_bare_token,
111163,Britt-Thomas,0,structural_bare_token,
111164,Stepleman,0,structural_bare_token,
111166,Draheim,0,structural_bare_token,
111168,McGray,0,structural_bare_token,
111171,Byron,0,structural_bare_token,
111174,Koss,0,structural_bare_token,
111179,Hong,0,structural_bare_token,
111180,Chenglin,0,structural_bare_token,
111181,Bermea,0,structural_bare_token,
111183,Khaw,0,structural_bare_token,
111184,Lyndal,0,structural_bare_token,
111186,Brad,0,structural_bare_token,
111187,Dumayi,0,structural_bare_token,
111188,Zeiger,0,structural_bare_token,
111190,Rago,0,structural_bare_token,
111191,Courtney,0,structural_bare_token,
111195,McGee,0,structural_bare_token,
111196,Simone,0,structural_bare_token,
111197,Bowling,0,structural_bare_token,
111199,Petrizzo,0,structural_bare_token,
111203,Cameron,0,structural_bare_token,
111205,Bolívar-Rocha,0,structural_bare_token,
111209,Camargo-Plazas,0,structural_bare_token,
111210,Pilar,0,structural_bare_token,
111211,Torres-Isasiga,0,structural_bare_token,
111212,Julián,0,structural_bare_token,
111213,Hurtado-Quiñones,0,structural_bare_token,
111217,Alvarado-Llano,0,structural_bare_token,
111219,Mueses-Marín,0,structural_bare_token,
111221,Martinez-Cajas,0,structural_bare_token,
111224,Maite,0,structural_bare_token,
111225,Lozano,0,structural_bare_token,
111233,Kepic,0,structural_bare_token,
111234,Marci,0,structural_bare_token,
111236,Irena,0,structural_bare_token,
111238,Fredericks,0,structural_bare_token,
111239,Kaitlin,0,structural_bare_token,
111240,Cesaroni,0,structural_bare_token,
111242,Pinto,0,structural_bare_token,
111249,Valen,0,structural_bare_token,
111251,Graham,0,structural_bare_token,
111253,Holly,0,structural_bare_token,
111254,Darroch,0,structural_bare_token,
111256,Donley,0,structural_bare_token,
111257,Deshotels,0,structural_bare_token,
111259,Chelsee,0,structural_bare_token,
111260,Greenberg,0,structural_bare_token,
111261,Zeevik,0,structural_bare_token,
111262,Ellis,0,structural_bare_token,
111264,Strunk,0,structural_bare_token,
111266,Thacker,0,structural_bare_token,
111268,Wang,0,structural_bare_token,
111270,Cegelka,0,structural_bare_token,
111272,Wagner-Greene,0,structural_bare_token,
111274,Smallwood,0,structural_bare_token,
111275,Stacy,0,structural_bare_token,
111276,Spencer,0,structural_bare_token,
111277,Mindi,0,structural_bare_token,
111278,Hein,0,structural_bare_token,
111279,Liam,0,structural_bare_token,
111280,Shuler,0,structural_bare_token,
111282,English,0,structural_bare_token,
111286,Nicola,0,structural_bare_token,
111287,Tilove,0,structural_bare_token,
111290,Bowleg,0,structural_bare_token,
111291,Rendina,0,structural_bare_token,
111293,Craig,0,structural_bare_token,
111295,Conley,0,structural_bare_token,
111297,Paulhus,0,structural_bare_token,
111299,Pinel,0,structural_bare_token,
111305,Herek,0,structural_bare_token,
111307,Marlina,0,structural_bare_token,
111308,Nurdin,0,structural_bare_token,
111309,Diding,0,structural_bare_token,
111310,Delgado,0,structural_bare_token,
111314,Ortiz,0,structural_bare_token,
111316,Zitzmann,0,structural_bare_token,
111317,Brooks,0,structural_bare_token,
111318,Keys,0,structural_bare_token,
111321,Todd,0,structural_bare_token,
111322,Havlin,0,structural_bare_token,
111323,Tiffany,0,structural_bare_token,
111325,Korang-Okrah,0,structural_bare_token,
111326,Jayasundara,0,structural_bare_token,
111328,Nedegaard,0,structural_bare_token,
111330,Flanagan,0,structural_bare_token,
111331,Kenneth,0,structural_bare_token,
111332,Weeks,0,structural_bare_token,
111335,Zorita,0,structural_bare_token,
111337,Drumm,0,structural_bare_token,
111338,Rene,0,structural_bare_token,
111339,Cooper,0,structural_bare_token,
111340,Laurie,0,structural_bare_token,
111341,Seifert,0,structural_bare_token,
111342,Marge,0,structural_bare_token,
111343,McBride,0,structural_bare_token,
111344,Duane,0,structural_bare_token,
111345,Sedlacek,0,structural_bare_token,
111346,Disney,0,structural_bare_token,
111348,Yoon,0,structural_bare_token,
111350,Bruininks,0,structural_bare_token,
111352,Witvliet,0,structural_bare_token,
111354,Edman,0,structural_bare_token,
111358,Little,0,structural_bare_token,
111360,Johnstone,0,structural_bare_token,
111362,Dinse,0,structural_bare_token,
111364,Weaver,0,structural_bare_token,
111374,Yancey,0,structural_bare_token,
111376,Boamah,0,structural_bare_token,
111379,Harmon,0,structural_bare_token,
111383,Burton,0,structural_bare_token,
111385,Sanders,0,structural_bare_token,
111387,Nwachuku,0,structural_bare_token,
111389,Moore,0,structural_bare_token,
111391,Bethel,0,structural_bare_token,
111393,Foels,0,structural_bare_token,
111395,Vennen,0,structural_bare_token,
111397,Braganza,0,structural_bare_token,
111400,Counseller,0,structural_bare_token,
111401,Jeremy,0,structural_bare_token,
111402,Gaynor,0,structural_bare_token,
111407,Stanley,0,structural_bare_token,
111408,VanderWaal,0,structural_bare_token,
111410,Lane,0,structural_bare_token,
111425,Ahmad,0,structural_bare_token,
111426,Maudia,0,structural_bare_token,
111428,Neeland,0,structural_bare_token,
111429,Wallace,0,structural_bare_token,
111436,Pickard,0,structural_bare_token,
111438,Streets,0,structural_bare_token,
111448,Youmans,0,structural_bare_token,
111456,Crabbs,0,structural_bare_token,
111457,Hannah,0,structural_bare_token,
111463,Stennis,0,structural_bare_token,
111465,Fischle,0,structural_bare_token,
111467,Kathy,0,structural_bare_token,
111469,Bannister,0,structural_bare_token,
111488,Placido,0,structural_bare_token,
111490,Cecil,0,structural_bare_token,
111494,Saucer,0,structural_bare_token,
111497,Lawrence,0,structural_bare_token,
111498,Saleta,0,structural_bare_token,
111502,Poole,0,structural_bare_token,
111505,Pearson,0,structural_bare_token,
111506,Lelia,0,structural_bare_token,
111510,Wolfer,0,structural_bare_token,
111524,Katrina,0,structural_bare_token,
111525,Deines,0,structural_bare_token,
111534,Praetorius,0,structural_bare_token,
111540,Hussey,0,structural_bare_token,
111551,Stewart,0,structural_bare_token,
111552,Natasha,0,structural_bare_token,
111557,Mzikazi,0,structural_bare_token,
111558,Timbers,0,structural_bare_token,
111560,Cressy,0,structural_bare_token,
111561,Najeeah,0,structural_bare_token,
111571,Chamiec-Case,0,structural_bare_token,
111572,Rick,0,structural_bare_token,
111579,Antonio,0,structural_bare_token,
111580,Kyere,0,structural_bare_token,
111581,Boddie,0,structural_bare_token,
111583,Newton-Guest,0,structural_bare_token,
111584,Moreno,0,structural_bare_token,
111630,Alexis,0,structural_bare_token,
111632,Dyson,0,structural_bare_token,
111645,Hurst,0,structural_bare_token,
111649,Runnels,0,structural_bare_token,
111651,Thompkins,0,structural_bare_token,
111655,Jirek,0,structural_bare_token,
111657,Truscott,0,structural_bare_token,
111665,Pettigrew,0,structural_bare_token,
111666,Dallas,0,structural_bare_token,
111667,Kayte,0,structural_bare_token,
111671,Stoeffler,0,structural_bare_token,
111673,Joseph,0,structural_bare_token,
111674,Rigaud,0,structural_bare_token,
111675,Creedon,0,structural_bare_token,
111676,Ezra,0,structural_bare_token,
111677,Early,0,structural_bare_token,
111679,Krista,0,structural_bare_token,
111695,Drum,0,structural_bare_token,
111703,Street,0,structural_bare_token,
111705,Moyle,0,structural_bare_token,
111718,Hirono,0,structural_bare_token,
111721,April,0,structural_bare_token,
111722,Crossland,0,structural_bare_token,
111727,Hyatt,0,structural_bare_token,
111736,Drey,0,structural_bare_token,
111737,Warkentin,0,structural_bare_token,
111738,Buetta,0,structural_bare_token,
111740,Mayo,0,structural_bare_token,
111746,Brennan,0,structural_bare_token,
111753,LeaAnne,0,structural_bare_token,
111769,Butler-Mokoro,0,structural_bare_token,
111772,Kohlmann,0,structural_bare_token,
111774,Bushnell,0,structural_bare_token,
111775,Jenny,0,structural_bare_token,
111776,Schwander,0,structural_bare_token,
111779,Giovanna,0,structural_bare_token,
111781,Caceres,0,structural_bare_token,
111782,Alejandro,0,structural_bare_token,
111785,Baxter,0,structural_bare_token,
111809,Csiernik,0,structural_bare_token,
111810,Darnell,0,structural_bare_token,
111820,Otis,0,structural_bare_token,
111822,Bonelli,0,structural_bare_token,
111823,John,0,structural_bare_token,
111825,Furman,0,structural_bare_token,
111827,Benson,0,structural_bare_token,
111829,Danbolt,0,structural_bare_token,
111830,Torill,0,structural_bare_token,
111831,Vetvik,0,structural_bare_token,
111832,Einar,0,structural_bare_token,
111836,Foley,0,structural_bare_token,
111840,Fletcher,0,structural_bare_token,
111842,Dolan,0,structural_bare_token,
111851,Blinka,0,structural_bare_token,
111855,Wade,0,structural_bare_token,
111859,Laurel,0,structural_bare_token,
111887,Garnett,0,structural_bare_token,
111890,Kaye,0,structural_bare_token,
111894,Chen,0,structural_bare_token,
111896,Bruno,0,structural_bare_token,
111909,Reynold,0,structural_bare_token,
111910,Barron,0,structural_bare_token,
111911,Rumptz,0,structural_bare_token,
111915,Jaeger,0,structural_bare_token,
111917,Becnel,0,structural_bare_token,
111924,Detiege,0,structural_bare_token,
111926,Gable,0,structural_bare_token,
111947,Desiree,0,structural_bare_token,
111949,Krystal,0,structural_bare_token,
111961,Mercier,0,structural_bare_token,
111966,Clements,0,structural_bare_token,
111971,Palamar,0,structural_bare_token,
111974,Cathy,0,structural_bare_token,
111978,Farzana,0,structural_bare_token,
111979,Dimito,0,structural_bare_token,
111980,Kuehl,0,structural_bare_token,
111981,Dale,0,structural_bare_token,
111982,Armstrong,0,structural_bare_token,
111986,Hooyman,0,structural_bare_token,
112040,Luis,0,structural_bare_token,
112041,Picciano,0,structural_bare_token,
112062,Tarmina,0,structural_bare_token,
112070,Pasupuleti,0,structural_bare_token,
112075,Mindy,0,structural_bare_token,
112076,Isola,0,structural_bare_token,
112077,Genke,0,structural_bare_token,
112116,Carniol,0,structural_bare_token,
112121,Schilt,0,structural_bare_token,
112123,Steinsvåg,0,structural_bare_token,
112124,Berge-Andreas,0,structural_bare_token,
112125,Sandkjær,0,structural_bare_token,
112126,Bjørg,0,structural_bare_token,
112127,Størksen,0,structural_bare_token,
112128,Ingvill,0,structural_bare_token,
112129,Sean,0,structural_bare_token,
112130,Lepischak,0,structural_bare_token,
112132,Nova,0,structural_bare_token,
112133,McClellan,0,structural_bare_token,
112138,Maree,0,structural_bare_token,
112141,Koetting,0,structural_bare_token,
112142,Oram,0,structural_bare_token,
112144,Bartholomew,0,structural_bare_token,
112145,Landolt,0,structural_bare_token,
112146,Monica,0,structural_bare_token,
112148,Nelson,0,structural_bare_token,
112150,Applegate,0,structural_bare_token,
112151,Scrol,0,structural_bare_token,
112152,Aaron,0,structural_bare_token,
112154,Nahas,0,structural_bare_token,
112155,Omar,0,structural_bare_token,
112156,Meyer-Cook,0,structural_bare_token,
112157,Fiona,0,structural_bare_token,
112161,Sevilla,0,structural_bare_token,
112162,Rebeca,0,structural_bare_token,
112163,Wells,0,structural_bare_token,
112164,Derik,0,structural_bare_token,
112167,Chuang,0,structural_bare_token,
112168,Reynolds,0,structural_bare_token,
112169,Robert,0,structural_bare_token,
112171,Powles,0,structural_bare_token,
112172,Andrew,0,structural_bare_token,
112173,McCauliffe,0,structural_bare_token,
112186,Dodd,0,structural_bare_token,
112190,Swann,0,structural_bare_token,
112192,Swindell,0,structural_bare_token,
112193,Marian,0,structural_bare_token,
112194,Pryce,0,structural_bare_token,
112212,Hilliard,0,structural_bare_token,
112216,Gabbay,0,structural_bare_token,
112218,Wahler,0,structural_bare_token,
112220,Hopwood,0,structural_bare_token,
112227,Tania,0,structural_bare_token,
112229,Savage,0,structural_bare_token,
112230,Quinlivan,0,structural_bare_token,
112231,Town,0,structural_bare_token,
112232,Shane,0,structural_bare_token,
112240,Vaughan,0,structural_bare_token,
112241,Razzano,0,structural_bare_token,
112248,Doneley,0,structural_bare_token,
112250,Mock,0,structural_bare_token,
112252,Yoakam,0,structural_bare_token,
112259,Quarto,0,structural_bare_token,
112260,Gerramy,0,structural_bare_token,
112261,O'Connell,0,structural_bare_token,
112263,Apuzzo,0,structural_bare_token,
112265,LeBlanc,0,structural_bare_token,
112269,Pfaller,0,structural_bare_token,
112271,Sainz,0,structural_bare_token,
112272,Anthony,0,structural_bare_token,
112277,Simoni,0,structural_bare_token,
112352,Descamps,0,structural_bare_token,
112383,Rasmussen,0,structural_bare_token,
112616,Dowsett,0,structural_bare_token,
112617,Carrigan,0,structural_bare_token,
112660,Lord,0,structural_bare_token,
112713,Bledsoe,0,structural_bare_token,
112715,Setterlund,0,structural_bare_token,
112717,Fok-Trela,0,structural_bare_token,
112719,Dombo,0,structural_bare_token,
112721,Gray,0,structural_bare_token,
112744,Gjermeni,0,structural_bare_token,
112811,Gabel,0,structural_bare_token,
113134,Tappeiner,0,structural_bare_token,
113378,Blue,0,structural_bare_token,
113937,Collie,0,structural_bare_token,
113954,Galea,0,structural_bare_token,
113955,Rosenfield,0,structural_bare_token,
114161,Wylie,0,structural_bare_token,
114163,Dankova,0,structural_bare_token,
114164,Petra,0,structural_bare_token,
114165,DoCarmo,0,structural_bare_token,
114168,Wuest,0,structural_bare_token,
114170,Omstead,0,structural_bare_token,
114173,Sheffield,0,structural_bare_token,
114176,Ersing,0,structural_bare_token,
114180,Schneiders,0,structural_bare_token,
114183,Rivers,0,structural_bare_token,
114336,Fleming,0,structural_bare_token,
114342,Blair-Tiffany,0,structural_bare_token,
114343,Talia,0,structural_bare_token,
114528,Paulette,0,structural_bare_token,
114529,Fuchsel,0,structural_bare_token,
114532,Dedman,0,structural_bare_token,
114585,Christenson,0,structural_bare_token,
114746,Mulvaney,0,structural_bare_token,
114747,Kretzschmar,0,structural_bare_token,
114814,Rotgans-Visser,0,structural_bare_token,
124900,NingningYang,0,structural_bare_token,
149526,Ankit,0,structural_bare_token,
151897,Alfrojems,0,structural_bare_token,
151928,Saipullah,0,structural_bare_token,
151930,Habibullah,0,structural_bare_token,
151933,Muhtar,0,structural_bare_token,
151977,Nahar,0,structural_bare_token,
157277,Ankit,0,structural_bare_token,
159648,Alfrojems,0,structural_bare_token,
159679,Saipullah,0,structural_bare_token,
159681,Habibullah,0,structural_bare_token,
159684,Muhtar,0,structural_bare_token,
159728,Nahar,0,structural_bare_token,
164706,Earner,0,structural_bare_token,
110008,Meg,26,structural_fragment_short,
111499,Van,22,structural_fragment_short,
106609,Siv,20,structural_fragment_short,
105302,Jan,10,structural_fragment_short,
111906,Cho,8,structural_fragment_short,
109658,Sue,7,structural_fragment_short,
109994,Ann,6,structural_fragment_short,
111937,Ong,6,structural_fragment_short,
112398,Han,6,structural_fragment_short,
105491,Kim,4,structural_fragment_short,
105700,M.,4,structural_fragment_short,
105708,ML,4,structural_fragment_short,
107026,Yan,4,structural_fragment_short,
109815,Bok,4,structural_fragment_short,
110028,Kim,4,structural_fragment_short,
111919,Ray,4,structural_fragment_short,
104108,A.,3,structural_fragment_short,
104199,Amy,3,structural_fragment_short,
105236,Ian,3,structural_fragment_short,
105565,LK,3,structural_fragment_short,
105711,MSE,3,structural_fragment_short,
106444,SP,3,structural_fragment_short,
109973,Sun,3,structural_fragment_short,
110350,Liz,3,structural_fragment_short,
110385,Nan,3,structural_fragment_short,
111450,Vil,3,structural_fragment_short,
112174,Ken,3,structural_fragment_short,
112221,Max,3,structural_fragment_short,
112619,Tan,3,structural_fragment_short,
113983,Les,3,structural_fragment_short,
114018,Lim,3,structural_fragment_short,
104109,AA,2,structural_fragment_short,
104202,Ana,2,structural_fragment_short,
104499,CC,2,structural_fragment_short,
104501,CL,2,structural_fragment_short,
104502,CSL,2,structural_fragment_short,
104808,EH,2,structural_fragment_short,
104889,Eva,2,structural_fragment_short,
105096,HP,2,structural_fragment_short,
105234,IJ,2,structural_fragment_short,
105286,JI,2,structural_fragment_short,
105287,JMC,2,structural_fragment_short,
105357,Jim,2,structural_fragment_short,
105603,Lea,2,structural_fragment_short,
105631,Ley,2,structural_fragment_short,
105702,MC,2,structural_fragment_short,
105705,MI,2,structural_fragment_short,
105709,MMA,2,structural_fragment_short,
106014,N.,2,structural_fragment_short,
106300,RP,2,structural_fragment_short,
106440,S.M,2,structural_fragment_short,
106442,SB,2,structural_fragment_short,
106694,Sue,2,structural_fragment_short,
106866,Uwe,2,structural_fragment_short,
107114,Åse,2,structural_fragment_short,
108181,Jr.,2,structural_fragment_short,
108677,PhD,2,structural_fragment_short,
109679,Ran,2,structural_fragment_short,
109783,Boe,2,structural_fragment_short,
110202,Tam,2,structural_fragment_short,
110469,Joy,2,structural_fragment_short,
110652,Lee,2,structural_fragment_short,
110761,Cox,2,structural_fragment_short,
111532,Ude,2,structural_fragment_short,
112303,Lew,2,structural_fragment_short,
112568,Bob,2,structural_fragment_short,
112991,Joe,2,structural_fragment_short,
113021,Ian,2,structural_fragment_short,
113069,Vis,2,structural_fragment_short,
113986,Yue,2,structural_fragment_short,
113987,Xie,2,structural_fragment_short,
113988,Wei,2,structural_fragment_short,
113989,Ram,2,structural_fragment_short,
114090,Huh,2,structural_fragment_short,
114232,Pon,2,structural_fragment_short,
114295,Sam,2,structural_fragment_short,
114358,Roe,2,structural_fragment_short,
114389,Lea,2,structural_fragment_short,
114615,Coe,2,structural_fragment_short,
114913,Guy,2,structural_fragment_short,
45933,Amy,1,structural_fragment_short,
79802,OS,1,structural_fragment_short,
79839,SO,1,structural_fragment_short,
99880,Lam,1,structural_fragment_short,
99944,Tam,1,structural_fragment_short,
104110,AH,1,structural_fragment_short,
104111,AJ,1,structural_fragment_short,
104112,AM,1,structural_fragment_short,
104113,AN,1,structural_fragment_short,
104114,AV,1,structural_fragment_short,
104157,Al,1,structural_fragment_short,
104175,Ali,1,structural_fragment_short,
104232,Ann,1,structural_fragment_short,
104302,B.R,1,structural_fragment_short,
104303,BW,1,structural_fragment_short,
104307,Bai,1,structural_fragment_short,
104325,Bao,1,structural_fragment_short,
104497,CA,1,structural_fragment_short,
104500,CJ,1,structural_fragment_short,
104611,Cia,1,structural_fragment_short,
104657,Cox,1,structural_fragment_short,
104683,DJ,1,structural_fragment_short,
104684,DS,1,structural_fragment_short,
104685,DW,1,structural_fragment_short,
104806,E-J,1,structural_fragment_short,
104809,ES,1,structural_fragment_short,
104894,Ewa,1,structural_fragment_short,
104896,F.,1,structural_fragment_short,
104897,FJ,1,structural_fragment_short,
104985,GJ,1,structural_fragment_short,
104995,Gao,1,structural_fragment_short,
105083,Guo,1,structural_fragment_short,
105089,Guy,1,structural_fragment_short,
105095,HM,1,structural_fragment_short,
105214,Hua,1,structural_fragment_short,
105232,I.,1,structural_fragment_short,
105233,ICM,1,structural_fragment_short,
105245,Ims,1,structural_fragment_short,
105246,Ina,1,structural_fragment_short,
105278,Ivy,1,structural_fragment_short,
105284,JA,1,structural_fragment_short,
105285,JH,1,structural_fragment_short,
105288,JP,1,structural_fragment_short,
105338,Jen,1,structural_fragment_short,
105366,Joe,1,structural_fragment_short,
105415,K.L,1,structural_fragment_short,
105416,KD,1,structural_fragment_short,
105417,KL,1,structural_fragment_short,
105551,Kut,1,structural_fragment_short,
105560,L.,1,structural_fragment_short,
105561,L.J,1,structural_fragment_short,
105564,LJV,1,structural_fragment_short,
105566,LS,1,structural_fragment_short,
105567,LT,1,structural_fragment_short,
105606,Lee,1,structural_fragment_short,
105650,Lis,1,structural_fragment_short,
105703,MD,1,structural_fragment_short,
105704,MDM,1,structural_fragment_short,
105706,MK,1,structural_fragment_short,
105707,MKR,1,structural_fragment_short,
105710,MS,1,structural_fragment_short,
105712,Ma,1,structural_fragment_short,
105849,May,1,structural_fragment_short,
105879,Meg,1,structural_fragment_short,
105884,Mel,1,structural_fragment_short,
105946,Ml,1,structural_fragment_short,
106015,NM,1,structural_fragment_short,
106016,NS,1,structural_fragment_short,
106028,Nam,1,structural_fragment_short,
106063,Ngo,1,structural_fragment_short,
106132,Oh,1,structural_fragment_short,
106162,PG,1,structural_fragment_short,
106163,PJD,1,structural_fragment_short,
106209,Per,1,structural_fragment_short,
106237,Pia,1,structural_fragment_short,
106261,Pon,1,structural_fragment_short,
106298,R.,1,structural_fragment_short,
106299,RL,1,structural_fragment_short,
106305,Raf,1,structural_fragment_short,
106331,Ray,1,structural_fragment_short,
106393,Rod,1,structural_fragment_short,
106400,Rol,1,structural_fragment_short,
106423,Roy,1,structural_fragment_short,
106441,S.N,1,structural_fragment_short,
106443,SC,1,structural_fragment_short,
106545,Sen,1,structural_fragment_short,
106595,Sim,1,structural_fragment_short,
106695,Suh,1,structural_fragment_short,
106737,T.,1,structural_fragment_short,
106764,Ted,1,structural_fragment_short,
106781,The,1,structural_fragment_short,
106846,Udo,1,structural_fragment_short,
106850,Ulf,1,structural_fragment_short,
106868,Uzo,1,structural_fragment_short,
106869,VM,1,structural_fragment_short,
106934,Vo,1,structural_fragment_short,
106941,WF,1,structural_fragment_short,
106955,Wan,1,structural_fragment_short,
106986,Wes,1,structural_fragment_short,
107006,Wim,1,structural_fragment_short,
107030,Yen,1,structural_fragment_short,
107043,Yu,1,structural_fragment_short,
107059,Zan,1,structural_fragment_short,
107075,Zoë,1,structural_fragment_short,
108024,DSW,1,structural_fragment_short,
108044,LSW,1,structural_fragment_short,
108048,MPA,1,structural_fragment_short,
108059,BSW,1,structural_fragment_short,
108808,MSW,1,structural_fragment_short,
109563,Lie,1,structural_fragment_short,
110040,May,1,structural_fragment_short,
110256,Koh,1,structural_fragment_short,
110257,Eun,1,structural_fragment_short,
110367,Pat,1,structural_fragment_short,
110506,Eli,1,structural_fragment_short,
110776,Kia,1,structural_fragment_short,
110856,Jan,1,structural_fragment_short,
111066,Ely,1,structural_fragment_short,
111143,See,1,structural_fragment_short,
111368,Esh,1,structural_fragment_short,
111611,Chi,1,structural_fragment_short,
111685,Lun,1,structural_fragment_short,
111852,Dee,1,structural_fragment_short,
112131,Bev,1,structural_fragment_short,
112285,Law,1,structural_fragment_short,
112296,Don,1,structural_fragment_short,
112435,Lam,1,structural_fragment_short,
112446,Rey,1,structural_fragment_short,
112450,Fox,1,structural_fragment_short,
112485,Ron,1,structural_fragment_short,
112523,Pam,1,structural_fragment_short,
112592,Bea,1,structural_fragment_short,
112602,Dan,1,structural_fragment_short,
112607,Ned,1,structural_fragment_short,
112618,Tim,1,structural_fragment_short,
112652,Rob,1,structural_fragment_short,
112662,Kus,1,structural_fragment_short,
112669,Leo,1,structural_fragment_short,
112915,Poe,1,structural_fragment_short,
113158,Ivy,1,structural_fragment_short,
113751,Gil,1,structural_fragment_short,
113830,III,1,structural_fragment_short,
113871,Hal,1,structural_fragment_short,
114130,Epp,1,structural_fragment_short,
114402,Wes,1,structural_fragment_short,
114552,Key,1,structural_fragment_short,
114604,Jon,1,structural_fragment_short,
114687,Ahn,1,structural_fragment_short,
114692,Rea,1,structural_fragment_short,
114741,Day,1,structural_fragment_short,
114756,Kok,1,structural_fragment_short,
114910,Azy,1,structural_fragment_short,
104257,Anu,0,structural_fragment_short,
104289,Au,0,structural_fragment_short,
104414,Bob,0,structural_fragment_short,
104820,Eia,0,structural_fragment_short,
105354,Jet,0,structural_fragment_short,
105421,Kai,0,structural_fragment_short,
105470,Ken,0,structural_fragment_short,
105641,Lin,0,structural_fragment_short,
105655,Liu,0,structural_fragment_short,
105912,Mey,0,structural_fragment_short,
106054,Nel,0,structural_fragment_short,
106289,Put,0,structural_fragment_short,
106374,Rip,0,structural_fragment_short,
106810,Tom,0,structural_fragment_short,
106863,Ute,0,structural_fragment_short,
107068,Zhu,0,structural_fragment_short,
109180,Ben,0,structural_fragment_short,
110031,Deb,0,structural_fragment_short,
111098,Amy,0,structural_fragment_short,
111503,Jay,0,structural_fragment_short,
111743,Toc,0,structural_fragment_short,
111903,Jim,0,structural_fragment_short,
112122,Eve,0,structural_fragment_short,
114166,Erb,0,structural_fragment_short,
