record_key,source_database,year,title,authors,journal_or_venue,doi,record_type,screening_basis,is_relevant,evidence_class,empirical_method,outcome_group,database_method,corrected_by_audit,corrected_by_spot_check
SWRD:127456,SWRD,1989,"Ethnicity, Power and Discontent: The Problem of Identity Reconstruction in a Pluralist Society","Mohan, Brij",Indian Journal of Social Work,,Article,title_and_abstract,False,Not applicable,Not applicable,Irrelevant,,False,False
SWRD:122191,SWRD,1989,Mental health consultation with area social work teams.,"Fisher, Mike; Cohen, Jeffrey; Butler, Alan",Social Work & Social Sciences Review,,Article,title_and_abstract,False,Not applicable,Not applicable,Irrelevant,,False,False
SWRD:83706,SWRD,1989,Swallowing your anger': A study of attempted suicide in female adolescence,Fiona Gardner,Journal of Social Work Practice,10.1080/02650538908413398,Journal Article,title_only,True,Non-empirical,Not applicable,Non-empirical,,False,False
SWRD:108329,SWRD,1990,A review of automated assessment.,"Nurius, Paula S.",Journal of Technology in Human Services,10.1300/J407v06n04_05,,title_and_abstract,False,Not applicable,Not applicable,Irrelevant,,False,False
SWRD:2279,SWRD,1990,ATTEMPTED-SUICIDE AMONG ADOLESCENTS,"GILLILAND, D",British Journal of Social Work,,Note,title_only,True,Non-empirical,Not applicable,Non-empirical,,False,False
SWRD:74347,SWRD,1990,Research note: Attempted suicide among adolescents,Gilliland D.,British Journal of Social Work,,Journal Article,title_only,True,Non-empirical,Not applicable,Non-empirical,,False,False
SWRD:77429,SWRD,1991,Assessing an adult mental health clinic for age-related issues,Chinlund P.,Journal of Gerontological Social Work,10.1300/j083v16n03_16,Journal Article,title_and_abstract,True,Empirical,Quantitative,Quantitative,Qualitative,False,False
SWRD:79591,SWRD,1991,Counselling bereaved middle aged children: Parental suicide survivors,Dane B.,Clinical Social Work Journal,10.1007/bf00759115,Journal Article,title_and_abstract,True,Non-empirical,Not applicable,Non-empirical,,False,False
SWRD:2002,SWRD,1991,"RISK-FACTORS FOR YOUTH SUICIDE - DAVIDSON,L, LINNOLLA,M","LITTLE, M",British Journal of Social Work,,Book Review,title_only,True,Non-empirical,Not applicable,Non-empirical,,False,False
SWRD:121949,SWRD,1991,Suicidal tendency and multiple sclerosis.,,Health & Social Work,,Article,title_and_abstract,True,Empirical,Quantitative,Quantitative,Quantitative,False,False
SWRD:2003,SWRD,1991,"SUICIDE-PREVENTION IN SCHOOLS - LEENAARS,A","LITTLE, M",British Journal of Social Work,,Book Review,title_only,True,Non-empirical,Not applicable,Non-empirical,,False,False
SWRD:54003,SWRD,1991,"YOUTH SUICIDE - ISSUES, ASSESSMENT, AND INTERVENTION - CIMBOLIC,P, JOBES,DA","PROCHASKA, JM",Families in Society,10.1177/104438949107200713,Book Review,title_only,True,Non-empirical,Not applicable,Non-empirical,,False,False
SWRD:238,SWRD,1992,ANNIVERSARY REACTIONS - TRAUMA REVISITED,"GABRIEL, MA",Clinical Social Work Journal,10.1007/bf00756507,Article,title_and_abstract,False,Not applicable,Not applicable,Irrelevant,,False,False
SWRD:126737,SWRD,1992,Parents of Children Who Commit Suicide as Victims of Stigma,,Social Work-Maatskaplike Werk,,Article,title_and_abstract,True,Empirical,Qualitative,Qualitative,Qualitative,False,False
SWRD:75,SWRD,1992,SEVERE BORDERLINES AND SELF PSYCHOLOGY,"DUBLIN, P",Clinical Social Work Journal,10.1007/bf00754640,Article,title_and_abstract,False,Not applicable,Not applicable,Irrelevant,,False,False
SWRD:97616,SWRD,1992,Suicide attempts among indian women in Singapore,Mehta K.,British Journal of Social Work,10.1080/21650993.1992.9755594,Journal Article,title_and_abstract,True,Empirical,Qualitative,Qualitative,Qualitative,False,False
SWRD:34445,SWRD,1993,"DIFFERENCES AMONG ADOLESCENT, YOUNG-ADULT, AND ADULT CALLERS OF SUICIDE HELP LINES","DEANDA, D; Smith, MA",Social Work,,Article,title_and_abstract,True,Empirical,Quantitative,Quantitative,Quantitative,False,False
SWRD:34539,SWRD,1993,KOHUT TRAGIC MAN - AN EXAMPLE FROM DEATH OF A SALESMAN,"WELLEK, JS",Clinical Social Work Journal,10.1007/bf00754535,Article,title_and_abstract,False,Not applicable,Not applicable,Irrelevant,,False,False
SWRD:1072,SWRD,1993,PERSONAL HISTORY OF PSYCHOSOCIAL TRAUMA IN THE EARLY-LIFE OF SOCIAL-WORK AND BUSINESS STUDENTS,"BLACK, PN; JEFFREYS, D; HARTLEY, EK",Journal of Social Work Education,10.1080/10437797.1993.10778812,Article,title_and_abstract,False,Not applicable,Not applicable,Irrelevant,Quantitative,False,False
SWRD:121828,SWRD,1993,Psychotherapy of the multi-symptom patient: An integrated object relations/self psychology mode.,"Cornett, Carlton",Psychoanalytic Social Work,,Article,title_and_abstract,False,Not applicable,Not applicable,Irrelevant,,False,False
SWRD:53805,SWRD,1993,SHORT-TERM TREATMENT OF A SEVERELY SUICIDAL JAPANESE-AMERICAN CLIENT WITH SCHIZOAFFECTIVE DISORDER,"NEWHILL, CE",Families in Society,10.1177/104438949307400810,Article,title_only,True,Non-empirical,Not applicable,Non-empirical,,False,False
SWRD:1076,SWRD,1993,SUICIDE-PREVENTION - A CLASSROOM PRESENTATION TO ADOLESCENTS,"CIFFONE, J",Social Work,,Article,title_and_abstract,True,Empirical,Quantitative,Quantitative,Quantitative,False,False
SWRD:25891,SWRD,1994,CHILDHOOD SUICIDE AND MYTHS SURROUNDING IT,"GREENE, DB",Social Work,,Editorial Material,title_only,True,Non-empirical,Not applicable,Non-empirical,,False,False
SWRD:126793,SWRD,1994,Harmful Consequences of Sexual Abuse: Myth or Reality,"Cole, J",Social Work-Maatskaplike Werk,,Article,title_and_abstract,False,Not applicable,Not applicable,Irrelevant,Quantitative,False,False
SWRD:34152,SWRD,1994,"OF AGEISM, SUICIDE, AND LIMITING LIFE","SCHNEEWIND, EH",Journal of Gerontological Social Work,,Article,title_and_abstract,True,Non-empirical,Not applicable,Non-empirical,,False,False
SWRD:25693,SWRD,1994,PSYCHOSOCIAL TREATMENT OF DEPRESSION IN WOMEN - 9 SINGLE-SUBJECT EVALUATIONS,"Jensen, C",Research on Social Work Practice,10.1177/104973159400400301,Article,title_and_abstract,False,Not applicable,Not applicable,Irrelevant,Quantitative,False,False
SWRD:25600,SWRD,1994,"RISK-FACTORS FOR SUICIDE AMONG GAY, LESBIAN, AND BISEXUAL YOUTHS","PROCTOR, CD; GROZE, VK",Social Work,10.1093/sw/39.5.504,Article; Proceedings Paper,title_and_abstract,True,Empirical,Quantitative,Quantitative,Quantitative,False,False
SWRD:25629,SWRD,1994,SELFOBJECT FUNCTIONS OF THE FAMILY - IMPLICATIONS FOR FAMILY-THERAPY,"UNGAR, MT; LEVENE, JE",Clinical Social Work Journal,10.1007/bf02190360,Article,title_and_abstract,False,Not applicable,Not applicable,Irrelevant,,False,False
SWRD:80684,SWRD,1994,Suicide ideation among a stratified sample of rural and urban adolescents,Albers E.; Evans W.,Child & Adolescent Social Work Journal,10.1007/bf01876588,Journal Article,title_and_abstract,True,Empirical,Quantitative,Quantitative,Quantitative,False,False
SWRD:33956,SWRD,1994,THE ETHICS OF ASSISTED SUICIDE,"Callahan, J",Health & Social Work,10.1093/hsw/19.4.237,Article,title_and_abstract,False,Not applicable,Not applicable,Irrelevant,,False,False
SWRD:127696,SWRD,1995,AIDS and Homophobia/Heterosexism,"Appleby, George A",Sexual and Gender Diversity in Social Services,,Article,title_and_abstract,False,Not applicable,Not applicable,Irrelevant,,False,False
SWRD:54273,SWRD,1995,AN OPPORTUNITY LOST - THE FAILURE OF THE MICHIGAN-COMMISSION-ON-DEATH-AND-DYING,"ELLIN, J",The Journal of Sociology & Social Welfare,,Article; Proceedings Paper,title_and_abstract,False,Not applicable,Not applicable,Irrelevant,,False,False
SWRD:98910,SWRD,1995,Chapter 1: Aids and homophobia/heterosexism,Appleby G.; Khabir Williams,Journal of Gerontological Social Work,10.1300/j041v02n03_01,Journal Article,title_and_abstract,False,Not applicable,Not applicable,Irrelevant,,False,False
SWRD:25539,SWRD,1995,"MURDER, SUICIDE AND VIOLENCE - IMPACTS ON THE SOCIAL-WORKER","SMITH, MS; NURSTEN, JP",Journal of Social Work Practice,10.1080/02650539508413985,Article,title_and_abstract,True,Non-empirical,Not applicable,Non-empirical,,False,False
SWRD:77326,SWRD,1995,"Of Ageism, Suicide, and Limiting Life",Schneewind E.,Journal of Gerontological Social Work,10.1300/j083v23n01_08,Journal Article,title_and_abstract,True,Non-empirical,Not applicable,Non-empirical,,False,False
SWRD:53622,SWRD,1995,PREADOLESCENT SUICIDE - HOW TO ASK AND HOW TO RESPOND,"JACKSON, H; HESS, PM; VANDALEN, A",Families in Society,10.1177/104438949507600501,Article,title_and_abstract,True,Non-empirical,Not applicable,Non-empirical,,False,False
SWRD:74158,SWRD,1995,Research note: An attempt to classify adolescent parasuicide attempters,Gilliland D.,British Journal of Social Work,,Journal Article,title_and_abstract,True,Empirical,Quantitative,Quantitative,Quantitative,False,False
SWRD:106321,SWRD,1995,"SCHIZOPHRENIA, SUICIDE AND SPIRITUALITY: HELPING FAMILIES COPE","Greenlee, Richard W",Journal of Technology in Human Services,,,title_only,True,Non-empirical,Not applicable,Non-empirical,,False,False
SWRD:33405,SWRD,1995,Storying the suicide of one's child,"MCQUAIDE, S",Clinical Social Work Journal,10.1007/bf02191630,Article,title_and_abstract,True,Non-empirical,Not applicable,Non-empirical,,False,False
SWRD:128083,SWRD,1995,Stress Debriefings for School Professionals Involved in Traumatic Event Response,,School Social Work Journal,,Article,title_and_abstract,False,Not applicable,Not applicable,Irrelevant,,False,False
SWRD:33483,SWRD,1995,SUICIDE RISK AMONG PEOPLE LIVING WITH AIDS,"MANCOSKE, RJ; WADSWORTH, CM; DUGAS, DS; HASNEY, JA",Social Work,,Article,title_and_abstract,True,Empirical,Quantitative,Quantitative,Quantitative,False,False
SWRD:25550,SWRD,1995,THE IMPACT OF PARENTAL SUICIDE ON CHILDREN AND STAFF IN RESIDENTIAL CARE - A CASE-STUDY IN THE FUNCTION OF CONTAINMENT,"Ward, A",Journal of Social Work Practice,10.1080/02650539508413986,Article; Proceedings Paper,title_and_abstract,True,Empirical,Qualitative,Qualitative,,False,False
SWRD:33419,SWRD,1995,"Unemployment, age, gender and regional suicide in England and Wales 1974-90: A harbinger of increased suicide for the 1990s?","PRITCHARD, C",British Journal of Social Work,,Article,title_and_abstract,True,Empirical,Quantitative,Quantitative,Quantitative,False,False
SWRD:127656,SWRD,1996,"A Clash of Knowledges: Toward an Analysis of the Social Organization of AIDS ""Suicide""",,Canadian Social Work Review,,Article,title_and_abstract,True,Non-empirical,Not applicable,Non-empirical,,False,False
SWRD:32852,SWRD,1996,A specific therapeutic approach to suicide risk in borderline clients,"Callahan, J",Clinical Social Work Journal,10.1007/bf02190749,Article,title_and_abstract,True,Non-empirical,Not applicable,Non-empirical,,False,False
SWRD:110544,SWRD,1996,"Adolescent Suicidal Ideation, Social Support and Effective Means of Help","Ho, Wui-shing; Ho, Wui-shing; Recollet, Debra; Turcotte, Daniel; Ho, Kit-wan; Cote-Meek, Sheila; Dumont, Serge; Ho, Kit-wan; Li, Man-chiu; Li, Man-chiu; Coholic, Diana; Provencher, Ysabel",Hong Kong Journal of Social Work,,Journal Article,title_and_abstract,True,Empirical,Quantitative,Quantitative,Quantitative,False,False
SWRD:106312,SWRD,1996,ASSISTED SUICIDE: A CONFLICT OF SOCIAL WORK VALUES,"Mitchell, Christopher; Mitchell, Christopher",Journal of Technology in Human Services,,,title_only,True,Non-empirical,Not applicable,Non-empirical,,False,False
SWRD:105933,SWRD,1996,"Counseling Satisfaction of Gay, Lesbian, and Bisexual College Students.","Sweet, Michael J.",Sexual and Gender Diversity in Social Services,10.1300/J041v04n03_02,,title_and_abstract,False,Not applicable,Not applicable,Irrelevant,Quantitative,False,False
SWRD:24658,SWRD,1996,Documentation of client dangerousness in a managed care environment,"Callahan, J",Health & Social Work,10.1093/hsw/21.3.202,Article,title_and_abstract,False,Not applicable,Not applicable,Irrelevant,,False,False
SWRD:126877,SWRD,1996,Ethical Implications of a Human Rights Culture for Social Work Practice,,Social Work-Maatskaplike Werk,,Article,title_and_abstract,False,Not applicable,Not applicable,Irrelevant,,False,False
SWRD:33329,SWRD,1996,Euthanasia and physician assisted suicide; A social work update,"Smokowski, PR; WODARSKI, JS",Social Work in Health Care,10.1300/j010v23n01_04,Article,title_and_abstract,False,Not applicable,Not applicable,Irrelevant,,False,False
SWRD:124671,SWRD,1996,"History of sexual abuse and parental alcohol misuse: Risk, outcomes and protective factors in adolescents.","Chandy, Joseph M.; Blum, Robert W.",Child & Adolescent Social Work Journal,,Article,title_and_abstract,True,Empirical,Quantitative,Quantitative,Quantitative,False,False
SWRD:24841,SWRD,1996,HIV/AIDS and suicide: Be open,"Holtby, ME",Social Work,,Editorial Material,title_only,True,Non-empirical,Not applicable,Non-empirical,,False,False
SWRD:24847,SWRD,1996,HIV/AIDS and suicide: Further precautions,"MANCOSKE, RJ",Social Work,,Editorial Material,title_only,True,Non-empirical,Not applicable,Non-empirical,,False,False
SWRD:24724,SWRD,1996,Social support and suicide attempts,"Latha, KS; DSouza, P; Bhat, SM",Indian Journal of Social Work,,Article,title_and_abstract,True,Empirical,Quantitative,Quantitative,Quantitative,False,False
SWRD:32918,SWRD,1996,Social work with suicidal clients: Challenges of implementing practice guidelines and standards of care,"Callahan, J",Health & Social Work,10.1093/hsw/21.4.277,Article,title_and_abstract,True,Non-empirical,Not applicable,Non-empirical,,False,False
SWRD:32952,SWRD,1996,"Suicide - The ultimate rejection? A psycho-social study - Pritchard,C","SMITH, M",Journal of Social Work Practice,,Book Review,title_only,True,Non-empirical,Not applicable,Non-empirical,,False,False
SWRD:124695,SWRD,1996,"Suicide ideation, attempts and abuse among incarcerated gang and nongang delinquents.","Evans, William; Albers, Eric",Child & Adolescent Social Work Journal,,Article,title_and_abstract,True,Empirical,Quantitative,Quantitative,Quantitative,False,False
SWRD:33325,SWRD,1996,"Suicide risk among people living with AIDS (vol 40, pg 783, 1995)","Sikes, DS",Social Work,,"Correction, Addition",title_only,True,Non-empirical,Not applicable,Non-empirical,,False,False
SWRD:124634,SWRD,1997,'Who would find you?' A question for working with suicidal children and adolescents.,"Holman, Warren Dana",Child & Adolescent Social Work Journal,,Article,title_and_abstract,True,Non-empirical,Not applicable,Non-empirical,,False,False
SWRD:32570,SWRD,1997,A test of a model with reciprocal effects between religiosity and various forms of delinquency using 2-stage least squares regression,"Benda, BB; Corwyn, RF",Journal of Social Service Research,10.1300/j079v22n03_02,Review,title_and_abstract,True,Empirical,Quantitative,Quantitative,Quantitative,False,False
SWRD:96933,SWRD,1997,Abused women in New Mexican shelters: Factors that influence independence on discharge,Hilbert J.C.; Kolia R.; VanLeeuwen D.M.,Social Work,10.1177/088610999701200403,Journal Article,title_and_abstract,False,Not applicable,Not applicable,Irrelevant,Quantitative,False,False
SWRD:32400,SWRD,1997,"Assisted suicide, community, and the common good","Callahan, J",Health & Social Work,10.1093/hsw/22.4.243,Editorial Material,title_only,False,Not applicable,Not applicable,Irrelevant,,False,False
SWRD:110524,SWRD,1997,Baseline Study Report on the Community Care Patterns and Networking Strategies of the Elderly in Hong Kong,"Kreitzer, Linda; Yeung, Agnes; Yeung, Agnes; Yeung, Agnes; Yeung, Agnes; Schwartz, Karen; Chow, Esther; Li, Ping-Wai; Barlow, Constance A",Hong Kong Journal of Social Work,,Journal Article,title_and_abstract,False,Not applicable,Not applicable,Irrelevant,,False,False
SWRD:24197,SWRD,1997,"Global trends in suicide prevention: Towards the development of national strategies for suicide prevention - Ramsay,RF, Tanney,BL","PATEL, V",Indian Journal of Social Work,,Book Review,title_only,True,Non-empirical,Not applicable,Non-empirical,,False,False
SWRD:98824,SWRD,1997,"Growing up with a “spoiled identity”: Lesbian, gay and bisexual youth at risk",Grossman A.,Journal of Gerontological Social Work,10.1300/j041v06n03_03,Journal Article,title_and_abstract,False,Not applicable,Not applicable,Irrelevant,,False,False
SWRD:106632,SWRD,1997,"I Will Survive: Lesbian, Gay, and Bisexual Youths' Experience of High School.","Jordan, Karen M.; Vaughan, Jill S.; Woodworth, Katharine J.",Sexual and Gender Diversity in Social Services,,,title_and_abstract,True,Empirical,Quantitative,Quantitative,Quantitative,False,False
SWRD:110534,SWRD,1997,Teenage Drugs Subculture: Implications for Preventive Strategies in Social Work Practice,"Lai, Kwok-Hung; Lai, Kwok-Hung; Silver, Richard; Kuwee-Kumsa, Martha",Hong Kong Journal of Social Work,,Journal Article,title_and_abstract,False,Not applicable,Not applicable,Irrelevant,,False,False
SWRD:103657,SWRD,1997,The Ultimate Termination: A Dialogue,Gagnon; Katia,Reflections: Narratives of Professional Helping,,Article,title_and_abstract,True,Non-empirical,Not applicable,Non-empirical,,False,False
SWRD:31965,SWRD,1998,A consumer study of young people's views on their educational social worker: Engagement as a measure of an effective relationship,"PRITCHARD, C; Cotton, A; Bowen, D; WILLIAMS, R",British Journal of Social Work,,Article,title_and_abstract,False,Not applicable,Not applicable,Irrelevant,Quantitative,False,False
SWRD:79531,SWRD,1998,A Postmodern Perspective on Black Suicides in the United States,Washington R.O.; McCarley L.,Journal of Human Behavior in the Social Environment,10.1080/10911359.1998.10530794,Journal Article,title_and_abstract,True,Non-empirical,Not applicable,Non-empirical,,False,False
SWRD:32123,SWRD,1998,Adolescent deviant behavior: Multiple contingency table analyses of overlap between behaviors,"Benda, BB; Corwyn, RF",Journal of Social Service Research,10.1300/j079v24n01_02,Article,title_and_abstract,True,Empirical,Quantitative,Quantitative,Quantitative,False,False
SWRD:23827,SWRD,1998,Assisted suicide,"Miller, PJ",Social Work,10.1093/sw/43.4.384,Letter,title_only,False,Not applicable,Not applicable,Irrelevant,,False,False
SWRD:23983,SWRD,1998,Euthanasia and assisted suicide: A survey of registered social workers in British Columbia,"Ogden, RD; Young, MG",British Journal of Social Work,,Article,title_and_abstract,False,Not applicable,Not applicable,Irrelevant,Quantitative,False,False
SWRD:32249,SWRD,1998,Evaluating an intervention for the elderly at increased risk of suicide,"Morrow-Howell, N; Becker-Kemppainen, S; Judy, L",Research on Social Work Practice,10.1177/104973159800800104,Article; Proceedings Paper,title_and_abstract,True,Empirical,Quantitative,Quantitative,Quantitative,False,False
SWRD:98780,SWRD,1998,"I will survive: Lesbian, gay, and bisexual youths’ experience of high school",Jordan K.; Dora Tam; Vaughan J.; Tangela C. Sawyerr; Woodworth K.; Emma Miller,Journal of Gerontological Social Work,10.1300/j041v07n04_02,Journal Article,title_and_abstract,True,Empirical,Quantitative,Quantitative,Quantitative,False,False
SWRD:23913,SWRD,1998,It's like death - but not permanent,"Deacon, J",Journal of Social Work Practice,10.1080/02650539808415134,Article; Proceedings Paper,title_and_abstract,True,Non-empirical,Not applicable,Non-empirical,Qualitative,False,False
SWRD:126201,SWRD,1998,"Long-term evaluation of group counselling of women with a history of child sexual abuse: focus on depression, self-esteem, suicidal behaviors and social support.","Bagley, C.",Social Work with Groups,,Article,title_and_abstract,True,Empirical,Quantitative,Quantitative,Quantitative,False,False
SWRD:103605,SWRD,1998,Not the Time: A Personal Reflection on Counseling Families on End-of-Life Decisions,Jordan Marie; Raffety,Reflections: Narratives of Professional Helping,,Article,title_and_abstract,False,Not applicable,Not applicable,Irrelevant,,False,False
SWRD:124575,SWRD,1998,Pregnant and postpartum adolescents' perceptions of the consequences of child abuse.,"Geva, Judith",Child & Adolescent Social Work Journal,,Article,title_and_abstract,False,Not applicable,Not applicable,Irrelevant,Quantitative,False,False
SWRD:98793,SWRD,1998,Prevalence of suicide attempts and suicidal ideation among lesbian and gay youth,Saulnier C.,Journal of Gerontological Social Work,10.1300/j041v08n03_05,Journal Article,title_and_abstract,True,Non-empirical,Not applicable,Non-empirical,,False,False
SWRD:32242,SWRD,1998,Social work assessment at end of life: Practice guidelines for suicide and the terminally ill,"Miller, PJ; Hedlund, SC; Murphy, KA",Social Work in Health Care,10.1300/j010v26n04_02,Article,title_and_abstract,True,Non-empirical,Not applicable,Non-empirical,,False,False
SWRD:23865,SWRD,1998,The effects of suicide on the private practitioner: A professional and personal perspective,"FOX, R; COOPER, M",Clinical Social Work Journal,10.1023/a:1022866917611,Article,title_and_abstract,True,Non-empirical,Not applicable,Non-empirical,,False,False
SWRD:23659,SWRD,1998,The therapeutic potential for growth during the termination process,"Anthony, S; Pagano, G",Clinical Social Work Journal,10.1023/a:1022872011238,Article,title_and_abstract,False,Not applicable,Not applicable,Irrelevant,,False,False
SWRD:85233,SWRD,1998,"Youth unemployment, economic deprivation and suicide",Hagquist C.,International Journal of Social Welfare,10.1111/j.1468-2397.1998.tb00253.x,journal-article,title_and_abstract,True,Empirical,Quantitative,Quantitative,Quantitative,False,False
SWRD:23068,SWRD,1999,Desire to die in terminally ill people:: A framework for assessment and intervention,"Van Loon, RA",Health & Social Work,10.1093/hsw/24.4.260,Article,title_and_abstract,True,Non-empirical,Not applicable,Non-empirical,,False,False
SWRD:31817,SWRD,1999,"Disease, pain and suicidal behavior.","Meister, ND",Journal of Psychosocial Oncology,10.1300/j077v17n01_06,Book Review,title_only,True,Non-empirical,Not applicable,Non-empirical,,False,False
SWRD:31714,SWRD,1999,Euthanasia and assisted suicide: Issues for social work practice,"Csikai, EL",Journal of Gerontological Social Work,10.1300/j083v31n03_04,Article,title_and_abstract,False,Not applicable,Not applicable,Irrelevant,,False,False
SWRD:31715,SWRD,1999,Hospital social workers' attitudes toward euthanasia and assisted suicide,"Csikai, EL",Social Work in Health Care,,Article,title_and_abstract,False,Not applicable,Not applicable,Irrelevant,Quantitative,False,False
SWRD:81741,SWRD,1999,"Long-term evaluation of group counselling for women with a history of child sexual abuse: Focus on depression, self-esteem, suicidal behaviors and social support",Bagley C.,Social Work with Groups,10.1300/j009v21n03_06,Journal Article,title_and_abstract,True,Empirical,Quantitative,Quantitative,Quantitative,False,False
SWRD:122667,SWRD,1999,On the Receiving End of Social Work Services.,"Cohen, Marcia B.",Reflections: Narratives of Professional Helping,,Article,title_and_abstract,True,Non-empirical,Not applicable,Non-empirical,,False,False
SWRD:79502,SWRD,1999,Risk factors for suicidal behavior among alcoholics: Factors associated with a history of ideation vs. a history of parasuicide,Smyth N.J.,Journal of Human Behavior in the Social Environment,10.1300/j137v02n03_05,Journal Article,title_and_abstract,True,Empirical,Quantitative,Quantitative,Quantitative,False,False
SWRD:31716,SWRD,1999,The role of values and experience in determining social workers' attitudes toward euthanasia and assisted suicide,"Csikai, EL",Social Work in Health Care,,Article,title_and_abstract,False,Not applicable,Not applicable,Irrelevant,Quantitative,False,False
SWRD:23125,SWRD,1999,World mental health - Problems and perspective,"SEIPEL, MMO",International Social Work,10.1177/002087289904200403,Article,title_and_abstract,False,Not applicable,Not applicable,Irrelevant,,False,False
SWRD:98690,SWRD,2000,Gay Youth: More visible but fewer problems?,Alexander C.,Journal of Gerontological Social Work,10.1300/j041v11n04_07,Journal Article,title_and_abstract,False,Not applicable,Not applicable,Irrelevant,,False,False
SWRD:77774,SWRD,2000,Hospital social workers’ attitudes toward euthanasia and assisted suicide,Csikai E.,Social Work in Health Care,10.1300/j010v30n01_04,Journal Article,title_and_abstract,False,Not applicable,Not applicable,Irrelevant,Quantitative,False,False
SWRD:23000,SWRD,2000,Life after death with dignity: The Oregon experience,"Miller, PJ",Social Work,10.1093/sw/45.3.263,Article,title_and_abstract,False,Not applicable,Not applicable,Irrelevant,,False,False
SWRD:22936,SWRD,2000,Night falls fast: Understanding suicide.,"Heller, NR",Clinical Social Work Journal,10.1023/a:1005190629668,Book Review,title_only,True,Non-empirical,Not applicable,Non-empirical,,False,False
SWRD:22867,SWRD,2000,Suicide and mental health problems among Swedish youth in the wake of the 1990s recession,"Hagquist, C; Silburn, SR; Zubrick, SR; Lindberg, G; Weitoft, GR",International Journal of Social Welfare,10.1111/1468-2397.00130,Article,title_and_abstract,True,Empirical,Quantitative,Quantitative,Quantitative,False,False
SWRD:77777,SWRD,2000,The role of values and experience in determining social workers’ attitudes toward euthanasia and assisted suicide,Ecsikai E.,Social Work in Health Care,10.1300/j010v30n01_05,Journal Article,title_and_abstract,False,Not applicable,Not applicable,Irrelevant,Quantitative,False,False
SWRD:100900,SWRD,2000,"Three communities' knowledge, attitudes and behaviour regarding suicide",Engelbrecht; McPhail; MC; Beverly; Van Vuuren,Social Work-Maatskaplike Werk,10.15270/36-1-1552,Article,title_and_abstract,True,Empirical,Quantitative,Quantitative,Quantitative,False,False
SWRD:81712,SWRD,2000,Time-limited cognitive-behavioral group interventions with suicidal adolescents,Rittner B.; Smyth N.J.,Social Work with Groups,10.1300/j009v22n02_05,Journal Article,title_and_abstract,True,Non-empirical,Not applicable,Non-empirical,,False,False
SWRD:31461,SWRD,2000,Understanding suicide attempts by adolescent Hispanic females,"ZAYAS, LH; Kaplan, C; Turner, S; Romano, K; Gonzalez-Ramos, G",Social Work,10.1093/sw/45.1.53,Article,title_and_abstract,True,Non-empirical,Not applicable,Non-empirical,,False,False
SWRD:30977,SWRD,2001,Analyzing end-of-life care legislation: A social work perspective,"Roff, S",Social Work in Health Care,10.1300/j010v33n01_05,Article; Proceedings Paper,title_and_abstract,False,Not applicable,Not applicable,Irrelevant,,False,False
SWRD:31010,SWRD,2001,Bullying as a social malady in contemporary Japan,"Treml, JN",International Social Work,10.1177/002087280104400109,Article,title_and_abstract,True,Non-empirical,Not applicable,Non-empirical,,False,False
SWRD:124364,SWRD,2001,Coerced sexual experiences among adolescent substance abusers: A potential pathway to increased vulnerability to HIV exposure.,"Tubman, Jonathan G.; Calderon, Diana M.",Child & Adolescent Social Work Journal,,Article,title_and_abstract,False,Not applicable,Not applicable,Irrelevant,Quantitative,False,False
SWRD:22489,SWRD,2001,Ethical issues in the social worker's role in physician-assisted suicide,"Manetta, AA; Wells, JG",Health & Social Work,10.1093/hsw/26.3.160,Article,title_and_abstract,False,Not applicable,Not applicable,Irrelevant,Quantitative,False,False
SWRD:22554,SWRD,2001,Mortality after care among young adult foster children in Sweden,"Vinnerljung, B; Ribe, M",International Journal of Social Welfare,10.1111/1468-2397.00169,Article,title_and_abstract,True,Empirical,Quantitative,Quantitative,Quantitative,False,False
SWRD:30902,SWRD,2001,Night falls fast: Understanding suicide.,"Howard, MO; Vaughn, MG",Journal of Social Service Research,,Book Review,title_only,True,Non-empirical,Not applicable,Non-empirical,,False,False
SWRD:30927,SWRD,2001,Prevention principles for practitioners: A solution or an illusion?,"LURIE, A; Monahan, K",Social Work in Health Care,10.1300/j010v33n01_06,Article; Proceedings Paper,title_and_abstract,False,Not applicable,Not applicable,Irrelevant,,False,False
SWRD:124371,SWRD,2001,Risk for preadolescent suicidal behavior: An ecological model.,,Child & Adolescent Social Work Journal,,Article,title_and_abstract,True,Empirical,Quantitative,Quantitative,Quantitative,False,False
SWRD:100866,SWRD,2001,Selfmoordneigings en selfdestruktiewe gedrag tydens adolessensie: 'n gestaltterapeutiese riglyn,Swanepoel; Kamerman; Joubert; Sheila B.; JMC,Social Work-Maatskaplike Werk,10.15270/37-3-1507,Article,title_and_abstract,True,Empirical,Quantitative,Quantitative,Quantitative,False,False
SWRD:127015,SWRD,2001,Suicide and Self-Destructive Behavior in Adolescence: A Gestalt Therapeutic Guideline,,Social Work-Maatskaplike Werk,,Article,title_and_abstract,True,Empirical,Quantitative,Quantitative,Quantitative,False,False
SWRD:77182,SWRD,2001,Suicide and the Elderly: Issues for Clinical Practice,Roff S.,Journal of Gerontological Social Work,10.1300/j083v35n02_03,Journal Article,title_and_abstract,True,Non-empirical,Not applicable,Non-empirical,,False,False
SWRD:22254,SWRD,2001,The relationship between the comorbidity of depression with problems in psychosocial functioning and the severity of suicidal ideation,"NUGENT, WR; WILLIAMS, M",Social Service Review,10.1086/323164,Article,title_and_abstract,True,Empirical,Quantitative,Quantitative,Quantitative,False,False
SWRD:124367,SWRD,2001,"The self--Yesterday, today, and tomorrow: Another look at adolescent suicide.","Carlson, Karen Townsend",Child & Adolescent Social Work Journal,,Article,title_and_abstract,True,Empirical,Quantitative,Quantitative,Quantitative,False,False
SWRD:30649,SWRD,2001,"The Videotaped Addiction Challenge Tool: a new instrument for qualitative substance abuse assessment, treatment planning and research in therapeutic communities","Broekaert, E; Soyez, V; Vanderplasschen, W; Vandevelde, D; Bradt, R; Morival, M; Kaplan, C",International Journal of Social Welfare,10.1111/1468-2397.00163,Article,title_and_abstract,False,Not applicable,Not applicable,Irrelevant,Qualitative,False,False
SWRD:98632,SWRD,2002,"Being lesbian, gay, bisexual, and 60 or older in north america",Grossman A.H.; D’augelli A.R.; O’connell T.S.,Journal of Gerontological Social Work,10.1300/j041v13n04_05,Journal Article,title_and_abstract,True,Empirical,Quantitative,Quantitative,Quantitative,False,False
SWRD:79407,SWRD,2002,Elderly suicidality: Human behavior and social environment perspective,Chima F.,Journal of Human Behavior in the Social Environment,10.1300/j137v06n04_02,Journal Article,title_and_abstract,True,Non-empirical,Not applicable,Non-empirical,,False,False
SWRD:22025,SWRD,2002,Ethical issues in the social worker's role in physician-assisted suicide,"MILLER, P; Hedlund, S",Health & Social Work,10.1093/hsw/27.4.313,Letter,title_only,False,Not applicable,Not applicable,Irrelevant,,False,False
SWRD:22021,SWRD,2002,Ethical issues in the social worker's role in physician-assisted suicide - Response to Miller and Hedlund,"Manetta, AA; Wells, JG",Health & Social Work,10.1093/hsw/27.4.314,Letter,title_only,False,Not applicable,Not applicable,Irrelevant,,False,False
SWRD:30246,SWRD,2002,"Euthanasia: Israeli social workers' experiences, attitudes and meanings","Leichtentritt, RD",British Journal of Social Work,10.1093/bjsw/32.4.397,Article,title_and_abstract,False,Not applicable,Not applicable,Irrelevant,Qualitative,False,False
SWRD:30347,SWRD,2002,Half in love with easeful death? Social work with adolescents who harm themselves,"SMITH, M",Journal of Social Work Practice,10.1080/02650530220134764,Article,title_and_abstract,True,Empirical,Qualitative,Qualitative,Qualitative,False,False
SWRD:98656,SWRD,2002,Homosexuality and risk for psychiatric disorders,Alexander C.,Journal of Gerontological Social Work,10.1300/j041v14n03_06,Journal Article,title_and_abstract,True,Non-empirical,Not applicable,Non-empirical,Quantitative,False,False
SWRD:118975,SWRD,2002,Perspectives on Wellness: Journeys on the Red Road,"Weaver, Hilary N.; Weaver, Hilary N.",The Journal of Sociology & Social Welfare,oai:scholarworks.wmich.edu:jssw-2784,fetch_failed,title_and_abstract,False,Not applicable,Not applicable,Irrelevant,,False,False
SWRD:30070,SWRD,2002,Rebellion and revenge: the meaning of suicide of women in rural China,"Meng, L",International Journal of Social Welfare,10.1111/1468-2397.00239,Article,title_and_abstract,True,Empirical,Qualitative,Qualitative,Qualitative,False,False
SWRD:79419,SWRD,2002,Social alienation in gay youth,Michael Sullivan; John S. Wodarski,Journal of Human Behavior in the Social Environment,10.1300/j137v05n01_01,Journal Article,title_and_abstract,True,Non-empirical,Not applicable,Non-empirical,,False,False
SWRD:30135,SWRD,2002,"Social work with clients contemplating suicide: Complexity and ambiguity in the clinical, ethical, and legal considerations","Mishna, F; Antle, BJ; Regehr, C",Clinical Social Work Journal,10.1023/a:1016045431637,Article,title_and_abstract,True,Non-empirical,Not applicable,Non-empirical,,False,False
SWRD:114988,SWRD,2002,Substance Abuse and Suicidal Behavior inWomen Ages 30 to 39 Years,Nancy J. Osgood; Nancy J. Osgood; Nancy J. Osgood; Ameda A. Manetta; Ameda A. Manetta; Ameda A. Manetta,Advances in Social Work,dc/136ca55e62,fetch_failed,title_and_abstract,True,Empirical,Quantitative,Quantitative,Quantitative,False,False
SWRD:125189,SWRD,2002,Suicide Attempts by Adolescent Latinas: An Exploratory Study of Individual and Family Correlates.,,Child & Adolescent Social Work Journal,,Article,title_and_abstract,True,Empirical,Quantitative,Quantitative,Quantitative,False,False
SWRD:22146,SWRD,2002,Take some time to look inside their hearts: Hospice social workers contemplate physician assisted suicide,"Miller, PJ; Mesler, MA; Eggman, ST",Social Work in Health Care,10.1300/j010v35n03_04,Article,title_and_abstract,False,Not applicable,Not applicable,Irrelevant,Qualitative,False,False
SWRD:22137,SWRD,2002,The multidimensional adolescent assessmemt scale: A validation study,"Mathiesen, SG; Cash, SJ; HUDSON, WW",Research on Social Work Practice,10.1177/104973150201200103,Article,title_and_abstract,False,Not applicable,Not applicable,Irrelevant,Quantitative,False,False
SWRD:118980,SWRD,2002,Using Reasons for Living to Connect to American Indian Healing Traditions,"Crofoot Graham, Thomas L.; Crofoot Graham, Thomas L.",The Journal of Sociology & Social Welfare,oai:scholarworks.wmich.edu:jssw-2787,fetch_failed,title_and_abstract,True,Non-empirical,Not applicable,Non-empirical,,False,False
SWRD:22005,SWRD,2002,Working with the risk of suicide in young people,"Briggs, S",Journal of Social Work Practice,10.1080/0265053022000033702,Article,title_and_abstract,True,Non-empirical,Not applicable,Non-empirical,,False,False
SWRD:86835,SWRD,2003,Attempting suicide and help-seeking behaviours: Using stories from young people to inform social work practice,Gair S.; Camilleri P.,Australian Social Work,10.1046/j.0312-407x.2003.00064.x,Journal Article,title_and_abstract,True,Empirical,Qualitative,Qualitative,Qualitative,False,False
SWRD:77113,SWRD,2003,Depression and suicide among community elderly,Ron P.,Journal of Gerontological Social Work,10.1300/j083v38n03_04,Journal Article,title_and_abstract,True,Empirical,Quantitative,Quantitative,Quantitative,False,False
SWRD:85662,SWRD,2003,Does ptsd differ according to gender among military veterans?,Benda B.B.; House H.,Journal of Family Social Work,10.1300/j039v07n01_02,Journal Article,title_and_abstract,False,Not applicable,Not applicable,Irrelevant,Quantitative,False,False
SWRD:29927,SWRD,2003,Does the fact that a client has failed to provide requested information predict severity of suicidal thinking?: A criterion validity study of missing client information,"NUGENT, WR; Williams-Hayes, M",Research on Social Work Practice,10.1177/1049731503013004005,Article,title_and_abstract,True,Empirical,Quantitative,Quantitative,Quantitative,False,False
SWRD:124140,SWRD,2003,Implementing a Cognitive-Behavioral Curriculum for Adolescents with Depression in the School Setting.,"Corcoran, Jacqueline; Grossman, Connie",Children & Schools,,Article,title_and_abstract,False,Not applicable,Not applicable,Irrelevant,,False,False
SWRD:21890,SWRD,2003,National and regional differences among runaway youth using federally-funded crisis services,"Thompson, SJ; Maguin, E; Pollio, DE",Journal of Social Service Research,10.1300/j079v30n01_01,Article,title_and_abstract,True,Empirical,Quantitative,Quantitative,Quantitative,False,False
SWRD:84947,SWRD,2003,"On-Line, Computer-Based, Interactive Simulations: Bridging Classroom and Field",Seabury B.,Journal of Technology in Human Services,10.1300/j017v22n01_04,Review,title_and_abstract,True,Empirical,Quantitative,Quantitative,Quantitative,False,False
SWRD:77111,SWRD,2003,Preventing unnecessary deaths among older adults: A call to action for social workers,Csikai E.; Manetta A.,Journal of Gerontological Social Work,10.1300/j083v38n03_06,Journal Article,title_and_abstract,True,Non-empirical,Not applicable,Non-empirical,,False,False
SWRD:29868,SWRD,2003,"Psychiatry and the control of dangerousness: On the apotropaic function of the term ""mental illness""","Szasz, T",Journal of Social Work Education,10.1080/10437797.2003.10779144,Article,title_and_abstract,False,Not applicable,Not applicable,Irrelevant,,False,False
SWRD:115912,SWRD,2003,REFLECTIONS ON THE EXPERIENCES AND NEEDS OF ADOLESCENTS WHO HAVE ATTEMPTED SUICIDE: A QUALITATIVE STUDY,Nicky Aspaslan,Social Work-Maatskaplike Werk,dc/d2d5c5d62b,fetch_failed,title_and_abstract,True,Empirical,Qualitative,Qualitative,,False,False
SWRD:30021,SWRD,2003,Responses of health and social care staff to South Asian women who attempt suicide and/or self-harm,"Batsleer, J; Chantler, K; Burman, E",Journal of Social Work Practice,10.1080/0265053032000071484,Article,title_and_abstract,True,Empirical,Qualitative,Qualitative,Qualitative,False,False
SWRD:125171,SWRD,2003,South Asian women: exploring systemic service inequalities around attempted suicide and self-harm.,"Chantler, Khatidja; Burman, Erica; Batsleer, Janet",European Journal of Social Work,,Article,title_and_abstract,True,Empirical,Qualitative,Qualitative,Qualitative,False,False
SWRD:84938,SWRD,2003,Team up to save lives: What your school should know about preventing youth suicide,Pahwa B.,Journal of Technology in Human Services,10.1300/j017v21n03_09,Journal Article,title_and_abstract,True,Non-empirical,Not applicable,Non-empirical,,False,False
SWRD:21850,SWRD,2003,Washington state social workers' attitudes toward voluntary euthanasia and assisted suicide,"Ogden, RD; Young, MG",Social Work in Health Care,10.1300/j010v37n02_03,Article,title_and_abstract,False,Not applicable,Not applicable,Irrelevant,Quantitative,False,False
SWRD:21424,SWRD,2004,A comparison of Child-Sex-Abuse-Related and Mental-Disorder-Related suicide in a six-year cohort of regional suicides: The importance of the child protection-psychiatric interface,"PRITCHARD, C; King, E",British Journal of Social Work,10.1093/bjsw/bch021,Article,title_and_abstract,True,Empirical,Quantitative,Quantitative,Quantitative,False,False
SWRD:76514,SWRD,2004,Adolescent preventive health and teams-games-tournaments: A research and development paradigm entering its fourth decade of research,Wodarski J.; Wodarski L.A.; Parris H.N.,Journal of Evidence-Based Social Work,10.1300/j394v01n01_06,Journal Article,title_and_abstract,False,Not applicable,Not applicable,Irrelevant,,False,False
SWRD:21435,SWRD,2004,Depression in North Carolina social workers: Implications for practice and research,"Siebert, DC",Social Work Research,10.1093/swr/28.1.30,Article,title_and_abstract,True,Empirical,Quantitative,Quantitative,Quantitative,False,False
SWRD:76992,SWRD,2004,"Depression, hopelessness, and suicidal ideation among the elderly: A comparison between men and women living in nursing homes and in the community",Ron P.,Journal of Gerontological Social Work,10.1300/j083v43n02_07,Journal Article,title_and_abstract,True,Empirical,Quantitative,Quantitative,Quantitative,False,False
SWRD:107364,SWRD,2004,"Grieving a suicide: a loved one's search for comfort, answers & hope","Gideon, Myra",Journal of Technology in Human Services,,,title_only,True,Non-empirical,Not applicable,Non-empirical,,False,False
SWRD:85951,SWRD,2004,"Managed mental health care, suicidal despair, and countertransference: A clinical tragedy",Mishne J.,Psychoanalytic Social Work,10.1300/j032v11n02_04,Journal Article,title_and_abstract,False,Not applicable,Not applicable,Irrelevant,,False,False
SWRD:21273,SWRD,2004,Psychosocial treatment of youth suicide: A systematic review of the research,"Macgowan, MJ",Research on Social Work Practice,10.1177/1049731503257889,Article,title_and_abstract,True,Empirical,Review,Review,Quantitative,False,False
SWRD:79342,SWRD,2004,"Risk factors of gay, lesbian, and bisexual adolescents: Review of empirical literature and practice implications",Thompson S.; Johnston L.B.,Journal of Human Behavior in the Social Environment,10.1300/j137v08n02_07,Journal Article,title_and_abstract,False,Not applicable,Not applicable,Irrelevant,,False,False
SWRD:106548,SWRD,2004,Role expectations of social work students.,"Acker, G.",The Journal of Baccalaureate Social Work,,,title_and_abstract,False,Not applicable,Not applicable,Irrelevant,Quantitative,False,False
SWRD:98473,SWRD,2004,"Self-Esteem, locus of control, and suicide risk: A comparison between clinically depressed white and African American females on an inpatient psychiatric unit",Palmer C.; Rysiew M.J.; Koob J.J.,Social Work with Groups,10.1300/j051v12n04_03,Journal Article,title_and_abstract,True,Empirical,Quantitative,Quantitative,Quantitative,False,False
SWRD:76750,SWRD,2004,"Social Work Practice With Gay, Lesbian, Bisexual, and Transgender Adolescents",Morrow D.F.,Families in Society,10.1606/1044-3894.246,Review,title_and_abstract,False,Not applicable,Not applicable,Irrelevant,,False,False
SWRD:29554,SWRD,2004,The criterion validity of omitted client information as an indicator of suicide risk: A partial replication,"NUGENT, WR; Hicks, D; SMITH, M",Research on Social Work Practice,10.1177/1049731503262132,Article,title_and_abstract,True,Empirical,Quantitative,Quantitative,Quantitative,False,False
SWRD:21563,SWRD,2004,Using music as a therapy tool to motivate troubled adolescents,"Keen, AW",Social Work in Health Care,10.1300/j010v39n03_09,Article; Proceedings Paper,title_and_abstract,False,Not applicable,Not applicable,Irrelevant,Quantitative,False,False
SWRD:29552,SWRD,2004,"Women, trauma histories, and co-occurring disorders: Assessing the scope of the problem","NEWMANN, JP; Sallmann, J",Social Service Review,10.1086/421922,Article; Proceedings Paper,title_and_abstract,True,Empirical,Quantitative,Quantitative,Quantitative,False,False
SWRD:97733,SWRD,2004,‘Given up hope of dying’: A child protection approach to deliberate self-harm in adolescents admitted to a paediatric ward,Souter A.; Kraemer S.,Research on Social Work Practice,10.1111/j.1365-2206.2004.00333.x,Journal Article,title_and_abstract,False,Not applicable,Not applicable,Irrelevant,,False,False
SSWR:2005-U-0375,SSWR,2005,"A Sudden Decision: Variability in suicidality in multiple, single and non- suicide attempters",Tracy Kathleen Witte; Kathleen Kara Fitzpatrick; Keith Warren; Norman Bradley Schmidt,SSWR annual conference,,Unknown,title_and_abstract,True,Empirical,Quantitative,Quantitative,quantitative,False,False
SSWR:2005-U-0275,SSWR,2005,Community-Based Response to Trauma : A Three-Part Study of a Successful Program,Robert Paulson; Lenore Behar,SSWR annual conference,,Unknown,title_and_abstract,False,Not applicable,Not applicable,Irrelevant,mixed_methods,False,False
SSWR:2005-U-0229,SSWR,2005,Conversations and Reactions to the Disclosure of Parental HIV: The Voices of Parents Concerning Their School-Aged Children,Susan Letteney; Heidi LaPorte,SSWR annual conference,,Unknown,title_and_abstract,False,Not applicable,Not applicable,Irrelevant,mixed_methods,False,False
SSWR:2005-U-0268,SSWR,2005,"Demographic, Psychosocial and Clinical Characteristics of Incarcerated Adolescent Females",Jonathan L. Zelner; Michael K. Dayton; Matthew Owen Howard; Kirk A. Foster,SSWR annual conference,,Oral,title_and_abstract,True,Empirical,Quantitative,Quantitative,quantitative,False,False
SSWR:2005-U-0238,SSWR,2005,Gender Differences in Suicidal Adolescents' Mental Health Service Use:   Analysis of a National Survey,Stacey Freedenthal,SSWR annual conference,,Unknown,title_and_abstract,True,Empirical,Quantitative,Quantitative,quantitative,False,False
SSWR:2005-U-0222,SSWR,2005,"Gender-Specific Treatment for Substance Abusing, Incarcerated, Adolescent Girls",Amelia C. Roberts; Ray Kirk,SSWR annual conference,,Unknown,title_and_abstract,False,Not applicable,Not applicable,Irrelevant,quantitative,False,False
SSWR:2005-U-0053,SSWR,2005,Going It Alone:  Suicidal American Indian Adolescents' Help Needed vs. Help Received,Stacey Freedenthal; Arlene Rubin Stiffman,SSWR annual conference,,Unknown,title_and_abstract,True,Empirical,Quantitative,Quantitative,mixed_methods,False,False
SSWR:2005-U-0033,SSWR,2005,"Identifying the Role of Disaffiliation, Human Capital and Psychological Dysfunction in Adolescent Runaway Episodes",Sanna Thompson; David E. Pollio,SSWR annual conference,,Oral,title_and_abstract,True,Empirical,Quantitative,Quantitative,quantitative,False,False
SSWR:2005-U-0204,SSWR,2005,"Internal, Family and Peer Microsystem Risk and Protective Factors that Relate to Internalizing Behavior in Japanese Youth",Julie A.L. Haddow,SSWR annual conference,,Oral,title_and_abstract,False,Not applicable,Not applicable,Irrelevant,quantitative,False,False
SSWR:2005-U-0151,SSWR,2005,Medical Costs Associated with Childhood Inflicted Injuries Seen in New York City Hospital Settings,"Yookyong Lee, PhD; Neil B. Guterman",SSWR annual conference,,Oral,title_and_abstract,False,Not applicable,Not applicable,Irrelevant,quantitative,False,False
SSWR:2005-U-0256,SSWR,2005,"Sexual, Substance Abusing, and Suicidal Behavior of Maltreated Youth: Changes Over 18 Months",Ariana E. Wall,SSWR annual conference,,Unknown,title_and_abstract,True,Empirical,Quantitative,Quantitative,quantitative,False,False
SSWR:2005-U-0081,SSWR,2005,Speaking for Themselves:  A Qualitative Study of Young Women Who Self-Injure,Susan A. Conte,SSWR annual conference,,Unknown,title_and_abstract,False,Not applicable,Not applicable,Irrelevant,qualitative,False,False
SSWR:2005-U-0097,SSWR,2005,The Impact of Sexual Abuse in the Lives of Young Women Involved or at Risk of Involvement with the Juvenile Justice System,Sara A. Goodkind; Irene Y.H. Ng; Rosemary C. Sarri,SSWR annual conference,,Oral,title_and_abstract,True,Empirical,Quantitative,Quantitative,quantitative,False,False
SSWR:2005-U-0288,SSWR,2005,The State of the NSCAW Sample,Richard P. Barth,SSWR annual conference,,Oral,title_and_abstract,False,Not applicable,Not applicable,Irrelevant,quantitative,False,False
SWRD:20523,SWRD,2005,A brief treatment with a posttraumatic stress disordered patient - A self psychological perspective,"ROWE, CE",Clinical Social Work Journal,10.1007/s10615-005-7039-6,Article; Proceedings Paper,title_and_abstract,False,Not applicable,Not applicable,Irrelevant,,False,False
SWRD:110987,SWRD,2005,A Comparative Analysis of Substances Used by Suicidal and Non-Suicidal High School Students,"Manetta, Ameda A; Labra, Oscar; Ormand, Teresa; Pourcelot, Hélène",School Social Work Journal,,Journal Article,title_and_abstract,True,Empirical,Quantitative,Quantitative,Quantitative,False,False
SWRD:29202,SWRD,2005,"An Evaluation of On-Line, Interactive Tutorials Designed to Teach Practice Concepts","Seabury, Brett",Journal of Teaching in Social Work,10.1300/j067v25n01_07,Article,title_and_abstract,True,Empirical,Quantitative,Quantitative,Quantitative,False,False
SWRD:29029,SWRD,2005,"Clinical challenges following an adolescent's death by suicide: Bereavement issues faced by family, friends, schools, and clinicians","Parrish, M; Tunkle, J",Clinical Social Work Journal,10.1007/s10615-005-2621-5,Article,title_and_abstract,True,Non-empirical,Not applicable,Non-empirical,,False,False
SWRD:110448,SWRD,2005,"Don't Jump, Mother Loves You: The Rescue of Social Work from the Suicide of Its Own Research","Epstein, William M; Epstein, William M; Rossiter, Amy",Hong Kong Journal of Social Work,,Journal Article,title_and_abstract,False,Not applicable,Not applicable,Irrelevant,,False,False
SWRD:20739,SWRD,2005,Effect of social work intervention on attempted suicide,"DAS, DKL; MATHEW, A; Mrudula, K",Indian Journal of Social Work,,Article,title_and_abstract,True,Empirical,Quantitative,Quantitative,Qualitative,False,False
SWRD:93858,SWRD,2005,"Environmental Factors, Locus of Control, and Adolescent Suicide Risk","Evans, William P.; Owens, Patsy; Marsh, Shawn C.",Child & Adolescent Social Work Journal,10.1007/s10560-005-0013-x,Article,title_and_abstract,True,Empirical,Quantitative,Quantitative,Quantitative,False,False
SWRD:20983,SWRD,2005,Help-seeking characteristics of eating-disordered hotline callers: Community based study,"Latzer, Y; Gilat, I",Journal of Social Service Research,10.1300/j079v31n04_04,Article,title_and_abstract,False,Not applicable,Not applicable,Irrelevant,Quantitative,False,False
SWRD:28627,SWRD,2005,Historical and contemporary issues in end-of-life decisions: Implications for social work,"MACKELPRANG, RW; Mackelprang, RD",Social Work,10.1093/sw/50.4.315,Article; Proceedings Paper,title_and_abstract,False,Not applicable,Not applicable,Irrelevant,,False,False
SWRD:20706,SWRD,2005,"Lesbian, Gay, Bisexual, Sexual-Orientation Questioning Adolescents Seeking Mental Health Services: Risk Factors, Worries, and Desire to Talk About Them","Ciro, Dianne; Surko, Michael; Bhandarkar, Kalpana; Helfgott, Nora; Peake, Ken; Epstein, Irwin",Social Work in Mental Health,10.1300/j200v03n03_01,Article,title_and_abstract,False,Not applicable,Not applicable,Irrelevant,Quantitative,False,False
SWRD:20942,SWRD,2005,Perceptions of Preparedness to Assist Elders with End-of-Life Care Preferences,"Kane, Michael N.; Hamlin, Elwood R., II; Hawkins, Wesley E.",Journal of Social Work in End-Of-Life & Palliative Care,10.1300/j457v01n01_04,Article,title_and_abstract,False,Not applicable,Not applicable,Irrelevant,Quantitative,False,False
SWRD:29165,SWRD,2005,Schoolyard Conversations: Influencing Suicide Talk in an Elementary School Community,"Romano-Dwyer, Lisa; Carley, Glenn",Social Work Education,10.1080/0261547052000333162,Article,title_and_abstract,True,Non-empirical,Not applicable,Non-empirical,,False,False
SWRD:76507,SWRD,2005,Substance use in a state population of incarcerated juvenile offenders,Vaughn M.G.; Howard M.O.; Foster K.A.; Dayton M.K.; Zelner J.L.,Journal of Evidence-Based Social Work,10.1300/j394v02n01_09,Journal Article,title_and_abstract,True,Empirical,Quantitative,Quantitative,Quantitative,False,False
SWRD:21051,SWRD,2005,Suicide in Psychoanalysis,"Mikhailova, Olga",Psychoanalytic Social Work,10.1300/j032v12n02_02,Article,title_and_abstract,True,Non-empirical,Not applicable,Non-empirical,,False,False
SWRD:28770,SWRD,2005,The killing fields - Farmers' suicides in Maharashtra,"Dandekar, A",Indian Journal of Social Work,,Editorial Material,title_only,True,Non-empirical,Not applicable,Non-empirical,,False,False
SWRD:20591,SWRD,2005,Transgender health: Findings from two needs assessment studies in Philadelphia,"Kenagy, GP",Health & Social Work,10.1093/hsw/30.1.19,Article,title_and_abstract,True,Empirical,Quantitative,Quantitative,Quantitative,False,False
SWRD:76492,SWRD,2005,Trauma and incarcerated youth,Coleman D.,Journal of Evidence-Based Social Work,10.1300/j394v02n03_08,Journal Article,title_and_abstract,True,Empirical,Quantitative,Quantitative,Quantitative,False,False
SWRD:123889,SWRD,2005,"Young People, Gender and Suicide: A Review of Research on the Social Context.","Smalley, Nina; Scourfield, Jonathan; Greenland, Katy",Journal of Social Work,,Article,title_and_abstract,True,Non-empirical,Not applicable,Non-empirical,,False,False
SSWR:2006-U-0111,SSWR,2006,An Investigation of Predictors of Suicidal Thinking Using a Nonlinear Model,William R. Nugent; Gretchen E. Ely,SSWR annual conference,,Oral,title_and_abstract,True,Empirical,Quantitative,Quantitative,quantitative,False,False
SSWR:2006-U-0300,SSWR,2006,Black Suicide: A Male's Burden,Sean Joe,SSWR annual conference,,Unknown,title_and_abstract,True,Empirical,Quantitative,Quantitative,quantitative,False,False
SSWR:2006-U-0034,SSWR,2006,College Drinking among Deaf and Hard of Hearing Students: Problems and Prevention,Teresa Crowe Mason; James Schiller,SSWR annual conference,,Unknown,title_and_abstract,False,Not applicable,Not applicable,Irrelevant,quantitative,False,False
SSWR:2006-U-0372,SSWR,2006,Factors Associated with Non-Offending Maternal Distress Following Child�S Sexual Abuse Disclosure,Michal Sela-Amit; Maura E. O'Keefe,SSWR annual conference,,Unknown,title_and_abstract,False,Not applicable,Not applicable,Irrelevant,mixed_methods,False,False
SSWR:2006-U-0257,SSWR,2006,"Latina Adolescent Suicide and Residence: ""Does Where Girls Live Predict Suicidality?",Susan M. De Luca; Keith Warren,SSWR annual conference,,Unknown,title_and_abstract,True,Empirical,Quantitative,Quantitative,quantitative,False,False
SSWR:2006-U-0086,SSWR,2006,Psychosocial Correlates of Incarceration in a Sample of American Indian Youth,Victoria A. Osborne; Arlene Rubin Stiffman,SSWR annual conference,,Oral,title_and_abstract,True,Empirical,Quantitative,Quantitative,quantitative,False,False
SSWR:2006-U-0133,SSWR,2006,The Development and Initial Validation of an Ultra-Short-Form Measure of Suicidal Ideation,William R. Nugent,SSWR annual conference,,Unknown,title_and_abstract,True,Empirical,Quantitative,Quantitative,quantitative,False,False
SSWR:2006-U-0243,SSWR,2006,Victimization before Violence: The Role of Adaptation to Violence as a Predictor of Violent Behavior among Incarcerated Youth,Jonathan L. Zelner; Michael G. Vaughn; Matthew Owen Howard; Kirk A. Foster; Michael K. Dayton,SSWR annual conference,,Unknown,title_and_abstract,False,Not applicable,Not applicable,Irrelevant,quantitative,False,False
SWRD:96675,SWRD,2006,Adolescent Latinas' adaptive functioning and sense of well-being,Turner S.; Kaplan C.; Badger L.,Social Work,10.1177/0886109906288909,Journal Article,title_and_abstract,False,Not applicable,Not applicable,Irrelevant,,False,False
SWRD:119317,SWRD,2006,"Americans' Attitudes Toward Euthanasia and Physician-Assisted Suicide, 1936-2002","Allen, Jen; Allen, Jen; Chavez, Sonia; Chavez, Sonia; DeSimone, Sara; DeSimone, Sara; Howard, Debbie; Howard, Debbie; Johnson, Keadron; Johnson, Keadron; LaPierr, Lucinda; LaPierr, Lucinda; Montero, Darrel; Montero, Darrel; Sanders, Jerry; Sanders, Jerry",The Journal of Sociology & Social Welfare,oai:scholarworks.wmich.edu:jssw-3158,fetch_failed,title_and_abstract,False,Not applicable,Not applicable,Irrelevant,Quantitative,False,False
SWRD:28527,SWRD,2006,Assessing for suicide risk in depressed geriatric cancer patients,"Labisi, Ola",Journal of Psychosocial Oncology,10.1300/j077v24n01_04,Article; Proceedings Paper,title_and_abstract,False,Not applicable,Not applicable,Irrelevant,,False,False
SWRD:86798,SWRD,2006,Barriers to help-seeking in young people: Community beliefs about youth suicide,Gilchrist H.; Sullivan G.,Australian Social Work,10.1080/03124070500449796,Journal Article,title_and_abstract,True,Empirical,Qualitative,Qualitative,Qualitative,False,False
SWRD:19709,SWRD,2006,Dealing with the aftermath: A qualitative analysis of mental health social workers' reactions after a client suicide,"Ting, Laura; Sanders, Sara; Jacobson, Jodi M.; Power, James R.",Social Work,10.1093/sw/51.4.329,Article,title_and_abstract,True,Empirical,Qualitative,Qualitative,Qualitative,False,False
SWRD:88932,SWRD,2006,Evidence-Based Suicide Prevention,"Peebles-Wilkins, Wilma",Children & Schools,10.1093/cs/28.4.195,Editorial Material,title_only,True,Non-empirical,Not applicable,Non-empirical,,False,False
SWRD:94134,SWRD,2006,Implications of National Suicide Trends for Social Work Practice with Black Youth,"Joe, Sean",Child & Adolescent Social Work Journal,10.1007/s10560-006-0064-7,Article,title_and_abstract,True,Non-empirical,Not applicable,Non-empirical,Quantitative,False,False
SWRD:98548,SWRD,2006,Mental health problems and use of services of lesbians: Results of the Boston lesbian health project II,Roberts S.; Grindel C.; Patsdaughter C.; Reardon K.; Tarmina M.,Journal of Gerontological Social Work,10.1300/j041v17n04_01,Journal Article,title_and_abstract,False,Not applicable,Not applicable,Irrelevant,Quantitative,False,False
SWRD:28550,SWRD,2006,New approaches to preventing suicide: A manual for practitioners,"LEWIS, H",British Journal of Social Work,10.1093/bjsw/bch412,Book Review,title_only,True,Non-empirical,Not applicable,Non-empirical,,False,False
SWRD:19640,SWRD,2006,Psychodynamic ideal types of elderly suicidal persons based on counter transference,"Lindner, R.; Fiedler, G.; Altenhoefer, A.; Goetze, P.; Happach, C.",Journal of Social Work Practice,10.1080/02650530600932011,Article,title_and_abstract,True,Empirical,Qualitative,Qualitative,Qualitative,False,False
SWRD:28543,SWRD,2006,"September 10, 2001","Leslie, Constance","Studies in Clinical Social Work: Transforming Practice, Education and Research",10.1300/j497v76n04_13,Article,title_and_abstract,True,Non-empirical,Not applicable,Non-empirical,,False,False
SWRD:20443,SWRD,2006,Social support and health outcomes in a multicultural urban population,"Wright, Robin",Social Work in Health Care,10.1300/j010v43n04_02,Article,title_and_abstract,True,Empirical,Quantitative,Quantitative,Quantitative,False,False
SWRD:20297,SWRD,2006,Social Workers' Views of No Suicide Contracts,"Sanders, Sara; Ting, Laura; Power, James; Jacobson, Jodi",Social Work in Mental Health,10.1300/j200v04n04_04,Article,title_and_abstract,True,Empirical,Qualitative,Qualitative,Qualitative,False,False
SWRD:28526,SWRD,2006,Suicide Risk Assessment in the Depressed Elderly Patient with Cancer,"Labisi, Ola",Journal of Gerontological Social Work,10.1300/j083v47n01_03,Article,title_and_abstract,True,Non-empirical,Not applicable,Non-empirical,,False,False
SWRD:20000,SWRD,2006,Validating the level of stability index for children,"McMillan, JD; ABELL, N",Research on Social Work Practice,10.1177/1049731505284864,Article,title_and_abstract,True,Empirical,Quantitative,Quantitative,Quantitative,False,False
SWRD:20101,SWRD,2006,WHY PEOPLE DIE BY SUICIDE,"Manetta, Ameda A. Z.",Journal of Social Work in End-Of-Life & Palliative Care,10.1300/j457v02n02_06,Book Review,title_only,True,Non-empirical,Not applicable,Non-empirical,,False,False
SSWR:2007-O-7265,SSWR,2007,Aged Youth and Pathways to Mental Health Services in the United States:   Opportunities for Targeted Intervention,Lynn A. Warner; Kathleen J. Pottick; Scott Bilder; Ann Vander Stoep,SSWR annual conference,,Oral,title_and_abstract,False,Not applicable,Not applicable,Irrelevant,quantitative,False,False
SSWR:2007-O-5648,SSWR,2007,American and Caucasian Juvenile Offenders in a Statewide Population: Toward Building Prevention and Reentry Services,Michael G. Vaughn; John M. Wallace Jr; Larry E. Davis; Giselle Fernandes; Matthew Owen Howard,SSWR annual conference,,Oral,title_and_abstract,True,Empirical,Quantitative,Quantitative,quantitative,False,False
SSWR:2007-O-6474,SSWR,2007,Analysis: How Meta-Analysis May Be Leading Us Astray,William R. Nugent,SSWR annual conference,,Oral,title_and_abstract,False,Not applicable,Not applicable,Irrelevant,review,False,False
SSWR:2007-O-7407,SSWR,2007,"Benchmarking Individual Interpersonal, Cognitive-Behavioral, and Usual Care Therapies for Depression in Children and Adolescents",Heather Spielvogle,SSWR annual conference,,Oral,title_and_abstract,False,Not applicable,Not applicable,Irrelevant,review,False,False
SSWR:2007-O-5643,SSWR,2007,Charting at-Risk Youth from Adolescence to Young Adulthood,Paula S. Nurius; Jerald R. Herting; Brooke P. Randell; Elaine A. Thompson,SSWR annual conference,,Oral,title_and_abstract,False,Not applicable,Not applicable,Irrelevant,quantitative,False,False
SSWR:2007-O-7240,SSWR,2007,Correlates of Heterosexual HIV Risk Behavior among Girls Involved or at Risk of Involvement with Juvenile Justice,Latika D. Davis-Jones; Sara A. Goodkind,SSWR annual conference,,Oral,title_and_abstract,False,Not applicable,Not applicable,Irrelevant,quantitative,False,False
SSWR:2007-O-6498,SSWR,2007,Discovery and Adjustment,Michael C. LaSala,SSWR annual conference,,Oral,title_and_abstract,False,Not applicable,Not applicable,Irrelevant,qualitative,False,False
SSWR:2007-O-5948,SSWR,2007,Findings from the CDC Youth Violence Survey,M. Daniel Bennett; Sean Joe,SSWR annual conference,,Oral,title_and_abstract,True,Empirical,Quantitative,Quantitative,quantitative,False,False
SSWR:2007-O-7119,SSWR,2007,Homeless Sexual Minority Youth and Suicide Attempts,N. Eugene Walls; Stacey Freedenthal; Cathryn C. Potter; Susan Boyle,SSWR annual conference,,Oral,title_and_abstract,True,Empirical,Quantitative,Quantitative,quantitative,False,False
SSWR:2007-O-5871,SSWR,2007,Medication Management Strategies and Reasons for Nonadherence,Lisa Townsend; Jerry Floersch; Victoria R. Winbush; Michelle R. Munson; Janis Jenkins; Robert Findling,SSWR annual conference,,Oral,title_and_abstract,False,Not applicable,Not applicable,Irrelevant,qualitative,False,False
SSWR:2007-O-7051,SSWR,2007,Occurrence between Major Depressive Disorder and General Anxiety Disorder Symptoms,George Jay Unick,SSWR annual conference,,Oral,title_and_abstract,True,Empirical,Quantitative,Quantitative,quantitative,False,False
SSWR:2007-O-5521,SSWR,2007,Sexual Risk Behaviors and Risk Factor Profiles in a Sample of Intravenous Drug Using Young Adults,Sigrid James; Susanne B. Montgomery; Rhoda Smith,SSWR annual conference,,Oral,title_and_abstract,False,Not applicable,Not applicable,Irrelevant,quantitative,False,False
SSWR:2007-O-4989,SSWR,2007,Solving Therapy for Late-Life Depression in Home Care: A Randomized Controlled Trial,Zvi D. Gellis; Jean McGinty; Elizabeth Misener; Steven Banks,SSWR annual conference,,Oral,title_and_abstract,False,Not applicable,Not applicable,Irrelevant,quantitative,False,False
SSWR:2007-O-7396,SSWR,2007,The Moderating Effect of Exposure to Suicide on the Training  Self-Efficacy Relationship in Social Work Students,Jonathan B. Singer,SSWR annual conference,,Oral,title_and_abstract,True,Empirical,Quantitative,Quantitative,quantitative,False,False
SSWR:2007-O-5009,SSWR,2007,The Social Work Response,Franklin L. Brooks,SSWR annual conference,,Oral,title_and_abstract,False,Not applicable,Not applicable,Irrelevant,qualitative,False,False
SWRD:19484,SWRD,2007,"A Comparison of Grief Reactions in Cancer, HIV/AIDS, and Suicide Bereavement","Houck, James A.",Journal of HIV-AIDS & Social Services,10.1300/j187v06n03_07,Article,title_and_abstract,True,Empirical,Quantitative,Quantitative,Quantitative,False,False
SWRD:19109,SWRD,2007,Client suicide: This is not happening to me: A clinical report and personal memoir,"Alexander, Judy L.","Studies in Clinical Social Work: Transforming Practice, Education and Research",10.1300/j497v77n02_05,Article,title_and_abstract,True,Non-empirical,Not applicable,Non-empirical,,False,False
SWRD:88703,SWRD,2007,Evidence-Based Suicide Prevention Screening in Schools,"Joe, Sean; Bryant, Heather",Children & Schools,10.1093/cs/29.4.219,Article,title_and_abstract,True,Non-empirical,Not applicable,Non-empirical,,False,False
SWRD:80235,SWRD,2007,Family interaction patterns and dysfunction analysis in suicide attempters,Stanley S.; Ramakrishnan K.,Indian Journal of Social Work,,Journal Article,title_and_abstract,True,Empirical,Quantitative,Quantitative,Quantitative,False,False
SWRD:19504,SWRD,2007,Impact of Familial Factors and Psychopathology on Suicidality Among African American Adolescents,"Joe, Sean; Clarke, Jenell; Ivey, Asha; Kerr, David; King, Cheryl",Journal of Human Behavior in the Social Environment,10.1300/j137v15n02_12,Article,title_and_abstract,True,Empirical,Quantitative,Quantitative,Quantitative,False,False
SWRD:27918,SWRD,2007,Oncology nurses' teaching and support for suicidal patients,"Valente, Sharon M.",Journal of Psychosocial Oncology,10.1300/j077v25n01_07,Article,title_and_abstract,True,Empirical,Quantitative,Quantitative,Quantitative,False,False
SWRD:19237,SWRD,2007,Promoting the psychosocial health of the elderly - The role of social workers,"Chong, Alice Ming-lin",Social Work in Health Care,10.1300/j010v44n01_08,Article; Proceedings Paper,title_and_abstract,False,Not applicable,Not applicable,Irrelevant,,False,False
SWRD:19522,SWRD,2007,Social work and criminal justice students' perceptions of elders,"Kane, Michael N.",Journal of Social Service Research,10.1300/j079v34n01_02,Article,title_and_abstract,False,Not applicable,Not applicable,Irrelevant,Quantitative,False,False
SWRD:19240,SWRD,2007,Suicide prevention: An analysis and replication of a curriculum-based high school program,"Ciffone, Jerry",Social Work,10.1093/sw/52.1.41,Article,title_and_abstract,True,Empirical,Quantitative,Quantitative,Quantitative,False,False
SWRD:76452,SWRD,2007,The relationship between childhood abuse and adult suicidal behavior among rural former mental health patients,Richards K.; Molina I.,Journal of Evidence-Based Social Work,10.1300/j394v04n01_05,fetch_failed,title_and_abstract,True,Empirical,Quantitative,Quantitative,Quantitative,False,False
SWRD:18965,SWRD,2007,The role of affect regulation in a case of attempted maternal filicide-suicide,"Willemsen, Jochem; Declercq, Frdric; Markey, Samuel; Verhaeghe, Paul",Clinical Social Work Journal,10.1007/s10615-007-0128-y,Article,title_and_abstract,True,Empirical,Qualitative,Qualitative,,False,False
SWRD:18956,SWRD,2007,The role of affect regulation in a case of attempted maternal-filicide suicide: Commentary on an act of despair,"Siegel, Judith P.",Clinical Social Work Journal,10.1007/s10615-007-0129-x,Article,title_and_abstract,True,Non-empirical,Not applicable,Non-empirical,,False,False
SWRD:94554,SWRD,2007,"The Role of Positive and Negative Social Exchanges Between Adolescents, their Peers and Family as Predictors of Suicide Ideation","Bertera, Elizabeth M.",Child & Adolescent Social Work Journal,10.1007/s10560-007-0104-y,Article,title_and_abstract,True,Empirical,Quantitative,Quantitative,Quantitative,False,False
SWRD:19121,SWRD,2007,Violent Death: Understanding the Context of Traumatic and Stigmatized Grief,"Armour, Marilyn",Journal of Human Behavior in the Social Environment,10.1300/j137v14n04_04,Article,title_and_abstract,True,Non-empirical,Not applicable,Non-empirical,,False,False
SWRD:27171,SWRD,2007,Young people's gendered interpretations of suicide and attempted suicide,"Scourfield, Jonathan; Jacob, Nina; Smalley, Nina; Prior, Lindsay; Greenland, Katy",Child & Family Social Work,10.1111/j.1365-2206.2007.00498.x,Article,title_and_abstract,True,Empirical,Qualitative,Qualitative,Qualitative,False,False
SSWR:2008-O-8699,SSWR,2008,a Challenge to Meta-Analysis as a Means of Identifying Evidence-Based Practices,William R. Nugent; Gretchen E. Ely,SSWR annual conference,,Oral,title_and_abstract,False,Not applicable,Not applicable,Irrelevant,review,False,False
SSWR:2008-O-8069,SSWR,2008,a Latent Class Analysis,Paul Sacco; Kathleen K. Bucholz,SSWR annual conference,,Oral,title_and_abstract,False,Not applicable,Not applicable,Irrelevant,quantitative,False,False
SSWR:2008-O-8872,SSWR,2008,"Adherence and Dropout among Low-Income Minority Cancer Patients: a Systematic Review of Literature and Implications for Research, Practice, and Policy",Anjanette Alise Wells,SSWR annual conference,,Oral,title_and_abstract,False,Not applicable,Not applicable,Irrelevant,review,False,False
SSWR:2008-O-7524,SSWR,2008,an Exploratory Study of a Population at Risk,Oren Shtayermman,SSWR annual conference,,Oral,title_and_abstract,True,Empirical,Quantitative,Quantitative,quantitative,False,False
SSWR:2008-O-8705,SSWR,2008,Assessing and Advancing the Validity of Adolescent Suicidality Questionnaires,Michael E. Woolley,SSWR annual conference,,Oral,title_and_abstract,True,Empirical,Qualitative,Qualitative,mixed_methods,False,False
SSWR:2008-O-7858,SSWR,2008,Being of Older Adults,SongIee Hong; Paul Sacco; Renee M. Cunningham-Williams,SSWR annual conference,,Oral,title_and_abstract,False,Not applicable,Not applicable,Irrelevant,quantitative,False,False
SSWR:2008-O-8284,SSWR,2008,Differential Relationships in American Indian Youth,Stacey Freedenthal; Arlene Rubin Stiffman,SSWR annual conference,,Oral,title_and_abstract,True,Empirical,Quantitative,Quantitative,quantitative,False,False
SSWR:2008-O-8867,SSWR,2008,Factors Associated with Hopelessness among Hispanic Mothers,Flavio Francisco Marsiglia; Stephen S. Kulis; Maria Hilda Garc�a-P�rez; Monica Parsai,SSWR annual conference,,Oral,title_and_abstract,False,Not applicable,Not applicable,Irrelevant,quantitative,False,False
SSWR:2008-O-9091,SSWR,2008,II in African-American Suicide Attempters,Sean Joe; Michael E. Woolley,SSWR annual conference,,Oral,title_and_abstract,True,Empirical,Quantitative,Quantitative,quantitative,False,False
SSWR:2008-O-8859,SSWR,2008,Infant Interactions: Findings from a Study of a Home-Based Therapeutic Intervention,Ruth Paris; M. Katherine Weinberg; Rendelle Bolton,SSWR annual conference,,Oral,title_and_abstract,True,Empirical,Quantitative,Quantitative,quantitative,False,False
SSWR:2008-O-8572,SSWR,2008,Inhalant Use among Incarcerated Adolescents I.  Prevalence and Characteristics of Use,Michael G. Vaughn; Lia Nower,SSWR annual conference,,Oral,title_and_abstract,False,Not applicable,Not applicable,Irrelevant,quantitative,False,False
SSWR:2008-O-8573,SSWR,2008,Inhalant Use among Incarcerated Adolescents II.  Characteristics of Inhalant Users,Matthew Owen Howard; Michael G. Vaughn; Lia Nower,SSWR annual conference,,Oral,title_and_abstract,True,Empirical,Quantitative,Quantitative,quantitative,False,False
SSWR:2008-O-8005,SSWR,2008,Predictors of Outpatient Treatment Adherence in Patients with Mood Disorders,Dana Lizardi; Jill Harkavy-Friedman; Ainsley Burke; Maria A. Oquendo; J. John Mann; Barbara Stanley,SSWR annual conference,,Oral,title_and_abstract,True,Empirical,Quantitative,Quantitative,quantitative,False,False
SSWR:2008-O-7788,SSWR,2008,Profile and Use of Social Work Services,Yael Shaked; Esme Fuller-Thomson,SSWR annual conference,,Oral,title_and_abstract,True,Empirical,Quantitative,Quantitative,quantitative,False,False
SSWR:2008-O-8257,SSWR,2008,Results of a Randomized Pilot Study,Nancy K. Grote; Holly A. Swartz; Sharon L. Geibel; Ellen Frank,SSWR annual conference,,Oral,title_and_abstract,False,Not applicable,Not applicable,Irrelevant,quantitative,False,False
SSWR:2008-O-7872,SSWR,2008,Sexual Risk Behaviors and Risk Factor Profiles in a Sample of Intravenous Drug Using Young Adults,Sigrid James; Susanne B. Montgomery; Rhoda Smith,SSWR annual conference,,Oral,title_and_abstract,False,Not applicable,Not applicable,Irrelevant,quantitative,False,False
SSWR:2008-O-8538,SSWR,2008,Social and Clinical Factors Associated with Psychiatric Emergency Service Use and Civil Commitment among African American Youth,Michael A. Lindsey; Sean Joe; Briggett C. Ford,SSWR annual conference,,Oral,title_and_abstract,True,Empirical,Quantitative,Quantitative,quantitative,False,False
SSWR:2008-O-7526,SSWR,2008,Solving Therapy for Subthreshold Depression in Medically Ill Elderly,Zvi D. Gellis; Jean McGinty; Elizabeth Misener,SSWR annual conference,,Oral,title_and_abstract,False,Not applicable,Not applicable,Irrelevant,quantitative,False,False
SSWR:2008-O-8410,SSWR,2008,the Role of Emotional Abuse,Mieko Yoshihama; Julie Horrocks; Saori Kamano,SSWR annual conference,,Oral,title_and_abstract,True,Empirical,Quantitative,Quantitative,quantitative,False,False
SWRD:27051,SWRD,2008,An Evidence-Based Approach to Managing Suicidal Behavior in Patients with BPD,"Paris, Joel",Social Work in Mental Health,10.1300/j200v06n01_09,Article,title_and_abstract,True,Non-empirical,Not applicable,Non-empirical,,False,False
SWRD:18854,SWRD,2008,Analysis of HIV Caregivers in South Africa: A South African Depression and Anxiety Group,"Webb-Robins, Lisa; Wilson, Zane",Journal of Human Behavior in the Social Environment,10.1080/10911350802067831,Article,title_and_abstract,True,Empirical,Quantitative,Quantitative,Qualitative,False,False
SWRD:18114,SWRD,2008,Available Supports and Coping Behaviors of Mental Health Social Workers Following Fatal and Nonfatal Client Suicidal Behavior,"Ting, Laura; Jacobson, Jodi M.; Sanders, Sara",Social Work,10.1093/sw/53.3.211,Article,title_and_abstract,True,Empirical,Quantitative,Quantitative,Quantitative,False,False
SWRD:26974,SWRD,2008,Borderline Personality Disorder and Adolescence,"Miller, Alec L.; Neft, Deborah; Golombeck, Nira",Social Work in Mental Health,10.1300/j200v06n01_08,Article,title_and_abstract,False,Not applicable,Not applicable,Irrelevant,,False,False
SWRD:26715,SWRD,2008,Borderline Personality Disorder and Hospitalization,"Friedman, Freda Baron",Social Work in Mental Health,10.1300/j200v06n01_07,Article,title_and_abstract,True,Non-empirical,Not applicable,Non-empirical,,False,False
SWRD:26936,SWRD,2008,By their own young hand: Deliberate self-harm and suicidal ideas in adolescents,"Mainstone, Jenny",Journal of Social Work Practice,10.1080/02650530701872488,Book Review,title_only,True,Non-empirical,Not applicable,Non-empirical,,False,False
SWRD:26377,SWRD,2008,Client Firearm Assessment and Safety Counseling: The Role of Social Workers,"Slovak, Karen; Brewer, Thomas W.; Carlson, Karen",Social Work,10.1093/sw/53.4.358,Article,title_and_abstract,True,Empirical,Quantitative,Quantitative,Quantitative,False,False
SWRD:18677,SWRD,2008,Correlates of suicide ideation in a population-based sample of cancer patients,"Schneider, Karen L.; Shenassa, Edmond",Journal of Psychosocial Oncology,10.1300/j077v26n02_04,Article,title_and_abstract,True,Empirical,Quantitative,Quantitative,Quantitative,False,False
SWRD:26879,SWRD,2008,Dialectical Behavior Therapy,"Koons, Cedar R.",Social Work in Mental Health,10.1300/j200v06n01_10,Article,title_and_abstract,True,Non-empirical,Not applicable,Non-empirical,,False,False
SWRD:94047,SWRD,2008,Health-Promoting Influences of the Family on Late Adolescent Functioning,"Reinherz, Helen Z.; Giaconia, Rose M.; Paradis, Angela D.; Novero, Caitlin; Kerrigan, Molly K.",Child & Adolescent Social Work Journal,10.1007/s10560-008-0153-x,Article,title_and_abstract,True,Empirical,Quantitative,Quantitative,Quantitative,False,False
SWRD:26837,SWRD,2008,Methodological and validity issues involved in the collection of sensitive information from children in foster care,"Jacobs, Mary Ann; Bruhn, Christina; Graf, Ingrid",Journal of Social Service Research,10.1080/01488370802162517,Article,title_and_abstract,True,Empirical,Quantitative,Quantitative,Mixed-Methods,False,False
SWRD:18667,SWRD,2008,Preparing for the Inevitable: Training Social Workers to Cope with Client Suicide,"Sanders, Sara; Jacobson, Jodi; Ting, Laura",Journal of Teaching in Social Work,10.1080/08841230802178821,Article,title_and_abstract,True,Empirical,Quantitative,Quantitative,Mixed-Methods,False,False
SWRD:18261,SWRD,2008,Preventing suicide: A neglected social work research agenda,"Joe, Sean; Niedermeier, Danielle",British Journal of Social Work,10.1093/bjsw/bcl353,Review,title_and_abstract,True,Empirical,Review,Review,,False,False
SWRD:26829,SWRD,2008,Responding to the Individual Trauma of Domestic Violence: Challenges for Mental Health Professionals,"Humphreys, Catherine",Social Work in Mental Health,10.1080/15332980802072546,Article,title_and_abstract,False,Not applicable,Not applicable,Irrelevant,,False,False
SWRD:26291,SWRD,2008,Social Work Research on African Americans and Suicidal Behavior: A Systematic 25-Year Review,"Joe, Sean; Niedermeier, Danielle M.",Health & Social Work,10.1093/hsw/33.4.249,Article,title_and_abstract,True,Empirical,Review,Review,,False,False
SWRD:18844,SWRD,2008,Suicidal ideation and attempts among sexual minority youths receiving social services,"Walls, N. Eugene; Freedenthal, Stacey; Wisneski, Hope",Social Work,10.1093/sw/53.1.21,Article,title_and_abstract,True,Empirical,Quantitative,Quantitative,Quantitative,False,False
SWRD:18704,SWRD,2008,Suicidal Ideation and Comorbid Disorders in Adolescents and Young Adults Diagnosed with Asperger's Syndrome: A Population at Risk,"Shtayermman, Oren",Journal of Human Behavior in the Social Environment,10.1080/10911350802427548,Article,title_and_abstract,True,Empirical,Quantitative,Quantitative,Quantitative,False,False
SWRD:86726,SWRD,2008,Suicidal ideation in the palliative care patient: Considerations for health care practice,Robertson M.,Australian Social Work,10.1080/03124070801998426,Review,title_and_abstract,True,Empirical,Review,Review,,False,False
SWRD:26422,SWRD,2008,The epidemiology of out-of-home care for children and youth:: A national cohort study,"Franzen, Eva; Vinnerljung, Bo; Hjern, Anders",British Journal of Social Work,10.1093/bjsw/bcl380,Article,title_and_abstract,False,Not applicable,Not applicable,Irrelevant,Quantitative,False,False
SWRD:93785,SWRD,2008,Treating Suicidality in African American Adolescents with Cognitive-Behavioral Therapy,"Bryant, Curtis E.; Harder, Jeanette",Child & Adolescent Social Work Journal,10.1007/s10560-007-0100-2,Article,title_and_abstract,True,Non-empirical,Not applicable,Non-empirical,,False,False
SWRD:26459,SWRD,2008,"Treating the basic self: Understanding addictive, suicidal, compulsive and attention-deficit/hyperactivity (ADHD) behavior","Rosen, Penny; Warner, Ashley",Clinical Social Work Journal,10.1007/s10615-008-0160-6,Book Review,title_only,False,Not applicable,Not applicable,Irrelevant,,False,False
SSWR:2009-U-0121,SSWR,2009,A Clozaril Clinic Model for Successful Treatment of Serious Mental Illness,Bruce C. Nisbet; Catherine N. Dulmus; Laura Greyber,SSWR annual conference,,Oral,title_and_abstract,True,Empirical,Quantitative,Quantitative,quantitative,False,False
SSWR:2009-U-0276,SSWR,2009,A Finite Mixture Analysis of the Validity of the MAYSI-2 among Serious Juvenile Offenders,Lisa Schelbe; Michael G. Vaughn; Karen M. Kolivoski; Addie Weaver; Jeffrey Shook,SSWR annual conference,,Oral,title_and_abstract,False,Not applicable,Not applicable,Irrelevant,quantitative,False,False
SSWR:2009-U-0362,SSWR,2009,Do Stabilization Strategies Prevent Early Readmission? Opportunities for Improvement in Hospital-Based Psychiatric Care for Adolescents,Cynthia A. Fontanella; Kathleen J. Pottick; Lynn A. Warner,SSWR annual conference,,Oral,title_and_abstract,True,Empirical,Quantitative,Quantitative,quantitative,False,False
SSWR:2009-U-0312,SSWR,2009,High School Teachers' Experiences with Suicidal Students: A Descriptive Study,Stacey Freedenthal; Lindsey Breslin,SSWR annual conference,,Oral,title_and_abstract,True,Empirical,Quantitative,Quantitative,quantitative,False,False
SSWR:2009-U-0067,SSWR,2009,Impact of Maternal Childhood Abuse and Neglect on the Outcomes of a Perinatal Depression Trial,Nancy K. Grote; Wayne J. Katon; Holly A. Swartz; Sharon L. Geibel; Ellen Frank,SSWR annual conference,,Oral,title_and_abstract,False,Not applicable,Not applicable,Irrelevant,quantitative,False,False
SSWR:2009-U-0148,SSWR,2009,Inhalant Use Disorders among Delinquent Youth,"Matthew Owen Howard; Brian Perron, PhD; Michael G. Vaughn; Kimberly A. Bender",SSWR annual conference,,Oral,title_and_abstract,True,Empirical,Quantitative,Quantitative,quantitative,False,False
SSWR:2009-U-0361,SSWR,2009,Marriage Following Single Adolescent Parenthood: Relationship to Adult Well-Being,Mary Rogers Gillmore; Jungeun Olivia Lee; Taryn Lindhorst; Diane Morrison,SSWR annual conference,,Oral,title_and_abstract,False,Not applicable,Not applicable,Irrelevant,quantitative,False,False
SSWR:2009-U-0150,SSWR,2009,Misusing Asthma Inhalers to Get Intoxicated: An Unrecognized Problem Among Delinquent Youth,"Brian Perron, PhD; Matthew Owen Howard; Kimberly A. Bender; Michael G. Vaughn",SSWR annual conference,,Oral,title_and_abstract,True,Empirical,Quantitative,Quantitative,quantitative,False,False
SSWR:2009-U-0062,SSWR,2009,Predictors of Traumatic Symptoms among Runaway Youth,Michael J. McCarthy; Sanna Thompson,SSWR annual conference,,Oral,title_and_abstract,False,Not applicable,Not applicable,Irrelevant,quantitative,False,False
SSWR:2009-U-0289,SSWR,2009,Pregnancy and Street-Involved Youth: Examining Female and Male Experiences,Catherine A. Worthington; Bruce MacLaurin,SSWR annual conference,,Oral,title_and_abstract,False,Not applicable,Not applicable,Irrelevant,mixed_methods,False,False
SSWR:2009-U-0055,SSWR,2009,"Re-Building Strength Among Black Women: Implications of a Evidenced Based, Culturally Congruent Group Intervention",Lani V. Jones,SSWR annual conference,,Oral,title_and_abstract,False,Not applicable,Not applicable,Irrelevant,quantitative,False,False
SSWR:2009-U-0147,SSWR,2009,Recognizing Challenges and Capitalizing on Resiliencies: Findings from a Psychosocial Needs Study of Filipino Americans in the Chicagoland Area,Maria Joy Ferrera; Jolynne Andal; Jocelyn Azada,SSWR annual conference,,Oral,title_and_abstract,True,Empirical,Quantitative,Quantitative,quantitative,False,False
SSWR:2009-U-0421,SSWR,2009,Suicide Ideation and Attempts among Inhalant Users: Findings from the National Epidemiologic Survey on Alcohol and Related Conditions,"Matthew Owen Howard; Brian Perron, PhD; Paul Sacco; Mark A. Ilgen; Michael G. Vaughn",SSWR annual conference,,Oral,title_and_abstract,True,Empirical,Quantitative,Quantitative,quantitative,False,False
SSWR:2009-U-0239,SSWR,2009,The Influence of Strain and Social Support on Substance Use and Depression in Urban Racial Ethnic and Sexual Minority Youth,Shelley L. Craig; Juliette N. Graziano; Michael P. Dentato,SSWR annual conference,,Oral,title_and_abstract,False,Not applicable,Not applicable,Irrelevant,quantitative,False,False
SSWR:2009-U-0367,SSWR,2009,Understanding the Differential Effect of Maltreatment Types on Suicidal Risks among Korean Adolescents,Hae Sung Kim; Sookyung Park; Haeryun Kim,SSWR annual conference,,Oral,title_and_abstract,True,Empirical,Quantitative,Quantitative,quantitative,False,False
SSWR:2009-U-0087,SSWR,2009,Violent Victimization and Perpetration: Joint and Distinctive Implications for Adolescent Well-Being,Patricia Logan Russell; Paula S. Nurius; Jerald R. Herting; Elaine Walsh; Elaine A. Thompson,SSWR annual conference,,Oral,title_and_abstract,False,Not applicable,Not applicable,Irrelevant,quantitative,False,False
SWRD:102359,SWRD,2009,A Social Justice Value Approach Regarding Physician Assisted Suicide and Euthanasia Among the Elderly,Abbott AA; Stinson A,International Journal of Social Work Values and Ethics,10.55521/10-006-308,fetch_failed,title_only,False,Not applicable,Not applicable,Irrelevant,,False,False
SWRD:76411,SWRD,2009,Bridging the gap from availability to accessibility: Providing health and mental health services in schools,Manning A.R.,Journal of Evidence-Based Social Work,10.1080/15433710802633411,Journal Article,title_and_abstract,False,Not applicable,Not applicable,Irrelevant,,False,False
SWRD:51973,SWRD,2009,Deliberate Indifference in Jail Suicide Litigation: A Fatal Judicial Loophole,"Hatcher, Schnavia Smith",Social Work in Public Health,10.1080/19371910802678749,Article,title_and_abstract,True,Non-empirical,Not applicable,Non-empirical,,False,False
SWRD:51214,SWRD,2009,"Does Social Work Make a Difference? A Controlled Study of Former 'Looked-After-Children' and 'Excluded-From-School' Adolescents Now Men Aged 16-24 Subsequent Offences, Being Victims of Crime and Suicide","Pritchard, Colin; Williams, Richard",Journal of Social Work,10.1177/1468017309334903,Article,title_and_abstract,True,Empirical,Quantitative,Quantitative,Quantitative,False,False
SWRD:93960,SWRD,2009,Evaluating the Efficacy of the Prodigy Prevention Program across Urban and Rural Locales,"Stewart, Chris; Rapp-Paglicci, Lisa; Rowe, William",Child & Adolescent Social Work Journal,10.1007/s10560-008-0142-0,Article,title_and_abstract,True,Empirical,Quantitative,Quantitative,Quantitative,False,False
SWRD:17942,SWRD,2009,Factors Associated with Suicidal Ideation Among Women Abused in Intimate Partner Relationships,"Renner, Lynette M.; Markward, Martha J.","Studies in Clinical Social Work: Transforming Practice, Education and Research",10.1080/00377310902830809,Article,title_and_abstract,True,Empirical,Quantitative,Quantitative,Quantitative,False,False
SWRD:17840,SWRD,2009,Impact of the Most Frequently Reported Traumatic Events on Community Mental Health Clients,"O'Hare, Thomas; Sherrer, Margaret",Journal of Human Behavior in the Social Environment,10.1080/10911350802687158,Article,title_and_abstract,False,Not applicable,Not applicable,Irrelevant,Quantitative,False,False
SWRD:17951,SWRD,2009,"Listening: A Psychosocial Intervention in an End-of-Life Case of Trauma and Emotion in the ""Space'' of a Residential Care Facility","Robertson, Matra",Journal of Social Work in End-Of-Life & Palliative Care,10.1080/15524250902822374,Article,title_and_abstract,False,Not applicable,Not applicable,Irrelevant,,False,False
SWRD:51207,SWRD,2009,"Men Who Were Sexually Abused in Childhood and Subsequent Suicidal Ideation: Community Comparison, Explanations and Practice Implications","O'Leary, Patrick; Gould, Nick",British Journal of Social Work,10.1093/bjsw/bcn130,Article,title_and_abstract,True,Empirical,Quantitative,Quantitative,Mixed-Methods,False,False
SWRD:110412,SWRD,2009,"Mental Distress and Internal Stigma in Seeking Professional Help among Women in Tin Shui Wai (TSW), Hong Kong","Chiu, Marcus Y L; Olivier, Claude; Ho, Winnie W N; Miller, Lyn; Sze, Fiona S F; Jourdain, Lawrence W",Hong Kong Journal of Social Work,,Journal Article,title_and_abstract,False,Not applicable,Not applicable,Irrelevant,Quantitative,False,False
SWRD:52009,SWRD,2009,Mental Health Characteristics of Social Work Students: Implications for Social Work Education,"Horton, E. Gail; Diaz, Naelys; Green, Diane",Social Work in Mental Health,10.1080/15332980802467696,Article,title_and_abstract,True,Empirical,Quantitative,Quantitative,Quantitative,False,False
SWRD:51835,SWRD,2009,Psychosocial Correlates of Methamphetamine Use,"Eisinger, Greg J.; Wodarski, John S.; Ferguson, Deana",Journal of Human Behavior in the Social Environment,10.1080/10911350903014815,Article,title_and_abstract,False,Not applicable,Not applicable,Irrelevant,Quantitative,False,False
SWRD:18035,SWRD,2009,"Relating to Self-harm and Suicide. Psychoanalytic Perspectives on Practice, Theory and Prevention","Smith, Martin",Journal of Social Work Practice,,Book Review,title_only,True,Non-empirical,Not applicable,Non-empirical,,False,False
SWRD:51294,SWRD,2009,Repeat Substance-Using Suicidal Clients-How Can We Be Helpful?,"Bergmans, Yvonne; Spence, Julia M.; Strike, Carol; Links, Paul S.; Ball, Jeffrey S.; Rufo, Claire; Rhodes, Anne E.; Watson, William J.; Eynan, Rahel",Social Work in Health Care,10.1080/00981380802592013,Article,title_and_abstract,True,Empirical,Qualitative,Qualitative,Qualitative,False,False
SWRD:17905,SWRD,2009,Veterans and Suicide: A Review of Potential Increased Risk,"Posey, Sebrina","Studies in Clinical Social Work: Transforming Practice, Education and Research",10.1080/00377310903131447,Review,title_only,True,Non-empirical,Not applicable,Non-empirical,,False,False
SWRD:93809,SWRD,2009,Where Risks and Protective Factors Operate Differently: Homeless Sexual Minority Youth and Suicide Attempts,"Walls, N. Eugene; Potter, Cathryn; Van Leeuwen, James",Child & Adolescent Social Work Journal,10.1007/s10560-009-0172-2,Article,title_and_abstract,True,Empirical,Quantitative,Quantitative,Quantitative,False,False
SSWR:2010-U-0426,SSWR,2010,12-Month and Lifetime Prevalence of Suicide Attempts among Black Adolescents,Sean Joe,SSWR annual conference,,Oral,title_and_abstract,True,Empirical,Quantitative,Quantitative,quantitative,False,False
SSWR:2010-U-0043,SSWR,2010,A Statewide Study of Older Adults Who Ban Themselves From Casinos,Lia Nower,SSWR annual conference,,Oral,title_and_abstract,True,Empirical,Quantitative,Quantitative,quantitative,False,False
SSWR:2010-U-0276,SSWR,2010,"Adolescent Health and Mental Health Service Use, Settings, and Barriers: Differences by Sexual Minority Status",Kelly A. Williams; Mimi V. Chapman,SSWR annual conference,,Oral,title_and_abstract,True,Empirical,Quantitative,Quantitative,quantitative,False,False
SSWR:2010-U-0053,SSWR,2010,Adolescent Help-Seeking After a Suicide Prevention Program: Evidence from Staff and Students,Stacey Freedenthal,SSWR annual conference,,Oral,title_and_abstract,True,Empirical,Quantitative,Quantitative,quantitative,False,False
SSWR:2010-U-0129,SSWR,2010,Exploring the Aging Services Potential to Implement Depression Care,Leslie Hasche,SSWR annual conference,,Oral,title_and_abstract,False,Not applicable,Not applicable,Irrelevant,mixed_methods,False,False
SSWR:2010-U-0508,SSWR,2010,Exploring the complexities of sexual identity development: Use of the Life History Calendar with sexual minority youth,Colleen M. Fisher,SSWR annual conference,,Oral,title_and_abstract,False,Not applicable,Not applicable,Irrelevant,qualitative,False,False
SSWR:2010-U-0404,SSWR,2010,Factors Leading to Psychiatric Hospitalization for Suicidal Ethnic Minority Adolescents,Sean Joe; Michael E. Woolley,SSWR annual conference,,Oral,title_and_abstract,True,Empirical,Quantitative,Quantitative,quantitative,False,False
SSWR:2010-U-0271,SSWR,2010,Gender Differences in Epidemiology and Correlates of Major Depressive Disorder and Suicidal Ideation among Asian Americans,Hyeouk Chris Hahm; Jillian Gaumond,SSWR annual conference,,Oral,title_and_abstract,True,Empirical,Quantitative,Quantitative,quantitative,False,False
SSWR:2010-U-0417,SSWR,2010,Geographic and Spatial Determinants of Suicidal Behaviors among Asian Americans,Aileen Alfonso Duldulao,SSWR annual conference,,Oral,title_and_abstract,True,Empirical,Quantitative,Quantitative,quantitative,False,False
SSWR:2010-U-0032,SSWR,2010,Predicting Recidivism to Psychiatric Emergency Services for System Naive Individuals,George Jay Unick; Jennifer Alvidrez; Eric Kessell; Richard Patel; Martha Shumway; Eric Woodard,SSWR annual conference,,Oral,title_and_abstract,False,Not applicable,Not applicable,Irrelevant,quantitative,False,False
SSWR:2010-U-0165,SSWR,2010,Prescription Drug Misuse Among Antisocial Youth,Martin T. Hall; Matthew Owen Howard; Sean E. McCabe,SSWR annual conference,,Oral,title_and_abstract,False,Not applicable,Not applicable,Irrelevant,quantitative,False,False
SSWR:2010-U-0316,SSWR,2010,Stressors and Strengths of Sexual Minority Youth,Darrel Higa; Marilyn Hoppe; Taryn Lindhorst; Shawn Mincer; Blair Beadnell; Diane Morrison; Elizabeth A. Wells; Avry Todd; Sarah Mountz,SSWR annual conference,,Oral,title_and_abstract,False,Not applicable,Not applicable,Irrelevant,qualitative,False,False
SSWR:2010-U-0279,SSWR,2010,"Suicide attempts, parent-adolescent conflict, familism, self-esteem, and internalizing behaviors in adolescent Latinas",Jill A. Kuhlberg; Juan B. Pena; Luis H. Zayas,SSWR annual conference,,Oral,title_and_abstract,True,Empirical,Quantitative,Quantitative,quantitative,False,False
SSWR:2010-U-0458,SSWR,2010,The Deep Plunge: Luocha and the Experiences of Earlier Skilled Immigrants from Mainland China,Izumi Sakamoto; Jane Ku; Yi Wei,SSWR annual conference,,Oral,title_and_abstract,False,Not applicable,Not applicable,Irrelevant,qualitative,False,False
SSWR:2010-U-0437,SSWR,2010,The Impacts of Self-Perception of Aging and Self-Efficacy on Depression among Korean Older Persons,Jina Han; Jinhyun Kim,SSWR annual conference,,Oral,title_and_abstract,False,Not applicable,Not applicable,Irrelevant,quantitative,False,False
SSWR:2010-U-0509,SSWR,2010,"Three Suicide Prevention Trainings: Six-Month Effects on Suicide Prevention Knowledge, Confidence and Behavior",Daniel Coleman; Jung-hee Bae; Del Quest,SSWR annual conference,,Oral,title_and_abstract,True,Empirical,Quantitative,Quantitative,quantitative,False,False
SWRD:50344,SWRD,2010,Assessing Knowledge Assets: Knowledge Audit of a Social Service Organization in Hong Kong,"Leung, Zeno C. S.; Cheung, C. F.; Chu, K. F.; Chan, Yuk-Chung; Lee, W. B.; Wong, Robert Y. W.",Administration in Social Work,10.1080/03643107.2010.512843,journal-article,title_and_abstract,False,Not applicable,Not applicable,Irrelevant,,False,False
SWRD:50780,SWRD,2010,Challenges of Depression and Suicidal Ideation Associated With Aging With HIV/AIDS: Implications for Social Work,"Vance, David E.; Struzick, Tom; Childs, Gwendolyn",Journal of Gerontological Social Work,10.1080/01634370903415692,journal-article,title_and_abstract,True,Non-empirical,Not applicable,Non-empirical,,False,False
SWRD:125807,SWRD,2010,Consilierea comportamentelor umane suicidare.,"Dumitrascu, D.H.",Aotearoa New Zealand Social Work,,Article,title_and_abstract,True,Non-empirical,Not applicable,Non-empirical,,False,False
SWRD:49044,SWRD,2010,Correlates of Cutting Behavior among Sexual Minority Youths and Young Adults,"Walls, N. Eugene; Laser, Julie; Nickels, Sarah J.; Wisneski, Hope",Social Work Research,10.1093/swr/34.4.213,journal-article,title_and_abstract,True,Empirical,Quantitative,Quantitative,Quantitative,False,False
SWRD:49499,SWRD,2010,Death By Domestic Violence: Preventing the Murders and Murder-Suicides Westport,"Kirk, Rosalind",Research on Social Work Practice,10.1177/1049731509350175,journal-article,title_only,True,Non-empirical,Not applicable,Non-empirical,,False,False
SWRD:50823,SWRD,2010,Do Patients With Psychosis Experience Loss and Grief As a Result of Their Illness?,"Wittmann, Daniela; Smith, Paul; Rajarethinam, R. P.; Foley, Sallie; Vanbrussel, Amy; Phillip, Beena; Keshavan, Matcheri",Psychoanalytic Social Work,10.1080/15228871003676622,journal-article,title_and_abstract,False,Not applicable,Not applicable,Irrelevant,Quantitative,False,False
SWRD:94162,SWRD,2010,"Examining Gender Differences in Service Utilization among Children: Nature, Nurture, or Social Network?","Maschi, Tina; Perez, Rose M.; Gibson, Sandy",Child & Adolescent Social Work Journal,10.1007/s10560-010-0200-2,journal-article,title_and_abstract,False,Not applicable,Not applicable,Irrelevant,Quantitative,False,False
SWRD:98400,SWRD,2010,From tribal consciousness and subjective rationality toward global consciousness and objective rationality,Gil D.G.; Jennifer Tanis; Leonardo Kattari; Gerald Powers,Social Work in Health Care,10.1080/17486831003687402,Journal Article,title_and_abstract,False,Not applicable,Not applicable,Irrelevant,,False,False
SWRD:49031,SWRD,2010,Identity and Trauma in Adolescents Within the Context of Political Violence: A Psychosocial and Communitarian View,"Perez-Sales, Pau",Clinical Social Work Journal,10.1007/s10615-010-0262-9,journal-article,title_and_abstract,True,Non-empirical,Not applicable,Non-empirical,,False,False
SWRD:49227,SWRD,2010,"Memories Lost and Found: Developing a Connection with a Traumatized, Suicidal Patient","Horn, Susan Fox",Clinical Social Work Journal,10.1007/s10615-010-0260-y,journal-article,title_and_abstract,False,Not applicable,Not applicable,Irrelevant,,False,False
SWRD:49372,SWRD,2010,"Parental Acceptance and Illegal Drug Use among Gay, Lesbian, and Bisexual Adolescents: Results from a National Survey","Padilla, Yolanda C.; Crisp, Catherine; Rew, Donna Lynn",Social Work,10.1093/sw/55.3.265,journal-article,title_and_abstract,True,Empirical,Quantitative,Quantitative,Quantitative,False,False
SWRD:50255,SWRD,2010,Perceptions of Students about Younger and Older Men and Women who May Be Homeless,"Kane, Michael N.; Green, Diane; Jacobs, Robin J.",Journal of Social Service Research,10.1080/01488376.2010.493845,journal-article,title_and_abstract,False,Not applicable,Not applicable,Irrelevant,Quantitative,False,False
SWRD:50490,SWRD,2010,"Perceptions of suicide and their impact on policy, discourse and welfare","Nuttman-Shwartz, Orit; Lebel, Udi; Avrami, Shirley; Volk, Nirit",European Journal of Social Work,10.1080/13691450903403883,journal-article,title_and_abstract,True,Empirical,Quantitative,Quantitative,Quantitative,False,False
SWRD:50079,SWRD,2010,Social Work Practitioner Knowledge and Assessment of Late-Life Depression,"Gellis, Zvi D.",Journal of Gerontological Social Work,10.1080/01634372.2010.494196,journal-article,title_and_abstract,True,Empirical,Quantitative,Quantitative,Quantitative,False,False
SWRD:98410,SWRD,2010,Suicide and alcohol use among American Indians: Toward a transactional-ecological framework,Aguirre R.T.P.; Kelly McNally Koney; Watts T.D.,Social Work in Health Care,10.1080/17486830903391479,Journal Article,title_and_abstract,True,Non-empirical,Not applicable,Non-empirical,,False,False
SWRD:93877,SWRD,2010,Suicide in Adolescent American Indians: Preventative Social Work Programs,"Hamilton, Shane M.; Rolf, Karen A.",Child & Adolescent Social Work Journal,10.1007/s10560-010-0204-y,journal-article,title_and_abstract,True,Non-empirical,Not applicable,Non-empirical,,False,False
SWRD:52811,SWRD,2010,The Effect of Parental Remarriage Following Parental Divorce on Offspring Suicide Attempt,"Lizardi, Dana M.; Thompson, Ronald G.; Keyes, Katherine M.; Hasin, Deborah S.",Families in Society,10.1606/1044-3894.3982,journal-article,title_and_abstract,True,Empirical,Quantitative,Quantitative,Quantitative,False,False
SWRD:50198,SWRD,2010,The Use of Social Workers' Emergency Certificates and Factors Associated With Linkage to Services,"Holland, John; Tran, Thanh V.",Social Work in Mental Health,10.1080/15332985.2010.481994,journal-article,title_and_abstract,True,Empirical,Quantitative,Quantitative,Quantitative,False,False
SWRD:49122,SWRD,2010,Training Outcomes from the Samaritans of New York Suicide Awareness and Prevention Programme among Community- and School-Based Staff,"Clark, Tanisha R.; Matthieu, Monica M.; Ross, Alan; Knox, Kerry L.",British Journal of Social Work,10.1093/bjsw/bcq016,journal-article,title_and_abstract,True,Empirical,Quantitative,Quantitative,Quantitative,False,False
SSWR:2011-U-0442,SSWR,2011,Adverse Psychosocial Consequences of Inhalant Use,Matthew Owen Howard; Eric L. Garland,SSWR annual conference,,Oral,title_and_abstract,False,Not applicable,Not applicable,Irrelevant,quantitative,False,False
SSWR:2011-U-0551,SSWR,2011,Differential Effects of Religiosity On Blacks Risk for Suicide,Sean Joe,SSWR annual conference,,Oral,title_and_abstract,True,Empirical,Quantitative,Quantitative,quantitative,False,False
SSWR:2011-U-0379,SSWR,2011,Latina Adolescents' Help-Seeking Behaviors and Attitudes Regarding Suicide Compared to African American and Caucasian Peers,Susan M. De Luca; Peter A. Wyman; Karen H. Schmeelk-Cone,SSWR annual conference,,Oral,title_and_abstract,True,Empirical,Quantitative,Quantitative,quantitative,False,False
SSWR:2011-U-0077,SSWR,2011,Narrative Exposure and Coping Skills with Children Three Years After Hurricane Katrina,Alison Salloum; Stacy Overstreet,SSWR annual conference,,Oral,title_and_abstract,False,Not applicable,Not applicable,Irrelevant,quantitative,False,False
SSWR:2011-U-0276,SSWR,2011,No Place Like Home: A Comparison of Street-Based and Home-Based Social Network Ties for Homeless Youth,Diana M. Ray; Eric Rice; Seth A. Kurzban,SSWR annual conference,,Oral,title_and_abstract,False,Not applicable,Not applicable,Irrelevant,quantitative,False,False
SSWR:2011-U-0570,SSWR,2011,Prevalence of Suicide Ideation and Attempts Among Black Americans in Later Life,Sean Joe; Briggett C. Ford; Robert Joseph Taylor; Linda M. Chatters,SSWR annual conference,,Oral,title_and_abstract,True,Empirical,Quantitative,Quantitative,quantitative,False,False
SSWR:2011-U-0353,SSWR,2011,School Social Workers' Experiences and Beliefs about Working with Suicidal Youth,Jonathan B. Singer; Karen Slovak,SSWR annual conference,,Oral,title_and_abstract,True,Empirical,Quantitative,Quantitative,quantitative,False,False
SSWR:2011-U-0034,SSWR,2011,Stepped Care for Young Children After Trauma,Alison Salloum; Eric A. Storch,SSWR annual conference,,Oral,title_and_abstract,False,Not applicable,Not applicable,Irrelevant,quantitative,False,False
SSWR:2011-U-0344,SSWR,2011,Stigma Apprehension Among Adolescents Discharged From Brief Psychiatric Hospitalization,Tally Moses,SSWR annual conference,,Oral,title_and_abstract,False,Not applicable,Not applicable,Irrelevant,quantitative,False,False
SSWR:2011-U-0015,SSWR,2011,Stigma Experience Among College Students Prescribed Psychiatric Medication,Derrick Kranke; Jerry Floersch; Eileen Anderson-Fye; Lisa Townsend,SSWR annual conference,,Oral,title_and_abstract,False,Not applicable,Not applicable,Irrelevant,qualitative,False,False
SSWR:2011-U-0357,SSWR,2011,Transportability of CBT for Adolescent Depression and Suicide Prevention to Social Work Practitioners,Michelle A. Scott; Maureen Underwood,SSWR annual conference,,Oral,title_and_abstract,True,Empirical,Quantitative,Quantitative,quantitative,False,False
SSWR:2011-U-0009,SSWR,2011,Treating Men with Histories of Child Sexual Abuse: In-Depth Interviews with Mental Health Practitioners,Scott D. Easton,SSWR annual conference,,Oral,title_and_abstract,False,Not applicable,Not applicable,Irrelevant,qualitative,False,False
SSWR:2011-U-0511,SSWR,2011,Why Adolescents Fail to Report Incidents of Bullying at School,Ellen W. deLara,SSWR annual conference,,Oral,title_and_abstract,False,Not applicable,Not applicable,Irrelevant,qualitative,False,False
SSWR:2011-U-0439,SSWR,2011,Why Do Delinquent Youth Quit Abusing Inhalants? A Latent Class Analysis of Desistance Motivations,Matthew Owen Howard; Eric L. Garland,SSWR annual conference,,Oral,title_and_abstract,False,Not applicable,Not applicable,Irrelevant,quantitative,False,False
SWRD:102297,SWRD,2011,A Social Justice Value Approach Regarding PhysicianAssisted Suicide and Euthanasia Among the Elderly,,International Journal of Social Work Values and Ethics,10.55521/10-008-107,fetch_failed,title_only,False,Not applicable,Not applicable,Irrelevant,,False,False
SWRD:80085,SWRD,2011,A study of young adults who attempted suicide in Turkey,Alptekin K.; Duyan V.,Indian Journal of Social Work,,Journal Article,title_and_abstract,True,Empirical,Qualitative,Qualitative,Qualitative,False,False
SWRD:48954,SWRD,2011,Adolescent Preventive Health and Team-Games-Tournaments: Five Decades of Evidence for an Empirically Based Paradigm,"Wodarski, John S.; Feit, Marvin D.",Social Work in Public Health,10.1080/19371918.2011.533561,journal-article,title_and_abstract,False,Not applicable,Not applicable,Irrelevant,,False,False
SWRD:47813,SWRD,2011,Bereavement Assessment Practice in Hospice Settings: Challenges for Palliative Care Social Workers,"Agnew, Audrey; Manktelow, Roger; Haynes, Tommy; Jones, Louise",British Journal of Social Work,10.1093/bjsw/bcq055,journal-article,title_and_abstract,False,Not applicable,Not applicable,Irrelevant,Qualitative,False,False
SWRD:47898,SWRD,2011,"Bereavement, Cognitive-Emotional Processing, and Coping With the Loss: A Study of Indian and Japanese Students","Bhushan, Braj; Kumar, Surender; Harizuka, Susumu",Journal of Social Work in End-Of-Life & Palliative Care,10.1080/15524256.2011.593160,journal-article,title_and_abstract,True,Empirical,Quantitative,Quantitative,Quantitative,False,False
SWRD:47391,SWRD,2011,"Comparing Health and Mental Health Needs, Service Use, and Barriers to Services among Sexual Minority Youths and Their Peers","Williams, Kelly A.; Chapman, Mimi V.",Health & Social Work,10.1093/hsw/36.3.197,journal-article,title_and_abstract,True,Empirical,Quantitative,Quantitative,Quantitative,False,False
SWRD:47954,SWRD,2011,Crisis Intervention by Social Workers in Fire Departments: An Innovative Role for Social Workers,"Cacciatore, Joanne; Carlson, Bonnie; Michaelis, Elizabeth; Klimek, Barbara; Steffan, Sara",Social Work,10.1093/sw/56.1.81,journal-article,title_and_abstract,False,Not applicable,Not applicable,Irrelevant,,False,False
SWRD:47251,SWRD,2011,Current Levels of Perceived Stress among Mental Health Social Workers Who Work with Suicidal Clients,"Ting, Laura; Jacobson, Jodi M.; Sanders, Sara",Social Work,10.1093/sw/56.4.327,journal-article,title_and_abstract,True,Empirical,Quantitative,Quantitative,Quantitative,False,False
SWRD:88218,SWRD,2011,Death and suicidal ideation among nursing home residents in a chinese city - a pilot study,Yan S.; Yi S.,China Journal of Social Work,10.1080/17525098.2011.590463,journal-article,title_and_abstract,True,Empirical,Quantitative,Quantitative,Quantitative,False,False
SWRD:48469,SWRD,2011,Death Ideation in Cancer Patients: Contributing Factors,"Madeira, Nuno; Albuquerque, Emilia; Santos, Tiago; Mendes, Alexandre; Roque, Marta",Journal of Psychosocial Oncology,10.1080/07347332.2011.615381,journal-article,title_and_abstract,True,Empirical,Quantitative,Quantitative,Quantitative,False,False
SWRD:47827,SWRD,2011,Does Past Treatment for Depression Influence the Current Functioning of Individuals With a History of Depression? A National Study,"Alonzo, Dana; Thompson, Ronald G.; Keyes, Katherine; Hasin, Deborah",Social Work in Mental Health,10.1080/15332985.2011.581129,journal-article,title_and_abstract,True,Empirical,Quantitative,Quantitative,Quantitative,False,False
SWRD:48280,SWRD,2011,Educational Needs Assessment for Homeless Service Providers on Preventing Suicide,"Hensley, Melissa A.; Matthieu, Monica M.",Social Work in Mental Health,10.1080/15332985.2010.522920,journal-article,title_and_abstract,True,Empirical,Quantitative,Quantitative,Quantitative,False,False
SWRD:114862,SWRD,2011,End-of-Life Issues in the United States after Terri Schiavo: Implications for Social Work Practice,Darrel Montero; Darrel Montero; Darrel Montero; Darrel Montero; Darrel Montero; Darrel Montero,Advances in Social Work,dc/86a21009a5,fetch_failed,title_and_abstract,False,Not applicable,Not applicable,Irrelevant,,False,False
SWRD:52710,SWRD,2011,Expanding Cross-Cultural Understanding of Suicide Among Immigrants: The Case of the Somali,"Kamya, Hugo A.; White, Erina",Families in Society,10.1606/1044-3894.4167,journal-article,title_and_abstract,True,Non-empirical,Not applicable,Non-empirical,,False,False
SWRD:52725,SWRD,2011,"Family Relationships and Latina Teen Suicide Attempts: Reciprocity, Asymmetry, and Detachment","Gulbas, Lauren E.; Zayas, Luis H.; Nolle, Allyson P.; Hausmann-Stabile, Carolina; Kuhlberg, Jill A.; Baumann, Ana A.; Pena, Juan B.",Families in Society,10.1606/1044-3894.4131,journal-article,title_and_abstract,True,Empirical,Qualitative,Qualitative,Qualitative,False,False
SWRD:81403,SWRD,2011,Growing www.parentsofsuicide: A Case Study of an online support community,Jones A.C.; Meier A.,Social Work with Groups,10.1080/01609513.2010.543049,journal-article,title_and_abstract,True,Empirical,Qualitative,Qualitative,,False,False
SWRD:47833,SWRD,2011,ICT and Life Long Learning Pedagogy for Development and Empowerment: An Illustration from Farmers in India,"Amirtham, Thomas; Joseph, M. John",Journal of Technology in Human Services,10.1080/15228835.2011.562658,journal-article,title_and_abstract,False,Not applicable,Not applicable,Irrelevant,,False,False
SWRD:48630,SWRD,2011,Pathways and Predictors of Juvenile Justice Involvement for Native Hawaiian and Pacific Islander Youths: A Focus on Gender,"Pasko, Lisa; Mayeda, David T.",Journal of Ethnic & Cultural Diversity in Social Work,10.1080/15313204.2011.570120,journal-article,title_and_abstract,True,Empirical,Quantitative,Quantitative,Quantitative,False,False
SWRD:93806,SWRD,2011,Physical and Psycho-Social Predictors of Adolescents' Suicide Behaviors,"Kim, Yi Jin; Moon, Sung Seek; Kim, Min Ju",Child & Adolescent Social Work Journal,10.1007/s10560-011-0241-1,journal-article,title_and_abstract,True,Empirical,Quantitative,Quantitative,Quantitative,False,False
SWRD:119728,SWRD,2011,"Review of <em>Suicide: Foucault, History and Truth. Ian Marsh.</em> Reviewed by Oona Morrow.","Morrow, Oona; Morrow, Oona",The Journal of Sociology & Social Welfare,oai:scholarworks.wmich.edu:jssw-3627,fetch_failed,title_and_abstract,True,Non-empirical,Not applicable,Non-empirical,,False,False
SWRD:88970,SWRD,2011,School Social Workers' Experiences with Youth Suicidal Behavior: An Exploratory Study,"Singer, Jonathan B.; Slovak, Karen",Children & Schools,10.1093/cs/33.4.215,journal-article,title_and_abstract,True,Empirical,Quantitative,Quantitative,Quantitative,False,False
SWRD:88701,SWRD,2011,School Social Workers' Perceptions of Cyberbullying,"Slovak, Karen; Singer, Jonathan B.",Children & Schools,10.1093/cs/33.1.5,journal-article,title_and_abstract,False,Not applicable,Not applicable,Irrelevant,Quantitative,False,False
SWRD:48483,SWRD,2011,Social Work with Older People-Reducing Suicide Risk: A Critical Review of Practice and Prevention,"Manthorpe, Jill; Iliffe, Steve",British Journal of Social Work,10.1093/bjsw/bcq117,journal-article,title_and_abstract,True,Empirical,Review,Review,,False,False
SWRD:48097,SWRD,2011,"Substance Misuse, Suicidal Ideation, and Suicide Attempts Among a National Sample of Homeless","Dietz, Tracy L.",Journal of Social Service Research,10.1080/01488376.2011.524511,journal-article,title_and_abstract,True,Empirical,Quantitative,Quantitative,Quantitative,False,False
SWRD:47319,SWRD,2011,TEACHING NOTE SUICIDE AWARENESS AND PREVENTION WORKSHOP FOR SOCIAL WORKERS AND PARAPROFESSIONALS,"Levitt, Aaron J.; Wean, Caren; Lorenzo, Julie; Miller-Solarino, Sophie; Yu, Van",Journal of Social Work Education,10.5175/jswe.2011.200900108,journal-article,title_and_abstract,True,Empirical,Quantitative,Quantitative,Quantitative,False,False
SWRD:124454,SWRD,2011,The birthing of a social worker through a phenomenological study of suicide research.,"Mitchell, Elizabeth A.",Reflections: Narratives of Professional Helping,,Article,title_only,True,Non-empirical,Not applicable,Non-empirical,,False,False
SWRD:98221,SWRD,2011,The BP catastrophe and sociological practice mitigating community impacts through peer-listener training,Picou J.S.; Katherine van Wormer,Journal of Social Work Education,10.1177/193672441100500201,Journal Article,title_and_abstract,False,Not applicable,Not applicable,Irrelevant,,False,False
SWRD:97395,SWRD,2011,"Violence, Negligence and Suicidal Tendency among Physically Disabled Street Children",Sayem A.,"Studies in Clinical Social Work: Transforming Practice, Education and Research",10.1111/j.1753-1411.2010.00048.x,journal-article,title_and_abstract,True,Empirical,Qualitative,Qualitative,Qualitative,False,False
SWRD:47074,SWRD,2011,Working with Suicidal Individuals: A Guide to Providing Understanding Assessment and Support,"de Chenu, Linda",British Journal of Social Work,10.1093/bjsw/bcr179,journal-article,title_only,True,Non-empirical,Not applicable,Non-empirical,,False,False
SSWR:2012-U-0226,SSWR,2012,A Review of Research On Military Families and Schools,"Kris M. Tunac De Pedro; Ron Avi Astor; Rami Benbenishty, PhD; Joey Nuñez Estrada; Gabrielle R. De Joie Smith",SSWR annual conference,,Unknown,title_and_abstract,False,Not applicable,Not applicable,Irrelevant,review,False,False
SSWR:2012-U-0050,SSWR,2012,A Validity Study of a Brief Suicidal Thinking Measure with Older Adults,William R. Nugent; Sherry Cummings,SSWR annual conference,,Unknown,title_and_abstract,True,Empirical,Quantitative,Quantitative,quantitative,False,False
SSWR:2012-U-0083,SSWR,2012,Adolescents' Use of School-Based Health Centers: Racial and Ethnic Group Differences,Yolanda T. Anyon; Elizabeth Horevitz; Megan Moore; John P. Shields; Kellly Whitaker,SSWR annual conference,,Unknown,title_and_abstract,False,Not applicable,Not applicable,Irrelevant,quantitative,False,False
SSWR:2012-U-0006,SSWR,2012,Are Asian-American Women Who Were Maltreated As Children At Higher Likelihood for HIV Risk Behaviors and Adverse Mental Health Outcomes?,"Hyeouk Chris Hahm; Eric Kolaczyk; Yookyong Lee, PhD; Jisun Jang; Lisa Ng",SSWR annual conference,,Unknown,title_and_abstract,True,Empirical,Quantitative,Quantitative,quantitative,False,False
SSWR:2012-U-0444,SSWR,2012,Bullying Victimization Among Sexual Minority Youths: A Systematic Review,Paul Sterzing; Wendy Auslander,SSWR annual conference,,Unknown,title_and_abstract,True,Empirical,Review,Review,review,False,False
SSWR:2012-P-0085,SSWR,2012,Death As An Escape From Discrepancy: Examining the Value of Life Satisfaction and Self-Esteem In Predicting Suicidality In Schizophrenia,"Anthony Fulginiti; John S. Brekke, PhD",SSWR annual conference,,Poster,title_and_abstract,True,Empirical,Quantitative,Quantitative,quantitative,False,False
SSWR:2012-P-0122,SSWR,2012,Discrimination and Suicide Risk Among Black Americans,Sean Joe; Brandon Respress,SSWR annual conference,,Poster,title_and_abstract,True,Empirical,Quantitative,Quantitative,quantitative,False,False
SSWR:2012-U-0442,SSWR,2012,Documenting Challenges Facing Homeless Sexual Minority Youths and Moving Toward Effective Interventions,Maurice N. Gattis,SSWR annual conference,,Unknown,title_and_abstract,True,Empirical,Quantitative,Quantitative,quantitative,False,False
SSWR:2012-U-0283,SSWR,2012,Engaging Adolescents In Community Mental Health Services: A Randomized Pilot Study,Heather Spielvogle; Faye Mishna; Paula Ravitz; Holly A. Swartz; Allan Zuckoff,SSWR annual conference,,Unknown,title_and_abstract,False,Not applicable,Not applicable,Irrelevant,quantitative,False,False
SSWR:2012-U-0404,SSWR,2012,Examining the Impact of Psychopathological Comorbidity On the Medical Lethality of Adolescent Suicide Attempts,Kimberly H. McManama O'Brien; Stephanie C. Berzin,SSWR annual conference,,Unknown,title_and_abstract,True,Empirical,Quantitative,Quantitative,quantitative,False,False
SSWR:2012-P-0124,SSWR,2012,Exploring Differences In Family Involvement and Depressive Symptoms Across Latino Adolescent Group,Beverly Araujo Dawson; Rose M. Perez,SSWR annual conference,,Poster,title_and_abstract,False,Not applicable,Not applicable,Irrelevant,quantitative,False,False
SSWR:2012-U-0140,SSWR,2012,Girl Delinquency: Identifying Unique Needs and Modeling Recidivism,Abigail B. Williams; Joseph P. Ryan,SSWR annual conference,,Unknown,title_and_abstract,False,Not applicable,Not applicable,Irrelevant,quantitative,False,False
SSWR:2012-P-0068,SSWR,2012,Impact of Mindfulness Interventions with Adolescents: A Systematic Review,Katherine L. Montgomery; Johnny S. Kim; Joy Learman; David W. Springer,SSWR annual conference,,Poster,title_and_abstract,True,Empirical,Review,Review,review,False,False
SSWR:2012-U-0402,SSWR,2012,Men Who Were Sexually Abused During Childhood: An Examiniation of Factors That Influence Long-Term Mental Health,Scott D. Easton,SSWR annual conference,,Unknown,title_and_abstract,False,Not applicable,Not applicable,Irrelevant,quantitative,False,False
SSWR:2012-U-0355,SSWR,2012,Mental Health Service Use Among Latina College Students: Results From a Nationwide Survey,"M. Teresa Granillo; Brian Perron, PhD",SSWR annual conference,,Unknown,title_and_abstract,False,Not applicable,Not applicable,Irrelevant,quantitative,False,False
SSWR:2012-U-0445,SSWR,2012,"Milestone Consequences, Resilience, and Multiple Identity Management: Findings From a Mixed Method Study of Sexual Minority Youth",Colleen M. Fisher,SSWR annual conference,,Unknown,title_and_abstract,False,Not applicable,Not applicable,Irrelevant,mixed_methods,False,False
SSWR:2012-U-0270,SSWR,2012,Parent and Adolescent Concordance On Perceived Need for Mental Health Services and Its Impact On Service Use,Crystal D. Williams; Michael A. Lindsey; Sean Joe,SSWR annual conference,,Unknown,title_and_abstract,False,Not applicable,Not applicable,Irrelevant,quantitative,False,False
SSWR:2012-U-0426,SSWR,2012,Predictors of Response to Suicide Prevention Trainings: Towards Maximizing Training Impact,Del Quest; Daniel Coleman,SSWR annual conference,,Unknown,title_and_abstract,True,Empirical,Quantitative,Quantitative,quantitative,False,False
SSWR:2012-P-0112,SSWR,2012,Quality of Life and Suicide In Schizophrenia; What We Don't Know Can Hurt Us,"Anthony Fulginiti; John S. Brekke, PhD",SSWR annual conference,,Poster,title_and_abstract,True,Empirical,Quantitative,Quantitative,quantitative,False,False
SSWR:2012-U-0035,SSWR,2012,Race-Ethnicity Differences In Help-Seeking Among Suicidal College Students,Marilyn F. Downs,SSWR annual conference,,Unknown,title_and_abstract,True,Empirical,Quantitative,Quantitative,quantitative,False,False
SSWR:2012-P-0032,SSWR,2012,Suicidality and Health Risk Behaviors Among Youth In Juvenile Detention,Hyejung Oh; Schnavia Smith Hatcher; Dione Moultrie King; Brian E. Bride,SSWR annual conference,,Poster,title_and_abstract,True,Empirical,Quantitative,Quantitative,quantitative,False,False
SSWR:2012-U-0385,SSWR,2012,Surviving the Aftershock: HAART Adherence Among HIV Positive Tent Residents In Post-Earthquake Haiti,Toorjo Ghose; Edner Boucicaut; Andrea M. Doyle,SSWR annual conference,,Unknown,title_and_abstract,False,Not applicable,Not applicable,Irrelevant,qualitative,False,False
SSWR:2012-U-0008,SSWR,2012,The Impact of Peer Death On Adolescent Girls: An Efficacy Study of the Adolescent Grief and Loss Group,Pamela A. Malone,SSWR annual conference,,Unknown,title_and_abstract,False,Not applicable,Not applicable,Irrelevant,mixed_methods,False,False
SSWR:2012-P-0004,SSWR,2012,"Trauma, Psychological Distress, and Suicide Risk Among Female Gang Members",Julia M. Noveske; Mark I. Singer; Mark S. Fleisher; Daniel Flannery; Jenni Bartholomew,SSWR annual conference,,Poster,title_and_abstract,True,Empirical,Quantitative,Quantitative,quantitative,False,False
SSWR:2012-P-0063,SSWR,2012,Views and Experiences of Suicidality During Pregnancy and the Postpartum: Findings From Interviews with Maternal Care Clinic Patients,Karen Tabb; Amelia R. Gavin; Yuqing Guo; Hsiang Huang; Katherine Debiec,SSWR annual conference,,Poster,title_and_abstract,True,Empirical,Qualitative,Qualitative,qualitative,False,False
SSWR:2012-U-0081,SSWR,2012,Why Adolescents Fail to Report Incidents of Bullying At School,Ellen W. deLara,SSWR annual conference,,Oral,title_and_abstract,False,Not applicable,Not applicable,Irrelevant,qualitative,False,False
SWRD:76310,SWRD,2012,A State's Approach to Suicide Prevention Awareness: Gatekeeper Training in Kentucky,Cerel J.; Padgett J.H.; Robbins V.; Kaminer B.,Journal of Evidence-Based Social Work,10.1080/15433714.2010.498672,journal-article,title_and_abstract,True,Empirical,Quantitative,Quantitative,Quantitative,False,False
SWRD:46045,SWRD,2012,ADOLESCENT BEREAVEMENT AND SYSTEMIC DENIAL OF DEATH: POLITICAL IMPLICATIONS OF PSYCHOTHERAPY,"Cait, Cheryl-Anne",Journal of Social Work Practice,10.1080/02650533.2011.574210,journal-article,title_and_abstract,False,Not applicable,Not applicable,Irrelevant,,False,False
SWRD:45454,SWRD,2012,African American Women's Perceptions of Depression and Suicide Risk and Protection: A Womanist Exploration,"Borum, Valerie",Affilia-Feminist Inquiry in Social Work,10.1177/0886109912452401,journal-article,title_and_abstract,True,Empirical,Qualitative,Qualitative,Qualitative,False,False
SWRD:46096,SWRD,2012,"Age at Entry into Prostitution: Relationship to Drug Use, Race, Suicide, Education Level, Childhood Abuse, and Family Experiences","Clarke, Ross; Clarke, Elizabeth; Roe-Sepowitz, Dominique; Fey, Richard",Journal of Human Behavior in the Social Environment,10.1080/10911359.2012.655583,journal-article,title_and_abstract,True,Empirical,Quantitative,Quantitative,Quantitative,False,False
SWRD:104979,SWRD,2012,"Book Review: Latinas Attempting Suicide: When Cultures, Families, and Daughters Collide.",Alain; Lévy; Joseph J.; Lopezrevoredo'; Howell; Tamika Jarrett; Hubbard; Steven; Washington; Thomas Alex,Affilia-Feminist Inquiry in Social Work,10.1177/0886109912452646,journal-article,title_and_abstract,True,Non-empirical,Not applicable,Non-empirical,,False,False
SWRD:45841,SWRD,2012,Brief Symptom Inventory Factor Structure in Antisocial Adolescents: Implications for Juvenile Justice,"Whitt, Ahmed; Howard, Matthew O.",Research on Social Work Practice,10.1177/1049731511418786,journal-article,title_and_abstract,True,Empirical,Quantitative,Quantitative,Quantitative,False,False
SWRD:52699,SWRD,2012,Changing the Meaning of Help: Clinical Approaches to Reducing Stigma Among Suicidal Young Adults,"Downs, Marilyn F.",Families in Society,10.1606/1044-3894.4182,journal-article,title_and_abstract,True,Non-empirical,Not applicable,Non-empirical,,False,False
SWRD:46869,SWRD,2012,Clinical Concepts in Messaging Strategies to Parents of Depressed and Suicidal Adolescents,"Slovak, Karen",Social Work in Mental Health,10.1080/15332985.2011.625299,journal-article,title_and_abstract,True,Empirical,Qualitative,Qualitative,Qualitative,False,False
SWRD:121143,SWRD,2012,EDITORIAL,Sulina Green; Sulina Green,Social Work-Maatskaplike Werk,10.15270/48-4-30,journal-article,title_and_abstract,False,Not applicable,Not applicable,Irrelevant,,False,False
SWRD:110808,SWRD,2012,Engaging Chinese Immigrant Parents in Youth Suicide Prevention: Shifting Parenting Paradigm in a Culturally Relevant Context,"Chung, Irene Wai Ming; Ming Chung, Irene Wai; Saint-Jacques, Marie-Christine; Mathews, Maria; Chu, Hsiao-Ching; Fortin, Marie-Christine; Turcotte, Daniel; Chu, Hsiao-Ching; Bloom, Scott; Bloom, Scott; St-Amand, Annick; Gargano, Virginie",School Social Work Journal,,"Article , Report",title_and_abstract,True,Non-empirical,Not applicable,Non-empirical,,False,False
SWRD:45676,SWRD,2012,Engaging parents of suicidal youth in a rural environment,"Slovak, Karen; Singer, Jonathan B.",Child & Family Social Work,10.1111/j.1365-2206.2012.00826.x,journal-article,title_and_abstract,True,Empirical,Qualitative,Qualitative,Qualitative,False,False
SWRD:45725,SWRD,2012,Family-based Crisis Intervention with Suicidal Adolescents in the Emergency Room: A Pilot Study,"Wharff, Elizabeth A.; Ginnis, Katherine M.; Ross, Abigail M.",Social Work,10.1093/sw/sws017,journal-article,title_and_abstract,True,Empirical,Quantitative,Quantitative,Quantitative,False,False
SWRD:46770,SWRD,2012,Lesbians and Alcohol Abuse: Identifying Factors for Future Research,"Ricks, Janice L.",Journal of Social Service Research,10.1080/01488376.2011.616764,journal-article,title_and_abstract,False,Not applicable,Not applicable,Irrelevant,,False,False
SWRD:46489,SWRD,2012,Military Combat Deployments and Substance Use: Review and Future Directions,"Larson, Mary; Wooten, Nikki; Adams, Rachel; Merrick, Elizabeth",Journal of Social Work Practice in the Addictions,10.1080/1533256x.2012.647586,journal-article,title_and_abstract,False,Not applicable,Not applicable,Irrelevant,,False,False
SWRD:115887,SWRD,2012,PSIGOSOSIALE BEHOEFTES VAN ADOLESSENTE DOGTERS MET SELF-MOORDGEDRAG,Andrea Du Toit; Herman Strydom; Herman Strydom; Herman Strydom; Herman Strydom; Herman Strydom; Herman Strydom; Herman Strydom; Herman Strydom; Herman Strydom; Herman Strydom; Herman Strydom; Herman Strydom; Herman Strydom; Herman Strydom; Herman Strydom; Herman Strydom; Herman Strydom; Herman Strydom; Herman Strydom; Herman Strydom; Herman Strydom; Herman Strydom; Herman Strydom; Herman Strydom; Herman Strydom; Herman Strydom; Herman Strydom; Herman Strydom; Herman Strydom; Herman Strydom; Herman Strydom; Herman Strydom; Herman Strydom; Herman Strydom; Herman Strydom,Social Work-Maatskaplike Werk,dc/77f7c3831e,fetch_failed,title_and_abstract,True,Empirical,Qualitative,Qualitative,Qualitative,False,False
SWRD:127088,SWRD,2012,Psychosocial Needs of Adolescent Girls with Suicidal Behaviour,"du Toit, Andrea; Strydom, Herman",Social Work-Maatskaplike Werk,,Article,title_and_abstract,True,Empirical,Qualitative,Qualitative,Qualitative,False,False
SWRD:45646,SWRD,2012,Randomized Trial of Suicide Gatekeeper Training for Social Work Students,"Jacobson, Jodi M.; Osteen, Phillip J.; Sharpe, Tanya L.; Pastoor, Jennifer B.",Research on Social Work Practice,10.1177/1049731511436015,journal-article,title_and_abstract,True,Empirical,Quantitative,Quantitative,Quantitative,False,False
SWRD:47052,SWRD,2012,Role of social welfare in European suicide prevention,"Yur'yev, Andriy; Vaernik, Airi; Vaernik, Peeter; Sisask, Merike; Leppik, Lauri",International Journal of Social Welfare,10.1111/j.1468-2397.2010.00777.x,journal-article,title_and_abstract,True,Empirical,Quantitative,Quantitative,Quantitative,False,False
SWRD:97379,SWRD,2012,Socio-Economic Factors and Mental Health of Young People in India and China: An Elusive Link with Globalization,Bhat M.A.; Rather T.A.,"Studies in Clinical Social Work: Transforming Practice, Education and Research",10.1111/j.1753-1411.2011.00059.x,journal-article,title_and_abstract,True,Non-empirical,Not applicable,Non-empirical,,False,False
SWRD:45209,SWRD,2012,Sociocultural study of immigrant suicide-attempters: An ecological perspective,"Chung, Irene",Journal of Social Work,10.1177/1468017310394240,Article,title_and_abstract,True,Empirical,Qualitative,Qualitative,Qualitative,False,False
SWRD:46460,SWRD,2012,Solution-focused therapy in an Emergency Room setting: Increasing hope in persons presenting with suicidal ideation,"Kondrat, David C.; Teater, Barbra",Journal of Social Work,10.1177/1468017310379756,journal-article,title_and_abstract,True,Non-empirical,Not applicable,Non-empirical,,False,False
SWRD:122326,SWRD,2012,"Suicidal thoughts in adopted versus non-adopted youth: A longitudinal analysis in adolescence, early young adulthood, and young adulthood.","Festinger, Trudy; Jaccard, James",Journal of the Society for Social Work and Research,,Article,title_and_abstract,True,Empirical,Quantitative,Quantitative,Quantitative,False,False
SWRD:46423,SWRD,2012,Suicide Attempt Presentations at the Emergency Department: Outcomes From a Pilot Study Examining Precipitating Factors in Deliberate Self-Harm and Issues in Primary Care Physician Management,"Joubert, Lynette; Petrakis, Melissa; Cementon, Enrico",Social Work in Health Care,10.1080/00981389.2011.622673,journal-article,title_and_abstract,True,Empirical,Quantitative,Quantitative,Quantitative,False,False
SWRD:46344,SWRD,2012,"Suicide: Foucault, History and Truth","Hempling, Leslie",Social Work in Mental Health,10.1080/15332985.2010.528731,journal-article,title_only,True,Non-empirical,Not applicable,Non-empirical,,False,False
SWRD:128342,SWRD,2012,Supervizarea clinica si burnout-ul in asistenta persoanelor infectate cu HIV/SIDA.,"Guliman, V.",Aotearoa New Zealand Social Work,,Article,title_and_abstract,False,Not applicable,Not applicable,Irrelevant,,False,False
SWRD:46543,SWRD,2012,The Co-Occurrence of Mental Illness and High HIV Risk in a Sample of African American MSM: Findings and Implications,"Loue, Sana; Daugherty-Brownrigg, Brittany; Heaphy, Emily; Mendez, Nancy; Sajatovic, Martha",Journal of HIV-AIDS & Social Services,10.1080/15381501.2012.703561,journal-article,title_and_abstract,True,Empirical,Quantitative,Quantitative,Quantitative,False,False
SWRD:46341,SWRD,2012,The Effectiveness of Guided Mourning for Adults with Complicated Mourning,"Hefren, Judith; Thyer, Bruce",Journal of Human Behavior in the Social Environment,10.1080/10911359.2012.707946,journal-article,title_and_abstract,False,Not applicable,Not applicable,Irrelevant,,False,False
SWRD:45636,SWRD,2012,Understanding Suicide: A Sociological Autopsy,"Grimbly, Caroline",Qualitative Social Work,10.1177/1473325012446944b,journal-article,title_only,True,Non-empirical,Not applicable,Non-empirical,,False,False
SWRD:45426,SWRD,2012,YOU CAN'T RECOVER FROM SUICIDE: PERSPECTIVES ON SUICIDE EDUCATION IN MSW PROGRAMS,"Ruth, Betty J.; Gianino, Mark; Muroff, Jordana; McLaughlin, Donna; Feldman, Barry N.",Journal of Social Work Education,10.5175/jswe.2012.201000095,journal-article,title_and_abstract,True,Empirical,Quantitative,Quantitative,Mixed-Methods,False,False
SSWR:2013-U-0465,SSWR,2013,"A Study of Parenting Values, Philosophies, and Strategies Among Korean-Immigrant Parents",Junghee Lee; William Donlan; Lew Bank; Jangmin Kim; Hyuny Clark-Shim,SSWR annual conference,,Unknown,title_and_abstract,False,Not applicable,Not applicable,Irrelevant,qualitative,False,False
SSWR:2013-U-0327,SSWR,2013,Accessing Fathers for Clinically Relevant Research: Recommendations From the Field,Otima Doyle; Bridget E. Weller,SSWR annual conference,,Unknown,title_and_abstract,False,Not applicable,Not applicable,Irrelevant,mixed_methods,False,False
SSWR:2013-P-0074,SSWR,2013,"Adolescent Suicide Triggered by Problems At School in Korea: Analyses Focusing On Depression, Suicidal Ideation, Plan and Attempt As Four Dimensions of Suicide",Jae Yeon Park; Ick Joong Chung; Eun Mi An,SSWR annual conference,,Poster,title_and_abstract,True,Empirical,Quantitative,Quantitative,quantitative,False,False
SSWR:2013-U-0206,SSWR,2013,Attitude towards Combat Veterans Scale: Implications for Community Practice and Cultural Competence,David L. Albright; Eugenia L. Weiss,SSWR annual conference,,Unknown,title_and_abstract,False,Not applicable,Not applicable,Irrelevant,quantitative,False,False
SSWR:2013-P-0030,SSWR,2013,Depression Symptoms and Alcohol Use and Their Association with Suicidal Behavior Among Dominican Adolescents,Carolina M. Hausmann-Stabile; Juan B. Pe�a,SSWR annual conference,,Poster,title_and_abstract,True,Empirical,Quantitative,Quantitative,quantitative,False,False
SSWR:2013-U-0453,SSWR,2013,Description of Momcare: Culturally Relevant Treatment Services for Perinatal Depression,Nancy K. Grote; Wayne J. Katon; Mary Jane Lohr,SSWR annual conference,,Unknown,title_and_abstract,False,Not applicable,Not applicable,Irrelevant,quantitative,False,False
SSWR:2013-U-0277,SSWR,2013,Differences in Psychiatric Diagnosis Between Non-Lethal and Highly Lethal Adolescent Suicide Attempters,Kimberly H. McManama O'Brien; Richard T. Liu,SSWR annual conference,,Unknown,title_and_abstract,True,Empirical,Quantitative,Quantitative,quantitative,False,False
SSWR:2013-U-0286,SSWR,2013,Emotional Reactions of Victims of On-Line Harassment: Does the Relationship to the Harasser Matter?,Megan Lindsay; Jaime Booth; Jonel Thaller,SSWR annual conference,,Unknown,title_and_abstract,True,Empirical,Quantitative,Quantitative,quantitative,False,False
SSWR:2013-U-0257,SSWR,2013,Engagement Processes in Model Programs for Prison Reentry for SMI,Beth Angell,SSWR annual conference,,Unknown,title_and_abstract,False,Not applicable,Not applicable,Irrelevant,qualitative,False,False
SSWR:2013-U-0431,SSWR,2013,Enhancing Parenting Support for Military Fathers with Young Children,Tova B. Neugut; Carolyn J. Dayton; Katherine L. Rosenblum,SSWR annual conference,,Unknown,title_and_abstract,False,Not applicable,Not applicable,Irrelevant,qualitative,False,False
SSWR:2013-U-0006,SSWR,2013,Examining the Risk Factors for Denial of Equal Treatment in Social Welfare Services for Transgender and Gender Non-Conforming Clients,Kristie L. Seelman,SSWR annual conference,,Unknown,title_and_abstract,True,Empirical,Quantitative,Quantitative,quantitative,False,False
SSWR:2013-P-0034,SSWR,2013,Exploring Differences in Reasons for Suicidal Thoughts Among Middle and High School Students in a Rural School Mental Health System,Aidyn Iachini; Melissa George; Rob Schmidt; Mark Weist,SSWR annual conference,,Poster,title_and_abstract,True,Empirical,Quantitative,Quantitative,quantitative,False,False
SSWR:2013-U-0260,SSWR,2013,From Practice Wisdom to Evidence-Based Intervention: Developing the Family-Based Crisis Intervention (FBCI) for Suicidal Adolescents,Elizabeth A. Wharff; Abigail M. Ross; Erina M. White; Katherine B. Ginnis,SSWR annual conference,,Unknown,title_and_abstract,True,Empirical,Quantitative,Quantitative,quantitative,False,False
SSWR:2013-P-0025,SSWR,2013,"HIV Risk, Substance Use, and Suicidal Behaviors Among Asian American Sexual-Minority Women",Jieha Lee; Hyeouk Chris Hahm,SSWR annual conference,,Poster,title_and_abstract,True,Empirical,Quantitative,Quantitative,quantitative,False,False
SSWR:2013-X-0010,SSWR,2013,How Are Mothers Impacted by Their Adolescent's Suicide Attempt? �Things Are Never the Same�,Bridget E. Weller; Otima Doyle,SSWR annual conference,,Other,title_and_abstract,True,Empirical,Qualitative,Qualitative,qualitative,False,False
SSWR:2013-P-0055,SSWR,2013,Intimate Partner Homicides Among Asian Immigrants,Bushra Sabri; Jacquelyn Campbell; Chic Dabby,SSWR annual conference,,Poster,title_and_abstract,True,Empirical,Quantitative,Quantitative,quantitative,False,False
SSWR:2013-U-0139,SSWR,2013,"Normative Rates of Depression, Suicide and Well-Being for Military and Nonmilitary","Julie A. Cederbaum, PhD; Tamika D. Gilreath; Rami Benbenishty, PhD; Ron Avi Astor; Diana Pineda; Kris M. Tunac De Pedro; Monica C. Esqueda; Hazel Atuel",SSWR annual conference,,Unknown,title_and_abstract,True,Empirical,Quantitative,Quantitative,quantitative,False,False
SSWR:2013-U-0213,SSWR,2013,Possible Selves and Risk Behavior Among Adolescents in Conflict with the Law in the Hashemite Kingdom of Jordan,Kathryne B. Brewer; Michael J. MacKenzie; Robin E. Gearing; Craig S. Schwalbe; Rawan W. Ibrahim,SSWR annual conference,,Unknown,title_and_abstract,True,Empirical,Quantitative,Quantitative,quantitative,False,False
SSWR:2013-U-0378,SSWR,2013,Reducing the Effects of Homelessness On Adolescents and Their Families by Embedding Evidence-Informed Prevention Programs within Shelters: The HOPE (Homeless Outreach To Parents And Early Adolescents) Family Program,Latoya A. Small; Mandy McGuire-Schwartz; Mary M. McKay,SSWR annual conference,,Unknown,title_and_abstract,True,Empirical,Quantitative,Quantitative,quantitative,False,False
SSWR:2013-U-0141,SSWR,2013,School Violence and Victimization Among Military-Connected Youth,"Tamika D. Gilreath; Julie A. Cederbaum, PhD; Ron Avi Astor; Rami Benbenishty, PhD; Diana Pineda; Hazel Atuel; Kris M. Tunac De Pedro",SSWR annual conference,,Unknown,title_and_abstract,False,Not applicable,Not applicable,Irrelevant,quantitative,False,False
SSWR:2013-U-0451,SSWR,2013,"Screening for Current or Past Symptoms of Depression, Anxiety, and Suicidal Ideation",Jonathan B. Singer,SSWR annual conference,,Unknown,title_and_abstract,True,Empirical,Quantitative,Quantitative,quantitative,False,False
SSWR:2013-U-0262,SSWR,2013,"Separation From a Parent Through Age 16 As a Contributing Factor to Severe Mental Health Conditions in a General Population Study in the US: Considerations for Practice, Programming and Research",Ellen P. Lukens; Jordan E. DeVylder,SSWR annual conference,,Unknown,title_and_abstract,True,Empirical,Quantitative,Quantitative,quantitative,False,False
SSWR:2013-P-0001,SSWR,2013,The Effectiveness of Child-Parent Interventions for Children and Adolescents with Anxiety Disorders: A Systematic Review and Meta-Analysis,Kristen Esposito Brendel,SSWR annual conference,,Poster,title_and_abstract,False,Not applicable,Not applicable,Irrelevant,review,False,False
SSWR:2013-U-0323,SSWR,2013,The Impact of Cognitive Impairment and Family Support On Depression Among Older Adults in Rural China,Yura Lee; Iris Chi,SSWR annual conference,,Unknown,title_and_abstract,False,Not applicable,Not applicable,Irrelevant,quantitative,False,False
SSWR:2013-U-0349,SSWR,2013,The Social Environment of Non-Suicidal Self-Injury Among LGBT Youth,Sarah J. Nickels,SSWR annual conference,,Unknown,title_and_abstract,False,Not applicable,Not applicable,Irrelevant,qualitative,False,False
SSWR:2013-P-0067,SSWR,2013,"Tipping the Scale: Examining Perceived Versus Actual Weight Status in Predicting Suicidal Ideation in African American, Latino and Caucasian Adolescents",Anthony Fulginiti,SSWR annual conference,,Poster,title_and_abstract,True,Empirical,Quantitative,Quantitative,quantitative,False,False
SSWR:2013-U-0221,SSWR,2013,Underreporting of Harms in Pharmaceutical Company-Sponsored Psychotropic Drug Research: The Need for Social Workers' Increased Involvement in Medication-Related Issues,Shannon Hughes,SSWR annual conference,,Unknown,title_and_abstract,True,Empirical,Quantitative,Quantitative,quantitative,False,False
SSWR:2013-P-0106,SSWR,2013,"Where Is Family-Based HIV Prevention Needed Most: Poverty, Homelessness & Family-Level Mental Health Need As Critical Influences On Youth Outcomes",Latoya A. Small; Tricia Stephens; Mary M. McKay; Robert Hawkins,SSWR annual conference,,Poster,title_and_abstract,True,Empirical,Quantitative,Quantitative,quantitative,False,False
SSWR:2013-U-0094,SSWR,2013,�It Gets Better' but How? Pathways to Resilience in the Accounts of LGBT Adults,Kenta Asakura,SSWR annual conference,,Unknown,title_and_abstract,True,Empirical,Qualitative,Qualitative,qualitative,False,False
SWRD:52641,SWRD,2013,"""Do They See Nothing Wrong With This?"": Bullying, Bystander Complicity, and the Role of Homophobic Bias in the Tyler Clementi Case","Byers, David S.",Families in Society,10.1606/1044-3894.4325,journal-article,title_and_abstract,True,Non-empirical,Not applicable,Non-empirical,,False,False
SWRD:43323,SWRD,2013,'Giving a voice to the unheard'? Is female youth (15-24 years) suicide linked to restricted access to family planning? Comparing two Catholic continents,"Pritchard, Colin; Roberts, Sion; Pritchard, Claire E.",International Social Work,10.1177/0020872812441645,journal-article,title_and_abstract,True,Empirical,Quantitative,Quantitative,Quantitative,False,False
SWRD:44071,SWRD,2013,A pilot study on a knowledge-based case library to support suicide risk assessment,"Cheung, C. F.; Wang, W. M.; Leung, Zeno C. S.",International Social Work,10.1177/0020872811414037,journal-article,title_and_abstract,True,Empirical,Quantitative,Quantitative,,False,False
SWRD:44249,SWRD,2013,A Social Work Contribution to Suicide Prevention Through Assertive Brief Psychotherapy and Community Linkage: Use of the Manchester Short Assessment of Quality of Life (MANSA),"Petrakis, Melissa; Joubert, Lynette",Social Work in Health Care,10.1080/00981389.2012.737903,Article,title_and_abstract,True,Empirical,Quantitative,Quantitative,Quantitative,False,False
SWRD:44671,SWRD,2013,Attributions of Autonomy and Competence of Older and Younger Homeless Mentally Ill,"Kane, Michael N.; Jacobs, Robin J.; Hawkins, Wesley E.",Social Work in Health Care,10.1080/00981389.2012.732205,Article,title_and_abstract,False,Not applicable,Not applicable,Irrelevant,Quantitative,False,False
SWRD:101198,SWRD,2013,Clifford W. Beers,Oh; Leotti; Hans; Sandy; DeVylder; Jordan,Social Work and Society,,Article,title_and_abstract,False,Not applicable,Not applicable,Irrelevant,,False,False
SWRD:44017,SWRD,2013,CLINICAL PRACTICE WITH SUICIDAL CLIENTS,"Matorin, Sue",Social Work,10.1093/sw/swt010,journal-article,title_only,True,Non-empirical,Not applicable,Non-empirical,,False,False
SWRD:43164,SWRD,2013,Devastating Losses-How Parents Cope with the Death of a Child to Suicide or Drugs,"Byers, David S.",Clinical Social Work Journal,10.1007/s10615-012-0431-0,journal-article,title_only,True,Non-empirical,Not applicable,Non-empirical,,False,False
SWRD:44270,SWRD,2013,Development Guidelines from a Study of Suicide Prevention Mobile Applications (Apps),"Aguirre, Regina T. P.; Mccoy, Mary K.; Roan, Michelle",Journal of Technology in Human Services,10.1080/15228835.2013.814750,journal-article,title_and_abstract,True,Empirical,Qualitative,Qualitative,Qualitative,False,False
SWRD:44102,SWRD,2013,Dying Together: Suicide Pacts and Other Episodes of Paired Suicides in Yorkshire and the Humber,"Gregory, Marilyn J.",British Journal of Social Work,10.1093/bjsw/bct015,journal-article,title_and_abstract,True,Empirical,Qualitative,Qualitative,Qualitative,False,False
SWRD:44182,SWRD,2013,Enhanced Case Management versus Substance Abuse Treatment Alone among Substance Abusers with Depression,"Striley, Catherine W.; Nattala, Prasanthi; Ben Abdallah, Arbi; Dennis, Michael L.; Cottler, Linda B.",Social Work Research,10.1093/swr/svs019,journal-article,title_and_abstract,True,Empirical,Quantitative,Quantitative,Quantitative,False,False
SWRD:44166,SWRD,2013,Extending Kohut's Concept of Selfobject: The Undifferentiated Selfobject,"Rowe, Crayton E., Jr.",Clinical Social Work Journal,10.1007/s10615-011-0361-2,journal-article,title_and_abstract,False,Not applicable,Not applicable,Irrelevant,,False,False
SWRD:44084,SWRD,2013,From Sense-Making to Meaning-Making: Understanding and Supporting Survivors of Suicide,"Dransart, Dolores Angela Castelli",British Journal of Social Work,10.1093/bjsw/bct026,journal-article,title_and_abstract,True,Empirical,Qualitative,Qualitative,Qualitative,False,False
SWRD:43461,SWRD,2013,Gay Affirmative Cognitive Behavioral Therapy for Sexual Minority Youth: A Clinical Adaptation,"Craig, Shelley L.; Austin, Ashley; Alessi, Edward",Clinical Social Work Journal,10.1007/s10615-012-0427-9,journal-article,title_and_abstract,False,Not applicable,Not applicable,Irrelevant,,False,False
SWRD:125515,SWRD,2013,Group interventions in rural schools to assist with a community trauma.,,Contemporary Rural Social Work,,Article,title_and_abstract,False,Not applicable,Not applicable,Irrelevant,,False,False
SWRD:44170,SWRD,2013,Losing Ann: Countertransference Aspects of Altering the Frame with a Long Term Patient Facing Atypical Dementia,"Shatsky, Paula",Clinical Social Work Journal,10.1007/s10615-012-0389-y,journal-article,title_and_abstract,False,Not applicable,Not applicable,Irrelevant,,False,False
SWRD:94546,SWRD,2013,Personal Trauma and Risk Behaviors Among Youth Entering Residential Treatment,"Harr, Cynthia R.; Horn-Johnson, Tancy C.; Williams, Nathaniel J.; Jones, Megan; Riley, Kelly",Child & Adolescent Social Work Journal,10.1007/s10560-013-0297-1,journal-article,title_and_abstract,True,Empirical,Quantitative,Quantitative,Quantitative,False,False
SWRD:128122,SWRD,2013,Problem gambling: A suitable case for social work?,"Rogers, Jim",Practice: Social Work in Action,,Article,title_and_abstract,False,Not applicable,Not applicable,Irrelevant,,False,False
SWRD:44855,SWRD,2013,Rethinking Adolescent Inpatient Psychiatric Care: The Importance of Integrated Interventions for Suicidal Youth With Substance Use Problems,"O'Brien, Kimberly H. McManama",Social Work in Mental Health,10.1080/15332985.2013.774924,Article,title_and_abstract,True,Non-empirical,Not applicable,Non-empirical,,False,False
SWRD:110795,SWRD,2013,"School Climate, Individual Support, or Both? Gay-Straight Alliances and the Mental Health of Sexual Minority Youth","Walls, N Eugene; Walls, N. Eugene; Dufour, Claudia; Wehbi, Samantha; Wisneski, Hope; Gervais, Marie-Hélène; Ryan, Dana; Wisneski, Hope; Kane, Sarah; Kane, Sarah; Negura, Lilian; Mathews, Maria",School Social Work Journal,,Journal Article,title_and_abstract,True,Empirical,Quantitative,Quantitative,Quantitative,False,False
SWRD:119832,SWRD,2013,Suicide Within United States Jails: A Qualitative Interpretive Meta-synthesis,"Frank, Laura; Frank, Laura; Aguirre, Regina T. P.; Aguirre, Regina T. P.",The Journal of Sociology & Social Welfare,oai:scholarworks.wmich.edu:jssw-3744,fetch_failed,title_and_abstract,True,Empirical,Review,Review,Review,False,False
SWRD:126676,SWRD,2013,The Ethics of Involuntary Hospitalization,"White, Erina",International Journal of Social Work Values and Ethics,,Article,title_and_abstract,True,Non-empirical,Not applicable,Non-empirical,,False,False
SWRD:44662,SWRD,2013,Traumatic Grief among African American Soldiers Exposed to Combat: Implications for Social Work Education,"Johnson, Oliver; Johnson, Imani",Journal of Human Behavior in the Social Environment,10.1080/10911359.2013.795054,Article,title_and_abstract,False,Not applicable,Not applicable,Irrelevant,,False,False
SWRD:44411,SWRD,2013,"Treating the basic self: Understanding addictive, suicidal, compulsive, and attention-deficit/hyperactivity (ADHD) behavior","Chernus, Linda A.",Psychoanalytic Social Work,10.1080/15228878.2013.824820,Book Review,title_only,False,Not applicable,Not applicable,Irrelevant,,False,False
SWRD:43186,SWRD,2013,Understanding the Meanings Behind Adolescent Non-Suicidal Self-Injury: Are We Missing the Boat?,"LeCloux, Mary",Clinical Social Work Journal,10.1007/s10615-012-0417-y,journal-article,title_and_abstract,False,Not applicable,Not applicable,Irrelevant,,False,False
SWRD:117159,SWRD,2013,Violent Death Among Recently Released Prison Inmates: Stories Behind the Numbers,Anna Scheyett; Candice Morgan; Steven E. Lize; Scott Proescholdbell; Tammy Norwood; David Edwards,Journal of Forensic Social Work,dc/731333e4b0,fetch_failed,title_and_abstract,True,Empirical,Quantitative,Quantitative,Quantitative,False,False
SWRD:43902,SWRD,2013,Vulnerable children's health as described in investigations of reported children,"Hultman, Elin; Alm, Charlotte; Cederborg, Ann-Christin; Falth Magnusson, Karin",Child & Family Social Work,10.1111/j.1365-2206.2011.00807.x,journal-article,title_and_abstract,False,Not applicable,Not applicable,Irrelevant,Quantitative,False,False
SWRD:73443,SWRD,2013,‘The stranger inside’: suicide-related grief and ‘othering’ among teenage daughters following the loss of a father to suicide,Silvén Hagström A.,Nordic Social Work Research,10.1080/2156857x.2013.801877,journal-article,title_and_abstract,True,Empirical,Qualitative,Qualitative,Qualitative,False,False
SSWR:2014-P-0096,SSWR,2014,"A Multiethnic Examination of Suicidal Ideation, Psychotic Symptoms and Belongingness Among Adults Based On the Collaborative Psychiatric Epidemiological Surveys",Armando Barragán; Mercedes Hernandez; Ann Marie Yamada; Concepcion Barrio,SSWR annual conference,,Poster,title_and_abstract,True,Empirical,Quantitative,Quantitative,quantitative,False,False
SSWR:2014-P-0110,SSWR,2014,A Prediction Model of Being Bullied Among Adolescents,Sung Seek Moon; Youn Kyoung (Lily) KIM,SSWR annual conference,,Poster,title_and_abstract,False,Not applicable,Not applicable,Irrelevant,quantitative,False,False
SSWR:2014-U-0201,SSWR,2014,"An Examination of Trauma Symptoms Among Children and Adolescents From Two Red-Light Areas in Mumbai, India",Shraddha Prabhu; Catherine N. Dulmus; Tom Nochajski; Eugene Maguin,SSWR annual conference,,Unknown,title_and_abstract,False,Not applicable,Not applicable,Irrelevant,quantitative,False,False
SSWR:2014-U-0533,SSWR,2014,Companion Animals As Evokers of Connection and Responsibility Among Individuals With Serious Mental Illness: A Systematic Review of Qualitative Findings,Janet Hoy,SSWR annual conference,,Unknown,title_and_abstract,True,Empirical,Review,Review,review,False,False
SSWR:2014-U-0488,SSWR,2014,Cross-Cultural Conflict in Social Service Provision With Indigenous Youth: A Case Study of Power Dynamics in a Circus Program for Inuit Youth,Kaitlin J. Schwan; Ernie Lightman,SSWR annual conference,,Unknown,title_and_abstract,False,Not applicable,Not applicable,Irrelevant,qualitative,False,False
SSWR:2014-P-0039,SSWR,2014,First Generation College Students: What Do We Know About Their Mental Health?,James L. Pease,SSWR annual conference,,Poster,title_and_abstract,False,Not applicable,Not applicable,Irrelevant,quantitative,False,False
SSWR:2014-U-0372,SSWR,2014,Growing Up Queer and Religious: A Quantitative Study Analyzing the Relationship Between Religious Identity Conflict and Suicide in Sexual Minority Youth,Jeremy Gibbs; Jeremy Goldbach,SSWR annual conference,,Unknown,title_and_abstract,True,Empirical,Quantitative,Quantitative,quantitative,False,False
SSWR:2014-X-0019,SSWR,2014,How Are Mothers Impacted By Their Adolescent's Suicide Attempt Over Time? �Now That It's Over; Its Not Over�,Bridget E. Weller; Otima Doyle; David Goldston,SSWR annual conference,,Other,title_and_abstract,True,Empirical,Qualitative,Qualitative,qualitative,False,False
SSWR:2014-P-0040,SSWR,2014,Latina Youth Suicide: Understanding Why?,Erika Ruiz; Marcella Tanya Smith; Regina T. P. Aguirre,SSWR annual conference,,Poster,title_and_abstract,True,Empirical,Quantitative,Quantitative,quantitative,False,False
SSWR:2014-P-0092,SSWR,2014,Multiple Trajectories of Depressive Symptoms and Their Predictors Among Older Adults in Poverty,Eun-Na Kang; Jae-Sung Choi,SSWR annual conference,,Poster,title_and_abstract,False,Not applicable,Not applicable,Irrelevant,quantitative,False,False
SSWR:2014-U-0152,SSWR,2014,Participatory Action Research As a Tool for Social Change: Lgbtq Young People Impacting Their Communities,M. Alex Wagaman,SSWR annual conference,,Unknown,title_and_abstract,False,Not applicable,Not applicable,Irrelevant,qualitative,False,False
SSWR:2014-P-0016,SSWR,2014,Predicting Changes in Mental Health Professionals' Clinical Practice Behaviors for Recognizing and Responding to Suicide Risk,Sang Jung Lee; Phillip Osteen; Jodi M. Jacobson,SSWR annual conference,,Poster,title_and_abstract,True,Empirical,Quantitative,Quantitative,quantitative,False,False
SSWR:2014-U-0541,SSWR,2014,Psychometric Properties of the Beck Depression Inventory � II Among Adult Psychiatric Inpatients,Andrew Subica; J. Christopher Fowler; Jon D. Elhai; B. Christopher Frueh; Carla Sharp; Erin L. Kelly; Jon G. Allen,SSWR annual conference,,Unknown,title_and_abstract,False,Not applicable,Not applicable,Irrelevant,quantitative,False,False
SSWR:2014-U-0117,SSWR,2014,Rates and Characteristics of Violent Death Victims Among Persons Released From Prison,Anna Scheyett; Stephen Lize; Candice Morgan,SSWR annual conference,,Unknown,title_and_abstract,True,Empirical,Quantitative,Quantitative,quantitative,False,False
SSWR:2014-P-0144,SSWR,2014,Suicide Plans and Attempts As Predictors of Carrying Weapons Among Adolescents,Aaron C. Willis,SSWR annual conference,,Poster,title_and_abstract,True,Empirical,Quantitative,Quantitative,quantitative,False,False
SSWR:2014-P-0018,SSWR,2014,The Clinical Significance of Sub-Threshold Psychosis in the General Population: Comorbidity and Suicide Risk,Jordan E. DeVylder,SSWR annual conference,,Poster,title_and_abstract,True,Empirical,Quantitative,Quantitative,quantitative,False,False
SSWR:2014-U-0356,SSWR,2014,The Effects of Gender and Violence Exposure On Trauma Symptoms in Cocaine-Exposed 11-Year-Olds,Julia M. Kobulsky; Sonnia Minnes; Meeyoung O. Min; Mark I. Singer,SSWR annual conference,,Unknown,title_and_abstract,False,Not applicable,Not applicable,Irrelevant,quantitative,False,False
SSWR:2014-U-0059,SSWR,2014,The Effects of Measurement Error in the Independent Variable On the Standardized Mean Difference and a Proposed Procedure for Correcting It,William R. Nugent,SSWR annual conference,,Unknown,title_and_abstract,False,Not applicable,Not applicable,Irrelevant,review,False,False
SSWR:2014-U-0294,SSWR,2014,The Role of Relationships and the Search for Meaning in Suicide Ideation: An Exploratory Study of Incarcerated Women With Life Sentences,Gina Fedock; Sheryl Pimlott Kubiak,SSWR annual conference,,Unknown,title_and_abstract,True,Empirical,Qualitative,Qualitative,qualitative,False,False
SSWR:2014-U-0351,SSWR,2014,Violence Against Youth With Disabilities in Vietnam and Its Relationship to Suicidal Ideation and Self-Harm Behaviors,Kristen A. Berg; Cheng Shi Shiu; Huong Nguyen,SSWR annual conference,,Unknown,title_and_abstract,True,Empirical,Quantitative,Quantitative,quantitative,False,False
SSWR:2014-U-0128,SSWR,2014,Would You Tell Under Circumstances Like That?: Barriers to Disclosure of Child Sexual Abuse for Men,Scott D. Easton; Leia Y. Saltzman; Danny G. Willis,SSWR annual conference,,Unknown,title_and_abstract,False,Not applicable,Not applicable,Irrelevant,qualitative,False,False
SSWR:2014-U-0529,SSWR,2014,�The Role of Religion and Spirituality in Building Resiliency Among Muslim Armed Forces Personnel�,Wahiba Abu-Ras; Shareda Hosein,SSWR annual conference,,Unknown,title_and_abstract,False,Not applicable,Not applicable,Irrelevant,qualitative,True,False
SSWR:2014-U-0352,SSWR,2014,�You Don't Know What You've Got Until They Get in There�: Older Residents' Perspectives of Budget Hotels As Micro-Communities of Affiliation,Terri Lewinson,SSWR annual conference,,Unknown,title_and_abstract,False,Not applicable,Not applicable,Irrelevant,qualitative,False,False
SWRD:42189,SWRD,2014,"""It Gets Better"" ... but How? Exploring Resilience Development in the Accounts of LGBTQ Adults","Asakura, Kenta; Craig, Shelley L.",Journal of Human Behavior in the Social Environment,10.1080/10911359.2013.808971,journal-article,title_and_abstract,False,Not applicable,Not applicable,Irrelevant,Qualitative,False,False
SWRD:41206,SWRD,2014,A Validity and Measurement Equivalence Study of the Ultra-Short Suicidal Ideation Scale With Older Adults,"Nugent, William Robert; Cummings, Sherry",Journal of the Society for Social Work and Research,10.1086/679225,journal-article,title_and_abstract,True,Empirical,Quantitative,Quantitative,Quantitative,False,False
SWRD:41235,SWRD,2014,African Americans' Perceived Sociocultural Determinants of Suicide: Afrocentric Implications for Public Health Inequalities,"Borum, Valerie",Social Work in Public Health,10.1080/19371918.2013.776339,journal-article,title_and_abstract,True,Empirical,Qualitative,Qualitative,Qualitative,False,False
SWRD:42924,SWRD,2014,Associations Between Sexual Abuse and Negative Health Consequences Among High-Risk Men Who Have Sex with Men,"Rusow, Joshua A.; Fletcher, Jesse B.; Le, Hung; Reback, Cathy J.",Sexual and Gender Diversity in Social Services,10.1080/10538720.2014.891451,journal-article,title_and_abstract,True,Empirical,Quantitative,Quantitative,Quantitative,False,False
SWRD:42032,SWRD,2014,Coping with parental death as seen from the perspective of children who attended a grief camp,"McClatchey, Irene Searles; Wimmer, Jane S.",Qualitative Social Work,10.1177/1473325012465104,journal-article,title_and_abstract,False,Not applicable,Not applicable,Irrelevant,Qualitative,False,False
SWRD:42716,SWRD,2014,Exploring e-Mental Health Preferences of Generation Y,"Mar, Marissa Y.; Neilson, Erika K.; Torchalla, Iris; Werker, Gregory R.; Laing, Allison; Krausz, Michael",Journal of Technology in Human Services,10.1080/15228835.2014.943457,journal-article,title_and_abstract,False,Not applicable,Not applicable,Irrelevant,Qualitative,True,False
SWRD:42742,SWRD,2014,Exploring the Formal Supports Used by People Bereaved Through Suicide: A Qualitative Study,"McKinnon, Janette M.; Chonody, Jill",Social Work in Mental Health,10.1080/15332985.2014.889637,journal-article,title_and_abstract,True,Empirical,Qualitative,Qualitative,Qualitative,False,False
SWRD:43111,SWRD,2014,Field Note-Developing Suicide Risk Assessment Training for Hospital Social Workers: An Academic-Community Partnership,"Wharff, Elizabeth A.; Ross, Abigail M.; Lambert, Susan",Journal of Social Work Education,10.1080/10437797.2014.856249,journal-article,title_and_abstract,True,Empirical,Quantitative,Quantitative,Quantitative,False,False
SWRD:42431,SWRD,2014,"Lifestyle Practices, Psychological Well-Being, and Substance Use among Chinese-Canadian Youth","Fang, Lin; Zhang, Vivian F.; Poon, Helen Lai Man; Fung, Wai Lun Alan; Katakia, Dhvani",Journal of Ethnic & Cultural Diversity in Social Work,10.1080/15313204.2014.932732,journal-article,title_and_abstract,True,Empirical,Quantitative,Quantitative,Quantitative,False,False
SWRD:42084,SWRD,2014,"Living in Danger: Previous Violence, Socioeconomic Position, and Mortality Risk among Women over a 10-Year Period","Trygged, Sven; Hedlund, Ebba; Kareholt, Ingemar",Social Work in Public Health,10.1080/19371918.2013.776350,journal-article,title_and_abstract,True,Empirical,Quantitative,Quantitative,Quantitative,False,False
SWRD:42400,SWRD,2014,Managing Risk of Difficult Behaviors in the Hospital Emergency Department: The Use of Cigarette Breaks With Mental Health Patients,"Donley, Euan R.",Social Work in Mental Health,10.1080/15332985.2013.832716,journal-article,title_and_abstract,False,Not applicable,Not applicable,Irrelevant,Mixed-Methods,False,False
SWRD:119894,SWRD,2014,Mass Shootings and Mental Health Policy,"Rosenberg, Jessica; Rosenberg, Jessica",The Journal of Sociology & Social Welfare,oai:scholarworks.wmich.edu:jssw-3835,fetch_failed,title_and_abstract,False,Not applicable,Not applicable,Irrelevant,,False,False
SWRD:42037,SWRD,2014,Meta-Analysis and Systematic Review Assessing the Efficacy of Dialectical Behavior Therapy ( DBT),"Panos, Patrick T.; Jackson, John W.; Hasan, Omar; Panos, Angelea",Research on Social Work Practice,10.1177/1049731513503047,journal-article,title_and_abstract,True,Empirical,Review,Review,Review,False,False
SWRD:42765,SWRD,2014,Neuroscience Insights That Inform Clinical Supervision,"Miehls, Dennis","Studies in Clinical Social Work: Transforming Practice, Education and Research",10.1080/00377317.2014.924706,journal-article,title_and_abstract,False,Not applicable,Not applicable,Irrelevant,,False,False
SWRD:42016,SWRD,2014,Our Encounters with Suicide,"Leah, Caroline",British Journal of Social Work,10.1093/bjsw/bcu009,journal-article,title_only,True,Non-empirical,Not applicable,Non-empirical,,False,False
SWRD:42729,SWRD,2014,Personal and Professional Knowledge of and Experience With Suicide and Suicide Prevention Among Stakeholders in Clinical and Community Practice,"Matthieu, Monica M.; Gardiner, Giovanina; Ziegemeier, Ellen; Buxton, Miranda; Han, Lu; Cross, Wendi",Social Work in Mental Health,10.1080/15332985.2014.884517,journal-article,title_and_abstract,True,Empirical,Qualitative,Qualitative,Quantitative,False,False
SWRD:42965,SWRD,2014,Perspectives and Appropriateness of Suicide Prevention Gatekeeper Training for MSW Students,"Sharpe, Tanya L.; Frey, Jodi Jacobson; Osteen, Philip J.; Bernes, Sarah",Social Work in Mental Health,10.1080/15332985.2013.848831,journal-article,title_and_abstract,True,Empirical,Qualitative,Qualitative,Qualitative,False,False
SWRD:42348,SWRD,2014,Psychiatric Pathology and Suicide Risk in Patients with Cancer,"Costantini, Anna; Pompili, Maurizio; Innamorati, Marco; Zezza, Maria Cristina; Di Carlo, Alessandra; Sher, Leo; Girardi, Paolo",Journal of Psychosocial Oncology,10.1080/07347332.2014.917136,journal-article,title_and_abstract,True,Empirical,Quantitative,Quantitative,Quantitative,False,False
SWRD:42224,SWRD,2014,PTSD as Aftermath for Bullied LGBT Adolescents: The Case for Comprehensive Assessment,"Beckerman, Nancy L.; Auerbach, Charles",Social Work in Mental Health,10.1080/15332985.2014.888026,journal-article,title_and_abstract,False,Not applicable,Not applicable,Irrelevant,Quantitative,False,False
SWRD:116336,SWRD,2014,"RECENSIÓN / BOOK REVIEW. Davis, Angela (2004) Mujeres, Raza y Clase. Madrid, AKAL.",Marta Martínez-Tijeras,Global Social Work / Trabajo Social Global,dc/1be5275dc4,fetch_failed,title_and_abstract,False,Not applicable,Not applicable,Irrelevant,,False,False
SWRD:100717,SWRD,2014,REFLECTIONS ON THE EXPERIENCES AND NEEDS OF ADOLESCENTS WHO HAVE ATTEMPTED SUICIDE: A QUALITATIVE STUDY,Aspaslan; Jonathan; Nicky Aspaslan; Nicky Aspaslan; Nicky; Lowe,Social Work-Maatskaplike Werk,10.15270/39-3-361,journal-article,title_and_abstract,True,Empirical,Qualitative,Qualitative,,False,False
SWRD:41427,SWRD,2014,Social work and social problems: A contribution from systems theory and constructionism,"Michailakis, Dimitris; Schirmer, Werner",International Journal of Social Welfare,10.1111/ijsw.12091,journal-article,title_and_abstract,False,Not applicable,Not applicable,Irrelevant,,False,False
SWRD:42715,SWRD,2014,Suicidal Behavior and HIV/AIDS: A Partial Test of Joiner's Theory of Why People Die by Suicide,"Manetta, Ameda A.; Cox, Lisa E.",Social Work in Mental Health,10.1080/15332985.2013.832717,journal-article,title_and_abstract,True,Empirical,Quantitative,Quantitative,Quantitative,False,False
SWRD:42824,SWRD,2014,Suicide Prevention in Social Work Education: How Prepared Are Social Work Students?,"Osteen, Philip J.; Jacobson, Jodi M.; Sharpe, Tanya L.",Journal of Social Work Education,10.1080/10437797.2014.885272,journal-article,title_and_abstract,True,Empirical,Quantitative,Quantitative,Quantitative,False,False
SWRD:42728,SWRD,2014,Suicide Prevention Training Program for Gatekeepers Working in Community Hospice Settings,"Matthieu, Monica M.; Swensen, Angela B.",Journal of Social Work in End-Of-Life & Palliative Care,10.1080/15524256.2013.877865,journal-article,title_and_abstract,True,Empirical,Quantitative,Quantitative,Quantitative,False,False
SWRD:42894,SWRD,2014,Systematic Literature Review Unemployment and psychological distress among young adults in the Nordic countries: A review of the literature,"Reneflot, Anne; Evensen, Miriam",International Journal of Social Welfare,10.1111/ijsw.12000,journal-article,title_and_abstract,True,Empirical,Review,Review,,False,False
SWRD:42000,SWRD,2014,The Attachment Function of Acute and Chronic Suicidal Illness in the Psychotherapy of an Adult Female Incest Survivor,"Greenfield, Robert M.",Clinical Social Work Journal,10.1007/s10615-012-0429-7,journal-article,title_and_abstract,True,Non-empirical,Not applicable,Non-empirical,,False,False
SWRD:42145,SWRD,2014,"The Influence of Intergenerational Family Dynamics on Suicidal Behavior: Conceptualization, Assessment, and Intervention","Morey, Cathleen M.","Studies in Clinical Social Work: Transforming Practice, Education and Research",10.1080/00377317.2014.860787,journal-article,title_and_abstract,True,Non-empirical,Not applicable,Non-empirical,,False,False
SWRD:43090,SWRD,2014,"Uncomplicated Depression, Suicide Attempt, and the DSM-5 Bereavement Exclusion Debate: An Empirical Evaluation","Wakefield, Jerome C.; Schmitz, Mark F.",Research on Social Work Practice,10.1177/1049731513495092,journal-article,title_and_abstract,True,Empirical,Quantitative,Quantitative,Quantitative,False,False
SWRD:41396,SWRD,2014,Understanding the Relationship between Domestic Abuse and Suicide Behavior in Adults Receiving Primary Care: Does Forgiveness Matter?,"Chang, Edward C.; Kahle, Emma R.; Yu, Elizabeth A.; Hirsch, Jameson K.",Social Work,10.1093/sw/swu028,journal-article,title_and_abstract,True,Empirical,Quantitative,Quantitative,Quantitative,False,False
SSWR:2015-O-0219,SSWR,2015,"""Being Safe and Being Yourself Is Two Different Things"": Understanding Structural Violence and Resistance Among Sexually Diverse Youth in Kingston, Jamaica",Carmen Logie; Nicolette Jones; Kristina Mena; Annecka Marshall,SSWR annual conference,,Oral,title_and_abstract,True,Empirical,Qualitative,Qualitative,qualitative,False,False
SSWR:2015-O-0302,SSWR,2015,Adolescent Exposure to Community Violence and Depressive Symptoms Among Adolescents and Young Adults: Understanding the Effect of Mental Health Service Usage,Wan-Yi Chen; Kenneth Corvo,SSWR annual conference,,Oral,title_and_abstract,False,Not applicable,Not applicable,Irrelevant,quantitative,False,False
SSWR:2015-O-0627,SSWR,2015,"Adverse Childhood Experiences, Protective Factors, and Mental Health Problems Among Court-Involved Youth",Patricia Logan-Greene; Paula S. Nurius; Sharon Borja; Robert Tennyson,SSWR annual conference,,Oral,title_and_abstract,True,Empirical,Quantitative,Quantitative,quantitative,False,False
SSWR:2015-O-0087,SSWR,2015,Asset Ownership and Parent-Youth Relationship in Ghana: Determinants of Positive Health and Wellbeing,Gina Chowa Chowa; Rainier D. Masa,SSWR annual conference,,Oral,title_and_abstract,False,Not applicable,Not applicable,Irrelevant,quantitative,False,False
SSWR:2015-O-0505,SSWR,2015,"Bridging the Silos: Connections Between Trauma Exposure, Posttraumatic Stress, and Depression in a Community Sample of First-Time Mothers",Mickey S. Sperlich,SSWR annual conference,,Oral,title_and_abstract,False,Not applicable,Not applicable,Irrelevant,quantitative,False,False
SSWR:2015-O-0496,SSWR,2015,Bright Light Treatment of Child and Adolescent Depression and Depressive Symptoms: A Systematic Review,Brianna M. Lombardi,SSWR annual conference,,Oral,title_and_abstract,False,Not applicable,Not applicable,Irrelevant,review,False,False
SSWR:2015-O-0382,SSWR,2015,Can Better Emotion Regulation Protect Against Suicidality in Traumatized Homeless Youth?,Nicholas U. Barr; Eric Rice; Harmony Rhoades; Hailey Winetrobe,SSWR annual conference,,Oral,title_and_abstract,True,Empirical,Quantitative,Quantitative,quantitative,False,False
SSWR:2015-O-0399,SSWR,2015,Changes in Clinical Functioning Among Adolescents Engaged in Deliberate Self-Harm,Sigrid James; Alphonso Smith; Kimberly R. Freeman; Joshua Morgan,SSWR annual conference,,Oral,title_and_abstract,False,Not applicable,Not applicable,Irrelevant,quantitative,False,False
SSWR:2015-O-0563,SSWR,2015,"Child Maltreatment, Depression and Suicide in Adolescents with Chronic Pain",Candace Killian-Farrell; Miranda A.L. van Tilburg; Diana English; David Goldston; Jonathan B. Kotch; Desmond Runyan; Richard Thompson,SSWR annual conference,,Oral,title_and_abstract,True,Empirical,Quantitative,Quantitative,quantitative,False,False
SSWR:2015-O-0596,SSWR,2015,"Co-Occurrence of Suicidal Ideation, Depressed Mood, and Recent Substance Use Among Military-Connected Adolescents: A Latent Class Analysis",Tamika D. Gilreath,SSWR annual conference,,Oral,title_and_abstract,True,Empirical,Quantitative,Quantitative,quantitative,False,False
SSWR:2015-O-0351,SSWR,2015,"College Institutional Climate, Interpersonal Victimization, and the Relationship to Suicidality and Homelessness Among Transgender Individuals",Kristie L. Seelman,SSWR annual conference,,Oral,title_and_abstract,True,Empirical,Quantitative,Quantitative,quantitative,False,False
SSWR:2015-O-0501,SSWR,2015,Community Wise: Pilot Findings of a Substance Abuse and HIV Prevention Multilevel Intervention,Liliane Cambraia Windsor; Rogério Pinto,SSWR annual conference,,Oral,title_and_abstract,False,Not applicable,Not applicable,Irrelevant,quantitative,False,False
SSWR:2015-O-0065,SSWR,2015,Connectedness and Suicidality: Implications for Prevention Among Child Welfare-Investigated Youth,Amy He; Anthony Fulginiti; Megan A. Finno-Velasquez,SSWR annual conference,,Oral,title_and_abstract,True,Empirical,Quantitative,Quantitative,quantitative,False,False
SSWR:2015-P-0083,SSWR,2015,Crisis Care: A Smartphone Application Intervention for Suicidal Adolescents,Kimberly H. McManama O'Brien; Jason Kahn; Christina Gironda; Mary LeCloux; Elizabeth A. Wharff,SSWR annual conference,,Poster,title_and_abstract,True,Empirical,Quantitative,Quantitative,quantitative,False,False
SSWR:2015-P-0047,SSWR,2015,Cross-Cultural Equivalence of the CES-D with Native American/Alaskan Native and White Youth over the Transition to Adulthood,Melissa L. Harry,SSWR annual conference,,Poster,title_and_abstract,False,Not applicable,Not applicable,Irrelevant,quantitative,False,False
SSWR:2015-P-0162,SSWR,2015,Current Service Utilization Among Homeless Youth with Experiences in Foster Care and Criminal Justice,Andrea Lane Eastman; Eric Rice; Harmony Rhoades; Hailey Winetrobe,SSWR annual conference,,Poster,title_and_abstract,False,Not applicable,Not applicable,Irrelevant,quantitative,False,False
SSWR:2015-P-0395,SSWR,2015,Disclosure of Suicidal Thoughts: Examining Individual and Relational Factors for Getting Help,Anthony Fulginiti; Rohini Pahwa,SSWR annual conference,,Poster,title_and_abstract,True,Empirical,Quantitative,Quantitative,quantitative,False,False
SSWR:2015-O-0558,SSWR,2015,Double Trouble: Disabilty and Suicide Attempts in Adolescence,Tally Moses,SSWR annual conference,,Oral,title_and_abstract,True,Empirical,Quantitative,Quantitative,quantitative,False,False
SSWR:2015-P-0259,SSWR,2015,Empowerment in Substance Abuse Prevention Coalitions: Testing Mediating Effects of Members' Participation and Role Engagement within a Statewide Context,"Kristen Gilmore Powell; Sarah Gold; Donald K. Hallcom; N. Andrew Peterson, PhD",SSWR annual conference,,Poster,title_and_abstract,False,Not applicable,Not applicable,Irrelevant,quantitative,False,False
SSWR:2015-P-0172,SSWR,2015,Examining the Efficacy of the Family Based Crisis Intervention for Suicidal Adolescents in the Emergency Department: Results of a Randomized Clinical Trial,Elizabeth A. Wharff; Katherine B. Ginnis; Erina M. White; Abigail M. Ross; Kerry Brodziak,SSWR annual conference,,Poster,title_and_abstract,True,Empirical,Quantitative,Quantitative,quantitative,False,False
SSWR:2015-P-0295,SSWR,2015,Exploring the Relationship Between Coming out and Identity Development for LGB Individuals,Marcus Crawford; Douglas A. Crews,SSWR annual conference,,Poster,title_and_abstract,False,Not applicable,Not applicable,Irrelevant,quantitative,False,False
SSWR:2015-O-0681,SSWR,2015,Exploring the Unique Treatment Needs of Gang-Involved Sex Trafficked and Prostituted Adults,Dominique E. Roe-Sepowitz; Kristine Hickle,SSWR annual conference,,Oral,title_and_abstract,True,Empirical,Quantitative,Quantitative,quantitative,False,False
SSWR:2015-O-0287,SSWR,2015,Finding a Gender Home: Gender Identity Assertion and Housing Status Among Unstably Housed Transgender Youth,Jama Shelton,SSWR annual conference,,Oral,title_and_abstract,False,Not applicable,Not applicable,Irrelevant,qualitative,False,False
SSWR:2015-O-0560,SSWR,2015,From the Community's Point of View: Suicide Prevention from the Ground up,Michael Kral,SSWR annual conference,,Oral,title_and_abstract,True,Empirical,Qualitative,Qualitative,qualitative,False,False
SSWR:2015-O-0718,SSWR,2015,Help-Seeking Patterns Among College Students with Mental Health Issues: Who Do They Turn to for Support?,Sapna J. Mendon; Amy S. Kapadia; Ellen P. Lukens,SSWR annual conference,,Oral,title_and_abstract,True,Empirical,Quantitative,Quantitative,quantitative,False,False
SSWR:2015-P-0350,SSWR,2015,High School Implementation of Teen Dating Violence Prevention: The Intersection of Policy and Practice,Nicole A. Bell; Heidi Adams Rueda,SSWR annual conference,,Poster,title_and_abstract,False,Not applicable,Not applicable,Irrelevant,quantitative,False,False
SSWR:2015-O-0712,SSWR,2015,How Are Mothers Impacted By Their Adolescent's Suicide Attempt over Time? �We're Kind of at a Crucial Point Right Here.�,Bridget E. Weller; Otima Doyle; David Goldston,SSWR annual conference,,Oral,title_and_abstract,True,Empirical,Qualitative,Qualitative,qualitative,False,False
SSWR:2015-O-0645,SSWR,2015,"Initial Development and Validation of the Bullyharm: The Bullying, Harassment, and Aggression Receipt Measure",William J. Hall,SSWR annual conference,,Oral,title_and_abstract,False,Not applicable,Not applicable,Irrelevant,quantitative,False,False
SSWR:2015-O-0373,SSWR,2015,Interpreting Language Used By Older African Americans to Describe Depression in Light of DSM Criteria,Esther Akinyemi; Daphne C. Watkins; Janet Kavanagh; Vicki Johnson-Lawrence; Shana Lynn; Helen C. Kales,SSWR annual conference,,Oral,title_and_abstract,False,Not applicable,Not applicable,Irrelevant,qualitative,False,False
SSWR:2015-O-0393,SSWR,2015,Is Minority Stress Theory Applicable to Understanding the Experience of Sexual Minority Adolescents?,Jeremy Goldbach; Jeremy Gibbs,SSWR annual conference,,Oral,title_and_abstract,False,Not applicable,Not applicable,Irrelevant,qualitative,False,False
SSWR:2015-P-0124,SSWR,2015,Latino Suicide: Identifying and Comparing Risk Factors Among Adolescent Males and Females,Erika Ruiz; Regina T. Praetorius; Marcella Tanya Smith,SSWR annual conference,,Poster,title_and_abstract,True,Empirical,Quantitative,Quantitative,quantitative,False,False
SSWR:2015-O-0489,SSWR,2015,Maternal and Paternal Deployment: Differential Impact on the Functioning of Military-Connected Youth,"Kathrine S. Sullivan; Ron Avi Astor; Rami Benbenishty, PhD; Tamika D. Gilreath; Eric Rice",SSWR annual conference,,Oral,title_and_abstract,False,Not applicable,Not applicable,Irrelevant,quantitative,False,False
SSWR:2015-O-0286,SSWR,2015,Mental Health Disparities Among Military Service Members and Veterans Enrolled in College,Michael D. Pelts; David L. Albright; Rebekah A. Freese,SSWR annual conference,,Oral,title_and_abstract,True,Empirical,Quantitative,Quantitative,quantitative,False,False
SSWR:2015-O-0042,SSWR,2015,Mental Health of Youth Orphaned Due to HIV in South Africa: Biological and Supportive Links to Caregivers,Melissa Sharer; Lucie Cluver; Joseph J. Shields,SSWR annual conference,,Oral,title_and_abstract,True,Empirical,Quantitative,Quantitative,quantitative,False,False
SSWR:2015-O-0137,SSWR,2015,Minority Stress and Coping Among Sexual Minority First Year College Students,Edward J. Alessi; Beth Sapiro; Sarilee Kahn; Shelley L. Craig,SSWR annual conference,,Oral,title_and_abstract,False,Not applicable,Not applicable,Irrelevant,qualitative,False,False
SSWR:2015-P-0084,SSWR,2015,Older Adults Who Drive Under the Influence of Alcohol or Drugs: Risk Profiles,Namkee G. Choi; Diana M. DiNitto; C. Nathan Marti,SSWR annual conference,,Poster,title_and_abstract,False,Not applicable,Not applicable,Irrelevant,quantitative,False,False
SSWR:2015-O-0639,SSWR,2015,"Perceived Racial, Sexual Identity, and Homeless Status-Related Discrimination Among Black Youth Experiencing Homelessness",Maurice N. Gattis; Andrea M. Larson,SSWR annual conference,,Oral,title_and_abstract,True,Empirical,Quantitative,Quantitative,quantitative,False,False
SSWR:2015-O-0124,SSWR,2015,Perceived Treatment Needs Among Women with Co-Occurring Substance Use Disorders and PTSD,Stella M. Resko; Suzanne Brown; Natasha S. Mendoza; Shantel D. West; Antonio González-Prendes,SSWR annual conference,,Oral,title_and_abstract,True,Empirical,Quantitative,Quantitative,quantitative,False,False
SSWR:2015-O-0131,SSWR,2015,Physical and Mental Health Concerns for Young Women with Arrest Histories: Results from the National Survey on Drug Use and Health,Gina Fedock; Sheryl Pimlott Kubiak,SSWR annual conference,,Oral,title_and_abstract,True,Empirical,Quantitative,Quantitative,quantitative,False,False
SSWR:2015-P-0240,SSWR,2015,Predictors of Bride-Kidnapping in Kyrgyzstan,Aigul Abdyldaeva,SSWR annual conference,,Poster,title_and_abstract,False,Not applicable,Not applicable,Irrelevant,quantitative,False,False
SSWR:2015-O-0490,SSWR,2015,"Prevalence and Correlates of Depression, PTSD, and Suicidality Among Adolescents in Institutional Care in Jordan",Kathryne B. Brewer; Robin E. Gearing; Jennifer Elkins; Rawan W. Ibrahim; Michael J. MacKenzie; Craig S. Schwalbe,SSWR annual conference,,Oral,title_and_abstract,True,Empirical,Quantitative,Quantitative,quantitative,False,False
SSWR:2015-O-0405,SSWR,2015,Readiness for Independent Living Among Youth on the Verge of Leaving Juvenile Correctional Facilities,"Eran P. Melkman; Tehila Refaeli; Rami Benbenishty, PhD; Anat Zeira",SSWR annual conference,,Oral,title_and_abstract,False,Not applicable,Not applicable,Irrelevant,quantitative,False,False
SSWR:2015-P-0197,SSWR,2015,"School Social Workers Knowledge of, and Responses to, Youth Suicidal Thoughts and Behaviors: Results of a National Survey",Jonathan B. Singer; Karen Slovak,SSWR annual conference,,Poster,title_and_abstract,True,Empirical,Quantitative,Quantitative,quantitative,False,False
SSWR:2015-O-0397,SSWR,2015,Sexual Minority Adolescents and Religious Identity Dissonance: Understanding the Stress and Management of Conflict Between a Religious Identity and Sexual Orientation Identity,Jeremy Gibbs; Jeremy Goldbach,SSWR annual conference,,Oral,title_and_abstract,True,Empirical,Qualitative,Qualitative,qualitative,False,False
SSWR:2015-O-0220,SSWR,2015,"Sexual Stigma and Peer Victimization of Sexually and Gender Diverse Youth in Ontario, Canada: Towards a Conceptualization of ""Conversion Bullying""",Sophia Fantus; Peter A. Newman; Marie Jolie Rwigema,SSWR annual conference,,Oral,title_and_abstract,False,Not applicable,Not applicable,Irrelevant,qualitative,False,False
SSWR:2015-O-0730,SSWR,2015,Social Cognition and Interaction Training (SCIT) for Deaf People with Schizophrenia: Preliminary Findings,Heather K. Horton; Erica Dean,SSWR annual conference,,Oral,title_and_abstract,False,Not applicable,Not applicable,Irrelevant,quantitative,False,False
SSWR:2015-O-0226,SSWR,2015,Social Work Under Occupation: The Palestinian Student Perspective,David S. Byers; Efrosini Dionysios Kokaliari; Joan Berzoff; Anan Fareed; Khalid Hreish,SSWR annual conference,,Oral,title_and_abstract,False,Not applicable,Not applicable,Irrelevant,qualitative,False,False
SSWR:2015-O-0110,SSWR,2015,Suffering Alone: Understanding Barriers to Healthcare Utilization Amongst Asian-American Women,Astraea Augsberger; Hyeouk Chris Hahm; Meaghan Dougher,SSWR annual conference,,Oral,title_and_abstract,False,Not applicable,Not applicable,Irrelevant,qualitative,False,False
SSWR:2015-O-0092,SSWR,2015,Suicide and Self-Harm: A Qualitative Study of Korean American Women's Experiences during Adolescence,Saras Y. Chung,SSWR annual conference,,Oral,title_and_abstract,True,Empirical,Qualitative,Qualitative,qualitative,False,False
SSWR:2015-P-0331,SSWR,2015,Suicide Attempt and Functional Change for Individuals with Chronic Mental Illness: Implications for Risk and Rehabilitation,"Anthony Fulginiti; John S. Brekke, PhD",SSWR annual conference,,Poster,title_and_abstract,True,Empirical,Quantitative,Quantitative,quantitative,False,False
SSWR:2015-P-0230,SSWR,2015,Suicide Attempt Trends in Central Texas Youth,Amanda N. Barczyk; Mary Klingensmith; Veena Reddy; Karen Piper; Sarah Duzinski; Karla Lawson,SSWR annual conference,,Poster,title_and_abstract,True,Empirical,Quantitative,Quantitative,quantitative,False,False
SSWR:2015-O-0485,SSWR,2015,The Health Status of Transition Age Foster Age: Early Findings from the Calyouth Study,Pajarita Charles; Mark E. Courtney,SSWR annual conference,,Oral,title_and_abstract,True,Empirical,Quantitative,Quantitative,quantitative,False,False
SSWR:2015-O-0067,SSWR,2015,"The Mental Health of Multiethnic Sexual Minority Girls: The Role of Risks, Stress and Self-Efficacy",Shelley L. Craig; Lauren McInroy; Ashley Austin; Edward J. Alessi,SSWR annual conference,,Oral,title_and_abstract,False,Not applicable,Not applicable,Irrelevant,quantitative,False,False
SSWR:2015-O-0004,SSWR,2015,The Relationship Between Mother-Child Concordance about High-Risk IPV and the Child's Psychological and Behavioral Concerns,Catherine A. Simmons,SSWR annual conference,,Oral,title_and_abstract,False,Not applicable,Not applicable,Irrelevant,quantitative,False,False
SSWR:2015-P-0192,SSWR,2015,The Role of Mental Health Literacy on Confidence in Helping Someone with Mental Health Problems Among Public Housing Staff,Hyejin Jung; Kirk L. Von Sternberg; King Davis,SSWR annual conference,,Poster,title_and_abstract,False,Not applicable,Not applicable,Irrelevant,quantitative,False,False
SSWR:2015-O-0381,SSWR,2015,Think Outside of the Maysi-2 Box and See Loneliness As a Red Flag,Henrika McCoy,SSWR annual conference,,Oral,title_and_abstract,True,Empirical,Quantitative,Quantitative,quantitative,False,False
SSWR:2015-O-0385,SSWR,2015,Title: Screening for Suicide on a Pediatric Inpatient Medical Unit: Should We Ask Them?,Abigail M. Ross; Erina M. White; Sally Nelson; F. Julian Lantry; Lisa Horowitz; Elizabeth A. Wharff,SSWR annual conference,,Oral,title_and_abstract,True,Empirical,Quantitative,Quantitative,qualitative,False,False
SSWR:2015-P-0107,SSWR,2015,Understanding Risk and Protective Factors to Expand What We Know about Recidivism of Juvenile Offenders,Camille R. Quinn; Sonya J. Leathers,SSWR annual conference,,Poster,title_and_abstract,False,Not applicable,Not applicable,Irrelevant,quantitative,False,False
SSWR:2015-O-0552,SSWR,2015,Universal or Culturally-Specific? Black and White Mothers' Reactions to Their Adolescents' Suicide Attempts,Otima Doyle; Bridget E. Weller; Stephanie Daniel; John F. Curry; Karen C. Wells; Alfiee M. Breland-Noble; Sue Estroff; David Goldston,SSWR annual conference,,Oral,title_and_abstract,True,Empirical,Qualitative,Qualitative,qualitative,False,False
SSWR:2015-O-0177,SSWR,2015,"Working with Service Disconnected Homeless Youth: Engaging, Retaining and Linking",Natasha Slesnick; Brittany Brakenhoff,SSWR annual conference,,Oral,title_and_abstract,False,Not applicable,Not applicable,Irrelevant,quantitative,False,False
SSWR:2015-P-0127,SSWR,2015,Workplace Bullying: An Emerging Concern,Kimberly Cassie; William E. Cassie,SSWR annual conference,,Poster,title_and_abstract,False,Not applicable,Not applicable,Irrelevant,quantitative,False,False
SSWR:2015-O-0349,SSWR,2015,�Having Rainbows Everywhere�: Exploring Perceived and Objective Community Climate and Lgbtq Community Resources Among Nonmetropolitan Lgbtq Youth,Megan S. Paceley; Amanda Hwu,SSWR annual conference,,Oral,title_and_abstract,False,Not applicable,Not applicable,Irrelevant,mixed_methods,False,False
SSWR:2015-P-0013,SSWR,2015,"�They Teach You How to Weather the Storm, but They Don't Teach You How to Dance in the Rain:� Veterans' Perspectives on the Causes and Contributors to Their Criminal Justice Involvement",Kelli Canada; David L. Albright; Clark M. Peters,SSWR annual conference,,Poster,title_and_abstract,False,Not applicable,Not applicable,Irrelevant,qualitative,False,False
SWRD:115526,SWRD,2015,AN ASSESSMENT OF THE NEED OF POLICE OFFICIALS FOR TRAUMA INTERVENTION PROGRAMMES – A QUALITATIVE APPROACH,Herman Strydom; Herman Strydom; Herman Strydom; Herman Strydom; Herman Strydom; Herman Strydom; Herman Strydom; Herman Strydom; Herman Strydom; Herman Strydom; Herman Strydom; Herman Strydom; Herman Strydom; Herman Strydom; Herman Strydom; Herman Strydom; Herman Strydom; Herman Strydom; Herman Strydom; Herman Strydom; Herman Strydom; Herman Strydom; Herman Strydom; Herman Strydom; Herman Strydom; Herman Strydom; Herman Strydom; Herman Strydom; Herman Strydom; Herman Strydom; Herman Strydom; Herman Strydom; Herman Strydom; Herman Strydom; Herman Strydom; Karel Botha; Pieter Boshoff,Social Work-Maatskaplike Werk,dc/eb3ef53310,fetch_failed,title_and_abstract,False,Not applicable,Not applicable,Irrelevant,,False,False
SWRD:39890,SWRD,2015,Characteristics of the Ongoing Bond,"Leichtentritt, Ronit D.; Yerushalmi, Ayelet; Barak, Adi",British Journal of Social Work,10.1093/bjsw/bct171,Article,title_and_abstract,True,Empirical,Qualitative,Qualitative,Qualitative,False,False
SWRD:96405,SWRD,2015,Childhood Abuse and Postpartum Psychosis: Is There a Link?,Kennedy S.C.; Tripodi S.J.,Social Work,10.1177/0886109914544719,journal-article,title_and_abstract,False,Not applicable,Not applicable,Irrelevant,Quantitative,False,False
SWRD:40784,SWRD,2015,Developing a Brief Suicide Prevention Intervention and Mobile Phone Application: A Qualitative Report,"Kennard, Beth; Biernesser, Candice; Wolfe, Kristin; Foxwell, Aleksandra; Lee, Simon; Rial, Katie; Patel, Sarita; Cheng, Carol; Goldstein, Tina; McMakin, Dana; Blastos, Beatriz; Douaihy, Antoine; Zelazny, Jamie; Brent, David",Journal of Technology in Human Services,10.1080/15228835.2015.1106384,journal-article,title_and_abstract,True,Empirical,Qualitative,Qualitative,Qualitative,False,False
SWRD:39275,SWRD,2015,"Exposure to Community Violence, Suicidality, and Psychological Distress Among African American and Latino Youths: Findings From the CDC Youth Violence Survey","Bennett, M. Daniel, Jr.; Joe, Sean",Journal of Human Behavior in the Social Environment,10.1080/10911359.2014.922795,Article,title_and_abstract,True,Empirical,Quantitative,Quantitative,Quantitative,False,False
SWRD:40818,SWRD,2015,Health and Psychosocial Service Use among Suicides without Psychiatric Illness,"Law, Yik Wa; Wong, Paul W. C.; Yip, Paul S. F.",Social Work,10.1093/sw/swu054,journal-article,title_and_abstract,True,Empirical,Quantitative,Quantitative,Quantitative,False,False
SWRD:88727,SWRD,2015,Integrating a Suicide Prevention Program into a School Mental Health System: A Case Example from a Rural School District,"Schmidt, Robert C.; Iachini, Aidyn L.; George, Melissa; Koller, James; Weist, Mark",Children & Schools,10.1093/cs/cdu026,journal-article,title_and_abstract,True,Empirical,Quantitative,Quantitative,Quantitative,False,False
SWRD:89044,SWRD,2015,Micro- and Macrosystem Predictors of High School Male Suicidal Behaviors,"Beck-Cross, Cathy; Cooper, Robyn",Children & Schools,10.1093/cs/cdv028,journal-article,title_and_abstract,True,Empirical,Quantitative,Quantitative,Quantitative,False,False
SWRD:39284,SWRD,2015,No One Theory of Suicide: The Experience of a Cancer Patient Who Killed Himself,"Mitchell, Elizabeth A.; Praetorius, Regina T.",Journal of Human Behavior in the Social Environment,10.1080/10911359.2015.1031311,Article,title_and_abstract,True,Empirical,Qualitative,Qualitative,Qualitative,False,False
SWRD:93983,SWRD,2015,Peer Victimization and Adolescent Suicide: The Mediating Effect of Risk Behaviors,"Moon, Sung Seek; Karlson, Alexis; Kim, Yi Jin",Child & Adolescent Social Work Journal,10.1007/s10560-014-0365-1,journal-article,title_and_abstract,True,Empirical,Quantitative,Quantitative,Quantitative,False,False
SWRD:39558,SWRD,2015,"Risk, Hope and Recovery: Converging Paradigms for Mental Health Approaches with Suicidal Clients","Heller, Nina Rovinelli",British Journal of Social Work,10.1093/bjsw/bcu007,Article,title_and_abstract,True,Non-empirical,Not applicable,Non-empirical,,False,False
SWRD:40337,SWRD,2015,Science from Evaluation: Testing Hypotheses about Differential Effects of Three Youth-Focused Suicide Prevention Trainings,"Coleman, Daniel; Del Quest, Aisling",Social Work in Public Health,10.1080/19371918.2014.938397,journal-article,title_and_abstract,True,Empirical,Quantitative,Quantitative,Quantitative,False,False
SWRD:39741,SWRD,2015,Structural and Cultural Factors in Suicide Prevention: The Contrast between Mainstream and Inuit Approaches to Understanding and Preventing Suicide,"Morris, Marika; Crooks, Claire",Journal of Social Work Practice,10.1080/02650533.2015.1050655,Article,title_and_abstract,True,Empirical,Qualitative,Qualitative,,False,False
SWRD:94392,SWRD,2015,Suicide and Related-Behavior Among Youth Involved in the Juvenile Justice System,"Scott, Michelle; Underwood, Maureen; Lamis, Dorian A.",Child & Adolescent Social Work Journal,10.1007/s10560-015-0390-8,journal-article,title_and_abstract,True,Non-empirical,Not applicable,Non-empirical,,False,False
SWRD:41057,SWRD,2015,Suicide Attempts and Social Worker Contact: Secondary Analysis of a General Population Study,"Slater, Thomas; Scourfield, Jonathan; Greenland, Katy",British Journal of Social Work,10.1093/bjsw/bct112,journal-article,title_and_abstract,True,Empirical,Quantitative,Quantitative,Quantitative,False,False
SWRD:39657,SWRD,2015,"Suicide Risk, Stress Sensitivity, and Self-Esteem among Young Adults Reporting Auditory Hallucinations","DeVylder, Jordan E.; Hilimire, Matthew R.",Health & Social Work,10.1093/hsw/hlv037,Article,title_and_abstract,True,Empirical,Quantitative,Quantitative,Quantitative,False,False
SWRD:40443,SWRD,2015,"Teaching Note-Understanding of Suicide Prevention, Intervention, and Postvention: Curriculum for MSW Students","Scott, Michelle",Journal of Social Work Education,10.1080/10437797.2015.979095,journal-article,title_and_abstract,True,Empirical,Qualitative,Qualitative,,False,False
SWRD:40100,SWRD,2015,The utilisation of the bridging technique during therapy to overcome contact-making barriers in adolescents,"Louw, Christene; Grobler, Herman",Journal of Social Work Practice,10.1080/02650533.2014.930818,journal-article,title_and_abstract,False,Not applicable,Not applicable,Irrelevant,Mixed-Methods,False,False
SWRD:39941,SWRD,2015,Unequal Treatment of Transgender Individuals in Domestic Violence and Rape Crisis Programs,"Seelman, Kristie L.",Journal of Social Service Research,10.1080/01488376.2014.987943,Article,title_and_abstract,False,Not applicable,Not applicable,Irrelevant,Quantitative,False,False
SSWR:2016-U-0024,SSWR,2016,A Comparison of Physical and Mental Health Disparities By Race/Ethnicity and Income Among Transgender Adults: Analysis of a Statewide Survey,Kristie L. Seelman,SSWR annual conference,,Oral,title_and_abstract,True,Empirical,Quantitative,Quantitative,quantitative,False,False
SSWR:2016-U-0500,SSWR,2016,A Latent Class Analysis Study of Polyinhalant Use Among Incarcerated Youth,Susan M. Snyder; Matthew Owen Howard,SSWR annual conference,,Oral,title_and_abstract,False,Not applicable,Not applicable,Irrelevant,quantitative,False,False
SSWR:2016-U-0135,SSWR,2016,"A Path Model of Relationships Between Bullying Victimization and Suicidal Thinking, Suicide Planning, and Suicide Attempts in Adolescents",Karen Reed; William R. Nugent; Lyle Cooper,SSWR annual conference,,Oral,title_and_abstract,True,Empirical,Quantitative,Quantitative,quantitative,False,False
SSWR:2016-U-0731,SSWR,2016,A Pilot Test on Computer Communication Training for Reducing Loneliness in Older Adults,Jaclyn M. Williams,SSWR annual conference,,Oral,title_and_abstract,False,Not applicable,Not applicable,Irrelevant,quantitative,False,False
SSWR:2016-P-0385,SSWR,2016,A Qualitative Examination of Veterans' Lived Experience with Post-Military Community Reintegration,Eric R. Hardiman; Samantha S. Fletcher,SSWR annual conference,,Poster,title_and_abstract,False,Not applicable,Not applicable,Irrelevant,qualitative,False,False
SSWR:2016-U-0726,SSWR,2016,"Acculturation Gap, Family Conflict and Self-Esteem Among Korean American Adolescents",Yeddi Park,SSWR annual conference,,Oral,title_and_abstract,False,Not applicable,Not applicable,Irrelevant,quantitative,False,False
SSWR:2016-U-0066,SSWR,2016,An Exploration of the Pre- and Post-Migration Experiences of LGBT Refugees and Asylees,Edward J. Alessi; Sarilee Kahn; Sangeeta Chatterji,SSWR annual conference,,Oral,title_and_abstract,True,Empirical,Qualitative,Qualitative,qualitative,False,False
SSWR:2016-P-0129,SSWR,2016,Body Disapproval and Eating Disordered Behavior in Male Youth Adjudicated for Sexual Versus Non-Sexual Crimes,Wen (Vivien) Li; Jennifer O'Brien; David L. Burton,SSWR annual conference,,Poster,title_and_abstract,False,Not applicable,Not applicable,Irrelevant,quantitative,False,False
SSWR:2016-P-0539,SSWR,2016,Building Evidence for Prevention of Intimate Partner Violence (IPV) in Ukraine: Importance of Coping and Communication,Viktor Burlaka; Ferdinando Palumbo; Sandra Graham-Bermann,SSWR annual conference,,Poster,title_and_abstract,False,Not applicable,Not applicable,Irrelevant,quantitative,False,False
SSWR:2016-U-0644,SSWR,2016,"Bullying, and Suicide Attempt Among Lesbian, Gay, and Bisexual NYC Public High School Students",Stephanie Peña; Lissette Vasquez; Tiyanna McFarlane; Juan Peña,SSWR annual conference,,Oral,title_and_abstract,True,Empirical,Quantitative,Quantitative,quantitative,False,False
SSWR:2016-P-0131,SSWR,2016,Cherokee Adult Daughters of Abused Women: Childhood Adversity and Adult Well-Being,Kim Anderson; Eun-Jun Bang,SSWR annual conference,,Poster,title_and_abstract,False,Not applicable,Not applicable,Irrelevant,quantitative,False,False
SSWR:2016-U-0515,SSWR,2016,China Migrant Worker Wellness Project: A Community-Based Participatory Research in Practice,Julian C. C. Chow; Linda Neuhauser; Winston Tseng; Eve Lee; Xiaoming Sun,SSWR annual conference,,Oral,title_and_abstract,False,Not applicable,Not applicable,Irrelevant,mixed_methods,False,False
SSWR:2016-U-0339,SSWR,2016,Content Analysis of Military and Civilian Suicide Coverage By AP Wire Service,Donna L. Schuman; Regina T. Praetorius,SSWR annual conference,,Oral,title_and_abstract,True,Empirical,Quantitative,Quantitative,quantitative,False,False
SSWR:2016-U-0253,SSWR,2016,"Depression, Addictive Behaviors, and Suicidal Ideation Among Korean College Students: Examining the Moderating Roles of Alcohol Use and Gambling","Soo Mi Jang; Seunghye Hong, PhD",SSWR annual conference,,Oral,title_and_abstract,True,Empirical,Quantitative,Quantitative,quantitative,False,False
SSWR:2016-U-0524,SSWR,2016,"Depression, Positive Symptoms of Psychosis, and Suicidal Ideation Among Adults Diagnosed with Schizophrenia: A Secondary Analysis of Data from the Clinical Antipsychotic Trials of Intervention Effectiveness (CATIE) Using Structural Equation Modeling","Lindsay A. Bornheimer; James J. Jaccard, PhD",SSWR annual conference,,Oral,title_and_abstract,True,Empirical,Quantitative,Quantitative,quantitative,False,False
SSWR:2016-U-0709,SSWR,2016,Envisioning Health: Outcome Findings from a Visual Intervention Trial Targeting Implicit Attitudes and Empathy of Healthcare Providers Toward Latino Adolescents,Mimi V. Chapman; William J. Hall,SSWR annual conference,,Oral,title_and_abstract,False,Not applicable,Not applicable,Irrelevant,quantitative,False,False
SSWR:2016-P-0158,SSWR,2016,Exploring Attitudes Toward Suicide in Adults Bereaved By Suicide and Suicide Attempt Survivors,Athena Kheibari; Rebecca Sanford; Julie Cerel; Laura Frey,SSWR annual conference,,Poster,title_and_abstract,True,Empirical,Quantitative,Quantitative,quantitative,False,False
SSWR:2016-U-0582,SSWR,2016,Factors Associated with Post-Traumatic Stress Disorder Among Homeless Youths,Yeonwoo Kim; Sanna Thompson; Kimberly A. Bender; Kristin M. Ferguson; Stephanie Begun,SSWR annual conference,,Oral,title_and_abstract,False,Not applicable,Not applicable,Irrelevant,quantitative,False,False
SSWR:2016-P-0275,SSWR,2016,Factors Related to the Transition from Suicide Ideation to Suicidal Behavior,Jordan E. DeVylder; Meshan Lehmann; Matthew Hilimire,SSWR annual conference,,Poster,title_and_abstract,True,Empirical,Quantitative,Quantitative,quantitative,False,False
SSWR:2016-U-0227,SSWR,2016,Family Support and Mental Health Service Use Among Suicidal Adolescents,Mary LeCloux; Peter Maramaldi; Kristie A. Thomas; Elizabeth A. Wharff,SSWR annual conference,,Oral,title_and_abstract,True,Empirical,Quantitative,Quantitative,quantitative,False,False
SSWR:2016-U-0728,SSWR,2016,Fidelity of Implementation of a State Anti-Bullying Policy: Equal Protection for All?,William J. Hall; Mimi V. Chapman,SSWR annual conference,,Oral,title_and_abstract,False,Not applicable,Not applicable,Irrelevant,quantitative,False,False
SSWR:2016-P-0384,SSWR,2016,Firearm Suicides Among Older Males: Means Restriction and the Role of Healthcare Providers,Carol A. Leung; Mark S. Kaplan,SSWR annual conference,,Poster,title_and_abstract,True,Empirical,Quantitative,Quantitative,mixed_methods,False,False
SSWR:2016-U-0304,SSWR,2016,Former Foster Youth Typology of Risk: A Latent Class Analysis of Risk Factors Prior to Homelessness,Amanda Yoshioka-Maxwell; Eric Rice,SSWR annual conference,,Oral,title_and_abstract,True,Empirical,Quantitative,Quantitative,quantitative,False,False
SSWR:2016-U-0447,SSWR,2016,Gender Differences in the Pathways from Sexual Abuse to Risky Sexual Behavior in Homeless Youth,Taylor Harris; Hailey Winetrobe; Harmony Rhoades; Eric Rice,SSWR annual conference,,Oral,title_and_abstract,True,Empirical,Quantitative,Quantitative,quantitative,False,True
SSWR:2016-U-0598,SSWR,2016,Global Comparison of Predictors of Suicide Ideation in Youth,"Shelly Ben-David; Michelle R. Munson; James J. Jaccard, PhD",SSWR annual conference,,Oral,title_and_abstract,True,Empirical,Quantitative,Quantitative,quantitative,False,False
SSWR:2016-U-0223,SSWR,2016,"Health Care Resources, Family Supports, and Long-Term Mental Health Outcomes for Suicidal Adolescents",Mary LeCloux; Peter Maramaldi; Kristie A. Thomas; Elizabeth A. Wharff,SSWR annual conference,,Oral,title_and_abstract,True,Empirical,Quantitative,Quantitative,quantitative,False,False
SSWR:2016-U-0666,SSWR,2016,Healthcare Avoidance and Mental Health Problems Among Transgender Veterans: The Role of Minority Stressors,Ryan M. Kull,SSWR annual conference,,Oral,title_and_abstract,True,Empirical,Quantitative,Quantitative,quantitative,False,False
SSWR:2016-X-0027,SSWR,2016,How Are Mothers Impacted By Their Adolescent's Suicide Attempt?: �It about Trust�,Bridget E. Weller; Otima Doyle; David Goldston,SSWR annual conference,,Oral,title_and_abstract,True,Empirical,Qualitative,Qualitative,qualitative,False,False
SSWR:2016-U-0005,SSWR,2016,Impact of Applied Suicide Intervention Skills Training in Army Reserve Units,Alexa Smith-Osborne; Arati Maleku,SSWR annual conference,,Oral,title_and_abstract,True,Empirical,Quantitative,Quantitative,quantitative,False,False
SSWR:2016-P-0317,SSWR,2016,"Implementation of an Evidence-Based Practice in a Community Agency: Dissemination, Evaluation, and Lessons Learned",Amber M. Holbrook; Susan R. Hunt,SSWR annual conference,,Poster,title_and_abstract,False,Not applicable,Not applicable,Irrelevant,mixed_methods,False,False
SSWR:2016-P-0372,SSWR,2016,"Intersections, Spirituality,Community Connectedness and Happiness in LGBT Communities of Color",Angela Bellas,SSWR annual conference,,Poster,title_and_abstract,False,Not applicable,Not applicable,Irrelevant,quantitative,False,False
SSWR:2016-P-0609,SSWR,2016,"Investigating the Relationship Between Self-Esteem, Stereotype Awareness, and Suicide Attempts",Meshan Lehmann; Matthew Hilimire; Jordan E. DeVylder,SSWR annual conference,,Poster,title_and_abstract,True,Empirical,Quantitative,Quantitative,quantitative,False,False
SSWR:2016-U-0440,SSWR,2016,Lessons Learned from Implementation of Suicide Risk Screening in Pediatric Primary Care Populations,Laika Aguinaldo,SSWR annual conference,,Oral,title_and_abstract,True,Empirical,Qualitative,Qualitative,other,False,False
SSWR:2016-U-0555,SSWR,2016,Looking Back and Forward: Identifying Foster Care Placement History Classes and Assessing Later Mental Health,"Nathanael Okpych, PhD; Mark E. Courtney",SSWR annual conference,,Oral,title_and_abstract,True,Empirical,Quantitative,Quantitative,quantitative,False,False
SSWR:2016-U-0702,SSWR,2016,Marijuana Use and Auditory Hallucinations Among Incarcerated Youth,Susan M. Snyder; Matthew Owen Howard,SSWR annual conference,,Oral,title_and_abstract,False,Not applicable,Not applicable,Irrelevant,quantitative,False,False
SSWR:2016-U-0566,SSWR,2016,Mental Health Among Chinese Elders,Duy Nguyen; Huajuan Chen; Ada Mui,SSWR annual conference,,Oral,title_and_abstract,True,Empirical,Quantitative,Quantitative,quantitative,False,False
SSWR:2016-P-0043,SSWR,2016,Mental Health Treatment Use and Perceived Treatment Need Among Suicide Planners and Attempters in the United States: Between and within Group Differences,Namkee G. Choi; Diana M. DiNitto; C. Nathan Marti,SSWR annual conference,,Poster,title_and_abstract,True,Empirical,Quantitative,Quantitative,quantitative,False,False
SSWR:2016-P-0446,SSWR,2016,Moderating Effects of Social Capital on Depression in Later Years of Life,Sok An; Hyejin Jung,SSWR annual conference,,Poster,title_and_abstract,False,Not applicable,Not applicable,Irrelevant,quantitative,False,False
SSWR:2016-P-0470,SSWR,2016,Perceptions Regarding Access to Social and Mental Health Services in a Rural Community in Southern New Mexico,Maria A. Gurrola,SSWR annual conference,,Poster,title_and_abstract,False,Not applicable,Not applicable,Irrelevant,qualitative,False,False
SSWR:2016-U-0745,SSWR,2016,Protestations of the Condemned: A Content Analysis of Death Row Inmates' Last Statements,Kimberly Spencer Suarez; Phillip Marotta,SSWR annual conference,,Oral,title_and_abstract,False,Not applicable,Not applicable,Irrelevant,qualitative,False,False
SSWR:2016-P-0563,SSWR,2016,Relationship Between Suicidal Plans and Atempts Among Korean Adolescents with Suicidal Thoughts: Testing for Violence Experience and Social Support As Mediators,Jae In Kim; Sonam Yang; Chang-Sik Shin; So-Youn Park,SSWR annual conference,,Poster,title_and_abstract,True,Empirical,Quantitative,Quantitative,quantitative,False,False
SSWR:2016-P-0619,SSWR,2016,Revealing a Potentially Life-Saving Secret: An Exploratory Social Network Study Examining the Patterns and Correlates of Suicidal Disclosure Among People with Serious Mental Illness in India,Anthony Fulginiti; Rohini Pahwa,SSWR annual conference,,Poster,title_and_abstract,True,Empirical,Quantitative,Quantitative,quantitative,False,False
SSWR:2016-U-0439,SSWR,2016,Screening Adult Medical Inpatients for Suicide Risk,Deborah J. Snyder,SSWR annual conference,,Oral,title_and_abstract,True,Empirical,Quantitative,Quantitative,quantitative,False,False
SSWR:2016-U-0437,SSWR,2016,Screening for Suicide Risk in Pediatric Medical Inpatient Units: Implications for Clinicians,Abigail M. Ross,SSWR annual conference,,Oral,title_and_abstract,True,Empirical,Quantitative,Quantitative,quantitative,False,False
SSWR:2016-U-0356,SSWR,2016,Social Support Network Typologies and Suicidality Among African Americans,Ann W. Nguyen; Robert Joseph Taylor; Linda M. Chatters,SSWR annual conference,,Oral,title_and_abstract,True,Empirical,Quantitative,Quantitative,quantitative,False,False
SSWR:2016-P-0524,SSWR,2016,Strategies for Creating Lgbtq-Supportive Schools: Recommendations from Lgbtq and Non-Lgbtq Students,Colleen M. Fisher; Lynette M. Renner,SSWR annual conference,,Poster,title_and_abstract,False,Not applicable,Not applicable,Irrelevant,mixed_methods,False,False
SSWR:2016-U-0299,SSWR,2016,Suicidal Ideation and Attempts Among Women Seeking Treatment for Substance Use and Trauma,Stella M. Resko; Sarah Kruman Mountain; Suzanne Brown; David C. Kondrat; Michael Kral,SSWR annual conference,,Oral,title_and_abstract,True,Empirical,Quantitative,Quantitative,quantitative,False,False
SSWR:2016-P-0240,SSWR,2016,Suicide and Protective Service Occupations: Findings from a Nationally Representative Sample,Dana R. Dillard; Orion P. Mowbray,SSWR annual conference,,Poster,title_and_abstract,True,Empirical,Quantitative,Quantitative,quantitative,False,False
SSWR:2016-U-0293,SSWR,2016,Suicide Interventions in the Military � Testing the Interpersonal Theory of Suicide,David S. Wood,SSWR annual conference,,Oral,title_and_abstract,True,Empirical,Quantitative,Quantitative,quantitative,False,False
SSWR:2016-P-0024,SSWR,2016,Suicide Risk Assessment: Examining Influences on Social Workers' Professional Judgment,Cheryl Regehr; Marion Bogo; Vicki LeBlanc; Jane Paterson,SSWR annual conference,,Poster,title_and_abstract,True,Empirical,Quantitative,Quantitative,quantitative,False,False
SSWR:2016-P-0211,SSWR,2016,Symptom Profiles Among Individuals at-Risk for Major Depressive Disorder and Their Correlates Among a Nationally Representative Sample,Jay D. O'Shields; Gregory Purser; Orion P. Mowbray,SSWR annual conference,,Poster,title_and_abstract,True,Empirical,Quantitative,Quantitative,quantitative,False,False
SSWR:2016-U-0271,SSWR,2016,Testing a New Intervention with Incarcerated Women with Life Sentences: Assessing Short-Term Outcomes,Gina Fedock; Sheryl Pimlott Kubiak,SSWR annual conference,,Oral,title_and_abstract,False,Not applicable,Not applicable,Irrelevant,quantitative,False,False
SSWR:2016-P-0297,SSWR,2016,The Dangerous Side of Social Ties: The Influence of Peer Depression on the Risk of Suicidal Ideation Among Homeless Youth,Anthony Fulginiti; Eric Rice; Hsun-Ta Hsu; Harmony Rhoades; Hailey Winetrobe,SSWR annual conference,,Poster,title_and_abstract,True,Empirical,Quantitative,Quantitative,quantitative,False,False
SSWR:2016-P-0244,SSWR,2016,The Impact of Current Mental Health Smart Phone Applications: A Systematic Review and Meta-Analysis,Troy Marie Young; David S. Wood; Ryan D. Turner,SSWR annual conference,,Poster,title_and_abstract,False,Not applicable,Not applicable,Irrelevant,review,False,False
SSWR:2016-P-0126,SSWR,2016,The Impact of Family-Level Factors on African American Children's Mental Health Outcomes: A Systematic Review,Tyreasa J. Washington; Shelton Young; Quenette Walton; Trenette T. Clark,SSWR annual conference,,Poster,title_and_abstract,False,Not applicable,Not applicable,Irrelevant,review,False,False
SSWR:2016-U-0288,SSWR,2016,"The Interplay Between Family Dynamics, Culture, and Attempted Suicide Among Latina Teens",Lauren E. Gulbas; Luis H. Zayas,SSWR annual conference,,Oral,title_and_abstract,True,Empirical,Qualitative,Qualitative,qualitative,False,False
SSWR:2016-P-0013,SSWR,2016,The Longitudinal Trajectories of Depression and Suicide Ideation Among Asian American Youth,"So-Young Park; James J. Jaccard, PhD",SSWR annual conference,,Poster,title_and_abstract,True,Empirical,Quantitative,Quantitative,quantitative,False,False
SSWR:2016-P-0028,SSWR,2016,The Mediating Effect of Depression on Spousal Emotional Abuse and Suicidal Ideation of the Elderly Korean,Jayoung Cho; Sejeong Cheong,SSWR annual conference,,Poster,title_and_abstract,True,Empirical,Quantitative,Quantitative,quantitative,False,False
SSWR:2016-U-0175,SSWR,2016,The Mediation Effect of Body Disapproval on Eating Disordered Behavior Among Adjudicated Male Youth,Wen (Vivien) Li; Jennifer O'Brien; Natasha K. Bowen,SSWR annual conference,,Oral,title_and_abstract,False,Not applicable,Not applicable,Irrelevant,quantitative,False,False
SSWR:2016-X-0015,SSWR,2016,The Other Side of Risk: Reframing Homelessness for Transgender and Gender Non-Conforming Young People,Jama Shelton,SSWR annual conference,,Oral,title_and_abstract,False,Not applicable,Not applicable,Irrelevant,qualitative,True,False
SSWR:2016-U-0232,SSWR,2016,"The Positive Role of School Climate on School Victimization, Depression and Suicidal Ideation Among School-Attending Homeless Youth","Hadass Moore; Rami Benbenishty, PhD; Ron Avi Astor; Eric Rice",SSWR annual conference,,Oral,title_and_abstract,True,Empirical,Quantitative,Quantitative,quantitative,False,False
SSWR:2016-U-0209,SSWR,2016,The Preliminary Effectiveness of a Community-Based Affirmative Coping Skills Intervention for Trans* and Gender Non-Conforming Youth: The Affirm Open Pilot Feasibility Study,Shelley L. Craig; Ashley Austin; David J. Brennan,SSWR annual conference,,Oral,title_and_abstract,False,Not applicable,Not applicable,Irrelevant,quantitative,False,False
SSWR:2016-P-0400,SSWR,2016,"The Role of Social Work in Suicide Prevention, Intervention, and Postvention: The Absence of a Voice and a Need for Action",Rebecca Sanford; Tania Pearce; Myf Maple; Julie Cerel,SSWR annual conference,,Poster,title_and_abstract,True,Empirical,Review,Review,review,False,False
SSWR:2016-P-0592,SSWR,2016,The Role of Supportive Adults on Sexual Minority Mental Health Symptoms and Isolating Behaviors,Joshua A. Rusow; Claire Burgess; Jeremy Gibbs; Jeremy Goldbach,SSWR annual conference,,Poster,title_and_abstract,True,Empirical,Qualitative,Qualitative,qualitative,False,False
SSWR:2016-P-0478,SSWR,2016,The Use of Social Networking Sites and Mental Health Among Young Adults,Zoha Bootwala; Juye Ji,SSWR annual conference,,Poster,title_and_abstract,True,Empirical,Quantitative,Quantitative,quantitative,False,False
SSWR:2016-P-0103,SSWR,2016,Tobacco Use in a National Sample of Service Member and Student Veterans,David L. Albright; Kari L. Fletcher,SSWR annual conference,,Poster,title_and_abstract,False,Not applicable,Not applicable,Irrelevant,quantitative,False,False
SSWR:2016-U-0077,SSWR,2016,Trauma and Mental Health of Homeless Gang Members and Gang Affiliates,Robin Petering,SSWR annual conference,,Oral,title_and_abstract,True,Empirical,Quantitative,Quantitative,quantitative,False,False
SSWR:2016-U-0099,SSWR,2016,Understanding the Effect of Social Support on Access to Mental Health Care Among Adult Canadians: Findings from a Population-Based Study,Phillip Baiden; Wendy den Dunnen; Barbara Fallon,SSWR annual conference,,Oral,title_and_abstract,True,Empirical,Quantitative,Quantitative,quantitative,False,False
SSWR:2016-U-0208,SSWR,2016,Using Multiphase Qualitative Research to Develop an Affirmative Intervention for Transgender and Gender Non-Conforming Youth,Ashley Austin; Shelley L. Craig; David J. Brennan,SSWR annual conference,,Oral,title_and_abstract,True,Empirical,Qualitative,Qualitative,qualitative,False,False
SSWR:2016-U-0064,SSWR,2016,Variation in the Association of Discrimination and Mental Health By Place of Origin Among U.S. Latinos,Mary Lehman Held; Sungkyu Lee,SSWR annual conference,,Oral,title_and_abstract,False,Not applicable,Not applicable,Irrelevant,quantitative,False,False
SSWR:2016-U-0076,SSWR,2016,"Violence, Trauma, Mental Health, and Substance Use of Homeless Youth That Identify As Juggalos",Robin Petering; Eric Rice,SSWR annual conference,,Oral,title_and_abstract,True,Empirical,Quantitative,Quantitative,quantitative,False,False
SSWR:2016-U-0362,SSWR,2016,What Can Specific PTSD Symptom Profiles Tell Us about Suicidality and Non-Suicidal High Risk Behavior in Military Veterans?,Nicholas U. Barr; Sarah Kintzle; Carl A. Castro; Kathrine S. Sullivan,SSWR annual conference,,Oral,title_and_abstract,True,Empirical,Quantitative,Quantitative,quantitative,False,False
SSWR:2016-P-0571,SSWR,2016,What Would Foucault (and Maslow) Say?: Applying a Theoretical Lens to a Qualitative Interpretative Meta-Synthesis on Runaway Girls,Marcus Crawford,SSWR annual conference,,Poster,title_and_abstract,False,Not applicable,Not applicable,Irrelevant,review,False,False
SSWR:2016-P-0420,SSWR,2016,"�Mental Health Care Utilization: How Race, Ethnicity and Veteran Status Are Associated with Seeking Help�",Susan De Luca; John Blosnich; Elizabeth Hentschel; Erika King; Sally Amen,SSWR annual conference,,Poster,title_and_abstract,False,Not applicable,Not applicable,Irrelevant,quantitative,False,False
SWRD:38202,SWRD,2016,A review of PTSD and shame in military veterans,"Gaudet, Camille M.; Sowers, Karen M.; Nugent, William R.; Boriskin, Jerry A.",Journal of Human Behavior in the Social Environment,10.1080/10911359.2015.1059168,journal-article,title_and_abstract,False,Not applicable,Not applicable,Irrelevant,,False,False
SWRD:38206,SWRD,2016,A review of the effectiveness of military suicide prevention programs in reducing rates of military suicides,"Harmon, Lisa M.; Cooper, R. Lyle; Nugent, William R.; Butcher, Jimmie J.",Journal of Human Behavior in the Social Environment,10.1080/10911359.2015.1058139,journal-article,title_and_abstract,True,Non-empirical,Not applicable,Non-empirical,,False,False
SWRD:39024,SWRD,2016,A Value-Critical Choice Analysis of a Policy to Prevent Suicide in Veterans and Service Members,"Schuman, Donna L.; Schuman, Donald L.",Social Work in Public Health,10.1080/19371918.2016.1160335,Article,title_and_abstract,True,Non-empirical,Not applicable,Non-empirical,,False,False
SWRD:38797,SWRD,2016,An exploratory study of the benefits of youth mental health literacy studies for social work students,"Martin, Jennifer",Social Work in Mental Health,10.1080/15332985.2015.1057312,journal-article,title_and_abstract,False,Not applicable,Not applicable,Irrelevant,Quantitative,False,False
SWRD:115079,SWRD,2016,Bulletproofing the Psyche: Mindfulness Interventions in the Training Environment to Improve Resilience in the Military and Veteran Communities,Kate Hendricks Thomas; Sarah Plummer Taylor,Advances in Social Work,dc/def22ebbfe,fetch_failed,title_and_abstract,True,Non-empirical,Not applicable,Non-empirical,,False,False
SWRD:38837,SWRD,2016,Continuing Education on Suicide Assessment and Crisis Intervention for Social Workers and Other Mental Health Professionals: A Follow-Up Study,"Mirick, Rebecca G.; Bridger, Joanna; Mccauley, James; Berkowitz, Larry",Journal of Teaching in Social Work,10.1080/08841233.2016.1200171,journal-article,title_and_abstract,True,Empirical,Quantitative,Quantitative,Quantitative,False,False
SWRD:102743,SWRD,2016,Death of a Student: Dealing with Competing Interests,Wrenn; Haskel D,Reflections: Narratives of Professional Helping,,Article,title_and_abstract,True,Non-empirical,Not applicable,Non-empirical,,False,False
SWRD:38211,SWRD,2016,Evidence-based gatekeeper suicide prevention in a small community context,"Herron, Freida B.; Patterson, David A.; Nugent, William R.; Troyer, Jason M.",Journal of Human Behavior in the Social Environment,10.1080/10911359.2015.1058626,journal-article,title_and_abstract,True,Non-empirical,Not applicable,Non-empirical,,False,False
SWRD:37454,SWRD,2016,Exploring the relationship between transgender-inclusive providers and mental health outcomes among transgender/gender variant people,"Kattari, Shanna K.; Walls, N. Eugene; Speer, Stephanie Rachel; Kattari, Leonardo",Social Work in Health Care,10.1080/00981389.2016.1193099,journal-article,title_and_abstract,True,Empirical,Quantitative,Quantitative,Quantitative,False,False
SWRD:38080,SWRD,2016,Factor Structure and Validity of the K6 Scale for Adults With Suicidal Ideation,"Ko, Jungyai; Harrington, Donna",Journal of the Society for Social Work and Research,10.1086/685033,journal-article,title_and_abstract,True,Empirical,Quantitative,Quantitative,Quantitative,False,False
SWRD:39073,SWRD,2016,Geriatric Case Managers' Perspectives on Suicide Among Community-Dwelling Older Adults,"Slovak, Karen; Pope, Natalie D.; Brewer, Thomas W.",Journal of Gerontological Social Work,10.1080/01634372.2015.1111966,Article,title_and_abstract,True,Empirical,Quantitative,Quantitative,Quantitative,False,False
SWRD:37526,SWRD,2016,Identifying Risk for Suicide,"Doherty, Tracie; DeVylder, Jordan",Health & Social Work,10.1093/hsw/hlw033,journal-article,title_only,True,Non-empirical,Not applicable,Non-empirical,,False,False
SWRD:38910,SWRD,2016,Military Culture and the Transition to Civilian Life: Suicide Risk and Other Considerations,"Pease, James L.; Billera, Melodi; Gerard, Georgia",Social Work,10.1093/sw/swv050,journal-article,title_only,True,Non-empirical,Not applicable,Non-empirical,,False,False
SWRD:94012,SWRD,2016,Pediatric Emergency Department Visits for Mental Health Crisis: Prevalence of Cyber-Bullying in Suicidal Youth,"Roberts, Nasreen; Axas, Nicholas; Nesdole, Robert; Repetti, Leanne",Child & Adolescent Social Work Journal,10.1007/s10560-016-0442-8,journal-article,title_and_abstract,True,Empirical,Quantitative,Quantitative,Quantitative,False,False
SWRD:38085,SWRD,2016,Predicting Changes in Behavioral Health Professionals' Clinical Practice Skills for Recognizing and Responding to Suicide Risk,"Lee, Sang Jung; Osteen, Philip J.; Frey, Jodi Jacobson",Journal of the Society for Social Work and Research,10.1086/685037,journal-article,title_and_abstract,True,Empirical,Quantitative,Quantitative,Quantitative,False,False
SWRD:38306,SWRD,2016,"PTSD symptoms, suicidality and non-suicidal risk to life behavior in a mixed sample of pre-and post-9/11 veterans","Barr, Nicholas Upton; Sullivan, Kathrine; Kintzle, Sara; Castro, Carl Andrew",Social Work in Mental Health,10.1080/15332985.2015.1081666,journal-article,title_and_abstract,True,Empirical,Quantitative,Quantitative,Quantitative,False,False
SWRD:37742,SWRD,2016,Sense of Community: Is it a Protective Factor for Military Veterans?,"Thomas, Veliska J.; Bowie, Stan L.",Journal of Social Service Research,10.1080/01488376.2015.1109575,journal-article,title_and_abstract,True,Empirical,Quantitative,Quantitative,Quantitative,False,False
SWRD:37525,SWRD,2016,Sleep as an Underused Target for Rapid Response in the Treatment of Depression and Suicidal Ideation,"DeVylder, Jordan",Health & Social Work,10.1093/hsw/hlw031,journal-article,title_only,True,Non-empirical,Not applicable,Non-empirical,,False,False
SWRD:37803,SWRD,2016,"Suicidal ideation and self-harm among youths in Norway: associations with verbal, physical and sexual abuse","Mossige, Svein; Huang, Lihong; Straiton, Malanie; Roen, Katrina",Child & Family Social Work,10.1111/cfs.12126,journal-article,title_and_abstract,True,Empirical,Quantitative,Quantitative,Quantitative,False,False
SWRD:38347,SWRD,2016,Suicide among individuals with schizophrenia: A risk factor model,"Bornheimer, Lindsay A.; Duy Nguyen",Social Work in Mental Health,10.1080/15332985.2014.946549,journal-article,title_and_abstract,True,Non-empirical,Not applicable,Non-empirical,,False,False
SWRD:37690,SWRD,2016,Suicide Attempt Status and Quality of Life Disparity Among Individuals with Schizophrenia: A Longitudinal Analysis,"Fulginiti, Anthony; Brekke, John S.",Journal of the Society for Social Work and Research,10.1086/686645,journal-article,title_and_abstract,True,Empirical,Quantitative,Quantitative,Quantitative,False,False
SWRD:38718,SWRD,2016,Teaching Clinical Social Work Under Occupation: Listening to the Voices of Palestinian Social Work Students,"Kokaliari, Efrosini; Berzoff, Joan; Byers, David S.; Fareed, Anan; Berzoff-Cohen, Jake; Hreish, Khalid",Journal of Teaching in Social Work,10.1080/08841233.2016.1142490,journal-article,title_and_abstract,False,Not applicable,Not applicable,Irrelevant,Qualitative,False,False
SWRD:37288,SWRD,2016,"The last and greatest battle: finding the will, commitment, and strategy to end military suicides","Stephens, Paul",European Journal of Social Work,10.1080/13691457.2015.1092226,journal-article,title_only,True,Non-empirical,Not applicable,Non-empirical,,False,False
SWRD:38630,SWRD,2016,The Wish to Die: Assisted Suicide and Mental Illness,"Hirsch, Jennifer",Journal of Social Work in End-Of-Life & Palliative Care,10.1080/15524256.2016.1200516,journal-article,title_only,True,Non-empirical,Not applicable,Non-empirical,,False,False
SWRD:37361,SWRD,2016,"Trust and the dilemmas of suicide risk assessment in non-government mental health services (vol 69, pg 145, 2016)","Lemon, G.; Stanford, S.; Sawyer, A-M",Australian Social Work,10.1080/0312407x.2016.1169573,journal-article,title_only,True,Non-empirical,Not applicable,Non-empirical,,False,False
SWRD:117214,SWRD,2016,‘‘I Didn’t Know He Had It in Him to Kill Me’’: Non lethal Firearms Use and Partner Violence Against Canadian Women,LESLIE TUTTY,Journal of Forensic Social Work,dc/4fc474e3fb,fetch_failed,title_and_abstract,False,Not applicable,Not applicable,Irrelevant,Qualitative,False,False
SSWR:2017-P-0463,SSWR,2017,: Implementation of Dialectical Behavior Therapy in a Residential Setting: Dissemination and Evaluation,Amber M. Holbrook; Susan R. Hunt; Mary Renata See,SSWR annual conference,,Poster,title_and_abstract,True,Empirical,Quantitative,Quantitative,quantitative,False,False
SSWR:2017-U-0507,SSWR,2017,A Social-Ecological Approach to Understanding Urban American Indian Youth Suicide Prevention,Rachel L. Burrage; Sandra L. Momper,SSWR annual conference,,Oral,title_and_abstract,True,Empirical,Qualitative,Qualitative,qualitative,False,False
SSWR:2017-U-0101,SSWR,2017,A Systematic Review of Family Violence Experiences Among Sexual Minority Youth,Briana McGeough; Paul Sterzing,SSWR annual conference,,Oral,title_and_abstract,False,Not applicable,Not applicable,Irrelevant,review,False,False
SSWR:2017-P-0447,SSWR,2017,A Systematic Review of the Role of Trauma in the Development of Borderline Personality Disorder,Yan Yuan; Christina E. Newhill,SSWR annual conference,,Poster,title_and_abstract,False,Not applicable,Not applicable,Irrelevant,review,False,False
SSWR:2017-U-0256,SSWR,2017,"Activating Adult Allies from a Rural Community on Lesbian, Gay, Bisexual, Transgender, and Queer Student Issues in Schools Using Photovoice",William J. Hall; Kristen Witkemper; Grayson Rodgers; Emily Waters; Mark Smith,SSWR annual conference,,Oral,title_and_abstract,False,Not applicable,Not applicable,Irrelevant,mixed_methods,False,False
SSWR:2017-U-0098,SSWR,2017,Adapting ACEs Assessment Toward Explaining Adolescent Mental Health Outcomes in Population Data,Moo-Hyun Kim; Paula S. Nurius,SSWR annual conference,,Oral,title_and_abstract,True,Empirical,Quantitative,Quantitative,quantitative,False,False
SSWR:2017-U-0475,SSWR,2017,Adolescent Suicide Ideation: Schools Make a Difference,"Rami Benbenishty, PhD; Ron Avi Astor; Ilan Roziner",SSWR annual conference,,Oral,title_and_abstract,True,Empirical,Quantitative,Quantitative,quantitative,False,False
SSWR:2017-U-0666,SSWR,2017,Adolescent Wellbeing Following Brief Psychiatric Hospitalization,Tally Moses,SSWR annual conference,,Oral,title_and_abstract,False,Not applicable,Not applicable,Irrelevant,mixed_methods,False,False
SSWR:2017-U-0406,SSWR,2017,Adverse Childhood Experiences and Fathering Behaviors,Eli Menet; Kevin Shafer; Brandon Fielding,SSWR annual conference,,Oral,title_and_abstract,False,Not applicable,Not applicable,Irrelevant,quantitative,False,False
SSWR:2017-P-0470,SSWR,2017,Adverse Childhood Experiences and Health Among a National Sample of Children,Rhonda BeLue; Bilikisu Elewonibi; Patricia Miranda; Sean Joe,SSWR annual conference,,Poster,title_and_abstract,False,Not applicable,Not applicable,Irrelevant,quantitative,False,False
SSWR:2017-P-0566,SSWR,2017,After Ferguson: How Crisis Intervention Trained Officers Respond to Communities in Crisis,Sabrina W. Tyuse; Sarah E. Underwood,SSWR annual conference,,Poster,title_and_abstract,False,Not applicable,Not applicable,Irrelevant,quantitative,False,False
SSWR:2017-P-0147,SSWR,2017,All Youth Are Not Created Equal: Research & Lessons Learned on the Front Lines of Triaging the Trauma and Acute Needs of Homeless Ethnic Minority Lgbtq Youth,Kevin V. Lotz; Nicholas R. Forge,SSWR annual conference,,Poster,title_and_abstract,True,Empirical,Quantitative,Quantitative,quantitative,False,False
SSWR:2017-U-0552,SSWR,2017,American Indian Rural Youth and Mental Health: Community Knowledge and Methods for Help-Seeking,Bianca N. Altamirano; Cynthia Pearson; Lucy Smartlowit-Briggs,SSWR annual conference,,Oral,title_and_abstract,True,Empirical,Qualitative,Qualitative,qualitative,False,False
SSWR:2017-U-0608,SSWR,2017,"An Assessment of Child Protective Services (CPS) Workers LGBT Attitudes, Knowledge, and Skills for Affirming the Safety of LGBT Youth and Families",Kim D. Jaffee; Adrienne Dessel; Michael R. Woodford; Megan Hayes Piel,SSWR annual conference,,Oral,title_and_abstract,False,Not applicable,Not applicable,Irrelevant,quantitative,False,False
SSWR:2017-P-0082,SSWR,2017,An Empirical Assessment of the Independent Effect of Social Support on Flourishing Mental Health Among Adult Canadians: Results from a Large Representative National Sample,Phillip Baiden,SSWR annual conference,,Poster,title_and_abstract,False,Not applicable,Not applicable,Irrelevant,quantitative,False,False
SSWR:2017-U-0585,SSWR,2017,Bullying Experiences and Resilience in Lgbtq Youth,Melinda M. McCormick,SSWR annual conference,,Oral,title_and_abstract,False,Not applicable,Not applicable,Irrelevant,qualitative,False,False
SSWR:2017-U-0435,SSWR,2017,Client's Suicide and Its Relation to Drinking and Depression in Mental Health Social Workers in Korea,Jinhee Hyun; Heeguk Kim,SSWR annual conference,,Oral,title_and_abstract,True,Empirical,Quantitative,Quantitative,quantitative,False,False
SSWR:2017-U-0457,SSWR,2017,Consequences of Non-Metropolitan Adolescent Gang Association for Young Adults,Christopher M. Fleming,SSWR annual conference,,Oral,title_and_abstract,True,Empirical,Quantitative,Quantitative,quantitative,False,False
SSWR:2017-U-0348,SSWR,2017,Depression and Attempted Suicide Among Lgbtq College Students: Fostering Resilience to the Effects of Heterosexism and Cisgenderism on Campus,Michael R. Woodford; Genevieve Weber; Z. Nicolazzo; Renee Hunt; Alex Kulick; Kristen Renn,SSWR annual conference,,Oral,title_and_abstract,True,Empirical,Quantitative,Quantitative,quantitative,False,False
SSWR:2017-P-0587,SSWR,2017,Depression and Suicidal Ideation Among Korean American Youth,In Young Lee,SSWR annual conference,,Poster,title_and_abstract,True,Empirical,Qualitative,Qualitative,qualitative,False,False
SSWR:2017-P-0560,SSWR,2017,Depression Risk in Older Adults with Chronic Disease: A Cross-Sectional Analysis of the Americans' Changing Lives Study,Daniel B. Stewart; Jin Huang,SSWR annual conference,,Poster,title_and_abstract,False,Not applicable,Not applicable,Irrelevant,quantitative,False,False
SSWR:2017-P-0322,SSWR,2017,Do MSW Programs Include Content on Adolescent Dating Violence?,Beverly M. Black; Bernadette K. Ombayo,SSWR annual conference,,Poster,title_and_abstract,False,Not applicable,Not applicable,Irrelevant,quantitative,False,False
SSWR:2017-P-0548,SSWR,2017,Examining the Association Between Parenting and Depression of Chinese Children: A Systematic Review,Yuerong Liu; Xupeng Mao,SSWR annual conference,,Poster,title_and_abstract,False,Not applicable,Not applicable,Irrelevant,review,False,False
SSWR:2017-U-0292,SSWR,2017,Examining the Independent Association Between Non-Suicidal Self-Injury and Referral to Psychiatric Services Among Adolescents with a History of Maltreatment in Canada: Findings from the 2013 Ontario Incidence Study of Reported Child Abuse and Neglect,Phillip Baiden; Barbara Fallon,SSWR annual conference,,Oral,title_and_abstract,False,Not applicable,Not applicable,Irrelevant,quantitative,False,False
SSWR:2017-U-0014,SSWR,2017,Exploring the Relationship Between Transgender Inclusive Providers and Mental Health Outcomes Among Transgender/Gender Variant People,Shanna K. Kattari; N. Eugene Walls; Stephanie Rachel Speer; Leonardo Kattari,SSWR annual conference,,Oral,title_and_abstract,True,Empirical,Quantitative,Quantitative,quantitative,False,False
SSWR:2017-U-0226,SSWR,2017,"Feasibility, Acceptability and Outcomes Associated with a Community-Based Photovoice Project with Homeless Youth",Kimberly A. Bender; Anamika Barman-Adhikari; Stephanie Begun; Jonah DeChants; Yolanda T. Anyon; Badiah Haffejee; Andrea Portillo; Emily Mackay; Kaite Dunn; Sarah McCune,SSWR annual conference,,Oral,title_and_abstract,False,Not applicable,Not applicable,Irrelevant,mixed_methods,False,False
SSWR:2017-P-0129,SSWR,2017,Food Insecurity and Depression of Korean Older Adults: Examination By Subgroups,"Youngmi Kim; Aely Park; Kyeongmo Kim, PhD",SSWR annual conference,,Poster,title_and_abstract,False,Not applicable,Not applicable,Irrelevant,quantitative,False,False
SSWR:2017-P-0741,SSWR,2017,Helping College Students in Significant Emotional Distress: What Factors Predict Whether Peers Will Intervene?,Sapna J. Mendon; Amy S. Kapadia,SSWR annual conference,,Poster,title_and_abstract,True,Empirical,Quantitative,Quantitative,quantitative,False,False
SSWR:2017-U-0184,SSWR,2017,How Do Somatic Symptoms and Barriers to Care Affect Mental Health Service Use for Veterans with PTSD?,Nicholas U. Barr; Sarah Kintzle; Kathrine S. Sullivan; Carl A. Castro,SSWR annual conference,,Oral,title_and_abstract,False,Not applicable,Not applicable,Irrelevant,quantitative,False,False
SSWR:2017-P-0055,SSWR,2017,I Wanted My Father in the Picture! Exploring the Experiences of Black Men Living with Depression,Rosalyn Denise Campbell; J. Lloyd Allen,SSWR annual conference,,Poster,title_and_abstract,True,Empirical,Qualitative,Qualitative,qualitative,False,False
SSWR:2017-P-0391,SSWR,2017,Keep Safe: Evaluation of a Peer-Informed Suicide Prevention Program,Micaela Mercado; Priya Gopalan; Kyle McGee II; Ellen Stoller,SSWR annual conference,,Poster,title_and_abstract,True,Empirical,Quantitative,Quantitative,quantitative,False,False
SSWR:2017-P-0156,SSWR,2017,Law Enforcement Officers Responses to Suicide-Related Community Encounters,Phillip Osteen; Karen Oehme; MaKenna N. Woods,SSWR annual conference,,Poster,title_and_abstract,True,Empirical,Quantitative,Quantitative,quantitative,False,False
SSWR:2017-P-0457,SSWR,2017,Material Hardship and Suicidal Ideation Among Adults in South Korea: Mediating Effect of Future Expectation,Eun Jeong Lee; Jung-Won You,SSWR annual conference,,Poster,title_and_abstract,True,Empirical,Quantitative,Quantitative,quantitative,False,False
SSWR:2017-U-0024,SSWR,2017,Mental Health Treatment Narratives of Suicidal Latina Teens,Carolina M. Hausmann-Stabile; Lauren E. Gulbas; Luis H. Zayas,SSWR annual conference,,Oral,title_and_abstract,True,Empirical,Qualitative,Qualitative,mixed_methods,False,False
SSWR:2017-P-0223,SSWR,2017,"Military Identity, Social Connectedness and Risk for Suicide in Chicagoland Veterans",Sarah Kintzle,SSWR annual conference,,Poster,title_and_abstract,True,Empirical,Quantitative,Quantitative,quantitative,False,False
SSWR:2017-P-0627,SSWR,2017,"Officer First, Social Worker Second: A Case Study of Uniform Military Social Workers",Steven Hyer; Kathy Lay,SSWR annual conference,,Poster,title_and_abstract,False,Not applicable,Not applicable,Irrelevant,qualitative,False,False
SSWR:2017-P-0696,SSWR,2017,Precautionary Sexual Behavior Among US Teenagers: A Latent Class Analysis of Psychosocial Vulnerability,Moses Okumu; Bernadette K. Ombayo; Michael Killian,SSWR annual conference,,Poster,title_and_abstract,False,Not applicable,Not applicable,Irrelevant,quantitative,False,False
SSWR:2017-P-0269,SSWR,2017,Predicting Suicide Action: Secondary Analysis of ADD Health Data,MaKenna N. Woods; Phillip Osteen,SSWR annual conference,,Poster,title_and_abstract,True,Empirical,Quantitative,Quantitative,quantitative,False,False
SSWR:2017-P-0214,SSWR,2017,Predictors of Depression Diagnoses and Undiagnosed Depression Symptoms in United States Female Veterans: Results from a National Survey and Implications for Programming,David L. Albright; Kate Hendricks Thomas; Karl Hamner; Margaret Shields,SSWR annual conference,,Poster,title_and_abstract,False,Not applicable,Not applicable,Irrelevant,quantitative,False,False
SSWR:2017-U-0635,SSWR,2017,Predictors of Help-Seeking Among College Students with Mental Health Issues: Do Attitudes about Health and Social Supports Influence Seeking Professional Treatment?,Sapna J. Mendon; Eric Rice,SSWR annual conference,,Oral,title_and_abstract,True,Empirical,Quantitative,Quantitative,quantitative,False,False
SSWR:2017-O-0029,SSWR,2017,Preventing Suicide Attempts in Diverse Groups of Adolescents: A System Dynamics Approach,Saras Y. Chung; Peter S. Hovmand,SSWR annual conference,,Oral,title_and_abstract,True,Empirical,Quantitative,Quantitative,quantitative,False,False
SSWR:2017-U-0369,SSWR,2017,Racial and Ethnic Differences in Non-Lethal Suicide Behavior and Screening Services of Justice-Involved Youth,Leanne Heaton,SSWR annual conference,,Oral,title_and_abstract,True,Empirical,Quantitative,Quantitative,quantitative,False,False
SSWR:2017-U-0571,SSWR,2017,"Rates and Correlates of Polyvictimization, Depression, and Suicide Attempts for Cisgender, Transgender, and Genderqueer Youth",G. Allen Ratliff; Paul Sterzing,SSWR annual conference,,Oral,title_and_abstract,True,Empirical,Quantitative,Quantitative,quantitative,False,False
SSWR:2017-P-0200,SSWR,2017,Relationship Between Depression and Social Support Among Elderly in China: A Systematic Review,Xupeng Mao; Yuerong Liu,SSWR annual conference,,Poster,title_and_abstract,False,Not applicable,Not applicable,Irrelevant,review,False,False
SSWR:2017-U-0542,SSWR,2017,Rural Women's Depression Prevalence: What Do We Know and Where Do We Go from Here?,Addie Weaver; Christopher D. Gjesfjeld,SSWR annual conference,,Oral,title_and_abstract,False,Not applicable,Not applicable,Irrelevant,review,False,False
SSWR:2017-P-0054,SSWR,2017,Self-Mastery and Self-Esteem Among Military Service Members: An Analysis of Symptoms Across Time,Shalisha Jessup; David S. Wood,SSWR annual conference,,Poster,title_and_abstract,False,Not applicable,Not applicable,Irrelevant,quantitative,False,False
SSWR:2017-U-0215,SSWR,2017,Sense of Belonging and Youth Suicidal Behaviors: What Community and School Got to Do with It?,Katarzyna Olcon; Yeonwoo Kim; Lauren E. Gulbas,SSWR annual conference,,Oral,title_and_abstract,True,Empirical,Quantitative,Quantitative,quantitative,False,False
SSWR:2017-U-0059,SSWR,2017,Social Exclusion and Mental Health Among Trans-Identified Adolescents: Results from a Representative Sample,June C. Paul; Andrea M. Larson; Maurice N. Gattis,SSWR annual conference,,Oral,title_and_abstract,True,Empirical,Quantitative,Quantitative,quantitative,False,False
SSWR:2017-P-0620,SSWR,2017,Social Mistrust and Gun Ownership in the Obama Era: A Gender-Stratified Analysis of the General Social Survey,Carol A. Leung; Donte T. Boyd; Mark S. Kaplan,SSWR annual conference,,Poster,title_and_abstract,True,Empirical,Quantitative,Quantitative,mixed_methods,False,False
SSWR:2017-P-0369,SSWR,2017,Suicidal Attempts Among Young Latinos in the Americas: A Review of the Research,Liz Calderon; Carolina M. Hausmann-Stabile,SSWR annual conference,,Poster,title_and_abstract,True,Empirical,Review,Review,review,False,False
SSWR:2017-U-0023,SSWR,2017,Suicidal Behaviors Among Sexual and Racial/Ethnic Minority Female and Male Adolescents in the United States,Carolina M. Hausmann-Stabile; Rasmi Nair; Cortney Bruno; Omar Martinez; Miguel A. Munoz-Laboy,SSWR annual conference,,Oral,title_and_abstract,True,Empirical,Quantitative,Quantitative,quantitative,False,False
SSWR:2017-U-0314,SSWR,2017,Tertiary Prevention for Incarcerated Youth: Effects of Facility-Level Services on Likelihood for Recidivism,Jamie Yoder; Camille R. Quinn; Kellly Whitaker,SSWR annual conference,,Oral,title_and_abstract,False,Not applicable,Not applicable,Irrelevant,quantitative,False,False
SSWR:2017-U-0206,SSWR,2017,"Testing the Association Between General Bullying, Ethnic-Based Bullying, Suicidal Ideation and Substance Use in Hispanic Youth",Jodi Berger Cardoso; Hannah Szlyk; Jeremy Goldbach; Paul Swank,SSWR annual conference,,Oral,title_and_abstract,True,Empirical,Quantitative,Quantitative,quantitative,False,False
SSWR:2017-U-0539,SSWR,2017,The Concise Health Risk Tracking Self-Report (CHRT-SR): Psychometric Properties of a Measure to Identify Suicidality in a Treatment Seeking Population with Stimulant Use Disorder,Katherine Sanchez; Michael Killian,SSWR annual conference,,Oral,title_and_abstract,True,Empirical,Quantitative,Quantitative,quantitative,False,False
SSWR:2017-P-0648,SSWR,2017,The Cultural Adaptation of Dialectical Behavior Therapy: A Case Study from Clinical Practice,Ivan Gonzalez; Lizbeth Gaona; Ulises Ramirez,SSWR annual conference,,Poster,title_and_abstract,True,Empirical,Qualitative,Qualitative,qualitative,False,False
SSWR:2017-U-0612,SSWR,2017,The Hazardous Unknown of Differential Disclosure: Investigating Patterns and Correlates of Disclosing Different Kinds of Suicidal Cognition,Anthony Fulginiti,SSWR annual conference,,Oral,title_and_abstract,True,Empirical,Quantitative,Quantitative,quantitative,False,False
SSWR:2017-U-0254,SSWR,2017,The Impact of Adverse Childhood Experiences on Substance Use Severity: The Protective Role of Coping and Resilience,Revital Goodman,SSWR annual conference,,Oral,title_and_abstract,False,Not applicable,Not applicable,Irrelevant,quantitative,False,False
SSWR:2017-U-0523,SSWR,2017,The Impact of Language in Discourses on Physician Assisted Dying: Untangling Threads of Discord in the Case of Brittany Maynard,C.M. Cassady,SSWR annual conference,,Oral,title_and_abstract,False,Not applicable,Not applicable,Irrelevant,qualitative,False,False
SSWR:2017-P-0378,SSWR,2017,The Impact of Military Service and Substance Abuse on Suicidality: A Comparison Between Male Military Service Members and Civilians,David Snowden; Christopher P. Salas-Wright; Catherine Cubbin; Michael G. Vaughn; Erika King,SSWR annual conference,,Poster,title_and_abstract,True,Empirical,Quantitative,Quantitative,quantitative,False,False
SSWR:2017-U-0103,SSWR,2017,The Influence of Childhood Adversity and Negative Emotional States on Non-Suicidal Self-Injury in Chinese College Students,Ling Wang,SSWR annual conference,,Oral,title_and_abstract,False,Not applicable,Not applicable,Irrelevant,quantitative,False,False
SSWR:2017-U-0244,SSWR,2017,The Mediating Effect of Self-Esteem on the Relationship Between Gender Role and Depression Among Chinese Lesbians in Hong Kong,Iris P. Y. Lo; Youn Kyoung (Lily) KIM; Celia Hoi-Yan Chan; Eusebius Small,SSWR annual conference,,Oral,title_and_abstract,False,Not applicable,Not applicable,Irrelevant,quantitative,False,False
SSWR:2017-U-0027,SSWR,2017,The Resilience and Self-Determination of Native American Youth: Connecting to the Spirit and Ways of Knowing,Bonnie M. Freeman,SSWR annual conference,,Oral,title_and_abstract,False,Not applicable,Not applicable,Irrelevant,qualitative,False,False
SSWR:2017-P-0466,SSWR,2017,"The Syndemic Effect of Intimate Partner Violence, HIV, and Substance Use on Depression and Suicidal Thoughts Among a Sample of Drug-Involved Women in Kazakhstan","Tina Jiwatram-Negron; Nabila El-Bassel, PhD",SSWR annual conference,,Poster,title_and_abstract,True,Empirical,Quantitative,Quantitative,quantitative,False,False
SSWR:2017-P-0301,SSWR,2017,The Use of Peer Support Interventions for Veterans Facing Community Reintegration Challenges,Eric R. Hardiman; Samantha S. Fletcher; Amanda Matteson,SSWR annual conference,,Poster,title_and_abstract,True,Empirical,Qualitative,Qualitative,qualitative,False,False
SSWR:2017-U-0180,SSWR,2017,Transgender-Inclusive Health Care and Delaying Care Due to Fear: Connections to Mental Health and General Health Among Trans* Adults,Kristie L. Seelman; Rebecca H. LeCroix; Matthew J. Colon-Diaz; Marik Xavier-Brier; Leonardo Kattari,SSWR annual conference,,Oral,title_and_abstract,True,Empirical,Quantitative,Quantitative,quantitative,False,False
SSWR:2017-P-0555,SSWR,2017,Traumatic Life Experiences & Posttraumatic Stress Disorder Symptom Prevalence Among Bachelor of Social Work Students,Patricia Chapman,SSWR annual conference,,Poster,title_and_abstract,False,Not applicable,Not applicable,Irrelevant,quantitative,False,False
SSWR:2017-P-0151,SSWR,2017,Use of College Mental Health Services Among Gender Minority Service Member and Student Veterans,David L. Albright; Michael D. Pelts; Jessica Bertram,SSWR annual conference,,Poster,title_and_abstract,True,Empirical,Quantitative,Quantitative,quantitative,False,False
SSWR:2017-U-0605,SSWR,2017,"Validating Measurements of Veteran Community Reintegration (VCR) Risk & Resilience Factors to Empower Veterans, Their Children, Families and Our Communities",Veliska Thomas; David L. Albright; Stan L. Bowie; Ayat Nashwan; Richard L. Johnson,SSWR annual conference,,Oral,title_and_abstract,True,Empirical,Quantitative,Quantitative,quantitative,False,False
SSWR:2017-X-0019,SSWR,2017,What Is the Difference in Mothers' Experience When Adolescents Are Psychiatrically Hospitalized for a Suicide Attempt or Other Reasons? �Why You Are Whispering All of a Sudden?�,Bridget E. Weller; Katelyn Ripple; Jada Gibbs; Otima Doyle; David Goldston,SSWR annual conference,,Oral,title_and_abstract,True,Empirical,Qualitative,Qualitative,qualitative,False,False
SSWR:2017-P-0075,SSWR,2017,Why Reveal or Conceal Suicidal Thoughts? an Exploratory Study of Motivation for Disclosure and Non-Disclosure Among People with Serious Mental Illness,Anthony Fulginiti; Laura Frey,SSWR annual conference,,Poster,title_and_abstract,True,Empirical,Quantitative,Quantitative,quantitative,False,False
SSWR:2017-P-0564,SSWR,2017,�Fear Runs Deep�: Housing-Related Needs and Fears of LGBT Older Adults,Jennifer M. Putney; Sara Keary,SSWR annual conference,,Poster,title_and_abstract,False,Not applicable,Not applicable,Irrelevant,qualitative,False,False
SSWR:2017-U-0008,SSWR,2017,�I'm Learning How to Live�: Coping Strategies for Incarcerated Women with Life Sentences,Gina Fedock,SSWR annual conference,,Oral,title_and_abstract,True,Empirical,Qualitative,Qualitative,qualitative,False,False
SSWR:2017-X-0012,SSWR,2017,�Why Didn't He Come to Us?� Fathers' and Mothers' Reactions to Youths' Suicidal Behavior,Otima Doyle; Susanny Beltran; Bridget E. Weller; Anthony C. Goldson,SSWR annual conference,,Oral,title_and_abstract,True,Empirical,Qualitative,Qualitative,qualitative,False,False
SWRD:35052,SWRD,2017,"""Suicide stigma' renegotiated: Storytelling, social support and resistance in an Internet-based community for the young suicide-bereaved","Hagstrom, Anneli Silven",Qualitative Social Work,10.1177/1473325016644039,Article,title_and_abstract,True,Empirical,Qualitative,Qualitative,Qualitative,False,False
SWRD:35872,SWRD,2017,A Comparison of Risk and Protective Factors Related to Depressive Symptoms among American Indian and Caucasian Older Adults,"Burnette, Catherine Elizabeth; Roh, Soonhee; Lee, Kyoung Hag; Lee, Yeon-Shim; Newland, Lisa A.; Jun, Jung Sim",Health & Social Work,10.1093/hsw/hlw055,journal-article,title_and_abstract,False,Not applicable,Not applicable,Irrelevant,Quantitative,False,False
SWRD:35111,SWRD,2017,An analysis of the psychosocial backgrounds of Youths (13-18) Who-Pose-Sexual-Risk to children,"Williams, Richard; Pritchard, Colin",Journal of Social Work,10.1177/1468017316651992,Article,title_and_abstract,False,Not applicable,Not applicable,Irrelevant,Quantitative,False,False
SWRD:35374,SWRD,2017,"An exploratory comparative study of perspectives on non-suicidal self-injurious behaviors among social work students in the United States, Greece, Cyprus, and Jordan: Implications for social work practice and education","Kokaliari, Efrosini D.; Roy, Ann W.; Panagiotopoulos, Christos; Al-Makhamreh, Sahar",International Social Work,10.1177/0020872815594225,Article,title_and_abstract,False,Not applicable,Not applicable,Irrelevant,Quantitative,False,False
SWRD:36880,SWRD,2017,Behavioral economics of death and dying decisions: Both rational and irrational approaches,"Rukumnauykit, Pungpond; Pholphirul, Piriya",Journal of Human Behavior in the Social Environment,10.1080/10911359.2017.1317312,journal-article,title_and_abstract,False,Not applicable,Not applicable,Irrelevant,,False,False
SWRD:35008,SWRD,2017,Depressive Symptoms and Suicidal Ideation from Adolescence to Young Adulthood in Chinese American and Filipino American Youth,"Park, So-Young",Journal of the Society for Social Work and Research,10.1086/694790,Article,title_and_abstract,True,Empirical,Quantitative,Quantitative,Quantitative,False,False
SWRD:35963,SWRD,2017,"Development, Implementation, and Evaluation of a Comprehensive Course on Suicide in a Master's of Social Work Program","Almeida, Joanna; O'Brien, Kimberly H. M.; Gironda, Christina M.; Gross, Emma B.",Journal of Social Work Education,10.1080/10437797.2017.1302856,journal-article,title_and_abstract,True,Empirical,Quantitative,Quantitative,Quantitative,False,False
SWRD:35608,SWRD,2017,Emotion work in a mental health service setting,"Sjolie, Hege; Binder, Per-Einar; Dundas, Ingrid",Qualitative Social Work,10.1177/1473325015610181,Article,title_and_abstract,False,Not applicable,Not applicable,Irrelevant,Qualitative,False,False
SWRD:36153,SWRD,2017,"Fighting for survival: The experiences of lesbian, gay, bisexual, transgender, and questioning students in religious colleges and universities","Craig, Shelley L.; Austin, Ashley; Rashidi, Mariam; Adams, Andmarc",Sexual and Gender Diversity in Social Services,10.1080/10538720.2016.1260512,journal-article,title_and_abstract,True,Empirical,Qualitative,Qualitative,Qualitative,False,False
SWRD:36431,SWRD,2017,Firearm presence and storage practices in North Carolina homes,"Imai, Satomi; Rafferty, Ann; Jones, Katherine; Mansfield, Chris; Proescholdbell, Scott",Journal of Human Behavior in the Social Environment,10.1080/10911359.2017.1319779,journal-article,title_and_abstract,True,Empirical,Quantitative,Quantitative,Quantitative,False,False
SWRD:34993,SWRD,2017,From Despair to Integrity: Using Narrative Therapy for Older Individuals in Erikson's Last Stage of Identity Development,"Goodcase, Eric T.; Love, Heather A.",Clinical Social Work Journal,10.1007/s10615-016-0601-6,Article,title_and_abstract,False,Not applicable,Not applicable,Irrelevant,,False,False
SWRD:35302,SWRD,2017,Invisible Illness Increases Risk of Suicidal Ideation: The Role of Social Workers in Preventing Suicide,"Pederson, Cathy L.; Gorman-Ezell, Kathleen; Hochstetler-Mayer, Greta",Health & Social Work,10.1093/hsw/hlx029,Editorial Material,title_only,True,Non-empirical,Not applicable,Non-empirical,,False,False
SWRD:81190,SWRD,2017,Let’s Rework Our Approach with “Angry Young People”,McFerran K.,Social Work with Groups,10.1080/01609513.2016.1219837,journal-article,title_and_abstract,False,Not applicable,Not applicable,Irrelevant,,False,False
SWRD:94538,SWRD,2017,Mental Health Service Delivery to Sexual Minority and Gender Non-Conforming Students in Schools: A Winnicottian Approach,"Wofford, Nichole C.",Child & Adolescent Social Work Journal,10.1007/s10560-016-0482-0,journal-article,title_and_abstract,False,Not applicable,Not applicable,Irrelevant,,False,False
SWRD:86681,SWRD,2017,Parental employment status in the relationship between traumatic exposure and adolescent suicide risk,George A.A.; Mbhele P.E.,Southern African Journal of Social Work and Social Development,10.25159/2415-5829/2576,journal-article,title_and_abstract,True,Empirical,Quantitative,Quantitative,Quantitative,False,False
SWRD:35758,SWRD,2017,Perceived Microaggressions and Mental Health in a Sample of Black Youths Experiencing Homelessness,"Gattis, Maurice N.; Larson, Andrea",Social Work Research,10.1093/swr/svw030,Article,title_and_abstract,True,Empirical,Quantitative,Quantitative,Quantitative,False,False
SWRD:35523,SWRD,2017,Physical and Mental Health Disparities for Young Women with Arrest Histories,"Fedock, Gina; Sarantakos, Sophia",Health & Social Work,10.1093/hsw/hlx015,Article,title_and_abstract,True,Empirical,Quantitative,Quantitative,Quantitative,False,False
SWRD:35000,SWRD,2017,Psychometric Properties of the CES-D Among Black Adolescents in Public Housing,"Lu, Wenhua; Lindsey, Michael A.; Irsheid, Sireen; Nebbitt, Von Eugene",Journal of the Society for Social Work and Research,10.1086/694791,Article,title_and_abstract,False,Not applicable,Not applicable,Irrelevant,Quantitative,False,False
SWRD:36971,SWRD,2017,Recovery Schools Rise to the Challenge: Shifting Alcohol Norms and Behaviors in Youth and Emerging Adults,"Steiker, Lori Holleran; McElrath, Julie",Journal of Social Work Practice in the Addictions,10.1080/1533256x.2017.1303387,journal-article,title_and_abstract,False,Not applicable,Not applicable,Irrelevant,,False,False
SWRD:36644,SWRD,2017,Research with Older Adult Methadone Clients: The Importance of Monitoring Suicide Ideation,"McCall, Janice; Brusoski, Melissa; Rosen, Daniel",Journal of Gerontological Social Work,10.1080/01634372.2017.1328479,journal-article,title_and_abstract,True,Empirical,Qualitative,Qualitative,,False,False
SWRD:81184,SWRD,2017,Resolution of Delusional Parasitosis within Complicated Grief Group Therapy: A Case Analysis,Supiano K.P.; Haynes L.B.; Larsen P.A.,Social Work with Groups,10.1080/01609513.2016.1218814,journal-article,title_and_abstract,True,Non-empirical,Not applicable,Non-empirical,Qualitative,True,False
SWRD:36751,SWRD,2017,Sense of Belonging and Youth Suicidal Behaviors: What Do Communities and Schools Have to Do with It?,"Olcon, Katarzyna; Kim, Yeonwoo; Gulbas, Lauren E.",Social Work in Public Health,10.1080/19371918.2017.1344602,journal-article,title_and_abstract,True,Empirical,Quantitative,Quantitative,Quantitative,False,False
SWRD:35630,SWRD,2017,Social Work's Ethical Responsibility to Train MSW Students to Work with Suicidal Clients,"Almeida, Joanna; O'Brien, Kimberly H. McManama; Norton, Ken",Social Work,10.1093/sw/swx011,Editorial Material,title_only,True,Non-empirical,Not applicable,Non-empirical,,False,False
SWRD:37075,SWRD,2017,"Suicide ideation, anxiety, and depression: Are children a protective factor for male Veterans?","Weisenhorn, David A.; Frey, Laura M.; Hans, Jason D.; Cerel, Julie",Journal of Family Social Work,10.1080/10522158.2017.1286278,journal-article,title_and_abstract,True,Empirical,Quantitative,Quantitative,Quantitative,False,False
SWRD:35243,SWRD,2017,Symptom Profiles of Major Depressive Disorder and Their Correlates among a Nationally Representative Sample,"O'Shields, Jay; Purser, Greg; Mowbray, Orion",Social Work Research,10.1093/swr/svx013,Article,title_and_abstract,True,Empirical,Quantitative,Quantitative,Quantitative,False,False
SWRD:105304,SWRD,2017,The Impact of Family Rejection or Acceptance among LGBT+ Millennials in the Seventh-day Adventist Church.,"VanderWaal, Curtis; VanderWaal, Curtis; VanderWaal, Curtis J.; Sedlacek, David; Lane, Lauren",Journal of Technology in Human Services,,,title_and_abstract,True,Empirical,Quantitative,Quantitative,Quantitative,False,False
SWRD:36869,SWRD,2017,The Master's Thesis as Creative Enterprise,"Rosen, Wendy B.","Studies in Clinical Social Work: Transforming Practice, Education and Research",10.1080/00377317.2017.1372335,journal-article,title_and_abstract,False,Not applicable,Not applicable,Irrelevant,,False,False
SWRD:36621,SWRD,2017,"The Role of Social Work in Suicide Prevention, Intervention, and Postvention: A Scoping Review","Maple, Myfanwy; Pearce, Tania; Sanford, Rebecca L.; Cerel, Julie",Australian Social Work,10.1080/0312407x.2016.1213871,journal-article,title_and_abstract,True,Empirical,Review,Review,,False,False
SWRD:94493,SWRD,2017,Three Psychotherapies for Suicidal Adolescents: Overview of Conceptual Frameworks and Intervention Techniques,"Singer, Jonathan B.; O'Brien, Kimberly H. McManama; LeCloux, Mary",Child & Adolescent Social Work Journal,10.1007/s10560-016-0453-5,journal-article,title_and_abstract,True,Non-empirical,Not applicable,Non-empirical,,False,False
SSWR:2018-U-0074,SSWR,2018,A Comparison of Urban and Rural Middle and High School Teachers' Attitudes and Observations about LGBT Students,William Koehler; Hilary Copp,SSWR annual conference,,Oral,title_and_abstract,False,Not applicable,Not applicable,Irrelevant,quantitative,False,False
SSWR:2018-P-0262,SSWR,2018,A Differential Item Functioning (DIF) Study of the Ulta-Short Suicidal Ideation Scale,William R. Nugent,SSWR annual conference,,Poster,title_and_abstract,True,Empirical,Quantitative,Quantitative,quantitative,False,False
SSWR:2018-O-0020,SSWR,2018,A Latent Class Analysis of Unhealthy Lifestyle Behaviors and Suicide Among Adolescents,Yunyu Xiao; Michael A. Lindsey; Meghan Romanelli,SSWR annual conference,,Oral,title_and_abstract,True,Empirical,Quantitative,Quantitative,quantitative,False,False
SSWR:2018-P-0726,SSWR,2018,A Suicide Prevention Approach in an Urban American Indian Community: Gatekeeper Trainings for Community Members and Providers of Service,Sandra L. Momper; Rachel L. Burrage,SSWR annual conference,,Poster,title_and_abstract,True,Empirical,Quantitative,Quantitative,quantitative,False,False
SSWR:2018-U-0665,SSWR,2018,Advancing Global Mental Health: Lessons from an International Research Project on Adolescent Suicide Attempts,Carolina M. Hausmann-Stabile,SSWR annual conference,,Oral,title_and_abstract,True,Empirical,Qualitative,Qualitative,mixed_methods,False,False
SSWR:2018-P-0055,SSWR,2018,Adverse Childhood Experiences and Suicide Attempts Among Those with Mental and Substance Use Disorders,Namkee G. Choi; Diana M. DiNitto; Steven P. Segal,SSWR annual conference,,Poster,title_and_abstract,True,Empirical,Quantitative,Quantitative,quantitative,False,False
SSWR:2018-P-0165,SSWR,2018,"Alcohol Dependence, Co-Occurring Depression, and Drinking-Related Consequences Among Sexual Minorities and Heterosexuals",Briana McGeough,SSWR annual conference,,Poster,title_and_abstract,False,Not applicable,Not applicable,Irrelevant,quantitative,False,False
SSWR:2018-P-0184,SSWR,2018,"An Examination of Non-Suicidal Self-Injury Among Children and Adolescents Referred to Community and Inpatient Mental Health Settings in Ontario, Canada",Phillip Baiden; Shannon Stewart; Barbara Fallon,SSWR annual conference,,Poster,title_and_abstract,False,Not applicable,Not applicable,Irrelevant,quantitative,False,False
SSWR:2018-U-0160,SSWR,2018,"Barriers to Accessing Detox Facilities, Substance Use Treatment, and Residential Services Among Women Impacted By Commercial Sexual Exploitation & Trafficking",Lara Gerassi,SSWR annual conference,,Oral,title_and_abstract,False,Not applicable,Not applicable,Irrelevant,qualitative,False,False
SSWR:2018-P-0229,SSWR,2018,"Building Resilience, Empowerment, and Community: Post-Trial Analysis of a Culturally-Informed Mental Health Intervention for Asian American Women",Hyeouk Chris Hahm; Alexandra Marie Rivera; Christina Lee; Mia Trentadue; Gloria Lee; Hee Yun Lee,SSWR annual conference,,Poster,title_and_abstract,False,Not applicable,Not applicable,Irrelevant,mixed_methods,False,False
SSWR:2018-U-0617,SSWR,2018,Bullying and Suicide in High School Students: Findings from the 2015 California Youth Risk Behavior Survey,Yong Li; Junrong Shi,SSWR annual conference,,Oral,title_and_abstract,True,Empirical,Quantitative,Quantitative,quantitative,False,False
SSWR:2018-U-0183,SSWR,2018,"Bullying Victimization and Non-Suicidal Self-Injury Among Adolescents from Community and Inpatient Mental Health Settings in Ontario, Canada",Phillip Baiden; Shannon Stewart; Barbara Fallon,SSWR annual conference,,Oral,title_and_abstract,False,Not applicable,Not applicable,Irrelevant,quantitative,False,False
SSWR:2018-P-0132,SSWR,2018,Comparing Precipitating Circumstances Among Military and Non-Military Men Who Died By Suicide,Helena Haueter; David S. Wood,SSWR annual conference,,Poster,title_and_abstract,True,Empirical,Quantitative,Quantitative,quantitative,False,False
SSWR:2018-P-0083,SSWR,2018,Culturally Relevant Risk and Protective Factors Related to Depression Among U.S. Indigenous Peoples: Why Historical Oppression and Family Resilience Matter,Catherine E. Burnette; Lynette M. Renner; Charles R. Figley,SSWR annual conference,,Poster,title_and_abstract,False,Not applicable,Not applicable,Irrelevant,mixed_methods,False,False
SSWR:2018-U-0164,SSWR,2018,Dead inside: A Systematic Review of the Psychosocial Effects of Combat-Related Emotional Numbing,Donna L. Schuman,SSWR annual conference,,Oral,title_and_abstract,True,Empirical,Review,Review,review,False,False
SSWR:2018-U-0046,SSWR,2018,Depression and Suicidal Ideation Among Adults Diagnosed with Schizophrenia: Moderating Effects of Emotional Social Support,"Lindsay A. Bornheimer; James J. Jaccard, PhD",SSWR annual conference,,Oral,title_and_abstract,True,Empirical,Quantitative,Quantitative,quantitative,False,False
SSWR:2018-U-0768,SSWR,2018,Depressive Symptoms and Psychological Distress Among Rural African Americans: The Role of Material Hardship,Addie Weaver; Robert Joseph Taylor; Linda M. Chatters; Joseph Himle,SSWR annual conference,,Oral,title_and_abstract,False,Not applicable,Not applicable,Irrelevant,quantitative,False,False
SSWR:2018-P-0352,SSWR,2018,"Disability, Race, Gender, and Class: Intersections of Inequality and Social Participation Among Older Adults",Margaret M. Holland; Karen A. Randolph,SSWR annual conference,,Poster,title_and_abstract,False,Not applicable,Not applicable,Irrelevant,quantitative,False,False
SSWR:2018-P-0552,SSWR,2018,Do Pediatricians Talk to Adolescent Patients about Sexual Orientation and Gender Identity?,Deirdre A. Shires; Ashley Schnaar; Maureen Connolly; Daphna Stroumsa,SSWR annual conference,,Poster,title_and_abstract,False,Not applicable,Not applicable,Irrelevant,quantitative,False,False
SSWR:2018-P-0110,SSWR,2018,Elevated Risk of Suicidal Behavior Among Incarcerated Adults While in Solitary Confinement,Jordan E. DeVylder; Boyoung Nam,SSWR annual conference,,Poster,title_and_abstract,True,Empirical,Quantitative,Quantitative,quantitative,False,False
SSWR:2018-P-0071,SSWR,2018,Enhancing Effectiveness of the Correctional Response to Serious Mental Illness in Prisons,Dana DeHart; Aidyn Iachini,SSWR annual conference,,Poster,title_and_abstract,False,Not applicable,Not applicable,Irrelevant,qualitative,False,False
SSWR:2018-X-0002,SSWR,2018,Examining Characteristics of Mother-Daughter Relationships and Adolescent Self-Injury,Melinda White; Sheila Crowell; Brad Lundahl,SSWR annual conference,,Oral,title_and_abstract,False,Not applicable,Not applicable,Irrelevant,quantitative,False,False
SSWR:2018-P-0309,SSWR,2018,Examining the Independent Protective Effect of Subjective Well-Being on Severe Psychological Distress Among Canadian Adults with a History of Child Maltreatment,Sarah Tarshis; Phillip Baiden; Kofi Antwi-Boasiako; Wendy den Dunnen,SSWR annual conference,,Poster,title_and_abstract,False,Not applicable,Not applicable,Irrelevant,quantitative,False,False
SSWR:2018-U-0520,SSWR,2018,Experiences of Discrimination Among Homeless Young Adults: Relationship to Mental Health Outcomes,Sarah C. Narendorf; Kimberly A. Bender; Kenya Minott; Jama Shelton; Diane Santa Maria,SSWR annual conference,,Oral,title_and_abstract,True,Empirical,Quantitative,Quantitative,quantitative,False,False
SSWR:2018-U-0636,SSWR,2018,Experiences of Transgender and Gender Non-Conforming Youth in High School,Amy H. Hillier; Kel Kroehle,SSWR annual conference,,Oral,title_and_abstract,False,Not applicable,Not applicable,Irrelevant,qualitative,False,False
SSWR:2018-P-0638,SSWR,2018,Exploring Sexual Minority Men's Explanatory Model of Depression: A Comprehensive Meta-Synthesis,David Camacho; Ellen P. Lukens; Anindita Bhattacharya,SSWR annual conference,,Poster,title_and_abstract,False,Not applicable,Not applicable,Irrelevant,review,False,False
SSWR:2018-U-0638,SSWR,2018,Factors Associated with Access to Permanent Supportive Housing Among People with Serious Mental Illness,Frank Sirotich; Anna Durbin; Lin Fang; Melissa Redmond,SSWR annual conference,,Oral,title_and_abstract,True,Empirical,Quantitative,Quantitative,quantitative,False,False
SSWR:2018-U-0442,SSWR,2018,"Factors Associated with Depression, Anxiety, and PTSD Symptoms Among Bhutanese-Nepali Refugees",Wooksoo Kim; Isok Kim; Anita Sharma; Sarah Stanford,SSWR annual conference,,Oral,title_and_abstract,False,Not applicable,Not applicable,Irrelevant,quantitative,False,False
SSWR:2018-U-0324,SSWR,2018,Fears of Harm Held By Caregivers about Relatives with Psychiatric Disorders,Travis Labrum; Phyllis L. Solomon,SSWR annual conference,,Oral,title_and_abstract,False,Not applicable,Not applicable,Irrelevant,quantitative,False,False
SSWR:2018-P-0504,SSWR,2018,From the inside out : A Systematic Literature Review of the Etiology of Borderline Personality Disorder from a Social Work and Ecological Systems Perspective,Aman Ahluwalia Cameron; Kimberly A. Calderwood; Suzanne McMurphy,SSWR annual conference,,Poster,title_and_abstract,False,Not applicable,Not applicable,Irrelevant,review,False,False
SSWR:2018-P-0206,SSWR,2018,Gender Differences in Predictors of Suicidality Among United States Veterans,Monica Himes,SSWR annual conference,,Poster,title_and_abstract,True,Empirical,Quantitative,Quantitative,quantitative,False,False
SSWR:2018-P-0690,SSWR,2018,Gender Differences in Sexual Risk Practices and Suicidal Tendencies Among U.S. High School Students: Examining the Mediating Role of Teen Dating Violence,Bernadette K. Ombayo; Betty Tonui; Moses Okumu; Cecilia W. Mengo,SSWR annual conference,,Poster,title_and_abstract,True,Empirical,Quantitative,Quantitative,quantitative,False,False
SSWR:2018-P-0168,SSWR,2018,Gender/Sexual Minority Young Adults in the Southwest: Experiences of Violence and Mental Health,Vern Harner,SSWR annual conference,,Poster,title_and_abstract,True,Empirical,Quantitative,Quantitative,quantitative,False,False
SSWR:2018-U-0333,SSWR,2018,Help Seeking Behaviors of Youth with Suicidal Ideation: Who Perceives Need for Care and Seeks Actual Service?,Boyoung Nam; Jordan E. DeVylder; Holly Wilcox; Matthew Hilimire,SSWR annual conference,,Oral,title_and_abstract,True,Empirical,Quantitative,Quantitative,quantitative,False,False
SSWR:2018-P-0261,SSWR,2018,"History of Maltreatment, Positive Coping, and Current Suicidal Ideation in Adolescents","Yoewon Yoon; Julie A. Cederbaum, PhD",SSWR annual conference,,Poster,title_and_abstract,True,Empirical,Quantitative,Quantitative,quantitative,False,False
SSWR:2018-P-0385,SSWR,2018,Homophobic Behavior Among High School Students in Switzerland,Patrick Weber; Daniel Gredig,SSWR annual conference,,Poster,title_and_abstract,False,Not applicable,Not applicable,Irrelevant,quantitative,False,False
SSWR:2018-P-0036,SSWR,2018,How Are They Doing? Mapping Female Survivors of Trafficking to Prevent Re-Trafficking,David Okech; Nathan Hansen; John Anarfi,SSWR annual conference,,Poster,title_and_abstract,True,Empirical,Quantitative,Quantitative,quantitative,False,False
SSWR:2018-P-0285,SSWR,2018,How Does Discharge Status Affect Military Veterans' Mental and Physical Health and Suicide Risk?,Nicholas U. Barr; Sarah Kintzle; Carl A. Castro,SSWR annual conference,,Poster,title_and_abstract,True,Empirical,Quantitative,Quantitative,quantitative,False,False
SSWR:2018-U-0364,SSWR,2018,Identifying Elements Important for Sustainment of Evidence-Based Programs Using Qualitative Comparative Analysis: A New Look at the Consolidated Framework for Implementation Research,Sapna J. Mendon; Lawrence A. Palinkas; Suzanne Spear; Juan Villamar; Hendricks Brown,SSWR annual conference,,Oral,title_and_abstract,False,Not applicable,Not applicable,Irrelevant,mixed_methods,False,False
SSWR:2018-P-0449,SSWR,2018,Identity Stigma and Stress Among LGBTQ Population: The Mediating Role of Chronic Strain,Betty Tonui,SSWR annual conference,,Poster,title_and_abstract,False,Not applicable,Not applicable,Irrelevant,quantitative,False,False
SSWR:2018-U-0679,SSWR,2018,Impact of Parental Incarceration and Substance Use on Suicidal Planning of African American Youth Living in Urban Public Housing,Camille R. Quinn; Von E. Nebbitt; Taqi Tirmazi; Sean Joe; Oliver Beer,SSWR annual conference,,Oral,title_and_abstract,True,Empirical,Quantitative,Quantitative,quantitative,False,False
SSWR:2018-U-0601,SSWR,2018,Is Evidence-Based Practice Sustainment a Process or an Outcome? Implications for Measurement,Lawrence A. Palinkas; Sapna J. Mendon; Suzanne Spear; Juan Villamar; C. Hendricks Brown,SSWR annual conference,,Oral,title_and_abstract,False,Not applicable,Not applicable,Irrelevant,qualitative,False,False
SSWR:2018-P-0576,SSWR,2018,"Linked Lives: The Process of Becoming a Mother, Becoming Homeless and Negotiating the Space between",Courtney M. Cronley; Kris Hohn; Shamsun Nahar,SSWR annual conference,,Poster,title_and_abstract,False,Not applicable,Not applicable,Irrelevant,qualitative,False,False
SSWR:2018-P-0091,SSWR,2018,Mapping Suicide Mortality in Ohio: A Spatial Epidemiological Analysis of Suicide Clusters and Area Level Correlates,Cynthia A. Fontanella; Daniel Saman; Danielle Hiance-Steelesmith; John V. Campo; Jeffrey Bridge; HelenAnne Sweeney; Elisabeth Root,SSWR annual conference,,Poster,title_and_abstract,True,Empirical,Quantitative,Quantitative,quantitative,False,False
SSWR:2018-U-0296,SSWR,2018,"Mattering, Resistance, and Trust Among Women in Financially Engineered Markets",Amy Baker,SSWR annual conference,,Oral,title_and_abstract,False,Not applicable,Not applicable,Irrelevant,qualitative,False,False
SSWR:2018-U-0640,SSWR,2018,Mental Health Care Needs in Subsidized Housing: What It Takes to Build a Mental Health Supporting Community,Hyejin Jung; Jose Jaime; Jongwha Chang,SSWR annual conference,,Oral,title_and_abstract,False,Not applicable,Not applicable,Irrelevant,qualitative,False,False
SSWR:2018-P-0291,SSWR,2018,Multiple Faces of Victimization in School: Exploratory Factor Analysis and Latent Class Analysis of Student Reports of Victimization,"Rami Benbenishty, PhD; Ron Avi Astor; Ilan Roziner",SSWR annual conference,,Poster,title_and_abstract,False,Not applicable,Not applicable,Irrelevant,quantitative,False,False
SSWR:2018-P-0022,SSWR,2018,"Nativity, Primary Language Spoken in the Home, and Mental Health Outcomes Among Asian-American Youth",So-Young Park; Yeddi Park; In Young Lee; So-Youn Park,SSWR annual conference,,Poster,title_and_abstract,True,Empirical,Quantitative,Quantitative,quantitative,False,False
SSWR:2018-P-0762,SSWR,2018,"Now I Am Ready to Die: A Look at Substance Use, Suicidality and Acquired Capability in Adolescents",Cashell Lewis,SSWR annual conference,,Poster,title_and_abstract,True,Empirical,Quantitative,Quantitative,quantitative,False,False
SSWR:2018-U-0578,SSWR,2018,Pediatricians' Willingness to Suppress Puberty for Transgender Youth,Deirdre A. Shires; Ashley Schnaar; Maureen Connolly; Daphna Stroumsa,SSWR annual conference,,Oral,title_and_abstract,False,Not applicable,Not applicable,Irrelevant,quantitative,False,False
SSWR:2018-P-0547,SSWR,2018,"Peer Victimization, Depression, and Suicide Attempts: A Gender-Based Approach",Youn Kyoung (Lily) KIM; Mi-Youn Yang; Juan J. Barthelemy,SSWR annual conference,,Poster,title_and_abstract,True,Empirical,Quantitative,Quantitative,quantitative,False,False
SSWR:2018-U-0004,SSWR,2018,Perceptions of Neighborhood Safety and Depressive Symptoms Among Older Minority Urban Subsidized Housing Residents: The Mediating Effect of Sense of Community Belonging,Judith Gonyea; Alexandra Curley; Kelly Melekis,SSWR annual conference,,Oral,title_and_abstract,False,Not applicable,Not applicable,Irrelevant,quantitative,False,False
SSWR:2018-U-0078,SSWR,2018,Police Abuse and Mental Health in a Nationally Representative Sample of African-Americans,Hans Y. Oh,SSWR annual conference,,Oral,title_and_abstract,True,Empirical,Quantitative,Quantitative,quantitative,False,False
SSWR:2018-G-0003,SSWR,2018,"Police Victimization in the U.S.: Measurement, Estimates of Prevalence, and Mental Health Significance",Jordan E. DeVylder; Boyoung Nam; Hans Y. Oh; Bruce Link,SSWR annual conference,,Sig,title_and_abstract,True,Empirical,Quantitative,Quantitative,quantitative,False,False
SSWR:2018-P-0562,SSWR,2018,Polyvictimization and Mental Health Consequences of Female Genital Mutilation (FGM) Among Somali Refugees in Kenya,Hyojin Im; Lindsay Heaton,SSWR annual conference,,Poster,title_and_abstract,True,Empirical,Quantitative,Quantitative,quantitative,False,False
SSWR:2018-U-0399,SSWR,2018,Risk Factors for Suicidal Ideation and Attempts Among Adolescents in Foster Care,Svetlana Shpiegel; Jamey Lister; Michael Kral; Rachel Ludeke,SSWR annual conference,,Oral,title_and_abstract,True,Empirical,Quantitative,Quantitative,quantitative,False,False
SSWR:2018-U-0326,SSWR,2018,"Running to Stand Still: Trauma, Stress and Substance Use Among Unaccompanied Migrant Youth in Texas",Jodi Berger Cardoso; Liza Barros Lane,SSWR annual conference,,Oral,title_and_abstract,True,Empirical,Quantitative,Quantitative,mixed_methods,False,False
SSWR:2018-P-0367,SSWR,2018,Sexual Abuse and Mental Health Outcomes in Women Incarcerated in State Prisons,Tabitha Walton; Juye Ji,SSWR annual conference,,Poster,title_and_abstract,True,Empirical,Quantitative,Quantitative,quantitative,False,False
SSWR:2018-O-0019,SSWR,2018,Sexual Identity-Behavior Discordance and Suicidal Behaviors Among Sexually Active Adolescents,Meghan Romanelli; Yunyu Xiao; Michael A. Lindsey,SSWR annual conference,,Oral,title_and_abstract,True,Empirical,Quantitative,Quantitative,quantitative,False,False
SSWR:2018-U-0741,SSWR,2018,Social Support Network Disruption: Narratives of Youth in Foster Care,Jared I. Best; Jennifer E. Blakeslee,SSWR annual conference,,Oral,title_and_abstract,False,Not applicable,Not applicable,Irrelevant,qualitative,False,False
SSWR:2018-P-0526,SSWR,2018,Structural and Systemic Barriers to Providing Long-Term Services and Supports to Aging d/Deaf Individuals: A Public Health Crisis on the Horizon,Heather Lesch; Kimberly Burcher; Tracy C. Wharton; Reshawna Chapple; Kiara Chapple,SSWR annual conference,,Poster,title_and_abstract,False,Not applicable,Not applicable,Irrelevant,review,False,False
SSWR:2018-O-0018,SSWR,2018,Subtypes of Substance Users and Suicide Behaviors: An Adolescent Risk Profile,Michael A. Lindsey; Yunyu Xiao; Meghan Romanelli,SSWR annual conference,,Oral,title_and_abstract,True,Empirical,Quantitative,Quantitative,quantitative,False,False
SSWR:2018-P-0601,SSWR,2018,Suicidal Ideation Among North Korean Refugees in South Korea: Exploring the Influence of Social Network Compositions By Gender,Mee Young Um; Eric Rice; Jungeun Olivia Lee; Hee Jin Kim; Lawrence A. Palinkas,SSWR annual conference,,Poster,title_and_abstract,True,Empirical,Quantitative,Quantitative,quantitative,False,False
SSWR:2018-P-0065,SSWR,2018,Suicidal Ideation and First Episode of Psychosis: Secondary Analysis of the Recovery after an Initial Schizophrenia Episode (RAISE) Data,Lindsay A. Bornheimer; Qiong Wu,SSWR annual conference,,Poster,title_and_abstract,True,Empirical,Quantitative,Quantitative,quantitative,False,False
SSWR:2018-P-0524,SSWR,2018,Suicidal Ideation Severity and Attempt Frequency Prior to Inpatient Psychiatric Hospitalization Among Adolescents Presenting with Varying Levels of Alcohol and Marijuana Use,Christina M. Sellers; Kimberly McManama O'Brien; Laika Aguinaldo; Anthony Spirito,SSWR annual conference,,Poster,title_and_abstract,True,Empirical,Quantitative,Quantitative,quantitative,False,False
SSWR:2018-P-0528,SSWR,2018,"Suicide in Central Asia: Prevalence Rates, Risk and Protective Factors, and Interventions",Shahnaz Savani; Robin E. Gearing,SSWR annual conference,,Poster,title_and_abstract,True,Empirical,Review,Review,review,False,False
SSWR:2018-P-0235,SSWR,2018,Suicide Intervention Training for Adults Working with High-Risk Youth in the Child Welfare System,Phillip Osteen; Jeffrey R. Lacasse; MaKenna N. Woods; Rachel Greene; Jodi Jacobson Frey; R. Lane Forsman,SSWR annual conference,,Poster,title_and_abstract,True,Empirical,Quantitative,Quantitative,quantitative,False,False
SSWR:2018-U-0258,SSWR,2018,Suicide Report Concordance Among Adolescents and Parents: Implications for Screening and Practice,Mary LeCloux; Stacey Culp; Kimberly McManama O'Brien; Lucia Andrade; Jennifer Wolff,SSWR annual conference,,Oral,title_and_abstract,True,Empirical,Quantitative,Quantitative,quantitative,False,False
SSWR:2018-U-0225,SSWR,2018,Suicide Screening in Rural Primary Care: The Reports of West Virginia Primary Care Providers,Mary LeCloux; Laika Aguinaldo; Elizabeth Lanzillo; Lisa Horowitz,SSWR annual conference,,Oral,title_and_abstract,True,Empirical,Qualitative,Qualitative,qualitative,False,False
SSWR:2018-P-0252,SSWR,2018,Testing Joiner's Interpersonal Theory of Suicide Among Latina Adolescent Suicide Attempters,Lauren E. Gulbas; Carolina M. Hausmann-Stabile; Hannah Szlyk; Luis H. Zayas,SSWR annual conference,,Poster,title_and_abstract,True,Empirical,Qualitative,Qualitative,qualitative,False,False
SSWR:2018-U-0044,SSWR,2018,The Association of Nonmedical Prescription-Opioid Use and Psychological Distress Among Adults with and without Disability,Jeffrey Trant; Keith Chan,SSWR annual conference,,Oral,title_and_abstract,False,Not applicable,Not applicable,Irrelevant,quantitative,False,False
SSWR:2018-X-0007,SSWR,2018,The Body Is Not the Enemy: Befriending the Body through Mindfulness Reduces Self-Harm Ideation in Chronic Pain Patients,Michael Riquino; Sarah Priddy; Anne Baker; Eric L. Garland,SSWR annual conference,,Oral,title_and_abstract,True,Empirical,Quantitative,Quantitative,quantitative,False,False
SSWR:2018-U-0628,SSWR,2018,The Digital Non-Divide: Homelessness Experience and Sexual Orientation Are Not Associated with Technology Engagement Among Adolescents,Joshua A. Rusow; Eric Rice,SSWR annual conference,,Oral,title_and_abstract,False,Not applicable,Not applicable,Irrelevant,quantitative,False,False
SSWR:2018-P-0369,SSWR,2018,The Effect of Economic Status and Parental Depression on Childhood Depression: Exploring the Mediating Role of Parenting Behaviors in Rural China,Yuerong Liu; Darcey H. Merritt; Xupeng Mao,SSWR annual conference,,Poster,title_and_abstract,False,Not applicable,Not applicable,Irrelevant,quantitative,False,False
SSWR:2018-P-0056,SSWR,2018,The Impact of Spousal Physical Abuse on Suicidal Ideation in Later Life,Sukyoung Yoon; Sherry Cummings; Bill Nugent,SSWR annual conference,,Poster,title_and_abstract,True,Empirical,Quantitative,Quantitative,quantitative,False,False
SSWR:2018-U-0138,SSWR,2018,The Role of Mental Health Symptomatology in Opioid Overdoses: Implications for Social Work Intervention,Michael Fendrich; Jessica M. Becker,SSWR annual conference,,Oral,title_and_abstract,True,Empirical,Quantitative,Quantitative,quantitative,False,False
SSWR:2018-P-0410,SSWR,2018,Think Outside of the Maysi-2 Box and See Loneliness As a Red Flag,Henrika McCoy,SSWR annual conference,,Poster,title_and_abstract,True,Empirical,Quantitative,Quantitative,quantitative,False,False
SSWR:2018-P-0120,SSWR,2018,University Students' Perspectives on Bystander Interventions to Prevent Sexual Violence,Sarah Robinson; Nada Elias-Lambert,SSWR annual conference,,Poster,title_and_abstract,False,Not applicable,Not applicable,Irrelevant,qualitative,False,False
SSWR:2018-U-0388,SSWR,2018,Using GIS to Assess MH Hot Spots and Police Utilization of Crisis Centers: The Impact of Crisis Intervention Teams Training,Leonard Swanson; Erin Comartin; Sheryl Pimlott Kubiak; Edita Milanovic; Christina Callton; Emily Rau,SSWR annual conference,,Oral,title_and_abstract,True,Empirical,Quantitative,Quantitative,quantitative,False,False
SSWR:2018-P-0286,SSWR,2018,What Makes a Community Supportive? Sgm Youth's Perceptions of Community Strengths,Megan S. Paceley; Margaret M.C. Thomas; Jacob Goffnett,SSWR annual conference,,Poster,title_and_abstract,False,Not applicable,Not applicable,Irrelevant,qualitative,False,False
SSWR:2018-U-0540,SSWR,2018,Who Is the �Ideal� Candidate for Involuntary Outpatient Commitment? Analysis of Referral Data Vs. Provider Perceptions,Tina Gajda-Crawford; Beth Angell; Amal Killawi; Elizabeth Matthews,SSWR annual conference,,Oral,title_and_abstract,False,Not applicable,Not applicable,Irrelevant,mixed_methods,False,False
SSWR:2018-P-0741,SSWR,2018,Why Do Homeless People Commit Suicide?: Analysis of Mental Health and Substance Use As Risk Factors,Yi Jin Kim; Kyoung Hag Lee; Jung Sim Jun,SSWR annual conference,,Poster,title_and_abstract,True,Empirical,Quantitative,Quantitative,quantitative,False,False
SSWR:2018-P-0600,SSWR,2018,"Youth Suicide Prevention Efforts in Southwest Phoenix, Arizona",Monica Parsai; Erica Chavez; Colin Dooner,SSWR annual conference,,Poster,title_and_abstract,True,Empirical,Quantitative,Quantitative,quantitative,False,False
SWRD:34681,SWRD,2018,"""Fear Runs Deep:"" The Anticipated Needs of LGBT Older Adults in Long-Term Care","Putney, Jennifer M.; Keary, Sara; Hebert, Nicholas; Krinsky, Lisa; Halmo, Rebekah",Journal of Gerontological Social Work,10.1080/01634372.2018.1508109,journal-article,title_and_abstract,False,Not applicable,Not applicable,Irrelevant,Qualitative,False,False
SWRD:69480,SWRD,2018,Assessing Suicidal Risk in Practice: A Validation Study Initiated by Medical Social Workers,"Chan, Wallace Chi Ho",British Journal of Social Work,10.1093/bjsw/bcx156,journal-article,title_and_abstract,True,Empirical,Quantitative,Quantitative,Quantitative,False,False
SWRD:70939,SWRD,2018,Bullying and suicide in high school students: Findings from the 2015 California youth risk behavior survey,"Li, Yong; Shi, Junrong",Journal of Human Behavior in the Social Environment,10.1080/10911359.2018.1456389,journal-article,title_and_abstract,True,Empirical,Quantitative,Quantitative,Quantitative,False,False
SWRD:70463,SWRD,2018,Correlates of Mental Health Smartphone Application Use among Patients with Suicidal Ideation,"Chen, Jason, I; Smolenski, Derek J.; Dobscha, Steven K.; Bush, Nigel E.; Denneson, Lauren M.",Journal of Technology in Human Services,10.1080/15228835.2018.1502119,journal-article,title_and_abstract,True,Empirical,Quantitative,Quantitative,Quantitative,False,False
SWRD:70876,SWRD,2018,Current Implementation of and Opinions and Concerns Regarding Suicide Education for Social Work Undergraduate Students in Japan: A Cross-Sectional Study,"Kodaka, Manami; Hikitsuchi, Emi; Takai, Michiko; Okada, Sumie; Watanabe, Yasue; Fukushima, Kiyoko; Yamada, Mitsuhiko; Inagaki, Masatoshi; Takeshima, Tadashi; Matsumoto, Toshihiko",Journal of Social Work Education,10.1080/10437797.2017.1314837,journal-article,title_and_abstract,True,Empirical,Quantitative,Quantitative,Quantitative,False,False
SWRD:100242,SWRD,2018,"Dowry, the Oppression of Women and Femicide in Bangladesh",Rahman; Tungate; Mohammad Sadikur Rahman; Mohammad Sadikur Rahman; Mohammad Sadikur; Susan. L.,Journal of Comparative Social Work,10.31265/jcsw.v13i1.161,journal-article,title_and_abstract,False,Not applicable,Not applicable,Irrelevant,,False,False
SWRD:101944,SWRD,2018,Editorial: The Right for the Elderly to Commit Suicide,O'Neill; John H.; Lipton; Benjamin; Sears; Gillespie; James T.; Amadio; Dean M.; Chung,International Journal of Social Work Values and Ethics,10.55521/10-015-201,fetch_failed,title_only,True,Non-empirical,Not applicable,Non-empirical,,False,False
SWRD:70698,SWRD,2018,Engaging families: a pilot evaluation to examine the utility of a health promotional resource on youth suicide prevention,"Gryglewicz, Kim; Kutash, Krista; Elzy, Meredith B.; Hangartner, Renee R.; Karver, Marc S.",Journal of Family Social Work,10.1080/10522158.2018.1469560,journal-article,title_and_abstract,True,Empirical,Quantitative,Quantitative,Quantitative,False,False
SWRD:69768,SWRD,2018,Factors Associated With Discrimination in Social-Service Settings Among a Sample of Transgender and Gender-Nonconforming Adults,"Klein, Augustus; Mountz, Sarah; Bartle, Eli",Journal of the Society for Social Work and Research,10.1086/699538,journal-article,title_and_abstract,False,Not applicable,Not applicable,Irrelevant,Quantitative,False,False
SWRD:69535,SWRD,2018,Help-seeking Pathway among Working-Age Adults with Suicidal Ideation: Testing the Integrated Model of Suicide Help-seeking,"Ko, Jungyai",Social Work in Public Health,10.1080/19371918.2018.1546251,journal-article,title_and_abstract,True,Empirical,Quantitative,Quantitative,Quantitative,False,False
SWRD:89232,SWRD,2018,Hope Squads: Peer-to-Peer Suicide Prevention in Schools,"Wright-Berryman, Jennifer; Hudnall, Greg; Hopkins, Rodney; Bledsoe, Cathy",Children & Schools,10.1093/cs/cdy005,journal-article,title_only,True,Non-empirical,Not applicable,Non-empirical,,False,False
SWRD:34630,SWRD,2018,Improving the Mental Health Outcomes of LGBTQ Youth and Young Adults: A Longitudinal Study,"Painter, Kirstin R.; Scannapieco, Maria; Blau, Gary; Andre, Amy; Kohn, Kris",Journal of Social Service Research,10.1080/01488376.2018.1441097,journal-article,title_and_abstract,True,Empirical,Quantitative,Quantitative,Quantitative,False,False
SWRD:110689,SWRD,2018,Lessons Learned from Ten Years of Using School-Based Screenings for Suicide Postvention,"Poon, Maurice Kwong-Lai; Moffatt, Ken; Mirick, Rebecca G; Mirick, Rebecca G; Mirick, Rebecca G.; Berkowitz, Lawrence; Berkowitz, Lawrence; Anonymous; Pyne, Jake; Bridger, Joanna; Ford, Anne Rochon; Lee, Edward Ou Jin; Bridger, Joanna; McCauley, James; McCauley, James; McCauley, James; McGillicuddy, Patti; Brotman, Shari",School Social Work Journal,,"Article , Report",title_and_abstract,True,Empirical,Quantitative,Quantitative,Quantitative,False,False
SWRD:34604,SWRD,2018,Lifetime trauma and suicide attempts in older clients with severe mental illness,"O'Hare, Thomas; Shen, Ce; Sherrer, Margaret",Social Work in Mental Health,10.1080/15332985.2018.1444694,journal-article,title_and_abstract,True,Empirical,Quantitative,Quantitative,Quantitative,False,False
SWRD:70643,SWRD,2018,Physician-Assisted Suicide and Midwest Social Workers: Where Do They Stand?,"Gaston, N. Rose; Randall, Jill M.; Kiesel, Lisa R.",Journal of Social Work in End-Of-Life & Palliative Care,10.1080/15524256.2018.1433097,journal-article,title_and_abstract,False,Not applicable,Not applicable,Irrelevant,Quantitative,False,False
SWRD:34582,SWRD,2018,Predictors of suicidal ideation among college students: A prospective cohort study,"Nam, Boyoung; Hilimire, Matthew R.; Jahn, Danielle; Lehmann, Meshan; DeVylder, Jordan E.",Social Work in Mental Health,10.1080/15332985.2017.1380742,journal-article,title_and_abstract,True,Empirical,Quantitative,Quantitative,Quantitative,False,False
SWRD:69833,SWRD,2018,Safety Fears Held by Caregivers about Relatives with Psychiatric Disorders,"Labrum, Travis; Solomon, Phyllis",Health & Social Work,10.1093/hsw/hly013,journal-article,title_and_abstract,False,Not applicable,Not applicable,Irrelevant,Quantitative,False,False
SWRD:69776,SWRD,2018,Shadows from the past: The mothering experience of women survivors of maternal suicide,"Leichtentritt, Ronit D.; Leichtentritt, Judy; Shamir, Michal Mahat",Journal of Social Work,10.1177/1468017316656091,journal-article,title_and_abstract,True,Empirical,Qualitative,Qualitative,Qualitative,False,False
SWRD:70072,SWRD,2018,Suicidal Ideation and Suicide Attempts among Women Seeking Treatment for Substance Use and Trauma Symptoms,"Resko, Stella M.; Mountain, Sarah Kruman; Browne, Suzanne; Kondrat, David C.; Kral, Michael",Health & Social Work,10.1093/hsw/hly004,journal-article,title_and_abstract,True,Empirical,Quantitative,Quantitative,Quantitative,False,False
SWRD:70726,SWRD,2018,Suicidality and Other Health Risk Behaviors among Female Youth in Juvenile Detention,"Hatcher, Schnavia Smith; King, Dione Moultrie; Nordberg, Anne; Bryant, Dante; Woolen, Christopher C.",Social Work in Public Health,10.1080/19371918.2017.1415179,journal-article,title_and_abstract,True,Empirical,Quantitative,Quantitative,Quantitative,False,False
SWRD:52450,SWRD,2018,Suicide and the Making of a Public Health Crisis,"Fogel, Sondra J.",Families in Society,10.1177/1044389418790224,journal-article,title_only,True,Non-empirical,Not applicable,Non-empirical,,False,False
SWRD:52451,SWRD,2018,Suicide Attempt Survivorship and Designation as a Concealable Stigmatized Identity,"Fulginiti, Anthony; Frey, Laura M.",Families in Society,10.1177/1044389418781556,journal-article,title_and_abstract,True,Empirical,Qualitative,Qualitative,Qualitative,False,False
SWRD:69694,SWRD,2018,Suicide Intervention Gatekeeper Training: Modeling Mediated Effects on Development and Use of Gatekeeper Behaviors,"Osteen, Philip J.",Research on Social Work Practice,10.1177/1049731516680298,journal-article,title_and_abstract,True,Empirical,Quantitative,Quantitative,Quantitative,False,False
SWRD:81157,SWRD,2018,Survivor of Suicide Loss Support Group Facilitators: Do Peers and Professionals Differ?,Sanford R.; Cerel J.; Frey L.,Social Work with Groups,10.1080/01609513.2017.1351414,journal-article,title_and_abstract,True,Empirical,Quantitative,Quantitative,Quantitative,False,False
SWRD:96305,SWRD,2018,Toxic Masculinity and Mental Health in Young Women: An Analysis of 13 Reasons Why,Jenney A.; Exner-Cortens D.,Social Work,10.1177/0886109918762492,journal-article,title_and_abstract,True,Non-empirical,Not applicable,Non-empirical,,False,False
SWRD:93735,SWRD,2018,Treating Adolescent Nonsuicidal Self-Injury: A Review of Psychosocial Interventions to Guide Clinical Practice,"Flaherty, Hanni B.",Child & Adolescent Social Work Journal,10.1007/s10560-017-0505-5,journal-article,title_and_abstract,False,Not applicable,Not applicable,Irrelevant,Review,False,False
SWRD:70194,SWRD,2018,What Works for Adolescent Black Males at Risk of Suicide: A Review,"Joe, Sean; Scott, Marquisha Lawrence; Banks, Andrae",Research on Social Work Practice,10.1177/1049731517702745,journal-article,title_and_abstract,True,Empirical,Review,Review,,False,False
SWRD:71027,SWRD,2018,Youth Experiences Survey (YES): Exploring the Scope and Complexity of Sex Trafficking in a Sample of Youth Experiencing Homelessness,"Middleton, Jennifer S.; Gattis, Maurice N.; Frey, Laura M.; Roe-Sepowitz, Dominique",Journal of Social Service Research,10.1080/01488376.2018.1428924,journal-article,title_and_abstract,True,Empirical,Quantitative,Quantitative,Quantitative,False,False
SSWR:2019-U-0577,SSWR,2019,A Family-Based Intervention for Suicidal Adolescents and Their Families in the Emergency Department: Results of a Randomized Clinical Trial,Abigail Ross; Elizabeth A. Wharff,SSWR annual conference,,Oral,title_and_abstract,True,Empirical,Quantitative,Quantitative,quantitative,False,False
SSWR:2019-P-0373,SSWR,2019,Adverse Childhood Experience (ACEs) and Mental Health in Young Adulthood,Haenim Lee; Youngmi Kim; Jasmine Terry,SSWR annual conference,,Poster,title_and_abstract,False,Not applicable,Not applicable,Irrelevant,quantitative,False,False
SSWR:2019-U-0118,SSWR,2019,Alcohol and Marijuana Use Predict Suicide Attempts Among Adolescents Prior to Inpatient Hospitalization,Christina M. Sellers; Antonia Diaz-Valdes Iriarte; Addie Wyman Battalen; Kimberly H. McManama O'Brien,SSWR annual conference,,Oral,title_and_abstract,True,Empirical,Quantitative,Quantitative,quantitative,False,False
SSWR:2019-P-0743,SSWR,2019,"Alcohol Involvement in Firearm-Related Suicides Among Young, Middle-Aged and Older Men",Carol A. Leung,SSWR annual conference,,Poster,title_and_abstract,True,Empirical,Quantitative,Quantitative,quantitative,False,False
SSWR:2019-U-0108,SSWR,2019,"Alcohol Use, Marijuana Use, and Suicidal Ideation Among Child Welfare Involved Youth: A Longitudinal Examination",Christina M. Sellers; Antonia Diaz-Valdes Iriarte; Kimberly H. McManama O'Brien,SSWR annual conference,,Oral,title_and_abstract,True,Empirical,Quantitative,Quantitative,quantitative,False,False
SSWR:2019-U-0320,SSWR,2019,An Ecological Systems Analysis of Risk and Protective Factors Related to Bullying Behaviors Among African American Adolescents in Chicago,Jeoung Min Lee; Jun Sung Hong; Stella M. Resko; Antonio Gonzalez-Prendes; Dexter R. Voisin,SSWR annual conference,,Oral,title_and_abstract,False,Not applicable,Not applicable,Irrelevant,quantitative,False,False
SSWR:2019-P-0257,SSWR,2019,An Exploration of Knowledge and Attitudes about Victims or Survivors of Domestic Violence with Mental Health Disability: Perspectives from Domestic Violence Service Providers,Cecilia W. Mengo; Julianna Nemeth; Brieanne Beaujolais,SSWR annual conference,,Poster,title_and_abstract,False,Not applicable,Not applicable,Irrelevant,qualitative,False,True
SSWR:2019-P-0013,SSWR,2019,An Inductive and Deductive Content Analysis of Images of Nonsuicidal Self-Injury: (Dis)Connecting through Social Media,Michael Riquino; Van Nguyen; Sarah Priddy; Jen K. Molloy,SSWR annual conference,,Poster,title_and_abstract,False,Not applicable,Not applicable,Irrelevant,qualitative,False,False
SSWR:2019-U-0707,SSWR,2019,Applied Social Theatre As Participatory Action Research: Experiences of Adolescent Depression,Jason Michael Sawyer,SSWR annual conference,,Oral,title_and_abstract,True,Empirical,Qualitative,Qualitative,qualitative,False,False
SSWR:2019-P-0623,SSWR,2019,Assisted Outpatient Treatment in Los Angeles County: Implications for Involuntary Outpatient Services,Erin L. Kelly; Ryan Dougherty; Charlotte Neary-Bremer; Rachel Ohman; Ronald Calderon; Enrico Castillo; Sarah Starks; Marcia Meldrum; Philippe Bourgois; Joel Braslow,SSWR annual conference,,Poster,title_and_abstract,True,Empirical,Quantitative,Quantitative,mixed_methods,False,False
SSWR:2019-P-0196,SSWR,2019,Association of Adverse Childhood Experiences and Obesity in Emerging Adulthood: Mediating Roles of Self-Esteem and Economic Hardship,Youngmi Kim; Haenim Lee; Aely Park,SSWR annual conference,,Poster,title_and_abstract,False,Not applicable,Not applicable,Irrelevant,quantitative,False,False
SSWR:2019-P-0127,SSWR,2019,Behavioral Health Interventions for LGBTQ+ Youth: A Systematic Review,"Kelsey Reeder, LCSW; Lauren Bochicchio; Hunter Pope; Andre' Ivanoff",SSWR annual conference,,Poster,title_and_abstract,True,Empirical,Review,Review,review,False,False
SSWR:2019-P-0420,SSWR,2019,Changing Characteristics of Individuals Admitted to Residential Treatment for Opioid Use and Mental Health Disorders,Brian E. Bride; Siobhan Morse; Susan M. Snyder,SSWR annual conference,,Poster,title_and_abstract,True,Empirical,Quantitative,Quantitative,quantitative,False,False
SSWR:2019-U-0420,SSWR,2019,Charting Suicide Risk in Latina Adolescents,"Lauren E. Gulbas; Esther Calzada, PhD; Peter S. Hovmand; Carolina M. Hausmann-Stabile; Luis H. Zayas",SSWR annual conference,,Oral,title_and_abstract,True,Empirical,Qualitative,Qualitative,qualitative,False,False
SSWR:2019-U-0419,SSWR,2019,"Child Maltreatment, Discrimination and Suicide: Risk Pathways for Sexual and Gender Minority Youth",Melinda Gushwa; Christina M. Sellers; Jennifer M. Putney; Kimberly H. McManama O'Brien,SSWR annual conference,,Oral,title_and_abstract,True,Empirical,Quantitative,Quantitative,quantitative,False,False
SSWR:2019-P-0520,SSWR,2019,Correlates of Prescription Drug Misuse (PDM) Among Young Adults Experiencing Homelessness in 7 Cities across the United States,Anamika Barman-Adhikari; Hsun-Ta Hsu; Robin Petering; Diane Santa Maria; Kimberly A. Bender; Sarah C. Narendorf; Jama Shelton; Kristin M. Ferguson,SSWR annual conference,,Poster,title_and_abstract,True,Empirical,Quantitative,Quantitative,quantitative,False,False
SSWR:2019-P-0314,SSWR,2019,Covariation Among Adolescent Problem Behaviors: Cross-Country Perspectives,"Ai Bo; James J. Jaccard, PhD",SSWR annual conference,,Poster,title_and_abstract,True,Empirical,Quantitative,Quantitative,quantitative,False,False
SSWR:2019-U-0651,SSWR,2019,Cultural Connection and Mental Health Among Indigenous Peoples in Canada,Andrew Renick; Kevin Shafer,SSWR annual conference,,Oral,title_and_abstract,True,Empirical,Quantitative,Quantitative,quantitative,False,False
SSWR:2019-P-0591,SSWR,2019,Cultural Connection and Physical Health Among Indigenous Peoples in Canada,Andrew Renick,SSWR annual conference,,Poster,title_and_abstract,False,Not applicable,Not applicable,Irrelevant,quantitative,False,False
SSWR:2019-U-0043,SSWR,2019,Cumulative Adversity Profiles Among Youth Experiencing Housing and Parental Care Instability,H.J. Crume; Paula S. Nurius; Christopher M. Fleming,SSWR annual conference,,Oral,title_and_abstract,True,Empirical,Quantitative,Quantitative,quantitative,False,False
SSWR:2019-P-0356,SSWR,2019,Cumulative Social Network Risks and Youth Suicidal Behaviors: The Role of Youth Resilience,Yunyu Xiao; Yichen Zhang,SSWR annual conference,,Poster,title_and_abstract,True,Empirical,Quantitative,Quantitative,quantitative,False,False
SSWR:2019-P-0596,SSWR,2019,Diverse Well-Being Profiles of LGBTQ College Students and Multi-Level Covariates,Michael R. Woodford; Simon Coulombe; Zack Marshall,SSWR annual conference,,Poster,title_and_abstract,True,Empirical,Quantitative,Quantitative,quantitative,False,False
SSWR:2019-U-0687,SSWR,2019,Do You Believe Your Partner Is Capable of Killing You?: An Examination of Factors That IPV Survivors Associate with Fatality Risk,Laura Johnson; Julia Cusano; Kristina Nikolova; Jordan J. Steiner; Judy L. Postmus,SSWR annual conference,,Oral,title_and_abstract,False,Not applicable,Not applicable,Irrelevant,quantitative,False,False
SSWR:2019-O-0026,SSWR,2019,Epidemiology of Mental and Behavioral Health Among Youth in California Alternative Schools,"B.K. Elizabeth Kim; Ron Avi Astor; Rami Benbenishty, PhD",SSWR annual conference,,Oral,title_and_abstract,False,Not applicable,Not applicable,Irrelevant,quantitative,False,False
SSWR:2019-U-0659,SSWR,2019,Evaluating Social Work Training in Evidence Based Practice: The Columbia University DBT Training Program,Andre' Ivanoff; Lauren Bochicchio; Neha Deshmukh,SSWR annual conference,,Oral,title_and_abstract,False,Not applicable,Not applicable,Irrelevant,mixed_methods,False,False
SSWR:2019-U-0389,SSWR,2019,Examining the Effect of Child Development Accounts (CDAs) on Self-Efficacy Among Children and Adolescents Orphaned By HIV/AIDS in Southwestern Uganda,Nabunnya Proscovia; Byansi William; Fred M. Ssewamala; Damulira Christopher,SSWR annual conference,,Oral,title_and_abstract,False,Not applicable,Not applicable,Irrelevant,quantitative,False,False
SSWR:2019-U-0448,SSWR,2019,Examining the Effect of Teen Dating Violence on Suicidal Behaviors Among Adolescents: Findings from the 2015 Youth Risk Behavior Survey,Cecilia W. Mengo; Nibedita Shrestha; Phillip Baiden; Eusebius Small,SSWR annual conference,,Oral,title_and_abstract,True,Empirical,Quantitative,Quantitative,quantitative,False,False
SSWR:2019-U-0692,SSWR,2019,"Examining the Impact of Secondary Exposure to Gun Violence on Mental Health Outcomes, Suicidal Ideation and Psychotic Experiences in Four Urban Settings",Tanya L. Sharpe; Melissa Smith; Joseph Richardson; Rohini Pahwa; Dominique Smith; Jordan E. DeVylder,SSWR annual conference,,Oral,title_and_abstract,True,Empirical,Quantitative,Quantitative,quantitative,False,False
SSWR:2019-P-0460,SSWR,2019,Examining the Relationship between Gender and Suicide in Hispanic Youth: Findings from the National Violent Death Reporting System,Tatiana Villarreal-Otalora; Orion P. Mowbray; Porter Jennings,SSWR annual conference,,Poster,title_and_abstract,True,Empirical,Quantitative,Quantitative,quantitative,False,False
SSWR:2019-P-0167,SSWR,2019,Examining the Usage of Supportive Programs Available to the National Guard,David S. Wood; Aislinn Watson,SSWR annual conference,,Poster,title_and_abstract,True,Empirical,Quantitative,Quantitative,quantitative,False,False
SSWR:2019-U-0686,SSWR,2019,"Exchange Sex, Gender Identity, and Sexual Orientation Among Homeless Youth in Los Angeles",Ankur Srivastava; Joshua A. Rusow; Monique Holguin; Sara Semborski; Eric Rice,SSWR annual conference,,Oral,title_and_abstract,False,Not applicable,Not applicable,Irrelevant,quantitative,False,False
SSWR:2019-U-0206,SSWR,2019,"Exploration of Suicidal Ideation, Motivation, and Lethality of Suicide Plan Among Young Chinese, Korean, and Vietnamese Women",Astraea Augsberger; Alexandra Rivera; Christian Hahm; Yerang Anna Lee; Yoonsun Choi; Hyeouk Chris Hahm,SSWR annual conference,,Oral,title_and_abstract,True,Empirical,Quantitative,Quantitative,mixed_methods,False,False
SSWR:2019-U-0509,SSWR,2019,Exploring Factors That Impact Implementation of Hospital-Based Violence Intervention Programs,Michael A. Mancini,SSWR annual conference,,Oral,title_and_abstract,False,Not applicable,Not applicable,Irrelevant,qualitative,False,False
SSWR:2019-U-0447,SSWR,2019,Factors Associated with Suicide Attempts Among Transgender Patients across Integrated Health Systems,Lucas Prieto; Deirdre A. Shires; Josephine Mak; Michael Goodman,SSWR annual conference,,Oral,title_and_abstract,True,Empirical,Quantitative,Quantitative,quantitative,False,False
SSWR:2019-P-0579,SSWR,2019,Family Resilience and Violence in Families: Identifying Protective and Risk Factors Driving Mental Health Disparities Among U.S. Indigenous Peoples,Catherine E. Burnette; Shamra Boel-Studt; Lynette M. Renner; Katherine P. Theall; Charles R. Figley,SSWR annual conference,,Poster,title_and_abstract,False,Not applicable,Not applicable,Irrelevant,quantitative,False,False
SSWR:2019-U-0192,SSWR,2019,"Finding Escape, Belonging, and Hope Online: A Grounded Theory Study of Transgender Youths' Internet Engagement",Ashley Austin; Shelley L. Craig; Lauren McInroy; Sandra D'Souza,SSWR annual conference,,Oral,title_and_abstract,True,Empirical,Qualitative,Qualitative,qualitative,False,False
SSWR:2019-U-0405,SSWR,2019,Findings from a Statewide Enumeration and Survey of Unaccompanied Homeless Youth,George Jay Unick; Amanda Miller,SSWR annual conference,,Oral,title_and_abstract,False,Not applicable,Not applicable,Irrelevant,quantitative,False,False
SSWR:2019-P-0236,SSWR,2019,Firearm-Related Suicide Among Youth and Young Adults,Mi Jin Choi,SSWR annual conference,,Poster,title_and_abstract,True,Empirical,Quantitative,Quantitative,quantitative,False,False
SSWR:2019-U-0063,SSWR,2019,Gender Based Violence and Suicide in Central Asia: Research Findings and Clinical Recommendations,Shahnaz Savani; Robin E. Gearing,SSWR annual conference,,Oral,title_and_abstract,True,Empirical,Review,Review,review,False,False
SSWR:2019-P-0740,SSWR,2019,Good Family Functioning May Reduce Suicide Ideation Among Suicide Survivors: Analysis of the Moderating Effect of Family Functioning,Ji Eun Kim; In Han Song,SSWR annual conference,,Poster,title_and_abstract,True,Empirical,Quantitative,Quantitative,quantitative,False,False
SSWR:2019-P-0110,SSWR,2019,Have We Been Looking in the Wrong Direction? the Effect of Suicidal Crises on Future Social Connectedness Among Child-Welfare-Engaged Youth,Anthony Fulginiti; Amy He; Sonya Negriff,SSWR annual conference,,Poster,title_and_abstract,True,Empirical,Quantitative,Quantitative,quantitative,False,False
SSWR:2019-P-0001,SSWR,2019,How Coping Strategies Impact Depression in Older Women after Spousal Physical Abuse,Sukyoung Yoon; Sherry Cummings; Bill Nugent,SSWR annual conference,,Poster,title_and_abstract,False,Not applicable,Not applicable,Irrelevant,quantitative,False,False
SSWR:2019-P-0141,SSWR,2019,How Do Opioid-Related Suicides and Homicides Compare over Time: Findings from the National Violent Death Reporting System,Mariam Fatehi; Orion P. Mowbray; Porter Jennings; Jay D. O'Shields,SSWR annual conference,,Poster,title_and_abstract,True,Empirical,Quantitative,Quantitative,quantitative,False,False
SSWR:2019-U-0282,SSWR,2019,"Identity, Support and Gender Equity: An Exploratory Study of Latina Youth and Their Psychosocial Needs",Eugenia L. Weiss; Juan Carlos Araque; Annalisa Enrile; Renee Smith-Maddox,SSWR annual conference,,Oral,title_and_abstract,False,Not applicable,Not applicable,Irrelevant,mixed_methods,False,False
SSWR:2019-U-0323,SSWR,2019,Impact of Negative Parenting on Mental Health Among Asian American Youth,Yoonsun Choi; Mina Lee; Michael Park; Soo Young Lee; Hyeouk Chris Hahm,SSWR annual conference,,Oral,title_and_abstract,True,Empirical,Quantitative,Quantitative,quantitative,False,False
SSWR:2019-P-0335,SSWR,2019,Intimate Partner Violence-Related Deaths in North Carolina: A Descriptive Study Using Data from the Violent Death Reporting System (2011-2015),Shana Geary; Laurie M. Graham; Shabbar Ranapurwala; Kathryn E. Moracco; Rebecca J. Macy; Scott Proescholdbell,SSWR annual conference,,Poster,title_and_abstract,True,Empirical,Quantitative,Quantitative,quantitative,False,False
SSWR:2019-U-0751,SSWR,2019,"Intimate Violence and Suicide Attempt Among Lesbian, Gay, Bisexual, and Questioning Adolescents in the United States",Joshua A. Rusow; Sapna J. Mendon; Ankur Srivastava,SSWR annual conference,,Oral,title_and_abstract,True,Empirical,Quantitative,Quantitative,quantitative,False,False
SSWR:2019-P-0415,SSWR,2019,Is There a Need for LGBT-Specific Suicide Crisis Services?,Daniel Green; Jeremy Goldbach; Harmony Rhoades,SSWR annual conference,,Poster,title_and_abstract,True,Empirical,Quantitative,Quantitative,mixed_methods,False,False
SSWR:2019-P-0749,SSWR,2019,Making Sense of Emotional Abuse within Asian Parent-Child Relationships: A Qualitative Study of Asian American Women with Immigrant Parents,Mihoko Maru; Hyeouk Chris Hahm,SSWR annual conference,,Poster,title_and_abstract,True,Empirical,Qualitative,Qualitative,qualitative,False,False
SSWR:2019-U-0500,SSWR,2019,"Maladaptive Copings Behaviors, Self-Compassion, and Suicide Ideation in Black College Students",Janelle R. Goodwill; Daphne C. Watkins,SSWR annual conference,,Oral,title_and_abstract,True,Empirical,Quantitative,Quantitative,quantitative,False,False
SSWR:2019-U-0064,SSWR,2019,Mental Health Correlates of Police Violence Exposure in Baltimore and New York City,Jordan E. DeVylder; Hyun-Jin Jun; Lisa Fedina; Richard P. Barth,SSWR annual conference,,Oral,title_and_abstract,True,Empirical,Quantitative,Quantitative,quantitative,False,False
SSWR:2019-P-0084,SSWR,2019,Mental Health Difficulties of Incarcerated Women: Using Latent Class Analysis to Promote Tailored Interventions,Rachel Casey; Kia J. Bentley; Shelby Elaine McDonald,SSWR annual conference,,Poster,title_and_abstract,False,Not applicable,Not applicable,Irrelevant,quantitative,False,False
SSWR:2019-U-0618,SSWR,2019,Minority Stress Among Active Duty LGBT Service Members,Jeremy Goldbach; Carl A. Castro; Ian W. Holloway,SSWR annual conference,,Oral,title_and_abstract,False,Not applicable,Not applicable,Irrelevant,mixed_methods,False,False
SSWR:2019-P-0625,SSWR,2019,Minority Stress and Health: Implications for Cisgender and Gender Non-Conforming Sexual Minority Youth Accessing Crisis Services,Ankur Srivastava; Joshua A. Rusow; Daniel Green; Harmony Rhoades; Jeremy Goldbach,SSWR annual conference,,Poster,title_and_abstract,True,Empirical,Quantitative,Quantitative,quantitative,False,False
SSWR:2019-O-0020,SSWR,2019,Moral Panics Regarding Transgender Inclusive Public Facilities: Exploring Anti-Transgender Bias in Public Policy,Jason D. P. Bird,SSWR annual conference,,Oral,title_and_abstract,False,Not applicable,Not applicable,Irrelevant,qualitative,False,False
SSWR:2019-P-0527,SSWR,2019,"Not Born a Refugee: An Arts-Based Inquiry of Intersectional Experiences of Young Bhutanese Refugee Women on Identity, Community & Well-Being",Rebecca Phillips; Arati Maleku; Njeri Kagotho; Binaya Subedi,SSWR annual conference,,Poster,title_and_abstract,False,Not applicable,Not applicable,Irrelevant,qualitative,False,False
SSWR:2019-P-0099,SSWR,2019,"Older Women Who Died By Suicide: Suicide Means, Sociodemographic and Psychiatric Risk Factors, and Other Precipitating Circumstances",Diana M. DiNitto; Namkee G. Choi,SSWR annual conference,,Poster,title_and_abstract,True,Empirical,Quantitative,Quantitative,quantitative,False,False
SSWR:2019-U-0561,SSWR,2019,Pathways from Childhood Adversities to Substance Use Disorder Among Older Adults,"Youngmi Kim; Kyeongmo Kim, PhD; Karen Grube Chartier; Traci Wike; Shelby Elaine McDonald",SSWR annual conference,,Oral,title_and_abstract,False,Not applicable,Not applicable,Irrelevant,quantitative,False,False
SSWR:2019-P-0304,SSWR,2019,"Peer Victimization, Internalizing Problems, and Substance Use in Urban African American Adolescents in Chicago: The Relevance of the Self-Medication Hypothesis",Jun Sung Hong; Yi-Ping Hsieh; Kelly Valencik; Ryan Russ; Dexter R. Voisin,SSWR annual conference,,Poster,title_and_abstract,False,Not applicable,Not applicable,Irrelevant,quantitative,False,False
SSWR:2019-P-0385,SSWR,2019,Promising School-Based Interventions for Sexual and Gender Minority Youth Wellbeing: A Meta-Analysis,Colleen M. Fisher; Megan S. Paceley; Megan Gandy-Guedes; Scott Marsalis; Emily Dacquisto; Kyle Nickodem; Danielle Dupuis,SSWR annual conference,,Poster,title_and_abstract,True,Empirical,Review,Review,review,False,False
SSWR:2019-P-0639,SSWR,2019,Psychiatric Emergency Department Readmissions Among Asian and Pacific Islander Subgroups,George Jay Unick; Tetine Sentell; Jill Miyamura; Martha Shumway,SSWR annual conference,,Poster,title_and_abstract,False,Not applicable,Not applicable,Irrelevant,quantitative,False,False
SSWR:2019-U-0297,SSWR,2019,Religion and Suicide: Mental Health Assessment and Treatment Practice Implications,Robin E. Gearing; Dana Alonzo,SSWR annual conference,,Oral,title_and_abstract,True,Empirical,Review,Review,review,False,False
SSWR:2019-U-0104,SSWR,2019,Responses to Patients' Positive Screen for Past-Year Intimate Partner Violence: What Happens in the Health Care Setting?,Melissa E. Dichter; Anneliese Sorrentino; Terri Haywood,SSWR annual conference,,Oral,title_and_abstract,False,Not applicable,Not applicable,Irrelevant,quantitative,False,False
SSWR:2019-P-0083,SSWR,2019,Risk Factors of Intimate Partner Violence (IPV) Related Suicide,Abha Rai; Y. Joon Choi; Orion P. Mowbray,SSWR annual conference,,Poster,title_and_abstract,True,Empirical,Quantitative,Quantitative,quantitative,False,False
SSWR:2019-P-0635,SSWR,2019,Social Work's Role in the Mental Health of Black Boys,Ed-Dee Williams; Daphne C. Watkins; Jamie A. Mitchell,SSWR annual conference,,Poster,title_and_abstract,False,Not applicable,Not applicable,Irrelevant,review,False,False
SSWR:2019-P-0666,SSWR,2019,Structural Factors Associated with Suicide Attempts Among LGBTQ Youth Contacting Crisis Services,Harmony Rhoades; Joshua A. Rusow; Jeremy Goldbach,SSWR annual conference,,Poster,title_and_abstract,True,Empirical,Quantitative,Quantitative,quantitative,False,False
SSWR:2019-P-0130,SSWR,2019,Substance Use Related Deaths Among Racial/Ethnic Groups in the United States: Findings from the National Violent Death Reporting System,Orion P. Mowbray; Porter Jennings; Oluwayomi Busari; Jay D. O'Shields,SSWR annual conference,,Poster,title_and_abstract,True,Empirical,Quantitative,Quantitative,quantitative,False,False
SSWR:2019-P-0372,SSWR,2019,Subtypes of Depressive Symptoms and Their Relationship to Suicide Ideation Among Korean Older Adults,Hyunyong Park,SSWR annual conference,,Poster,title_and_abstract,True,Empirical,Quantitative,Quantitative,quantitative,False,False
SSWR:2019-O-0019,SSWR,2019,Suicidal Behaviors in Prisons: Exploring Racial and Gender Differences in Behaviors and Health Care Disparities in Prison Responses,Gina Fedock; Rachel Garthe; Deborah Bybee,SSWR annual conference,,Oral,title_and_abstract,True,Empirical,Quantitative,Quantitative,quantitative,False,False
SSWR:2019-U-0038,SSWR,2019,"Suicidal Ideation Among Alternative High School Students: The Impact of Student Demographics, External Stressors, and School Experience",Hannah Szlyk,SSWR annual conference,,Oral,title_and_abstract,True,Empirical,Quantitative,Quantitative,quantitative,False,False
SSWR:2019-U-0653,SSWR,2019,Suicide Among Older Adults in Mexico: Identification of the Critical Role of Perceived Isolation,David Camacho; Carolina Velez-Grau; Susan S. Witte,SSWR annual conference,,Oral,title_and_abstract,True,Empirical,Quantitative,Quantitative,quantitative,False,False
SSWR:2019-U-0095,SSWR,2019,Suicide Attempt Survivors' Perceptions of Inpatient Psychiatric Care,Jillian Shih; Christina M. Sellers; Kimberly H. McManama O'Brien,SSWR annual conference,,Oral,title_and_abstract,True,Empirical,Qualitative,Qualitative,qualitative,False,False
SSWR:2019-P-0502,SSWR,2019,Suicide in South Asian Americans: An Emerging Public Health Problem,Aruna Jha; Manik Ahuja; Rajvi Wani; Shilpa Bavikatte,SSWR annual conference,,Poster,title_and_abstract,True,Empirical,Qualitative,Qualitative,qualitative,False,False
SSWR:2019-U-0547,SSWR,2019,Surviving Stigma: Transgender Adults and Suicide Exposure,Annie Snow; Julie Cerel; Victoria Rodriguez-Roldan; Nina Chaubal; Greta Martela,SSWR annual conference,,Oral,title_and_abstract,True,Empirical,Quantitative,Quantitative,quantitative,False,False
SSWR:2019-P-0581,SSWR,2019,"Talking Circles on Suicide Among American Indians and Alaska Native Youth Reveal Help-Seeking Strategies, Barriers and Need for Intergenerational Engagement",Celina Doria; Sandra L. Momper,SSWR annual conference,,Poster,title_and_abstract,True,Empirical,Quantitative,Quantitative,mixed_methods,False,False
SSWR:2019-P-0213,SSWR,2019,The Association of Childhood Polyvictimization with Physical and Mental Health Status in Early Adulthood: A Retrospective Study,Yusun Cho; Ahyoung Song; Sejeong Cheong,SSWR annual conference,,Poster,title_and_abstract,True,Empirical,Quantitative,Quantitative,quantitative,False,False
SSWR:2019-P-0101,SSWR,2019,"The Effects of Intergenerational Conflict, School Quality, and Racial Discrimination on Depressive Symptoms Among Mexican-American Youths",Meekyung Han,SSWR annual conference,,Poster,title_and_abstract,False,Not applicable,Not applicable,Irrelevant,quantitative,False,False
SSWR:2019-P-0684,SSWR,2019,The Impact of Mental Health Treatment Services on Individuals with Mental Illness Who Have Multiple Encounters with Law Enforcement,Tamarie Willis; Erin Comartin; Sheryl Pimlott Kubiak,SSWR annual conference,,Poster,title_and_abstract,False,Not applicable,Not applicable,Irrelevant,quantitative,False,False
SSWR:2019-P-0549,SSWR,2019,The Relationship of Weapn Carrying and Bullying to Adolescent Suicide,Michelle Oliver; Tamara Cadet,SSWR annual conference,,Poster,title_and_abstract,True,Empirical,Quantitative,Quantitative,quantitative,False,False
SSWR:2019-U-0272,SSWR,2019,The Return Journey: The Role of Group Counseling in Solving Family-of-Origin Issue in Chinese Culture,Renhui Lyu,SSWR annual conference,,Oral,title_and_abstract,False,Not applicable,Not applicable,Irrelevant,qualitative,False,False
SSWR:2019-P-0011,SSWR,2019,The Role of Social Work Education in Addressing Self-Harm: A Qualitative Analysis of Social Work Student Experiences,Michael Riquino; Sarah Priddy; Van Nguyen; Jen K. Molloy,SSWR annual conference,,Poster,title_and_abstract,True,Empirical,Qualitative,Qualitative,qualitative,False,False
SSWR:2019-U-0116,SSWR,2019,"Trauma, Sleep, and Mental Health Problems in Low-Income Young Adults",Rachel A. Fusco; Yan Yuan; Hyunji Lee; Christina E. Newhill,SSWR annual conference,,Oral,title_and_abstract,False,Not applicable,Not applicable,Irrelevant,quantitative,False,False
SSWR:2019-P-0416,SSWR,2019,Treatment Approaches to Reduce Shame: A Systematic Review,Jacob Goffnett; Janet M. Liechty; Emma Kidder,SSWR annual conference,,Poster,title_and_abstract,False,Not applicable,Not applicable,Irrelevant,review,False,False
SSWR:2019-P-0032,SSWR,2019,"Under the Radar: Exploring Support for Lesbian, Gay, Bisexual, Transgender, Queer and Questioning (LGBTQ) Young People Transitioning from Foster Care to Emerging Adulthood",June Paul,SSWR annual conference,,Poster,title_and_abstract,False,Not applicable,Not applicable,Irrelevant,qualitative,False,False
SSWR:2019-P-0178,SSWR,2019,Utilizing Standardized Actors to Measure Clinical Skills in Social Work Education Research,Sara Ozuna; Hazel Atuel; Sarah Kintzle,SSWR annual conference,,Poster,title_and_abstract,True,Empirical,Quantitative,Quantitative,quantitative,False,False
SSWR:2019-P-0450,SSWR,2019,Veterans' Voices: A Qualitative Study on Veteran Theories of Suicide,Eric R. Hardiman; Amanda Matteson; Natalie Turner,SSWR annual conference,,Poster,title_and_abstract,True,Empirical,Qualitative,Qualitative,qualitative,False,False
SSWR:2019-U-0746,SSWR,2019,Violent Loss and Meaning Reconstruction Among Black Adolescent Males,Patricia M. Bamwine; Alison Culyba; Elizabeth Miller,SSWR annual conference,,Oral,title_and_abstract,False,Not applicable,Not applicable,Irrelevant,qualitative,False,False
SSWR:2019-X-0010,SSWR,2019,We Just Don't Talk about It: Alcohol and Other Drug and HIV Needs Assessment in Urban Mexican American Indian Communities,Ramona Beltran; Antonia R.G. Alvarez; Angela Fernandez,SSWR annual conference,,Oral,title_and_abstract,False,Not applicable,Not applicable,Irrelevant,quantitative,False,False
SSWR:2019-P-0253,SSWR,2019,We Need to Talk: A Multilevel Theory-Informed Examination of Suicide-Related Disclosure in Social Networks,Anthony Fulginiti,SSWR annual conference,,Poster,title_and_abstract,True,Empirical,Quantitative,Quantitative,quantitative,False,False
SSWR:2019-O-0022,SSWR,2019,What Factors Differentiate Suicide Attempt from Suicidal Ideation? Results from North Korean Refugee Women in South Korea,Boyoung Nam; Jae Yop Kim,SSWR annual conference,,Oral,title_and_abstract,True,Empirical,Quantitative,Quantitative,quantitative,False,False
SSWR:2019-P-0298,SSWR,2019,Who Ya Gonna Call: Differences in Help-Seeking Behaviors Among Hope Squad Schools and Non-Hope Squad Schools,David S. Wood; Ashley Mendoza; Jessica Meyers,SSWR annual conference,,Poster,title_and_abstract,True,Empirical,Quantitative,Quantitative,quantitative,False,False
SWRD:68355,SWRD,2019,"""You're not alone"": the use of peer support groups for fraud victims","Cross, Cassandra",Journal of Human Behavior in the Social Environment,10.1080/10911359.2019.1590279,journal-article,title_and_abstract,False,Not applicable,Not applicable,Irrelevant,Qualitative,False,False
SWRD:68126,SWRD,2019,A Culturally Informed Systematic Review of Mental Health Disparities Among Adult Indigenous Men and Women of the USA: What is known?,"Ka'apu, Kristi; Burnette, Catherine E.",British Journal of Social Work,10.1093/bjsw/bcz009,journal-article,title_and_abstract,True,Empirical,Review,Review,Quantitative,False,False
SWRD:67953,SWRD,2019,A Sibling Suicide: One Sister's Ethical Dilemma,"Rubin, Emily",Journal of Social Work in End-Of-Life & Palliative Care,10.1080/15524256.2019.1629375,journal-article,title_only,True,Non-empirical,Not applicable,Non-empirical,,False,False
SWRD:68125,SWRD,2019,"An Affirmative Mindfulness Approach for Lesbian, Gay, Bisexual, Transgender, and Queer Youth Mental Health","Iacono, Gio",Clinical Social Work Journal,10.1007/s10615-018-0656-7,journal-article,title_and_abstract,False,Not applicable,Not applicable,Irrelevant,,False,False
SWRD:69364,SWRD,2019,An Evaluation of the Counseling on Access to Lethal Means (CALM) Training with an Area Agency on Aging,"Slovak, Karen; Pope, Natalie; Giger, Jarod; Kheibari, Athena",Journal of Gerontological Social Work,10.1080/01634372.2018.1522410,journal-article,title_and_abstract,True,Empirical,Quantitative,Quantitative,Mixed-Methods,False,False
SWRD:67370,SWRD,2019,An mHealth Approach to Extend a Brief Intervention for Adolescent Alcohol Use and Suicidal Behavior: Qualitative Analyses of Adolescent and Parent Feedback,"O'Brien, Kimberly H. McManama; Battalen, Adeline Wyman; Sellers, Christina M.; Spirito, Anthony; Yen, Shirley; Maneta, Eleni; Ryan, Colleen A.; Braciszewski, Jordan M.",Journal of Technology in Human Services,10.1080/15228835.2018.1561347,journal-article,title_and_abstract,True,Empirical,Qualitative,Qualitative,Qualitative,False,False
SWRD:67207,SWRD,2019,Clinical Interventions to Reduce Suicidal Behaviors in Hispanic Adolescents: A Scoping Review,"Villarreal-Otalora, Tatiana; Jennings, Porter; Mowbray, Orion",Research on Social Work Practice,10.1177/1049731519832100,journal-article,title_and_abstract,True,Empirical,Review,Review,Review,False,False
SWRD:69134,SWRD,2019,Cyberbullying and health: A preliminary investigation of the experiences of Canadian gay and bisexual adult men,"Lam, Simon; Ferlatte, Olivier; Salway, Travis",Sexual and Gender Diversity in Social Services,10.1080/10538720.2019.1596860,journal-article,title_and_abstract,True,Empirical,Quantitative,Quantitative,Quantitative,False,False
SWRD:110670,SWRD,2019,Decreasing Suicide Risk for LGBTQ Students Utilizing the Connect Center Approach: Applying Bronfenbrenner's Ecological Model of Social Work in a School District,"Wofford, Nichole C; Wofford, Nichole C.; Pollack, Shoshana; Anonymous; Mensah, Maria Nengeh; Fernandez Garcia, Alejandra; Garcia, Alejandra Fernandez; Anonymous; Hendrix, Chanise; Hendrix, Chanise; Delarosa, Elizabeth; Savoie, Lise; Tavianini, Theresa; George, Purnima; Tavianini, Theresa; Lanteigne, Isabel; Ellsworth, Shannon; Ellsworth, Shannon; Wagner, Anne; Saini, Michael; Torres, Elizabeth; Torres, Elizabeth; Davis, Joan MacKenzie; Anonymous; Lizarraga, Ruben; Lizarraga, Ruben; Baines, Donna; Profitt, Norma Jean; Reyes-Bonds, Maria; Reyes-Bonds, Maria; Moffat, Ken; Mitchell, Andrew",School Social Work Journal,,Journal Article,title_and_abstract,True,Non-empirical,Not applicable,Non-empirical,,False,False
SWRD:114707,SWRD,2019,Depression Education As Primary Prevention,Michael Kelly; Heather Freed; Peggy Kubert; Sarah Greibler,Advances in Social Work,dc/ed5d3eebe8,fetch_failed,title_and_abstract,False,Not applicable,Not applicable,Irrelevant,Quantitative,False,False
SWRD:68934,SWRD,2019,"Depression, Loneliness, and Suicide Risk among Latino College Students: A Test of a Psychosocial Interaction Model","Chang, Edward C.; Chang, Olivia D.; Lucas, Abigael G.; Li, Mingqi; Beavan, Collin B.; Eisner, Rachel S.; McManamon, Brianna M.; Rodriguez, Natalie S.; Katamanin, Olivia M.; Bourke, Eliza C.; de la Fuente, Amaia; Cardenoso, Olga; Wu, Kaidi; Yu, Elizabeth A.; Jeglic, Elizabeth L.; Hirsch, Jameson K.",Social Work,10.1093/sw/swy052,journal-article,title_and_abstract,True,Empirical,Quantitative,Quantitative,Quantitative,False,False
SWRD:67559,SWRD,2019,Does a Co-Resident Grandparent Matter? Characteristics of Maltreatment-Related Investigations Involving Lone-Parent Families,"Attar-Schwartz, Shalhevet; Filippelli, Joanne; Fallon, Barbara",British Journal of Social Work,10.1093/bjsw/bcz061,journal-article,title_and_abstract,True,Empirical,Quantitative,Quantitative,Quantitative,False,False
SWRD:120130,SWRD,2019,Durkheim’s Greatest Blunder,"Marson, Stephen M; Marson, Stephen M; Lillis, J. Porter; Lillis, J. Porter",The Journal of Sociology & Social Welfare,oai:scholarworks.wmich.edu:jssw-4182,fetch_failed,title_and_abstract,True,Non-empirical,Not applicable,Non-empirical,,False,False
SWRD:100562,SWRD,2019,Effects of intimate partner violence among Seventh-Day Adventist church attendees,Basham; Drumm; Kathryn; René; Popescu; Marciana; Kersting; Robert,Critical Social Work,10.22329/csw.v10i1.5805,journal-article,title_and_abstract,True,Empirical,Quantitative,Quantitative,Quantitative,False,False
SWRD:69143,SWRD,2019,Evidence-Based Suicide Prevention: Collective Impact of Engagement with Community Stakeholders,"Law, Yik Wa; Yeung, Tsz Long; Ip, Flora Wai Lam; Yip, Paul Siu Fai",Journal of Evidence-Based Social Work,10.1080/23761407.2019.1578318,journal-article,title_and_abstract,True,Non-empirical,Not applicable,Non-empirical,Quantitative,False,False
SWRD:67895,SWRD,2019,Examining the Association between Weapon Carrying on School Property and Suicide Attempt among Adolescents in the United States,"Baiden, Philip; Tadeo, Savarra K.; Graaf, Genevieve; Respress, Brandon N.",Social Work in Public Health,10.1080/19371918.2019.1635945,journal-article,title_and_abstract,True,Empirical,Quantitative,Quantitative,Quantitative,False,False
SWRD:69405,SWRD,2019,Experiences of student veterans with social anxiety and avoidance: A qualitative study,"Trahan, Mark H.; Ausbrooks, Angela R.; Smith, Kenneth S.; Metsis, Vangelis; Berek, Abigail; Trahan, Lisa H.; Selber, Katherine",Social Work in Mental Health,10.1080/15332985.2018.1522607,journal-article,title_and_abstract,False,Not applicable,Not applicable,Irrelevant,Qualitative,False,False
SWRD:100649,SWRD,2019,Exploring Dance/Movement Therapy to Treat Women with Posttraumatic Stress Disorder,Levine; Cassandra E.; Brooklyn; Curry; Natalie Diane; Land; Laura; Helen M.; Lizano; Ginette; Erica L.; Carbonell,Critical Social Work,10.22329/csw.v16i1.5915,journal-article,title_and_abstract,False,Not applicable,Not applicable,Irrelevant,Qualitative,False,False
SWRD:69457,SWRD,2019,Factors Protecting against Suicidal Ideation in South Korean Community-Dwelling Older Adults: A Systematic Literature Review,"Yoon, Sukyung; Cummings, Sherry",Journal of Gerontological Social Work,10.1080/01634372.2018.1557310,journal-article,title_and_abstract,True,Empirical,Review,Review,Review,False,False
SWRD:107676,SWRD,2019,Family acceptance and faith: Understanding the acceptance processes of parents of LGBTQ youth.,"McCormick, Adam; McCormick, Adam; Baldridge, Stephen; Baldridge, Stephen",Journal of Technology in Human Services,,,title_and_abstract,True,Non-empirical,Not applicable,Non-empirical,,False,False
SWRD:68876,SWRD,2019,How does discharge status impact suicide risk in military veterans?,"Barr, Nicholas; Kintzle, Sara; Alday, Eva; Castro, Carl",Social Work in Mental Health,10.1080/15332985.2018.1503214,journal-article,title_and_abstract,True,Empirical,Quantitative,Quantitative,Quantitative,False,False
SWRD:121262,SWRD,2019,How much is enough? Suicide training for MSW students,Aisling Del Quest; Aisling Del Quest; Randall Nedegaard; Randall Nedegaard; Caitlin Koch; Caitlin Koch,Journal of Social Work Education and Practice,,Journal Article,title_and_abstract,True,Empirical,Quantitative,Quantitative,Mixed-Methods,False,False
SWRD:69352,SWRD,2019,Impact of client suicide on social workers and counselors,"Sherba, R. Thomas; Linley, Jessica, V; Coxe, Kathryn A.; Gersper, Beth E.",Social Work in Mental Health,10.1080/15332985.2018.1550028,journal-article,title_and_abstract,True,Empirical,Quantitative,Quantitative,Mixed-Methods,False,False
SWRD:69131,SWRD,2019,Impact of Social Service Expenditures on the Suicide Rate: The Cases of Asia Countries,"Kyonne, Jinman",Journal of Social Service Research,10.1080/01488376.2018.1479333,journal-article,title_and_abstract,True,Empirical,Quantitative,Quantitative,Quantitative,False,False
SWRD:67563,SWRD,2019,Improving pediatricians' knowledge and skills in suicide prevention: Opportunities for social work,"Behrman, Gary U.; Secrest, Scott; Ballew, Paula; Matthieu, Monica M.; Glowinski, Anne L.; Scherrer, Jeffrey F.",Qualitative Social Work,10.1177/1473325018771727,journal-article,title_and_abstract,True,Empirical,Qualitative,Qualitative,Qualitative,False,False
SWRD:68421,SWRD,2019,Incorporating Demoralization into Social Work Practice,"Briggs, Lynne; Fronek, Patricia",Social Work,10.1093/sw/swz001,journal-article,title_and_abstract,False,Not applicable,Not applicable,Irrelevant,,False,False
SWRD:67814,SWRD,2019,Integrating Interprofessional Education into Suicide Prevention Training: Results from A Pilot Evaluation,"Cramer, Robert J.; La Guardia, Amanda C.; Wright-Berryman, Jennifer; Long, Molly M.; Tufts, Kimberly Adams",Social Work in Public Health,10.1080/19371918.2019.1635950,journal-article,title_and_abstract,True,Empirical,Quantitative,Quantitative,Quantitative,False,False
SWRD:100340,SWRD,2019,LGBTQI-Identifying Members of the Middle Eastern-American Community,Baitoo; C. S.; Nicholas; Clark,Columbia Social Work Review,10.7916/cswr.v15i1.1851,fetch_failed,title_and_abstract,False,Not applicable,Not applicable,Irrelevant,,False,False
SWRD:68442,SWRD,2019,Perfectionism and Social Problem Solving as Predictors of Nonsuicidal Self-Injury in Ethnoracially Diverse College Students: Findings Controlling for Concomitant Suicide Risk,"Lucas, Abigael G.; Chang, Edward C.; Li, Mingqi; Chang, Olivia D.; Hirsch, Jameson K.",Social Work,10.1093/sw/swz005,journal-article,title_and_abstract,False,Not applicable,Not applicable,Irrelevant,Quantitative,False,False
SWRD:100411,SWRD,2019,Poverty and Mental Health in the American Indian Community,Sealey; Lovato; Larkin; Kristina; Pasko; Lisa; Braedley; Choi,Columbia Social Work Review,10.7916/cswr.v6i1.1980,fetch_failed,title_and_abstract,False,Not applicable,Not applicable,Irrelevant,,False,False
SWRD:69005,SWRD,2019,"Professionally Moderated, Psychoeducational, Web-Based Support for Women Living with HIV: An Exploratory Study","Ghabrial, Monica A.; Classen, Catherine C.; Maggi, Julie D.",Journal of HIV-AIDS & Social Services,10.1080/15381501.2018.1530628,journal-article,title_and_abstract,False,Not applicable,Not applicable,Irrelevant,Qualitative,False,False
SWRD:67418,SWRD,2019,"Relational Treatment Program for Suicidal Adolescents and Their Families ""Life Is Calling""","Olafsdottir, Hrefna",Research on Social Work Practice,10.1177/1049731518813670,journal-article,title_and_abstract,True,Empirical,Quantitative,Quantitative,Quantitative,False,False
SWRD:69389,SWRD,2019,Sleep disturbances and suicide-New battles for veterans of U.S. wars in Afghanistan and Iraq: A retrospective review,"Sullivan-Tibbs, Michael A.; Thompson, Phyllis; Nugent, William; Baker, Jennifer",Social Work in Mental Health,10.1080/15332985.2018.1525781,journal-article,title_and_abstract,True,Empirical,Quantitative,Quantitative,Quantitative,False,False
SWRD:114651,SWRD,2019,Social Work Practice and Gun Safety in the United States,Patricia Logan-Greene; Michelle Sperlich; Adair Finucane,Advances in Social Work,dc/cd68186168,fetch_failed,title_and_abstract,True,Non-empirical,Not applicable,Non-empirical,,False,False
SWRD:100360,SWRD,2019,Stepping Out of the Shadows: Non-Suicidal Self-Injury as Its Own Diagnostic Category,Cohen; Sandra.; Lindsay; Croxton; Cleora. S.; Tom A.,Columbia Social Work Review,10.7916/cswr.v12i1.1876,fetch_failed,title_and_abstract,False,Not applicable,Not applicable,Irrelevant,,False,False
SWRD:68942,SWRD,2019,Suicidal Thoughts and Behaviors in Children of Immigrants: The Experience of Korean-American Women,"Chung, Saras; Lesorogol, Carolyn",Journal of Ethnic & Cultural Diversity in Social Work,10.1080/15313204.2016.1241974,journal-article,title_and_abstract,True,Empirical,Qualitative,Qualitative,Qualitative,False,False
SWRD:67830,SWRD,2019,Suicidality among homeless people: Testing the mediating effects of self-efficacy and depression,"Kim, Yi Jin; Boyas, Javier F.; Lee, Kyoung Hag; Jun, Jung Sim",Journal of Human Behavior in the Social Environment,10.1080/10911359.2019.1639579,journal-article,title_and_abstract,True,Empirical,Quantitative,Quantitative,Quantitative,False,False
SWRD:100382,SWRD,2019,"Suicide and Soul Wound: Stress, Coping, and Culture in the American Indian and Alaska Native Youth Context",Zimiles; Anne Currin; Eleni; Audrey Olsen,Columbia Social Work Review,10.7916/cswr.v11i1.1932,fetch_failed,title_and_abstract,True,Non-empirical,Not applicable,Non-empirical,,False,False
SWRD:89134,SWRD,2019,Suicide Concern Reporting among Utah Youths Served by a School-Based Peer-to-Peer Prevention Program,"Wright-Berryman, Jennifer; Hudnall, Greg; Bledsoe, Cathy; Lloyd, Mary",Children & Schools,10.1093/cs/cdy026,journal-article,title_and_abstract,True,Empirical,Quantitative,Quantitative,Quantitative,False,False
SWRD:68153,SWRD,2019,Suicide in US Women Veterans: An Interpersonal Theory Perspective on Suicide Prevention Policies,"Schuman, Donna L.; Cerel, Julie; Praetorius, Regina T.",Social Work in Public Health,10.1080/19371918.2019.1616028,journal-article,title_and_abstract,True,Non-empirical,Not applicable,Non-empirical,,False,False
SWRD:68977,SWRD,2019,Suicidology: A comprehensive biopsychosocial perspective,"Farkas, Kathleen J.",Journal of Social Work Practice in the Addictions,10.1080/1533256x.2019.1637233,journal-article,title_only,True,Non-empirical,Not applicable,Non-empirical,,False,False
SWRD:67172,SWRD,2019,The Association between Firearm Control Policies and Firearm Suicide among Men: A State-Level Age-Stratified Analysis,"Leung, Carol; Kaplan, Mark S.; Xuan, Ziming",Health & Social Work,10.1093/hsw/hlz028,journal-article,title_and_abstract,True,Empirical,Quantitative,Quantitative,Quantitative,False,False
SWRD:68114,SWRD,2019,"The Framework of Historical Oppression, Resilience and Transcendence to Understand Disparities in Depression Amongst Indigenous Peoples","Burnette, Catherine E.; Renner, Lynette M.; Figley, Charles R.",British Journal of Social Work,10.1093/bjsw/bcz041,journal-article,title_and_abstract,False,Not applicable,Not applicable,Irrelevant,Quantitative,False,False
SWRD:67165,SWRD,2019,The Hidden Epidemic of Firearm Suicide in the United States: Challenges and Opportunities,"Kaplan, Mark S.; Mueller-Williams, Amelia Cromwell",Health & Social Work,10.1093/hsw/hlz029,journal-article,title_only,True,Non-empirical,Not applicable,Non-empirical,,False,False
SWRD:100377,SWRD,2019,The Role of Social Workers in the End-of-Life Debate,Zaleski; Norman; Jennifer,Columbia Social Work Review,10.7916/cswr.v5i1.1916,fetch_failed,title_and_abstract,False,Not applicable,Not applicable,Irrelevant,,False,False
SWRD:97232,SWRD,2019,Two-dimensional mental health and related predictors among adolescents in Korea,Yoo C.; Kahng S.,"Studies in Clinical Social Work: Transforming Practice, Education and Research",10.1111/aswp.12157,journal-article,title_and_abstract,False,Not applicable,Not applicable,Irrelevant,Quantitative,False,False
SWRD:94486,SWRD,2019,Young Adolescents' Help Seeking Behaviors and Attitudes: An Examination of an Underserved Community,"De Luca, Susan M.; Lim, Jessica; Yan Yueqi",Child & Adolescent Social Work Journal,10.1007/s10560-019-00604-z,journal-article,title_and_abstract,False,Not applicable,Not applicable,Irrelevant,Quantitative,False,False
SSWR:2020-U-0016,SSWR,2020,"(Ir)Reconcilable Identities: Stories of Religion and Faith for Sexual and Gender Minority Refugees Who Fled from the Middle East, North Africa, and Asia to the European Union",Brett Greenfield; Edward J. Alessi; Sarilee Kahn,SSWR annual conference,,Oral,title_and_abstract,True,Empirical,Qualitative,Qualitative,qualitative,False,False
SSWR:2020-P-0158,SSWR,2020,A Latent Class Analysis of Child and Adolescent Risk Factors and Relationship to Utilization and Treatment Outcomes,Laura Maggiulli; Joan Aiello,SSWR annual conference,,Poster,title_and_abstract,False,Not applicable,Not applicable,Irrelevant,quantitative,False,False
SSWR:2020-P-0268,SSWR,2020,A Retrospective Case Control Study of Youth Suicide and Child Welfare Involvement,Lindsey Palmer,SSWR annual conference,,Poster,title_and_abstract,True,Empirical,Quantitative,Quantitative,quantitative,False,False
SSWR:2020-U-0608,SSWR,2020,A Systematic Review of Mental Health Interventions in Rural High Schools,Laura Hopson; Catherine Carlson; Blake Berryhill,SSWR annual conference,,Oral,title_and_abstract,False,Not applicable,Not applicable,Irrelevant,review,False,False
SSWR:2020-U-0452,SSWR,2020,A Systematic Review of Mental Health Interventions That Address Historical Trauma Amongst Indigenous Peoples,Lalaine Sevillano; Bethany Wood; Cynthia Franklin,SSWR annual conference,,Oral,title_and_abstract,False,Not applicable,Not applicable,Irrelevant,review,False,False
SSWR:2020-P-0306,SSWR,2020,Adolescent Marijuana Use: Effects of Authority Figures and Peers upon Age of Initiation and Its Impact on Adolescent Suicidal Ideation,Amy Mitchell,SSWR annual conference,,Poster,title_and_abstract,True,Empirical,Quantitative,Quantitative,quantitative,False,False
SSWR:2020-P-0206,SSWR,2020,"Adolescents' Sexual Orientation and School Connectedness: The Role of Race, Ethnicity, and Gender",Roxanna Ast,SSWR annual conference,,Poster,title_and_abstract,True,Empirical,Quantitative,Quantitative,quantitative,False,False
SSWR:2020-U-0551,SSWR,2020,Algorithmic Solutions to Improve Suicide Prevention Gatekeeper Training Among Youth Experiencing Homelessness: Seeking Equity without Compromising Coverage,Anthony Fulginiti; Eric Rice; Aida Rahmattalabi; Phebe Vayanos; Milind Tambe,SSWR annual conference,,Oral,title_and_abstract,True,Empirical,Quantitative,Quantitative,quantitative,False,False
SSWR:2020-P-0347,SSWR,2020,An Examination of the Florida Linking Individuals Needing Care Coordination Program for Racial and Ethnic Minority Females,Michelle Vance,SSWR annual conference,,Poster,title_and_abstract,True,Empirical,Quantitative,Quantitative,quantitative,False,False
SSWR:2020-P-0112,SSWR,2020,"An Intersectional Modeling of Risk for Nonsuicidal Self-Injury Among LGBTQ Adolescents: Demographics, Bullying Victimization, Mental Health, and IPV",Stephanie Rachel Speer; Brittanie Atteberry-Ash; Eugene Walls,SSWR annual conference,,Poster,title_and_abstract,False,Not applicable,Not applicable,Irrelevant,quantitative,False,False
SSWR:2020-P-0459,SSWR,2020,Asian American Mental Health: Longitudinal Trend and Explanatory Variables Among Filipino and Korean Americans,Yoonsun Choi; Michael Park; Jeanette Lee; David T. Takeuchi; Samuel Noh; Karen Kim,SSWR annual conference,,Poster,title_and_abstract,True,Empirical,Quantitative,Quantitative,quantitative,False,False
SSWR:2020-P-0203,SSWR,2020,Assessing School-Based Suicide Prevention and Intervention Capacity,Hannah Szlyk; Sean Joe; Ryan Lindsay,SSWR annual conference,,Poster,title_and_abstract,True,Empirical,Quantitative,Quantitative,quantitative,False,False
SSWR:2020-P-0198,SSWR,2020,Assessing Suicidal Ideation in Frontline Child Welfare Workers,Sarah Rakes; Erin A. King; Dina J. Wilke,SSWR annual conference,,Poster,title_and_abstract,True,Empirical,Quantitative,Quantitative,mixed_methods,False,False
SSWR:2020-U-0176,SSWR,2020,Association between Hearing Loss and Suicide Ideation Among Older Adults,Junghyun Park; Othelia Lee,SSWR annual conference,,Oral,title_and_abstract,True,Empirical,Quantitative,Quantitative,quantitative,False,False
SSWR:2020-P-0173,SSWR,2020,Attentional Bias for Nonsuicidal Self-Injury Cues Among Self-Injuring Young Adults,Michael Riquino; Sarah Reese; Van Nguyen; Jen K. Molloy; Eric L. Garland,SSWR annual conference,,Poster,title_and_abstract,False,Not applicable,Not applicable,Irrelevant,quantitative,False,False
SSWR:2020-U-0688,SSWR,2020,"Belongingness Matters: Exploring the Role of Campus Belongingness and Its Association with Flourishing, Anxiety, Depression, and Suicidal Behaviors Among Black College Men",Janelle R. Goodwill,SSWR annual conference,,Oral,title_and_abstract,True,Empirical,Quantitative,Quantitative,quantitative,False,False
SSWR:2020-P-0013,SSWR,2020,"Changes in Post-Mortem Marijuana-Positive Toxicologies Among Youth Suicide Decedents, 2005-2015",Diana M. DiNitto; Namkee G. Choi,SSWR annual conference,,Poster,title_and_abstract,True,Empirical,Quantitative,Quantitative,quantitative,False,False
SSWR:2020-P-0653,SSWR,2020,Community-Based Social Institutions and the Flourishing of Sexual and Gender Minority Individuals: A Comparative Analysis,Jedediah E. Bragg; Claudette L. Grinnell-Davis; Shane Brady,SSWR annual conference,,Poster,title_and_abstract,False,Not applicable,Not applicable,Irrelevant,quantitative,False,False
SSWR:2020-P-0685,SSWR,2020,Configurations of Gender and Sexual Identities Predicting Patterns of Co-Occurring Health Risks Among Sexual Minority Youth Using a Latent Class Analysis Approach,"Ankur Srivastava; Jordan Davis, PhD; Jeremy Goldbach",SSWR annual conference,,Poster,title_and_abstract,True,Empirical,Quantitative,Quantitative,quantitative,False,False
SSWR:2020-P-0520,SSWR,2020,"Contexts, Experiences, and Responses to Suicide Attempts By Colombian Adolescent Females",Maria Samira de la Pava Gutierrez; Carolina M. Hausmann-Stabile; Nicole Fedoravicius; Olga Albornoz; Angela Velez,SSWR annual conference,,Poster,title_and_abstract,True,Empirical,Quantitative,Quantitative,mixed_methods,False,False
SSWR:2020-U-0506,SSWR,2020,Culturally Focused Interventions for Native Hawaiians: A Systematic Review,Mei Linn Park,SSWR annual conference,,Oral,title_and_abstract,False,Not applicable,Not applicable,Irrelevant,review,False,False
SSWR:2020-U-0570,SSWR,2020,Depression and Anxiety in Sexual Minority Youth: What Role Does Bullying Play?,Christine Barber,SSWR annual conference,,Oral,title_and_abstract,False,Not applicable,Not applicable,Irrelevant,quantitative,False,False
SSWR:2020-U-0007,SSWR,2020,Depression and Suicide Risk at the Cross-Section of Sexual Orientation and Gender Identity for High School Youth,Samantha Guz; Shanna K. Kattari; Brittanie Atteberry-Ash; Jarrod Call; Cary L. Klemmer,SSWR annual conference,,Oral,title_and_abstract,True,Empirical,Quantitative,Quantitative,quantitative,False,False
SSWR:2020-P-0377,SSWR,2020,"Distress Tolerance, Family Conflict, and Ethnic Identity As Potential Therapeutic Targets of Aware Intervention for Asian American Women",Hyeouk Chris Hahm; Jenny Hsi; Jiaman Xu; Bona Lee; Venissala Wongchai; Ashruti Patel; Marissa Inouye; Calvin Cheung Zheng; EunMyoung Alice Lee,SSWR annual conference,,Poster,title_and_abstract,True,Empirical,Quantitative,Quantitative,quantitative,False,False
SSWR:2020-U-0173,SSWR,2020,Does It Make a Difference Where You Get It? Social Support and Suicide Attempts Among Youth Experiencing Homelessness,Anthony Fulginiti; Sonya Negriff; Jarrod Call; Eric Rice,SSWR annual conference,,Oral,title_and_abstract,True,Empirical,Quantitative,Quantitative,quantitative,False,False
SSWR:2020-P-0640,SSWR,2020,Does Visual Impairment Affect Suicidal Ideation Among Older Adults? Results from National Survey on Drug Use and Health,Junghyun Park; Othelia Lee,SSWR annual conference,,Poster,title_and_abstract,True,Empirical,Quantitative,Quantitative,quantitative,False,False
SSWR:2020-P-0573,SSWR,2020,"E-Cigarette, Conventional Cigarette, and Dual Use in Korean Adolescents: A Test of Problem Behavior Theory",JongSerl Chun; ManSoo Yu; Jinyung Kim; Anna Kim,SSWR annual conference,,Poster,title_and_abstract,False,Not applicable,Not applicable,Irrelevant,quantitative,False,False
SSWR:2020-O-0022,SSWR,2020,Everyday Discrimination and Suicide Ideation Among African American Men: Examining Depressive Symptoms As a Mediator,Janelle R. Goodwill; Daphne C. Watkins,SSWR annual conference,,Oral,title_and_abstract,True,Empirical,Quantitative,Quantitative,quantitative,False,False
SSWR:2020-P-0065,SSWR,2020,Examining Adolescent Suicide Related Behaviors and Belonging: Empirical Evidence from the 2017 Youth Risk Behavior Survey,Rebecca Taylor,SSWR annual conference,,Poster,title_and_abstract,True,Empirical,Quantitative,Quantitative,quantitative,False,False
SSWR:2020-P-0660,SSWR,2020,Examining Factors Associated with Escalatory Suicide Risk Among US Adolescents,Meghan Romanelli; Arielle H. Sheftall; Sireen B. Irsheid; Yunyu Xiao; Michael A. Lindsey,SSWR annual conference,,Poster,title_and_abstract,True,Empirical,Quantitative,Quantitative,quantitative,False,False
SSWR:2020-U-0728,SSWR,2020,Examining Impact of Change in Sexual Identity on Suicidality Among Sexual Minority Youth Accessing Crisis Services,Ankur Srivastava; Jeremy Goldbach; John Senese,SSWR annual conference,,Oral,title_and_abstract,True,Empirical,Quantitative,Quantitative,quantitative,False,False
SSWR:2020-U-0149,SSWR,2020,"Excluded from ""Inclusive"" Communities: LGBTQ Youths' Perception of ""Their"" Community",Melinda M. McCormick; Bridget E. Weller,SSWR annual conference,,Oral,title_and_abstract,False,Not applicable,Not applicable,Irrelevant,qualitative,True,False
SSWR:2020-P-0471,SSWR,2020,Experiences of Formerly Incarcerated Adults with Mental Illness: Interactions with Correctional Officers and Health and Mental Health Staff,Kelli Canada; Stacey Barrenger; Casey Bohrman,SSWR annual conference,,Poster,title_and_abstract,False,Not applicable,Not applicable,Irrelevant,mixed_methods,False,False
SSWR:2020-U-0235,SSWR,2020,Exploring Child Maltreatment Under and Overreporting Drivers,"Judith L. Perrigo; Abigail Palmer Molina; Michael S. Hurlburt, PhD; Lawrence A. Palinkas; Megan A. Finno-Velasquez",SSWR annual conference,,Oral,title_and_abstract,False,Not applicable,Not applicable,Irrelevant,qualitative,False,False
SSWR:2020-U-0572,SSWR,2020,Exploring Individual and Family-Level Risk and Protective Factors for Suicidality Among Black Youth,Qiana R. Cryer-Coupet; Camille R. Quinn,SSWR annual conference,,Oral,title_and_abstract,True,Empirical,Quantitative,Quantitative,quantitative,False,False
SSWR:2020-U-0713,SSWR,2020,Exploring the Mental Health Disparities Faced By LGBT+ Students in Canada: A Multilevel Structural Equation Modeling Approach,Simon Coulombe; Michael R. Woodford; Nicholas Schwabe,SSWR annual conference,,Oral,title_and_abstract,True,Empirical,Quantitative,Quantitative,quantitative,False,False
SSWR:2020-P-0656,SSWR,2020,"Facets of Trait Mindfulness As Potential Mediators between Dating Violence Exposure and the Development of Anxiety, Depression, and Suicidal Ideation",Sara F. Stein; Jhuree Hong; Alexis Smith; Andrew C. Grogan-Kaylor; Andria B. Eisman; Quyen M. Ngo,SSWR annual conference,,Poster,title_and_abstract,True,Empirical,Quantitative,Quantitative,quantitative,False,False
SSWR:2020-P-0091,SSWR,2020,Factors Influencing MSW Students' Teen Dating Violence Intervention Recommendations,Kristen Ravi; Beverly M. Black; Heidi Adams Rueda,SSWR annual conference,,Poster,title_and_abstract,False,Not applicable,Not applicable,Irrelevant,mixed_methods,False,False
SSWR:2020-U-0084,SSWR,2020,Family Factors Related to Major Psychiatric Disorders in Latina/o Americans Nationwide,Rachel Harris; Amy L. Ai,SSWR annual conference,,Oral,title_and_abstract,True,Empirical,Quantitative,Quantitative,quantitative,False,False
SSWR:2020-P-0064,SSWR,2020,Food Insecurity and Depression Among the Older Adults Poor: A Longitudinal Study Focusing on Moderating Effects of Social Service Usage in South Korea,Jayoung Cho; Jae-sung Choi,SSWR annual conference,,Poster,title_and_abstract,False,Not applicable,Not applicable,Irrelevant,quantitative,False,False
SSWR:2020-P-0437,SSWR,2020,Future Orientation Matters: Longitudinal Effects of Cumulative Health Risk Behaviors on Suicidal Behaviors Among Adolescents,Yunyu Xiao,SSWR annual conference,,Poster,title_and_abstract,True,Empirical,Quantitative,Quantitative,quantitative,False,False
SSWR:2020-P-0571,SSWR,2020,Gender Differences in Suicide Ideation: Mediating Effects of Alcohol Abuse/Dependence on Suicide Ideation through Psychological Distress and Hopelessness,Yi Jin Kim; Viktor Burlaka; Susan Yoon,SSWR annual conference,,Poster,title_and_abstract,True,Empirical,Quantitative,Quantitative,quantitative,False,False
SSWR:2020-P-0709,SSWR,2020,Hopefulness Among Family Members of Individuals Who Use Opioids,Jennifer D. Ellis; Viktor Burlaka; Suzanne Brown; Elizabeth Agius; Rachel Kollin; Stella M. Resko,SSWR annual conference,,Poster,title_and_abstract,False,Not applicable,Not applicable,Irrelevant,quantitative,False,False
SSWR:2020-U-0161,SSWR,2020,Housing As a Social Determinant of Health Among Communities of Trans-Experience: Results from the 2015 United States Transgender Survey,Yohansa Fernandez; Edwin Torres,SSWR annual conference,,Oral,title_and_abstract,True,Empirical,Quantitative,Quantitative,quantitative,False,False
SSWR:2020-P-0107,SSWR,2020,How Do Adverse Childhood Experiences (ACEs) Relate to Depressive Symptoms in Young Adulthood? Using ACEs Profiles and Self-Esteem As a Mediator,Youngmi Kim; Haenim Lee; Aely Park,SSWR annual conference,,Poster,title_and_abstract,False,Not applicable,Not applicable,Irrelevant,quantitative,False,False
SSWR:2020-P-0487,SSWR,2020,How Do Legal Problems Relate to Discharge Status in Post-9/11 Era Military Veterans?,Nicholas U. Barr; Sarah Kintzle,SSWR annual conference,,Poster,title_and_abstract,False,Not applicable,Not applicable,Irrelevant,quantitative,False,False
SSWR:2020-P-0167,SSWR,2020,How Mental and Behavioral Health and Social Environment Contribute to Sleep Problems Among Youth in an Ecological Perspective,Yi-Ping Hsieh,SSWR annual conference,,Poster,title_and_abstract,False,Not applicable,Not applicable,Irrelevant,quantitative,False,False
SSWR:2020-P-0335,SSWR,2020,Ideation-to-Action Continuum Among Latinx Youth: An Ecological Systems Perspective,Tatiana Villarreal-Otalora; Javier F. Boyas; Luis Alvarez-Hernandez; Mariam Fatehi,SSWR annual conference,,Poster,title_and_abstract,True,Empirical,Quantitative,Quantitative,quantitative,False,False
SSWR:2020-U-0107,SSWR,2020,Identifying Predictors of Suicide Ideation Among Human Service Workers: An Exploratory Analysis,Cassandra Olson; Dina J. Wilke,SSWR annual conference,,Oral,title_and_abstract,True,Empirical,Quantitative,Quantitative,quantitative,False,False
SSWR:2020-P-0186,SSWR,2020,"Identifying the Relationship between Eating Disorders, Non-Suicidal Self-Injury, and Suicidal Behavior in College-Enrolled Males",Kyle Ganson,SSWR annual conference,,Poster,title_and_abstract,True,Empirical,Quantitative,Quantitative,quantitative,False,False
SSWR:2020-U-0024,SSWR,2020,Improving Well-Being in Racially Disadvantaged Children and Families with an Adapted Trauma-Informed Home-Based Intervention,Michaela L. Zajicek-Farber; Rebecca L. Roesch; Kathryn S. Collins; Jeffrey Menzer,SSWR annual conference,,Oral,title_and_abstract,False,Not applicable,Not applicable,Irrelevant,quantitative,False,False
SSWR:2020-P-0327,SSWR,2020,Interpersonal Connectedness and Hazardous Alcohol Use Among Younger Veterans,Stephen Morgano,SSWR annual conference,,Poster,title_and_abstract,False,Not applicable,Not applicable,Irrelevant,quantitative,False,False
SSWR:2020-U-0480,SSWR,2020,Intimate Partner Homicides in Pregnant Women Compared to Non-Pregnant Women: Findings from National Data,Rachel A. Fusco,SSWR annual conference,,Oral,title_and_abstract,False,Not applicable,Not applicable,Irrelevant,quantitative,False,False
SSWR:2020-U-0160,SSWR,2020,"Intimate Partner Violence and Suicidal Ideation Among a Sample of HIV-Positive Women in Kazakhstan, Central Asia","Tina Jiwatram-Negron; Xiao Yu; Sholpan Primbetova, MS, MPharm; Assel Terlikbayeva, MD; Nabila El-Bassel, PhD",SSWR annual conference,,Oral,title_and_abstract,True,Empirical,Quantitative,Quantitative,quantitative,False,False
SSWR:2020-U-0699,SSWR,2020,"Investigating Pathways to Depression Among Black Girls: The Role of Racial Socialization, Gendered Racial Socialization, and Racial Identity",McKenzie Stokes,SSWR annual conference,,Oral,title_and_abstract,False,Not applicable,Not applicable,Irrelevant,quantitative,False,False
SSWR:2020-U-0174,SSWR,2020,Investigating the Independent Effects of Excessive Screen-Time Behaviors on Insufficient Sleep Among Adolescents in the US,Phillip Baiden; Savarra Tadeo; Peters Kersley,SSWR annual conference,,Oral,title_and_abstract,False,Not applicable,Not applicable,Irrelevant,quantitative,False,False
SSWR:2020-P-0357,SSWR,2020,Longitudinal Analysis of Health Behaviors and Mental Health,Michelle Edwards; Juye Ji,SSWR annual conference,,Poster,title_and_abstract,False,Not applicable,Not applicable,Irrelevant,quantitative,False,False
SSWR:2020-U-0464,SSWR,2020,Mapping the Interventions for American Indian and Alaska Native Youth Mental Health,Autumn Asher BlackDeer; David Patterson Silver Wolf,SSWR annual conference,,Oral,title_and_abstract,True,Empirical,Review,Review,review,False,False
SSWR:2020-U-0218,SSWR,2020,Mental Health Effects of Joint Exposure to Adverse Childhood Experiences and Intimate Partner Violence Among Men and Women,Lisa Fedina; Lolita Moss; Jordan E. DeVylder; Richard P. Barth,SSWR annual conference,,Oral,title_and_abstract,True,Empirical,Quantitative,Quantitative,quantitative,False,False
SSWR:2020-U-0292,SSWR,2020,Mental Health Screening and Service Implications for Chinese Youth: Applying the Interrai Child and Youth Mental Health Screener (ChYMH-S) in Schools,Shuang Lu; Hao Luo; Renhui Lyu,SSWR annual conference,,Oral,title_and_abstract,False,Not applicable,Not applicable,Irrelevant,quantitative,False,False
SSWR:2020-P-0765,SSWR,2020,Migration-Related Stressors and Suicidality of North Korean Refugee Women: Moderating Effects of Social Networks,Mee Young Um; Eric Rice; Lawrence A. Palinkas; Hee Jin Kim,SSWR annual conference,,Poster,title_and_abstract,True,Empirical,Quantitative,Quantitative,quantitative,False,False
SSWR:2020-U-0343,SSWR,2020,More Than Just Depression: The Need to Screen for Anger As Suicide Risk Among Working-Aged Men,Jodi Jacobson Frey; Phillip Osteen; Boyoung Nam; Amanda Mosby,SSWR annual conference,,Oral,title_and_abstract,True,Empirical,Quantitative,Quantitative,quantitative,False,False
SSWR:2020-P-0400,SSWR,2020,"Non-Suicidal Self Injury (NSSI) Among Students Seeking Mental Health Services at an Urban, Public University",Patricia Dixon; Stella M. Resko; Suzanne Brown,SSWR annual conference,,Poster,title_and_abstract,False,Not applicable,Not applicable,Irrelevant,quantitative,False,False
SSWR:2020-U-0432,SSWR,2020,Patterns and Predictors of Young Women's Disclosure of Physical and Sexual Intimate Partner Violence Victimization,Angie Kennedy; Deborah Bybee; Carrie Moylan; Kristen A. Prock,SSWR annual conference,,Oral,title_and_abstract,False,Not applicable,Not applicable,Irrelevant,quantitative,False,False
SSWR:2020-P-0407,SSWR,2020,Patterns of Adverse Childhood Experience and Their Influences on Suicide Attempts Among Adults in South Korea,Aely Park; Youngmi Kim,SSWR annual conference,,Poster,title_and_abstract,True,Empirical,Quantitative,Quantitative,quantitative,False,False
SSWR:2020-U-0577,SSWR,2020,Person-Centered Care for People with Co-Occurring Substance Use Disorders: A Mixed Methods Study,Lauren Jessell; Victoria Stanhope,SSWR annual conference,,Oral,title_and_abstract,False,Not applicable,Not applicable,Irrelevant,mixed_methods,False,False
SSWR:2020-P-0280,SSWR,2020,Postpartum Help Seeking: The Role of Mental Health Literacy and Stigma,Aubrey Jones,SSWR annual conference,,Poster,title_and_abstract,False,Not applicable,Not applicable,Irrelevant,quantitative,False,False
SSWR:2020-U-0445,SSWR,2020,Predictors of Sustainment of Samhsa Prevention Programs and Initiatives before and after Termination of Federal Funding,Lawrence A. Palinkas; Sapna J. Mendon; Juan Villamar; Chih Ping Chou; Suzanne Spear; John Landsverk; C. Hendricks Brown,SSWR annual conference,,Oral,title_and_abstract,False,Not applicable,Not applicable,Irrelevant,quantitative,False,False
SSWR:2020-P-0449,SSWR,2020,Racial/Ethnic and Gender Disparities in Health Behaviors Correlates of Suicidal Behaviors within the Ideation-to-Action Framework,Yunyu Xiao; Meghan Romanelli; Michael A. Lindsey,SSWR annual conference,,Poster,title_and_abstract,True,Empirical,Quantitative,Quantitative,quantitative,False,False
SSWR:2020-P-0701,SSWR,2020,"Relationship of PTSD, Alcohol Use Disorder, and Combat Experiences to Suicide in Veterans",Braden Linn,SSWR annual conference,,Poster,title_and_abstract,True,Empirical,Quantitative,Quantitative,quantitative,False,False
SSWR:2020-P-0467,SSWR,2020,Replication Study of Elder Suicide and Elder Gun Suicide Models Using 2010 Population Data,Greta Yoder Slater; Margaret Adamek,SSWR annual conference,,Poster,title_and_abstract,True,Empirical,Quantitative,Quantitative,quantitative,False,False
SSWR:2020-U-0357,SSWR,2020,Resilence and Mental Health Among African Americans,Kenneth Taylor,SSWR annual conference,,Oral,title_and_abstract,False,Not applicable,Not applicable,Irrelevant,review,False,False
SSWR:2020-U-0564,SSWR,2020,Results of a Multisite Transportability Trial of a Brief Emergency Department Intervention for Suicidal Adolescents and Their Families,Abigail Ross; Elizabeth A. Wharff,SSWR annual conference,,Oral,title_and_abstract,True,Empirical,Quantitative,Quantitative,quantitative,False,False
SSWR:2020-U-0511,SSWR,2020,Risk for Suicidal Ideation and Suicide Attempt: Comparison across Four Racial/Ethnic Groups in the United States,Boyoung Nam; Jodi Jacobson Frey; Jordan E. DeVylder,SSWR annual conference,,Oral,title_and_abstract,True,Empirical,Quantitative,Quantitative,quantitative,False,False
SSWR:2020-P-0496,SSWR,2020,Role Play Vs. Standardized Actor: A Quasi-Experimental Examination into Teaching Clinical Skills,Sarah Kintzle; Hazel Atuel,SSWR annual conference,,Poster,title_and_abstract,True,Empirical,Quantitative,Quantitative,quantitative,False,False
SSWR:2020-U-0144,SSWR,2020,"Rural-Urban Differences in the Association between Social Capital and Suicidal Ideation Among the Older Adults in Anhui, China",Ying Ma; Yiqi Zhu; Guimei Chen,SSWR annual conference,,Oral,title_and_abstract,True,Empirical,Quantitative,Quantitative,quantitative,False,False
SSWR:2020-P-0046,SSWR,2020,"Sex Differences in Physical, Behavioral, and Mental Factors Related to Alcohol Use Among American Indians",Catherine E. Burnette; Soonhee Roh; Yeon-Shim Lee,SSWR annual conference,,Poster,title_and_abstract,False,Not applicable,Not applicable,Irrelevant,quantitative,False,False
SSWR:2020-P-0649,SSWR,2020,Sex Trafficked Survivors: We Can be Leaders Too,Jacquelyn Meshelemiah; Raven Lynch,SSWR annual conference,,Poster,title_and_abstract,False,Not applicable,Not applicable,Irrelevant,qualitative,False,False
SSWR:2020-U-0597,SSWR,2020,Slipping through the Cracks: Predictors of Mental Health Service Use By Black Youth Struggling with Depressive Symptomatology,Dashawna J. Fussell-Ware,SSWR annual conference,,Oral,title_and_abstract,True,Empirical,Quantitative,Quantitative,quantitative,False,False
SSWR:2020-P-0213,SSWR,2020,"Social Work Education in Mental Health, Addictions, and Suicide: A Scoping Review",Sandra McNeil-Marshall; Toula Kourgiantakis; Karen Sewell; Judith Logan; Eunjung Lee,SSWR annual conference,,Poster,title_and_abstract,True,Empirical,Review,Review,review,False,False
SSWR:2020-U-0040,SSWR,2020,Strengths in Understanding Well-Being of Adolescent Survivors of Interpersonal Violence: Buffering or Direct Effects?,Victoria Banyard; Katie Edwards,SSWR annual conference,,Oral,title_and_abstract,True,Empirical,Quantitative,Quantitative,quantitative,False,False
SSWR:2020-U-0272,SSWR,2020,Suicidal Behaviors Among Students from Impoverished Rural Communities in the US South,Viktor Burlaka; Yi Jin Kim; Na Youn Lee,SSWR annual conference,,Oral,title_and_abstract,True,Empirical,Quantitative,Quantitative,quantitative,False,False
SSWR:2020-P-0130,SSWR,2020,Suicidal Ideation after Spouse Abuse Among Older Adults-Risk and Protective Factors,Sukyoung Yoon,SSWR annual conference,,Poster,title_and_abstract,True,Empirical,Quantitative,Quantitative,quantitative,False,False
SSWR:2020-U-0451,SSWR,2020,Suicidal Ideation and Depression Among Racial and Ethnic Minority Women in the Immediate Post-Partum Period,Wan-Jung (Wendy) Hsieh; Mercy Eigbike; Yang Wang; Syahidatul Hajaraih; Karen Tabb,SSWR annual conference,,Oral,title_and_abstract,True,Empirical,Quantitative,Quantitative,quantitative,False,False
SSWR:2020-P-0681,SSWR,2020,Suicide Ideation Among Latinx Adolescents: Examining the Role of Parental Monitoring and Intrinsic Religiosity,Javier F. Boyas; Yi Jin Kim; Tatiana Otalora,SSWR annual conference,,Poster,title_and_abstract,True,Empirical,Quantitative,Quantitative,quantitative,False,False
SSWR:2020-P-0234,SSWR,2020,"Suicide Ideation, Planning, and Attempts: The Case of the Latinx LGB Youth",Javier F. Boyas; Tatiana Otalora; Luis Alvarez-Hernandez; Mariam Faheti,SSWR annual conference,,Poster,title_and_abstract,True,Empirical,Quantitative,Quantitative,quantitative,False,False
SSWR:2020-P-0559,SSWR,2020,Suicide Risk Prediction Among Youth Experiencing Homelessness: A Machine Learning-Based Decision-Tree Analysis,Eric Rice; Anthony Fulginiti; Avi Segal; Jennifer Wilson,SSWR annual conference,,Poster,title_and_abstract,True,Empirical,Quantitative,Quantitative,quantitative,False,False
SSWR:2020-P-0015,SSWR,2020,Suicides and Deaths of Undetermined Intent By Poisoning: Reexamination of Classification Differences By Race/Ethnicity and State,Namkee G. Choi; Diana M. DiNitto,SSWR annual conference,,Poster,title_and_abstract,True,Empirical,Quantitative,Quantitative,quantitative,False,False
SSWR:2020-U-0503,SSWR,2020,Testing the Effects of Insufficient Sleep on Suicidal Ideation Among Adolescents: Findings from the 2017 Youth Risk Behavior Surveillance System,Savarra Tadeo; Phillip Baiden; Betty Tonui; Jaylon Seastrunk; Godfred O. Boateng,SSWR annual conference,,Oral,title_and_abstract,True,Empirical,Quantitative,Quantitative,quantitative,False,False
SSWR:2020-P-0409,SSWR,2020,The Association of Body Image Discrepancy with Suicidal Ideation in Sexual Minority and Gender Nonconforming Youth,Kris Hohn; Devin Tilley,SSWR annual conference,,Poster,title_and_abstract,True,Empirical,Quantitative,Quantitative,quantitative,False,False
SSWR:2020-P-0177,SSWR,2020,"The Effects of Victimization, Suicidality, and Race on Marijuana and Alcohol Use Among Sexual Minority Youth",Robert A. Rosales; Christina M. Sellers; Christina Lee; Bryan Santos; Kimberly H. McManama O'Brien; Suzanne M. Colby,SSWR annual conference,,Poster,title_and_abstract,True,Empirical,Quantitative,Quantitative,quantitative,False,False
SSWR:2020-P-0494,SSWR,2020,The Exploration of Behavioral and Psychological Processes That Influence Hope Among Young Adults with Advanced Cancer,Jennifer A. Currin-McCulloch; Casey Walsh; Barbara L. Jones; Lauren E. Gulbas; Elizabeth Pomery,SSWR annual conference,,Poster,title_and_abstract,False,Not applicable,Not applicable,Irrelevant,qualitative,False,False
SSWR:2020-P-0274,SSWR,2020,The Impact of Secondary Exposure to Gun Violence Fatality on Hallucination- and Delusion-like Experiences Among Three Racial/Ethnic Groups,Melissa Smith; Lisa Fedina; Kerry-A Lee; Tanya L. Sharpe; Rohini Pahwa; Concepcion Barrio; Jordan E. DeVylder,SSWR annual conference,,Poster,title_and_abstract,False,Not applicable,Not applicable,Irrelevant,quantitative,False,False
SSWR:2020-P-0491,SSWR,2020,The Pattern of Emergency Department Use Among People with Mental Health Diagnoses: Results from the 2015 National Hospital Ambulatory Medical Care Survey,Eunji Nam; Eunkyung Lee,SSWR annual conference,,Poster,title_and_abstract,False,Not applicable,Not applicable,Irrelevant,quantitative,False,False
SSWR:2020-U-0679,SSWR,2020,The Relationship between Cognition and Suicidal Ideation Among Individuals with Psychosis,Lindsay A. Bornheimer; Jessica A. Wojtalik; Juliann Li; Derin Cobia; Matthew James Smith,SSWR annual conference,,Oral,title_and_abstract,True,Empirical,Quantitative,Quantitative,quantitative,False,False
SSWR:2020-U-0322,SSWR,2020,The Role of Chosen Names in Identity Development Among Transgender and Nonbinary Young Adults,M. Killian Kinney; Finneran Muzzey,SSWR annual conference,,Oral,title_and_abstract,False,Not applicable,Not applicable,Irrelevant,qualitative,False,False
SSWR:2020-P-0160,SSWR,2020,Trajectories of Nonsuicidal Self-Injury Among Adolescent Inpatients Who Drink Alcohol: Examining the 90 Days Leading up to Psychiatric Hospitalization,Christina M. Sellers; Andrew Porter; Addie Wyman Battalen; Catherine Glenn; Kimberly H. McManama O'Brien,SSWR annual conference,,Poster,title_and_abstract,True,Empirical,Quantitative,Quantitative,quantitative,False,False
SSWR:2020-P-0730,SSWR,2020,"Water and Sanitation: Key Factors Associated with Women's Physical and Mental Health in Informal Settlements in Nairobi, Kenya",Samantha Winter; Lena Obara,SSWR annual conference,,Poster,title_and_abstract,True,Empirical,Quantitative,Quantitative,quantitative,False,False
SSWR:2020-U-0434,SSWR,2020,Weight (Mis)Perception Profiles and Suicidal Behaviors Among US Adolescents: Differences across Race/Ethnicity and Gender in a Nationally Representative Sample,Yunyu Xiao,SSWR annual conference,,Oral,title_and_abstract,True,Empirical,Quantitative,Quantitative,quantitative,False,False
SSWR:2020-U-0440,SSWR,2020,What Motivates Social Workers in Training to Use Evidence-Based Assessment?,Victor Lushin; Rebecca Rivera,SSWR annual conference,,Oral,title_and_abstract,False,Not applicable,Not applicable,Irrelevant,quantitative,False,False
SSWR:2020-O-0023,SSWR,2020,Youth Suicide Prevention and Intervention in Primary Care Settings: An Exploration of Integrated Behavioral Health Stakeholder Perspectives,Abigail Ross; Mimi Choy-Brown; Christina M. Sellers; Elizabeth A. Wharff,SSWR annual conference,,Oral,title_and_abstract,True,Empirical,Qualitative,Qualitative,qualitative,False,False
SWRD:66176,SWRD,2020,"""They Kept Away"": Social Isolation of Cisgender Women Living with HIV in Hyderabad, India","Azhar, Sameena; Gandham, Sabitha; Vaudrey, Jason; Oruganti, Ganesh; Samuel, Revina Suhasini",Clinical Social Work Journal,10.1007/s10615-019-00736-w,Article,title_and_abstract,True,Empirical,Qualitative,Qualitative,Qualitative,False,False
SWRD:66106,SWRD,2020,A Pragmatic Epidemiological Approach to Confronting the Genocidal Death Effect of Homicide and Suicide among Young Black Males in the United States,"Jones-Eversley, Sharon D.; James-Townes, Lori; Rice, Johnny, II; Adedoyin, A. Christson",Social Work in Public Health,10.1080/19371918.2020.1736705,Article,title_and_abstract,True,Non-empirical,Not applicable,Non-empirical,,False,False
SWRD:64782,SWRD,2020,A Social-Ecological Perspective of Spiritual Resilience and Suicidality among African-American Men,"Reed, Darius D.; Adams, Raymond",Social Work in Public Health,10.1080/19371918.2020.1824845,Article,title_and_abstract,True,Non-empirical,Not applicable,Non-empirical,,False,False
SWRD:86376,SWRD,2020,An exploration of the relationship between interpersonal needs and nonsuicidal self-injury in adolescents,Reyneke A.,Southern African Journal of Social Work and Social Development,10.25159/2708-9355/7640,journal-article,title_and_abstract,False,Not applicable,Not applicable,Irrelevant,Quantitative,False,False
SWRD:66771,SWRD,2020,Changes in Practice following a Continuing Education Training on Suicide Assessment and Intervention: Training Participants' Perspectives,"Mirick, Rebecca G.; Berkowitz, Lawrence; Bridger, Joanna; Mccauley, James",Journal of Teaching in Social Work,10.1080/08841233.2019.1685624,journal-article,title_and_abstract,True,Empirical,Qualitative,Qualitative,Quantitative,False,False
SWRD:65996,SWRD,2020,Concerns about Suicide among Asian Americans: The Need for Outreach?,"Leung, Carol A.",Social Work,10.1093/sw/swaa006,journal-article,title_and_abstract,True,Empirical,Quantitative,Quantitative,Quantitative,False,False
SWRD:66605,SWRD,2020,Correlates of mental health service utilization among depressed individuals with suicidality,"Alonzo, Dana; Colon, Marta",Social Work in Mental Health,10.1080/15332985.2019.1700583,journal-article,title_and_abstract,True,Empirical,Quantitative,Quantitative,Quantitative,False,False
SWRD:94483,SWRD,2020,Differences in Prevalence Rates of Hopelessness and Suicidal Ideation Among Adolescents by Gang Membership and Latinx Identity,"Whaling, Kelly M.; Sharkey, Jill",Child & Adolescent Social Work Journal,10.1007/s10560-019-00644-5,journal-article,title_and_abstract,True,Empirical,Quantitative,Quantitative,Quantitative,False,False
SWRD:66222,SWRD,2020,Eating Disorders in 'Millennials': Risk Factors and Treatment Strategies in the Digital Age,"Lenza, Cassandra",Clinical Social Work Journal,10.1007/s10615-019-00733-z,Article,title_and_abstract,False,Not applicable,Not applicable,Irrelevant,,False,False
SWRD:64749,SWRD,2020,"Ecology, psychoanalysis, global warming and cats: fragmentation and interconnection","Harvey, Anna",Journal of Social Work Practice,10.1080/02650533.2020.1839874,Article,title_and_abstract,False,Not applicable,Not applicable,Irrelevant,,False,False
SWRD:67667,SWRD,2020,"Enhancing Social Work Education in Mental Health, Addictions, and Suicide Risk Assessment: A Teaching Note","Kourgiantakis, Toula; Sewell, Karen M.; Lee, Eunjung; Adamson, Keith; McCormick, Megan; Kuehl, Dale; Bogo, Marion",Journal of Social Work Education,10.1080/10437797.2019.1656590,journal-article,title_and_abstract,True,Non-empirical,Not applicable,Non-empirical,,False,False
SWRD:66517,SWRD,2020,Evidence Mapping: Interventions for American Indian and Alaska Native Youth Mental Health,"BlackDeer, Autumn Asher; Wolf, David A. Patterson Silver",Journal of Evidence-Based Social Work,10.1080/26408066.2019.1624237,journal-article,title_and_abstract,True,Empirical,Review,Review,Review,False,False
SWRD:65776,SWRD,2020,"High prevalence of school truancy in a national sample of in-school adolescents in Kuwait: Internalizing, externalizing and social risk factors","Pengpid, Supa; Peltzer, Karl",Journal of Human Behavior in the Social Environment,10.1080/10911359.2020.1736229,journal-article,title_and_abstract,True,Empirical,Quantitative,Quantitative,Quantitative,False,False
SWRD:64393,SWRD,2020,"Law Enforcement Officers' Knowledge, Attitudes, Self-Efficacy, and Use of Suicide Intervention Behaviors","Osteen, Philip J.; Oehme, Karen; Woods, MaKenna; Forsman, R. Lane; Morris, Robert C.; Frey, Jodi",Journal of the Society for Social Work and Research,10.1086/712495,Article,title_and_abstract,True,Empirical,Quantitative,Quantitative,Quantitative,False,False
SWRD:65841,SWRD,2020,"Oncologists, oncology nurses and oncology social workers experiences with suicide: impact on patient care","Granek, Leeat; Nakash, Ora; Shapira, Shahar; Ariad, Samuel; Ben-David, Merav A.",Journal of Psychosocial Oncology,10.1080/07347332.2020.1755763,journal-article,title_and_abstract,True,Empirical,Qualitative,Qualitative,Quantitative,False,False
SWRD:68200,SWRD,2020,Parental Suicidal Ideation and Child Depressive Symptoms: The Roles of Optimism and Gratitude,"Kwok, Sylvia Y. C. L.; Gu, Minmin",Journal of Social Service Research,10.1080/01488376.2019.1612819,journal-article,title_and_abstract,True,Empirical,Quantitative,Quantitative,Quantitative,False,False
SWRD:65039,SWRD,2020,Prevalence of Suicidal Ideation in Multiple Sclerosis Patients: Meta-Analysis of International Studies,"Kouchaki, Ebrahim; Namdari, Mahshid; Khajeali, Nasrin; Etesam, Farnaz; Asgarian, Fatemeh Sadat",Social Work in Public Health,10.1080/19371918.2020.1810839,Article,title_and_abstract,True,Empirical,Review,Review,Review,False,False
SWRD:110665,SWRD,2020,"Relational Aggression-Beyond Bullying: What Every Educator, Parent, and Social Worker Needs to Know","Singletary, Gilbert; Singletary, Gilbert; Devault, Annie; Johnson, Latoshia; Johnson, Latoshia; Larson, Grant",School Social Work Journal,,Journal Article,title_and_abstract,True,Non-empirical,Not applicable,Non-empirical,,False,False
SWRD:65407,SWRD,2020,Relationship between interpersonal violence victimization and suicide risk in Indian college students: Does prior exposure to interpersonal violence also matter?,"Chang, Edward C.; Kamble, Shanmukh, V; Li, Mingqi; Zhou, Zihao; Yang, Jeff Z.; Duan, Tianbi; Batterbee, Casey N-H; Chang, Olivia D.",International Social Work,10.1177/0020872818796144,journal-article,title_and_abstract,True,Empirical,Quantitative,Quantitative,Quantitative,False,False
SWRD:120244,SWRD,2020,Review of <em>Elder Suicide: Durkheim’s Vision</em> by Stephen M. Marson,"Liechty, Daniel; Liechty, Daniel",The Journal of Sociology & Social Welfare,oai:scholarworks.wmich.edu:jssw-4419,fetch_failed,title_and_abstract,True,Non-empirical,Not applicable,Non-empirical,,False,False
SWRD:65436,SWRD,2020,Roads less taken: Pathways to care before near-lethal suicide attempts,"Law, Yik Wa",International Social Work,10.1177/0020872818796135,journal-article,title_and_abstract,True,Empirical,Qualitative,Qualitative,Qualitative,False,False
SWRD:88998,SWRD,2020,School Crisis Management Planning,"Elbedour, Salman; Alsubie, Futiem; Al'Uqdah, Shareefah N.; Bawalsah, Joseph A.",Children & Schools,10.1093/cs/cdaa021,journal-article,title_and_abstract,False,Not applicable,Not applicable,Irrelevant,,False,False
SWRD:110361,SWRD,2020,"SO RARE, WHO CARES? A STUDY ON STRESS AND DIFFICULTIES ENCOUNTERED BY THE PARENTS OF CHILDREN WITH A RARE DISEASE IN HONG KONG","JOHNSON CHEUK KIU LEE; Moore, Brooke",Hong Kong Journal of Social Work,10.1142/S0219246220000042,journal-article,title_and_abstract,False,Not applicable,Not applicable,Irrelevant,Qualitative,False,False
SWRD:65391,SWRD,2020,Social Media and Suicide: A Validation of Terms to Help Identify Suicide-related Social Media Posts,"Parrott, Scott; Britt, Brian C.; Hayes, Jameson L.; Albright, David L.",Journal of Evidence-Based Social Work,10.1080/26408066.2020.1788478,journal-article,title_and_abstract,True,Empirical,Quantitative,Quantitative,Quantitative,False,False
SWRD:66772,SWRD,2020,"Social Work Instructors' Attitudes, Beliefs, and Practices about Teaching Suicide Content","Mirick, Rebecca G.",Journal of Teaching in Social Work,10.1080/08841233.2020.1813235,journal-article,title_and_abstract,True,Empirical,Quantitative,Quantitative,Quantitative,False,False
SWRD:66450,SWRD,2020,"Suicidal behaviour in transition-aged youth with out-of-home care experience: Reviewing risk, assessment, and intervention","Katz, Colleen C.; Busby, Danielle; McCabe, Chelsey",Child & Family Social Work,10.1111/cfs.12733,journal-article,title_and_abstract,True,Non-empirical,Not applicable,Non-empirical,,False,False
SWRD:63861,SWRD,2020,"Suicidal Ideation among Youths at Risk of School Dropout: Impact of Student Demographics, Stressors, and Academic Self-Concept","Szlyk, Hannah S.",Health & Social Work,10.1093/hsw/hlaa028,journal-article,title_and_abstract,True,Empirical,Quantitative,Quantitative,Quantitative,False,False
SWRD:66014,SWRD,2020,"Suicide Prevention: Clinic, Community, Classroom","Scheyett, Anna",Social Work,10.1093/sw/swaa003,journal-article,title_only,True,Non-empirical,Not applicable,Non-empirical,,False,False
SWRD:66722,SWRD,2020,The effect of social capital on non-suicidal self-injury and suicidal behaviors among college students in Greece during the current economic crisis,"Koutra, Kleio; Roy, Ann W.; Kokaliari, Efrosini D.",International Social Work,10.1177/0020872818776726,journal-article,title_and_abstract,True,Empirical,Quantitative,Quantitative,Quantitative,False,False
SWRD:66859,SWRD,2020,The effects of combat zones on mental health among civilian contractors,"Trupiano, Vanessa; Praetorius, Regina T.",Social Work in Mental Health,10.1080/15332985.2019.1702137,journal-article,title_and_abstract,False,Not applicable,Not applicable,Irrelevant,Qualitative,False,False
SWRD:65588,SWRD,2020,The mechanism of family adaptability and cohesion in suicidal ideation among Chinese cancer patients,"Zhou, Yi; Hu, Deying; Zhang, Keke; Mao, Jing; Teng, Fen; Yu, Ting; Xu, Ke; Tan, Rong; Ding, Xiaoping; Liu, Yilan",Journal of Psychosocial Oncology,10.1080/07347332.2020.1757799,journal-article,title_and_abstract,True,Empirical,Quantitative,Quantitative,Quantitative,False,False
SWRD:66181,SWRD,2020,The Role of Social Isolation in the Relationships Between Psychosis and Suicidal Ideation,"Bornheimer, Lindsay A.; Li, Juliann; Im, Vitalis; Taylor, Madeline; Himle, Joseph A.",Clinical Social Work Journal,10.1007/s10615-019-00735-x,Article,title_and_abstract,True,Empirical,Quantitative,Quantitative,Quantitative,False,False
SWRD:64582,SWRD,2020,"Trans Men's Access to Knowledgeable Providers and Their Experiences in Health Care Settings: Differences by Demographics, Mental Health, and Degree of Being ""Out"" to Providers","Seelman, Kristie L.; Kattari, Shanna K.; Harvey, Penny; Bakko, Matthew",Health & Social Work,10.1093/hsw/hlaa030,Article,title_and_abstract,True,Empirical,Quantitative,Quantitative,Quantitative,False,False
SWRD:65999,SWRD,2020,"Trauma and Suicide Risk in College Students: Does Lack of Agency, Lack of Pathways, or Both Add to Further Risk?","Lucas, Abigael G.; Chang, Edward C.; Li, Mingqi; Chang, Olivia D.; Yu, Elizabeth A.; Hirsch, Jameson K.",Social Work,10.1093/sw/swaa007,journal-article,title_and_abstract,True,Empirical,Quantitative,Quantitative,Quantitative,False,False
SWRD:66416,SWRD,2020,Veteran Suicide Risk Factors: A National Sample of Nonveteran and Veteran Men Who Died by Suicide,"Wood, David S.; Wood, Bethany M.; Watson, Aislinn; Sheffield, Devan; Hauter, Helena",Health & Social Work,10.1093/hsw/hlz037,journal-article,title_and_abstract,True,Empirical,Quantitative,Quantitative,Quantitative,False,False
SWRD:66806,SWRD,2020,Wearing a happy mask: mother's expressions of suicidality with postpartum depression,"Praetorius, Regina; Maxwell, December; Alam, Komal",Social Work in Mental Health,10.1080/15332985.2020.1769003,journal-article,title_and_abstract,True,Empirical,Review,Review,Review,False,False
SWRD:100417,SWRD,2020,When Hope Grows Weary: Treating Hopelessness in Older Adults,Spencer-Laitt; Cross; Daniella; J. C.; Weiss; Amanda,Columbia Social Work Review,10.7916/cswr.v18i1.5929,fetch_failed,title_and_abstract,True,Non-empirical,Not applicable,Non-empirical,,False,False
SSWR:2021-U-0605,SSWR,2021,"""I'm Not Going through This Alone"": Using School-Based Intergroup Dialogue to Promote Youth Wellbeing and Positive Racial Climate",Annahita Ball; Candra Skrzypek,SSWR annual conference,,Oral,title_and_abstract,False,Not applicable,Not applicable,Irrelevant,mixed_methods,False,False
SSWR:2021-O-0023,SSWR,2021,"""Life Ain't No Crystal Stair"": Acknowledging the Behavioral Health Risks That Black Women Experience within a National Context",D. Crystal Coles; Nathan H. Perkins; Jason Michael Sawyer,SSWR annual conference,,Oral,title_and_abstract,True,Empirical,Quantitative,Quantitative,quantitative,False,False
SSWR:2021-U-0324,SSWR,2021,"""Oh We Don't Talk about That"": Reports from Frontline Social Workers about Assessing and Intervening to Prevent Gun Violence",Patricia Logan-Greene; Mickey S. Sperlich; Adair Finucane,SSWR annual conference,,Oral,title_and_abstract,True,Empirical,Qualitative,Qualitative,qualitative,False,False
SSWR:2021-P-0737,SSWR,2021,3M: Exploring the Influence of Music and Media on African American Mental Health,Josalin Hunter-Jones; Addie China; Megan Bolden; Makala Spicer,SSWR annual conference,,Poster,title_and_abstract,False,Not applicable,Not applicable,Irrelevant,mixed_methods,False,False
SSWR:2021-P-0113,SSWR,2021,A Monitoring-Systems Approach to School Violence Prevention and Substance Use Reduction in Middle and High Schools,"Ron Avi Astor; Rami Benbenishty, PhD; Kate Watson",SSWR annual conference,,Poster,title_and_abstract,False,Not applicable,Not applicable,Irrelevant,quantitative,False,False
SSWR:2021-U-0230,SSWR,2021,A Random Effect Model Predicting Nonsuicidal Self-Injury from Alcohol and Cannabis Use Among Adolescents Prior to Inpatient Psychiatric Hospitalization,Christina M. Sellers; Antonia Diaz-Valdes Iriarte; Michelle Oliver; Kevin Simon; Kimberly H. McManama O'Brien,SSWR annual conference,,Oral,title_and_abstract,False,Not applicable,Not applicable,Irrelevant,quantitative,False,False
SSWR:2021-P-0436,SSWR,2021,A Structural Equation Model of Risk Behaviors and the Length of Behavioral Health Services Among Youth with Mental Health Disorders,Saahoon Hong; Betty A. Walton; Hea-Won Kim; Greg Rhee,SSWR annual conference,,Poster,title_and_abstract,False,Not applicable,Not applicable,Irrelevant,quantitative,False,False
SSWR:2021-P-0284,SSWR,2021,"Adolescent Suicidality in Bangladesh: A Need for Policy, Infrastructure, and Social Change",Andrew Irish; Nadine Shaanta Murshid,SSWR annual conference,,Poster,title_and_abstract,True,Empirical,Quantitative,Quantitative,quantitative,False,False
SSWR:2021-U-0438,SSWR,2021,An Affirmative Coping Skills Intervention to Improve Mental Health of Sexual and Gender Minority Youth (AFFIRM): Interim Results of a Stepped Wedge Trial,Craig Shelley; Andrew Eaton; Vivian W. Y. Leung; Gio Iacono; Frank Dillon; Nelson Pang; Rachael Pascoe; Ashley Austin,SSWR annual conference,,Oral,title_and_abstract,False,Not applicable,Not applicable,Irrelevant,quantitative,False,False
SSWR:2021-U-0530,SSWR,2021,Applying Minority Stress Theory to the Study of Mental Health Disparities Among Sexual and Gender Minority Youth in Foster Care: A Systematic Review of the Evidence,Dana Prince; Meagan Ray-Novak; Emily Peterson; Braveheart Gillani,SSWR annual conference,,Oral,title_and_abstract,True,Empirical,Review,Review,review,False,False
SSWR:2021-U-0520,SSWR,2021,Associated Factors with the Trajectory of Local Elderly Suicide Rate,Changsook Lee; Sang Kyoung Kahng,SSWR annual conference,,Oral,title_and_abstract,True,Empirical,Quantitative,Quantitative,quantitative,False,False
SSWR:2021-U-0347,SSWR,2021,"Association of Vision Impairment with Suicide Ideations, Plans, and Attempts Among Adults in the United Staates",Othelia Lee; Jung Hyun Park,SSWR annual conference,,Oral,title_and_abstract,True,Empirical,Quantitative,Quantitative,quantitative,False,False
SSWR:2021-U-0567,SSWR,2021,"Associations between Intimate Partner and Family Violence, Mental Health Status and Suicidal Ideation Among Syrian Refugee Women in Jordan",Trena Mukherjee; El-Bassel Nabila; Neeraj Kaushal; Melissa Meinhart; Mohamad Adam Brooks; Jennifer Hartmann; Ajita Singh; Maysa' Khadra; Anindita Dasgupta,SSWR annual conference,,Oral,title_and_abstract,True,Empirical,Quantitative,Quantitative,quantitative,False,False
SSWR:2021-U-0441,SSWR,2021,Associations between Multiple Types of IPV and Adverse Mental Health Outcomes Among IPV Survivors,Tina Jiwatram-Negron; Shih-Ying Cheng; Megan Lindsay Brown; Andrea Kappas; Karin E. Wachter; Jill T. Messing,SSWR annual conference,,Oral,title_and_abstract,True,Empirical,Quantitative,Quantitative,quantitative,False,False
SSWR:2021-P-0290,SSWR,2021,Associations between Policy on Minority Stress: Early Findings from the Adolescent Stress Experiences over Time Study (ASETS),Rory P. O'Brien; Harmony Rhoades; Joshua A. Rusow; Sheree M. Schrager; Jeremy Goldbach,SSWR annual conference,,Poster,title_and_abstract,False,Not applicable,Not applicable,Irrelevant,quantitative,False,False
SSWR:2021-O-0009,SSWR,2021,Behavioral Health at Tribal Colleges and Universities: A Scoping Review,Autumn Asher BlackDeer; David A. Patterson Silver Wolf (Adelv unegv Waya); Sara Beeler-Stinn; Jen Van Schuyver,SSWR annual conference,,Oral,title_and_abstract,False,Not applicable,Not applicable,Irrelevant,review,False,False
SSWR:2021-U-0751,SSWR,2021,Building Resilience through School-Based Mindfulness Intervention with Chinese Migrant Children: Feasibility and Acceptability,Shuang Lu; Siu Man Ng,SSWR annual conference,,Oral,title_and_abstract,False,Not applicable,Not applicable,Irrelevant,quantitative,False,False
SSWR:2021-U-0245,SSWR,2021,Challenges of Refugee Family Dynamics: Perspectives of Health Care Workers from a Refugee Camp,Miriam Kuttikat; Jennifer Murphy,SSWR annual conference,,Oral,title_and_abstract,False,Not applicable,Not applicable,Irrelevant,qualitative,False,False
SSWR:2021-P-0294,SSWR,2021,Comparison of the Effectiveness of Religious Cognitive Behavioral Therapy,Nia Nicks,SSWR annual conference,,Poster,title_and_abstract,False,Not applicable,Not applicable,Irrelevant,review,False,False
SSWR:2021-U-0079,SSWR,2021,Correlates of Illicit Drug Use across 7 Cities Among Youth Experiencing Homelessness,Stephanie Chassman; Anamika Barman-Adhikari; Hsun-Ta Hsu; Robin Petering; Diane Santa Maria; Sarah C. Narendorf; Jama Shelton; Kimberly A. Bender; Kristin M. Ferguson,SSWR annual conference,,Oral,title_and_abstract,False,Not applicable,Not applicable,Irrelevant,quantitative,False,False
SSWR:2021-P-0735,SSWR,2021,Culturally Relevant Prevention Interventions for Native Hawaiians:  A Systematic Review of the Literature,Kathryn McLean; Janice Hata; Emily Hata; Sarah Momilani Marshall; Scott K. Okamoto,SSWR annual conference,,Poster,title_and_abstract,False,Not applicable,Not applicable,Irrelevant,review,False,False
SSWR:2021-U-0519,SSWR,2021,Decolonization Rising: Diasporic Filipinos Turn Towards Healing,Joanna La Torre,SSWR annual conference,,Oral,title_and_abstract,False,Not applicable,Not applicable,Irrelevant,qualitative,False,False
SSWR:2021-P-0344,SSWR,2021,Developing a Measure of Implicit Internalized Stigma Among Queer People,William J. Hall; Hayden Dawes; Jason Hannay; B. Keith Payne; Din Chen; Mimi Chapman,SSWR annual conference,,Poster,title_and_abstract,False,Not applicable,Not applicable,Irrelevant,quantitative,False,False
SSWR:2021-U-0543,SSWR,2021,Development and External Validation of a Risk Calculator to Predict 'poor Mental Health' Outcomes Among Youths Affected By HIV in Uganda,Rachel Brathwaite; Fred M. Ssewamala; Torsten B. Neilands; Proscovia Nabunya; William Byansi; Damulira Christopher,SSWR annual conference,,Oral,title_and_abstract,False,Not applicable,Not applicable,Irrelevant,quantitative,False,False
SSWR:2021-U-0302,SSWR,2021,Development of Britepath: A Suite of Digital Tools for Suicide Prevention within Pediatric Primary Care Settings,Candice Biernesser; Brandie George-Milford; Megan Hamm; David Brent; Stephanie Stepp; Carrie Fascetti; Stacey Engster,SSWR annual conference,,Oral,title_and_abstract,True,Empirical,Qualitative,Qualitative,qualitative,False,False
SSWR:2021-U-0656,SSWR,2021,Dynamic Impact of Parental Closeness on Suicidal Trajectories: The Moderating Role of Future Orientation,Yunyu Xiao; Michael A. Lindsey,SSWR annual conference,,Oral,title_and_abstract,True,Empirical,Quantitative,Quantitative,quantitative,False,False
SSWR:2021-U-0748,SSWR,2021,Effects of Widowhood on Older Adult Suicidal Ideation and Life Satisfaction in South Korea: An Analysis from 2017 National Survey of Older Adults,Subin Park; Seoyoon Jane Lee; Jae Sung Choi,SSWR annual conference,,Oral,title_and_abstract,True,Empirical,Quantitative,Quantitative,quantitative,False,False
SSWR:2021-U-0203,SSWR,2021,Emergency Department Visits By Homeless and Housed Young Adults in the United States,Eunji Nam; Ashley N. Palmer; Mansi Patel,SSWR annual conference,,Oral,title_and_abstract,False,Not applicable,Not applicable,Irrelevant,quantitative,False,False
SSWR:2021-U-0315,SSWR,2021,"Examination of the Associations Among Depression, Academic-Self-Concept, and Racial Stress in African American Middle Scholars. Implications for School Social Work",Eric Kyere; Saahoon Hong,SSWR annual conference,,Oral,title_and_abstract,False,Not applicable,Not applicable,Irrelevant,quantitative,False,False
SSWR:2021-P-0646,SSWR,2021,Examining Network Factors Among Treatment Court Participants,Kelli Canada; Hsun-Ta Hsu; Brad Ray,SSWR annual conference,,Poster,title_and_abstract,False,Not applicable,Not applicable,Irrelevant,quantitative,False,False
SSWR:2021-U-0662,SSWR,2021,Examining the Health and Mental Health Disparities between Sexual Minority Youth and Heterosexual Youth in the United States,Savarra Tadeo; Phillip Baiden,SSWR annual conference,,Oral,title_and_abstract,True,Empirical,Quantitative,Quantitative,quantitative,False,False
SSWR:2021-U-0400,SSWR,2021,"Experiences of Lesbian, Gay, Bisexual, Transgender, and Queer, People of Color  in Mental Health Services and Substances Abuse Services:  A Systematic Review",Hayden Dawes; L.B. Klein; Alexandria Forte; Terence Johnson; Daniel Gibbs; William J. Hall,SSWR annual conference,,Oral,title_and_abstract,False,Not applicable,Not applicable,Irrelevant,review,False,False
SSWR:2021-U-0593,SSWR,2021,Exploring Risk and Protective Factors of Suicide - Related Behavior Among Black Youth Discharged from Inpatient Psychiatric Facilities,Michelle Vance; Eunji Nam; Kimberley Gryglewicz,SSWR annual conference,,Oral,title_and_abstract,True,Empirical,Quantitative,Quantitative,quantitative,False,False
SSWR:2021-U-0639,SSWR,2021,Family Interventions Among Latinx Families: A Systematic Review,"Rocio Calvo; Laura Yao; María Piñeros-Leaño, PhD",SSWR annual conference,,Oral,title_and_abstract,False,Not applicable,Not applicable,Irrelevant,review,False,False
SSWR:2021-U-0666,SSWR,2021,Gatekeeper Trainings in American Indian Communities: Increasing Knowledge and Feelings of Preparedness to Address Youth Suicide,Amelia C. Mueller-Williams; Rachel L. Burrage; Jennifer Hopson; Celina Doria; Sandra L. Momper,SSWR annual conference,,Oral,title_and_abstract,True,Empirical,Quantitative,Quantitative,quantitative,False,False
SSWR:2021-P-0157,SSWR,2021,Health Service Use Among Older Gay Men Living with HIV: A Qualitative Exploration,Daniel Green,SSWR annual conference,,Poster,title_and_abstract,False,Not applicable,Not applicable,Irrelevant,qualitative,False,False
SSWR:2021-U-0537,SSWR,2021,Healthcare Access Among Youth Experiencing Homelessness: A Mixed Methods Community Assessment,Sarah C. Narendorf; Sandra Jeter; Diane Santa Maria,SSWR annual conference,,Oral,title_and_abstract,False,Not applicable,Not applicable,Irrelevant,mixed_methods,False,False
SSWR:2021-P-0670,SSWR,2021,Homelessness in Public Spaces: An Assessment at a Large Public Library in San Diego,Lianne Urada; Melanie Nicholls,SSWR annual conference,,Poster,title_and_abstract,False,Not applicable,Not applicable,Irrelevant,mixed_methods,False,False
SSWR:2021-U-0511,SSWR,2021,"Homonegative Abuse Still Exists: Intimidation, Verbal Insults and Physical Assaults Against Gay Men",Patrick Weber; Daniel Gredig; Axel J. Schmidt; Andreas Lehner; Sibylle Nideröst,SSWR annual conference,,Oral,title_and_abstract,False,Not applicable,Not applicable,Irrelevant,quantitative,False,False
SSWR:2021-U-0155,SSWR,2021,Identifying and Responding to Child Traumatic Stress in Primary Care,Kara Byrne; Lindsay Dianne Shepard; Kristine Campbell,SSWR annual conference,,Oral,title_and_abstract,True,Empirical,Quantitative,Quantitative,quantitative,False,False
SSWR:2021-U-0151,SSWR,2021,Influence of Cumulative Adverse Childhood Experiences on Reunification for Children in Foster Care,Kiley W. Liming; Jody Brook; Becci A. Akin,SSWR annual conference,,Oral,title_and_abstract,False,Not applicable,Not applicable,Irrelevant,quantitative,False,False
SSWR:2021-P-0014,SSWR,2021,Informal Use of Information and Communication Technology in Social Work in Four Countries,Faye Mishna; Jane Sanders; Betsy Milne,SSWR annual conference,,Poster,title_and_abstract,False,Not applicable,Not applicable,Irrelevant,quantitative,False,False
SSWR:2021-P-0037,SSWR,2021,Intimate Partner Violence and Mental Health: Sex-Disaggregated Associations Among Adolescents and Young Adults in Uganda,Flora Cohen; Ilana Seff; Fred M. Ssewamala; Timothy Opobo; Lindsay Stark,SSWR annual conference,,Poster,title_and_abstract,True,Empirical,Quantitative,Quantitative,quantitative,False,False
SSWR:2021-U-0034,SSWR,2021,Learning to Endure: A Qualitative Examination of the Protective Factors of Homeless Gender Minority Youth and Emerging Adults Engaged in Survival Sex,Brett Greenfield; Edward J. Alessi; Dean Manning; Caroline Dato; Meredith Dank,SSWR annual conference,,Oral,title_and_abstract,False,Not applicable,Not applicable,Irrelevant,qualitative,False,False
SSWR:2021-P-0195,SSWR,2021,"Longitudinal Trends in Suicide Among Lesbian, Gay and Bisexual Hispanic Individuals",Luis Alvarez-Hernandez; Orion P. Mowbray,SSWR annual conference,,Poster,title_and_abstract,True,Empirical,Quantitative,Quantitative,quantitative,False,False
SSWR:2021-U-0753,SSWR,2021,Mental Health in the Age of Pandemic: A Content Analysis of Mutual Aid As a Protective Factor,Lielah Leighton,SSWR annual conference,,Oral,title_and_abstract,False,Not applicable,Not applicable,Irrelevant,qualitative,False,False
SSWR:2021-U-0640,SSWR,2021,Methodologies for Representing Mental Distress in Diverse Youth Populations,Lauren E. Gulbas; Tatiana Londono; Luis H. Zayas,SSWR annual conference,,Oral,title_and_abstract,True,Empirical,Qualitative,Qualitative,qualitative,False,False
SSWR:2021-P-0705,SSWR,2021,Mortality By Suicide Compared to Other Manners of  Violent Deaths Among Recently Released Persons,Oluwayomi Paseda,SSWR annual conference,,Poster,title_and_abstract,True,Empirical,Quantitative,Quantitative,quantitative,False,False
SSWR:2021-U-0007,SSWR,2021,Opioid Use Disorders Among People with Severe Mental Illness,Jonathan D. Prince,SSWR annual conference,,Oral,title_and_abstract,True,Empirical,Quantitative,Quantitative,quantitative,False,False
SSWR:2021-P-0659,SSWR,2021,Overcoming Obstacles: The Role of Suicide Stigma in US Veteran Help-Seeking,Carrie Judd; David S. Wood,SSWR annual conference,,Poster,title_and_abstract,True,Empirical,Quantitative,Quantitative,quantitative,False,False
SSWR:2021-P-0138,SSWR,2021,Pathways from Bullying Victimization to Suicidal Thoughts Among Urban African American Adolescents in Chicago’s Southside,Jeoung Min Lee; Jun Sung Hong; Stella M. Resko; Antonio Gonzalez-Prendes; Dexter R. Voisin,SSWR annual conference,,Poster,title_and_abstract,True,Empirical,Quantitative,Quantitative,quantitative,False,False
SSWR:2021-P-0435,SSWR,2021,Patterns of Child and Adolescent Needs and Strengths Among Youth at Risk for Suicide Attempt,Saahoon Hong; Betty A. Walton; Greg Rhee; Hea-Won Kim,SSWR annual conference,,Poster,title_and_abstract,True,Empirical,Quantitative,Quantitative,quantitative,False,False
SSWR:2021-U-0383,SSWR,2021,Peer Victimization Trajectories of Taiwanese Children: Adverse Childhood Experience and Psychosocial Maladjustment,Hsi-Sheng Wei; April Chiung-Tao Shen; Hsiao-Lin Hwa; Jui-Ying Feng; Yi-Ping Hsieh; Ching-Yu Huang,SSWR annual conference,,Oral,title_and_abstract,True,Empirical,Quantitative,Quantitative,quantitative,False,False
SSWR:2021-P-0308,SSWR,2021,Predictors and Prevalence of Lifetime Engagement in Sexual Intercourse Among Bangladeshi Adolescents,Andrew Irish; Nadine Shaanta Murshid,SSWR annual conference,,Poster,title_and_abstract,False,Not applicable,Not applicable,Irrelevant,quantitative,False,False
SSWR:2021-P-0549,SSWR,2021,Preventing Intimate Partner Violence Survivors' Suicidal Behaviors: A Scoping Review,Jeongsuk Kim; Eun-Hye Grace Yi; Rebecca J. Macy,SSWR annual conference,,Poster,title_and_abstract,True,Empirical,Review,Review,review,False,False
SSWR:2021-P-0271,SSWR,2021,Psychiatric Sequelae for Community Providers One Year after a Mass Shooting,Hyung Jik Daniel Lee; Rafael J. Engel; Daniel Rosen,SSWR annual conference,,Poster,title_and_abstract,True,Empirical,Quantitative,Quantitative,quantitative,False,False
SSWR:2021-U-0529,SSWR,2021,Psychological Comorbidities and Social Support Among Sexual and Gender Minority Youth with Foster Care Involvement: Findings from a Community-Based Pilot Study,Meagan Ray-Novak; Dana Prince; Emily Peterson; Krystel Tossone; Braveheart Gillani,SSWR annual conference,,Oral,title_and_abstract,True,Empirical,Quantitative,Quantitative,mixed_methods,False,False
SSWR:2021-U-0592,SSWR,2021,Psychosocial Determinants of Burn-Rtelated Suicide:  Evidence from the National Violent Death Reporting System,Thereasa Abrams; Stephen McGarity,SSWR annual conference,,Oral,title_and_abstract,True,Empirical,Quantitative,Quantitative,quantitative,False,False
SSWR:2021-P-0486,SSWR,2021,PTSD and Suicidality in a Longitudinal Nationally Representative Sample of Youth,Mark J. Macgowan; Tan Li; Ingrid Gonzalez; Maryam Rafieifar,SSWR annual conference,,Poster,title_and_abstract,True,Empirical,Quantitative,Quantitative,quantitative,False,False
SSWR:2021-U-0542,SSWR,2021,Race/Ethnic Differences in Non-Medical Prescription Opioid Use and Suicide Among Adolescents,Keith Chan; Christina Marsack-Topolewski; Shangyun Zhou,SSWR annual conference,,Oral,title_and_abstract,True,Empirical,Quantitative,Quantitative,quantitative,False,False
SSWR:2021-U-0687,SSWR,2021,"Resilience and Suicidal Behaviors in Black College Students: An Investigation across Suicide Ideation, Planning, and Attempt",Janelle R. Goodwill,SSWR annual conference,,Oral,title_and_abstract,True,Empirical,Quantitative,Quantitative,quantitative,False,False
SSWR:2021-U-0074,SSWR,2021,Rural LGBTQ+ Youth School and Community Experiences,Traci Wike; Leah Bouchard; Aaron Kemmerer; Mauricio Yabar,SSWR annual conference,,Oral,title_and_abstract,False,Not applicable,Not applicable,Irrelevant,qualitative,False,False
SSWR:2021-P-0694,SSWR,2021,"School-Based Healthy Relationship Promotion: Hispanic Youth Perspectives of the ""Fourth R""",Heidi Adams Rueda; Elizabeth Torres; Rebecca Weston; Jeff R. Temple,SSWR annual conference,,Poster,title_and_abstract,False,Not applicable,Not applicable,Irrelevant,qualitative,False,False
SSWR:2021-P-0074,SSWR,2021,Sexual Minorities and Teen Suicide Attempts in a Southeastern State with Prominent Exclusionary Policies,Sonyia Richardson; Travis Hales; Erin Meehan; Abby Waters,SSWR annual conference,,Poster,title_and_abstract,True,Empirical,Quantitative,Quantitative,quantitative,False,False
SSWR:2021-P-0196,SSWR,2021,"Sexual Minority Youth, Bullying, and Suicidality: An Urgent Need for Individual- and School-Level Interventions",Gordon Capp; Joyce Truong,SSWR annual conference,,Poster,title_and_abstract,True,Empirical,Quantitative,Quantitative,quantitative,False,False
SSWR:2021-U-0591,SSWR,2021,Shadow Codes: Beyond (and behind?) the Historical Loss Scale with Native Hawaiians,Antonia R.G. Alvarez; Kalei Kanuha,SSWR annual conference,,Oral,title_and_abstract,False,Not applicable,Not applicable,Irrelevant,qualitative,False,False
SSWR:2021-U-0630,SSWR,2021,Social Media Detection and Monitoring of Suicidal Risk Among Adolescents,Candice Biernisser; Janie Zelazny; David Brent,SSWR annual conference,,Oral,title_and_abstract,True,Empirical,Quantitative,Quantitative,mixed_methods,False,False
SSWR:2021-U-0405,SSWR,2021,Strengths and Challenges in Community Integrated Intervention for Urban Youth Exposed to Environmental Adversities and Trauma,Michaela L. Zajicek-Farber; Rebecca L. Roesch; Kathryn S. Collins; Jeffrey Menzer,SSWR annual conference,,Oral,title_and_abstract,False,Not applicable,Not applicable,Irrelevant,quantitative,False,False
SSWR:2021-G-0006,SSWR,2021,Substance Use Disorders and Timing of Warrior Transition Unit Assignment Increase Likelihood of Military Discharge after Post-Deployment Rehabilitation in Army Warrior Transition Units,Nikki R. Wooten; Akhtar Hossain; Jordan A. Brittingham; Abbas S. Tavakoli; Thomas M. Best; Steve S. Wahl; Diana D. Jeffery,SSWR annual conference,,Sig,title_and_abstract,True,Empirical,Quantitative,Quantitative,quantitative,False,False
SSWR:2021-P-0701,SSWR,2021,Substance Use Related Mortality Among Recently Released Persons,Oluwayomi Paseda; Orion P. Mowbray,SSWR annual conference,,Poster,title_and_abstract,True,Empirical,Quantitative,Quantitative,quantitative,False,False
SSWR:2021-P-0633,SSWR,2021,Suicidal Behavior Among Health-Seeking Syrian Refugee Women Living in Non-Camp Settings in Jordan,Mohamad Adam Brooks; Anindita Dasgupta; Melissa Meinhart; Trena Mukherjee; Raeda Al-Qotob; Ruba Jaber; Maysa' Khadra; Neeraj Kaushal; Nabila El Bassel,SSWR annual conference,,Poster,title_and_abstract,True,Empirical,Quantitative,Quantitative,quantitative,False,False
SSWR:2021-P-0703,SSWR,2021,"Suicide Ideation, Plan, and Attempt Among a Sample of Adults with Psychosis in a Psychiatric Emergency Care Setting",Lindsay A. Bornheimer; Victor Hong; Juliann Li Verdugo; Lindsay Fernandez; Jenna Dagher,SSWR annual conference,,Poster,title_and_abstract,True,Empirical,Quantitative,Quantitative,quantitative,False,False
SSWR:2021-X-0039,SSWR,2021,Suicide Prevention Screening Outcomes Among a Sample of American Indian/Alaska Native and Other Youth: Results from the Hope and Wellness Screening Toolkit,Amelia C. Mueller-Williams; Jennifer Hopson; Celina Doria; Rachel L. Burrage; Sandra L. Momper,SSWR annual conference,,Oral,title_and_abstract,True,Empirical,Quantitative,Quantitative,quantitative,False,False
SSWR:2021-U-0758,SSWR,2021,"Surviving Social Work & Suicide: An Autoethnography of Encounters with Racism, Sexism, Hetero-Centrism, and Mental Health Stigma in the 1st Year on the Tenure-Track",Maxine Davis,SSWR annual conference,,Oral,title_and_abstract,False,Not applicable,Not applicable,Irrelevant,qualitative,False,False
SSWR:2021-P-0485,SSWR,2021,The Cumulative Effects of Treating Suicidality in Young Adults: Understanding the Differing Needs of Early- and Late-Career Clinicians,Courtney Hutchison,SSWR annual conference,,Poster,title_and_abstract,True,Empirical,Qualitative,Qualitative,qualitative,False,False
SSWR:2021-P-0146,SSWR,2021,The Directionality of Intimate Partner Violence: Sexual Orientation and the Predictions of Perpetration and Victimization Among Men,Bobby Younce; Phillip Osteen; Jodi Jacobson Frey,SSWR annual conference,,Poster,title_and_abstract,False,Not applicable,Not applicable,Irrelevant,quantitative,False,False
SSWR:2021-P-0507,SSWR,2021,The Effect of Sexual Victimization Prior to Migration on Suicidal Ideation Among Female North Korean Defectors in South Korea -Mediating Effect of Post-Traumatic Stress Symptoms(PTSS)-,Sung Gyul Hwang; Jae Yop Kim,SSWR annual conference,,Poster,title_and_abstract,True,Empirical,Quantitative,Quantitative,quantitative,False,False
SSWR:2021-P-0482,SSWR,2021,The Effects of Long-Term Care Infrastructure on Local Elderly Suicide Rate in South Korea,Sun-Young Heo; Changsook Lee,SSWR annual conference,,Poster,title_and_abstract,True,Empirical,Quantitative,Quantitative,quantitative,False,False
SSWR:2021-P-0307,SSWR,2021,The Experience of Moral Injury Among Emerging Adults with Child Welfare Histories,Wendy L. Haight; Ndilimeke Nashandi; Ruti Soffer-Elnekave; Bailey Jader,SSWR annual conference,,Poster,title_and_abstract,True,Empirical,Quantitative,Quantitative,mixed_methods,False,False
SSWR:2021-U-0613,SSWR,2021,The Role of Parental Incarceration in Predicting Trajectories of Child Internalizing Problems,Jean M. Kjellstrand; Gary Yu; Miriam Clark; Arriell Jackson; J. Mark Eddy,SSWR annual conference,,Oral,title_and_abstract,False,Not applicable,Not applicable,Irrelevant,quantitative,False,False
SSWR:2021-P-0261,SSWR,2021,The Role of Technology and the Continuum of Care for Youth Suicidality:  A Systematic Review,Hannah Szlyk; Jing Tan,SSWR annual conference,,Poster,title_and_abstract,True,Empirical,Review,Review,review,False,False
SSWR:2021-U-0104,SSWR,2021,The Safe Babies Court Team Evaluation: Changing the Trajectories of Children in Foster Care,Jill Bowdon; Ann Marie Faria; Tina Ryznar; Jameela Conway-Turner; Laura Michaelson; Jingtong Pan; Taletha Derrington; Jill Walston,SSWR annual conference,,Oral,title_and_abstract,False,Not applicable,Not applicable,Irrelevant,quantitative,False,False
SSWR:2021-P-0086,SSWR,2021,The Urgent Need for Social Change: National Estimates of Suicidality in Five Demographic Groups of Adults with and without Major Depression,Areen Omary,SSWR annual conference,,Poster,title_and_abstract,True,Empirical,Quantitative,Quantitative,quantitative,False,False
SSWR:2021-P-0505,SSWR,2021,Understanding Mental Health & Culturally Responsive Mental Health Interventions Among Bhutanese Refugee Population in the United States: A Systematic Scoping Review,Arati Maleku; Jaclyn Kirsch; Mee Young Um; Youn Kyoung (Lily) KIM; Sudarshan Pyakurel; Jordan Wells,SSWR annual conference,,Poster,title_and_abstract,True,Empirical,Review,Review,review,False,False
SWRD:64048,SWRD,2021,"""Togetherness:"" the role of intergenerational and cultural engagement in urban American Indian and Alaskan Native youth suicide prevention","Doria, Celina M.; Momper, Sandra L.; Burrage, Rachel L.",Journal of Ethnic & Cultural Diversity in Social Work,10.1080/15313204.2020.1770648,journal-article,title_and_abstract,True,Empirical,Qualitative,Qualitative,Qualitative,False,False
SWRD:64251,SWRD,2021,"""We are a transit station here"": The role of Israeli oncology social workers in responding to mental health distress and suicidality in patients with cancer","Granek, Leeat; Nakash, Ora; Shapira, Shahar; Ariad, Samuel; Ben-David, Merav A.",Social Work in Health Care,10.1080/00981389.2020.1867287,Article,title_and_abstract,True,Empirical,Qualitative,Qualitative,Qualitative,False,False
SWRD:62772,SWRD,2021,Assess and Address Vestiges of Childhood Trauma in the Social Work Classroom,"Lyter, Sharon Colleen",Social Work Research,10.1093/swr/svab008,journal-article,title_and_abstract,False,Not applicable,Not applicable,Irrelevant,Quantitative,False,False
SWRD:62720,SWRD,2021,"Associations of lifetime prevalence of homelessness with risky sex, sexual victimization, depressive symptoms, and suicidality among youth in Kampala, Uganda","Lyons, Matthew; Swahn, Monica Haavisto; Whitaker, Daniel; Brown, Jessica Rogers; Kasper, Jim; Culbreth, Rachel",International Social Work,10.1177/0020872819847753,journal-article,title_and_abstract,True,Empirical,Quantitative,Quantitative,Quantitative,False,False
SWRD:63323,SWRD,2021,Buffering Effects of Social Support and Parental Monitoring on Suicide,"Kim, Yi Jin; Quinn, Camille R.; Moon, Sung Seek",Health & Social Work,10.1093/hsw/hlaa037,journal-article,title_and_abstract,True,Empirical,Quantitative,Quantitative,Quantitative,False,False
SWRD:93842,SWRD,2021,Child Maltreatment and Suicide Ideation in Rural China: The Roles of Self-compassion and School Belonging,"Zhang, Huiping; Liu, Meirong; Long, Haili",Child & Adolescent Social Work Journal,10.1007/s10560-020-00679-z,journal-article,title_and_abstract,True,Empirical,Quantitative,Quantitative,Quantitative,False,False
SWRD:76180,SWRD,2021,Dependents and Deviants: The Social Construction of Asian Migrant Women in the United States,Moon D.J.,Affilia-Feminist Inquiry in Social Work,10.1177/0886109920960831,journal-article,title_and_abstract,False,Not applicable,Not applicable,Irrelevant,,False,False
SWRD:64098,SWRD,2021,"Efficient, yet Effective: Improvements in Suicide-related Knowledge, Confidence, and Preparedness after the Deployment of a Brief Online Module on Suicide in a Required MSW Course","LeCloux, Mary",Journal of Teaching in Social Work,10.1080/08841233.2021.1954577,Article,title_and_abstract,True,Empirical,Quantitative,Quantitative,Quantitative,False,False
SWRD:116162,SWRD,2021,El derecho a morir dignamente: una oportunidad para el impulso ético del Trabajo Social,Ángela Carbonell; Ángela Carbonell; Ángela Carbonell; José-Javier Navarro-Pérez; José-Javier Navarro-Pérez; José-Javier Navarro-Pérez; Mercedes Botija-Yagüe; Mercedes Botija-Yagüe; Mercedes Botija-Yagüe; Mercedes Botija-Yagüe,Global Social Work / Trabajo Social Global,dc/c1ae436315,fetch_failed,title_and_abstract,False,Not applicable,Not applicable,Irrelevant,,False,False
SWRD:63268,SWRD,2021,Empirically Evaluated Suicide Prevention Program Approaches for Older Adults: A Review of the Literature from 2009-2021,"Wallace, Marissa; Miller, Vivian J.; Fields, Noelle L.; Xu, Ling; Mercado-Sierra, Marta A.",Journal of Gerontological Social Work,10.1080/01634372.2021.1907495,journal-article,title_and_abstract,True,Empirical,Review,Review,Review,False,False
SWRD:94352,SWRD,2021,Gender and Sexual Orientation Bullying Victimization are Associated with Gun Carrying Among Adolescent Boys,"Ganson, Kyle T.; Nagata, Jason M.",Child & Adolescent Social Work Journal,10.1007/s10560-020-00689-x,journal-article,title_and_abstract,False,Not applicable,Not applicable,Irrelevant,Quantitative,False,False
SWRD:62101,SWRD,2021,"Having to ""Hold It"": Factors That Influence the Avoidance of Using Public Bathrooms among Transgender People","Lerner, Justin Evan",Health & Social Work,10.1093/hsw/hlab027,journal-article,title_and_abstract,True,Empirical,Quantitative,Quantitative,Quantitative,False,False
SWRD:64101,SWRD,2021,"Health disparities in access to health care for HIV infection, substance abuse, and mental health among Latino men who have sex with men in a U.S.-Mexico Border City","Loza, Oralia; Provencio-Vasquez, Elias; Mancera, Bibiana; De Santis, Joseph",Sexual and Gender Diversity in Social Services,10.1080/10538720.2021.1885551,journal-article,title_and_abstract,False,Not applicable,Not applicable,Irrelevant,Quantitative,True,False
SWRD:64424,SWRD,2021,Integration of Cognitive Behavioral Therapy for Suicide Prevention in Social Work Practice,"Scott, Michelle",Research on Social Work Practice,10.1177/1049731520974757,Article,title_and_abstract,True,Empirical,Quantitative,Quantitative,Quantitative,False,False
SWRD:62260,SWRD,2021,Locus of Control and Purpose in Life as Protective Factors against the Risk for Suicide in Older Adults,"Aviad, Yael; Cohen-Louck, Keren","Studies in Clinical Social Work: Transforming Practice, Education and Research",10.1080/00377317.2021.1968323,journal-article,title_and_abstract,True,Empirical,Quantitative,Quantitative,Quantitative,False,False
SWRD:63401,SWRD,2021,Longitudinal trends in opioid-related mortality,"Mowbray, Orion; Fatehi, Mariam",Journal of Social Work Practice in the Addictions,10.1080/1533256x.2021.1893965,journal-article,title_and_abstract,True,Empirical,Quantitative,Quantitative,Quantitative,False,False
SWRD:64133,SWRD,2021,"Mental health burden among Black adolescents: the need for better assessment, diagnosis and treatment engagement","Opara, Ijeoma; Weissinger, Guy M.; Lardier, David T., Jr.; Lanier, Yzette; Carter, Sierra; Brawner, Bridgette M.",Social Work in Mental Health,10.1080/15332985.2021.1879345,Article,title_and_abstract,True,Empirical,Quantitative,Quantitative,Quantitative,False,False
SWRD:64090,SWRD,2021,MSW students' perspectives on learning in a social work practice in mental health course: a qualitative research study,"Kourgiantakis, Toula; Sewell, Karen M.; Lee, Eunjung; Kirvan, Anne",Social Work in Mental Health,10.1080/15332985.2021.1894628,Article,title_and_abstract,True,Empirical,Qualitative,Qualitative,Quantitative,False,False
SWRD:62347,SWRD,2021,People newly diagnosed with HIV during the COVID-19 pandemic: A focus group study on the associated early biopsychosocial reactions,"Ogueji, Ifeanyichukwu Anthony",Journal of HIV-AIDS & Social Services,10.1080/15381501.2021.1955800,journal-article,title_and_abstract,True,Empirical,Qualitative,Qualitative,Qualitative,False,False
SWRD:64528,SWRD,2021,Prevalence and correlates of psychological distress among a national population-based sample of adults in Kiribati,"Pengpid, Supa; Peltzer, Karl",Journal of Human Behavior in the Social Environment,10.1080/10911359.2020.1829242,Article,title_and_abstract,False,Not applicable,Not applicable,Irrelevant,Quantitative,False,False
SWRD:62475,SWRD,2021,Providing virtual suicide prevention groups for people experiencing suicidality: Pivoting service delivery during the COVID-19 pandemic,"Bergmans, Yvonne; Kellington, Krystal; Smith, Tanya; Pond, Amanda; Goving, Mikayla; Shelton, Emily; Sayegh, Chantelle; Syms, Dwight; Perivolaris, Anya",International Social Work,10.1177/0020872821996781,journal-article,title_and_abstract,True,Non-empirical,Not applicable,Non-empirical,,False,False
SWRD:62364,SWRD,2021,Social Service Directors' Roles and Self-Efficacy in Suicide Risk Management in US Nursing Homes,"Wang, Xiaochuan; Simons, Kelsey; Gammonley, Denise; Roberts, Amy Restorick; Bern-Klug, Mercedes",Journal of Gerontological Social Work,10.1080/01634372.2021.1936331,journal-article,title_and_abstract,True,Empirical,Quantitative,Quantitative,Quantitative,False,False
SWRD:62871,SWRD,2021,Social workers' risk assessment in child protection: the problem of disagreement and a lack of a precise language about risk,"Ejrnaes, Morten; Moesby-Jensen, Cecilie K.",European Journal of Social Work,10.1080/13691457.2021.1934409,journal-article,title_and_abstract,True,Empirical,Quantitative,Quantitative,Qualitative,False,False
SWRD:63689,SWRD,2021,Suicidality among children and youth in Nordic child welfare services: A systematic review,"Milde, Anne Marita; Gramm, Hedda Bjanger; Paaske, Ingeborg; Kleiven, Pia Granli; Christiansen, Oivin; Skaale Havnen, Karen J.",Child & Family Social Work,10.1111/cfs.12832,journal-article,title_and_abstract,True,Empirical,Review,Review,Review,False,False
SWRD:64072,SWRD,2021,Suicidality risk among adult sexual minorities: Results from a cross-sectional population-based survey,"Haney, Jolynn L.",Sexual and Gender Diversity in Social Services,10.1080/10538720.2021.1875946,journal-article,title_and_abstract,True,Empirical,Quantitative,Quantitative,Quantitative,False,False
SWRD:97177,SWRD,2021,Suicide prevention in Bangladesh: The current state and the way forward,Khan A.R.; Arendse N.; Ratele K.,"Studies in Clinical Social Work: Transforming Practice, Education and Research",10.1111/aswp.12214,journal-article,title_and_abstract,True,Non-empirical,Not applicable,Non-empirical,,False,False
SWRD:63690,SWRD,2021,"Suicide, Race, and Social Work: A Systematic Review of Protective Factors among African Americans","Reed, Darius D.; Stoeffler, Stephen W.; Joseph, Rigaud",Journal of Evidence-Based Social Work,10.1080/26408066.2020.1857317,journal-article,title_and_abstract,True,Empirical,Review,Review,,False,False
SWRD:64419,SWRD,2021,The acceptability of screening for suicide risk among youth in outpatient medical settings: Child and parent perspectives,"Tipton, Mary, V; Arruda-Colli, Marina N. F.; Bedoya, Sima Zadeh; Pao, Maryland; Wiener, Lori",Journal of Psychosocial Oncology,10.1080/07347332.2020.1856997,Article,title_and_abstract,True,Empirical,Quantitative,Quantitative,Quantitative,False,False
SWRD:97174,SWRD,2021,The association of childhood polyvictimization with physical and mental health status in early adulthood,Song A.; Cho Y.,"Studies in Clinical Social Work: Transforming Practice, Education and Research",10.1111/aswp.12222,journal-article,title_and_abstract,True,Empirical,Quantitative,Quantitative,Quantitative,False,False
SWRD:66099,SWRD,2021,Who's to blame? Rational and irrational reflections on responsibility following the suicide of a service user,"Smith, Martin",Journal of Social Work Practice,10.1080/02650533.2020.1737517,Article,title_and_abstract,True,Non-empirical,Not applicable,Non-empirical,,False,False
SSWR:2022-P-0356,SSWR,2022,"""but She's Your Mother!"" LGBTQ Adults Navigating Relationships with Non-Affirming Christian Parents",Sloan Okrey Anderson; Jenifer McGuire,SSWR annual conference,,Poster,title_and_abstract,False,Not applicable,Not applicable,Irrelevant,mixed_methods,False,False
SSWR:2022-O-0038,SSWR,2022,"(Converted as ePoster, See Poster Gallery) Intergenerational Transmission of Trauma and Resilience Among Latina Adolescents Who Attempted Suicide",Tatiana Londono; Lauren E. Gulbas; Luis H. Zayas,SSWR annual conference,,Oral,title_and_abstract,True,Empirical,Qualitative,Qualitative,qualitative,False,False
SSWR:2022-P-0088,SSWR,2022,"(Converted as ePoster, See Poster Gallery) Maltreatment Status, Dissociative Symptoms, and Suicidality of Youth Born to Mothers with a History of Betrayal Trauma",Lisa S. Panisch; Erinn B. Duprey,SSWR annual conference,,Poster,title_and_abstract,True,Empirical,Quantitative,Quantitative,quantitative,False,False
SSWR:2022-U-0023,SSWR,2022,A Longitudinal Examination of Veteran Well-Being during the COVID-19 Pandemic,Carl A. Castro; Sarah Kintzle,SSWR annual conference,,Oral,title_and_abstract,True,Empirical,Quantitative,Quantitative,quantitative,False,False
SSWR:2022-U-0645,SSWR,2022,Adherence Trends from Objective Dispensing Data:  Evaluation Results from a Telemedicine Intervention,George Jay Unick,SSWR annual conference,,Oral,title_and_abstract,False,Not applicable,Not applicable,Irrelevant,quantitative,False,False
SSWR:2022-U-0280,SSWR,2022,Adverse Childhood Experiences and Suicidal Behaviors Among Adults in South Korea: The Mediating Role of Depressive Symptoms,Haenim Lee; Aely Park,SSWR annual conference,,Oral,title_and_abstract,True,Empirical,Quantitative,Quantitative,quantitative,False,False
SSWR:2022-U-0088,SSWR,2022,"Age Group Comparison for Treatment Initiation, Engagement, and Effect of a Culturally Grounded Substance Use Treatment Intervention",Carol Lee,SSWR annual conference,,Oral,title_and_abstract,False,Not applicable,Not applicable,Irrelevant,quantitative,False,False
SSWR:2022-P-0304,SSWR,2022,Amplifying Voices: A Need to Address Racial and Social Justice in the U.S. Food System,Fiona Doherty; Michelle Kaiser,SSWR annual conference,,Poster,title_and_abstract,False,Not applicable,Not applicable,Irrelevant,mixed_methods,False,False
SSWR:2022-P-0149,SSWR,2022,"Association between Early Sexual Intercourse and Sexual Violence Victimization, Symptoms of Depression, and Suicidal Ideation Among Adolescents: Findings from 2017 to 2019 Youth Risk Behavior Survey",Lisa S. Panisch; Phillip Baiden; Yi Jin Kim; Catherine A. LaBrenz; Yeonwoo Kim; Henry K Onyeaka,SSWR annual conference,,Poster,title_and_abstract,True,Empirical,Quantitative,Quantitative,quantitative,False,False
SSWR:2022-U-0247,SSWR,2022,Bullying and Suicidality in Sexual Minority Youth: Testing Substance Use As a Mediator,Leah Bouchard; Traci Wike,SSWR annual conference,,Oral,title_and_abstract,True,Empirical,Quantitative,Quantitative,quantitative,False,False
SSWR:2022-P-0227,SSWR,2022,Care-Experienced Children and Young People’s Interventions to Improve Mental Health and Well-Being Outcomes: Systematic Review (CHIMES),Rhiannon Evans; Maria Boffey; Sarah MacDonald; Jane Noyes; G.J. Melendez-Torres; Helen Morgan; Michael Robling; Rob Trubey; Simone Willis; Charlotte Wooders,SSWR annual conference,,Poster,title_and_abstract,False,Not applicable,Not applicable,Irrelevant,review,False,False
SSWR:2022-P-0291,SSWR,2022,"Client, Peer, and Provider Stakeholder Input on the Modification of a Cognitive Behavioral Suicide Prevention Treatment for Adults with Psychosis",Lindsay A. Bornheimer; Juliann Li Verdugo; Joshua Holzworth; Fonda Smith; Vitalis Im; Hannah Sliwa; Joseph A. Himle,SSWR annual conference,,Poster,title_and_abstract,True,Empirical,Qualitative,Qualitative,qualitative,False,False
SSWR:2022-O-0002,SSWR,2022,"County Jails' Responses to COVID-19: Practices, Procedures, and Provision of Behavioral Health Services",Erin Comartin; Grant Victor; Trevor Whitehead; Victoria Nelson; Brad Ray; Sheryl Pimlott Kubiak,SSWR annual conference,,Oral,title_and_abstract,False,Not applicable,Not applicable,Irrelevant,quantitative,False,False
SSWR:2022-U-0683,SSWR,2022,COVID-19 Crisis Psychoeducation Training for Community Leaders in Informal Settlements in Brazil and Kenya,Amy S. Kapadia; Yamile Marti; Lena Obara; Chloé Lincoln; Ellen P. Lukens; Samantha Winter; Susan S. Witte,SSWR annual conference,,Oral,title_and_abstract,False,Not applicable,Not applicable,Irrelevant,mixed_methods,False,False
SSWR:2022-U-0339,SSWR,2022,Culturally Responsive Interventions Using Music to Improve Engagement and Mental Health for Adolescents and Young Adults: A Systematic Review,"Aaron Rodwin; Rei Shimizu; Raphael Travis; Kirk ""Jae"" James; Michelle R. Munson",SSWR annual conference,,Oral,title_and_abstract,False,Not applicable,Not applicable,Irrelevant,review,False,False
SSWR:2022-U-0375,SSWR,2022,Debt Takes over Your Mind: A Qualitative Exploration of Women and Debt,So'Phelia Morrow; Terri Friedline,SSWR annual conference,,Oral,title_and_abstract,False,Not applicable,Not applicable,Irrelevant,qualitative,False,False
SSWR:2022-P-0472,SSWR,2022,Defining Veteran Peer Support: Representing the Voices of Veterans in New York State,Amanda Matteson,SSWR annual conference,,Poster,title_and_abstract,True,Empirical,Qualitative,Qualitative,qualitative,False,False
SSWR:2022-P-0293,SSWR,2022,Determinants of Mental Health Service Use Among North Korean Refugee Women in South Korea,Boyoung Nam; Yujin Lee,SSWR annual conference,,Poster,title_and_abstract,True,Empirical,Quantitative,Quantitative,quantitative,False,False
SSWR:2022-P-0032,SSWR,2022,Developing Racially and Socioculturally Tailored Suicide Interventions for Black Men: Adjustment for Demographic Covariates of Suicide Among Black Men with and without Major Depressive Episode,Areen Omary; Tameka Chambers,SSWR annual conference,,Poster,title_and_abstract,True,Empirical,Quantitative,Quantitative,quantitative,False,False
SSWR:2022-P-0685,SSWR,2022,Discrimination Experiences and Reduced Daily Productivity in Youth Experiencing Homelessness,Amanda Sisselman; Grace Miele; Mia Budescu; Aurora Cayetano; Gina Torino; Ilyana Sori,SSWR annual conference,,Poster,title_and_abstract,False,Not applicable,Not applicable,Irrelevant,quantitative,False,False
SSWR:2022-P-0767,SSWR,2022,Ecological Models of Community-Oriented Variables As the Prediction of Childhood Resilience,Vinod Srivastava,SSWR annual conference,,Poster,title_and_abstract,False,Not applicable,Not applicable,Irrelevant,quantitative,False,False
SSWR:2022-P-0527,SSWR,2022,Enhancing Behavioral Health Competencies: Interprofessional Collaboration between Social Work and Medicine,Bronwyn Keefe,SSWR annual conference,,Poster,title_and_abstract,False,Not applicable,Not applicable,Irrelevant,quantitative,False,False
SSWR:2022-U-0695,SSWR,2022,Evaluation of an Equine-Assisted Intervention for Children Exposed to Trauma,Laura Hopson; Kristen McGraw; Candace Wilson; Amy Traylor,SSWR annual conference,,Oral,title_and_abstract,False,Not applicable,Not applicable,Irrelevant,quantitative,False,False
SSWR:2022-P-0516,SSWR,2022,"Examination of the Relationships Among Adverse Childhood Experiences, Stress and Self-Care",Trania Allen; Jaegoo Lee; Pedro Hernandez,SSWR annual conference,,Poster,title_and_abstract,False,Not applicable,Not applicable,Irrelevant,quantitative,False,False
SSWR:2022-U-0436,SSWR,2022,Examining the Impact of Police Practices on the Mental Health of Black Americans,Johnathan Tremblay; Manik Ahuja,SSWR annual conference,,Oral,title_and_abstract,True,Empirical,Quantitative,Quantitative,quantitative,False,False
SSWR:2022-U-0623,SSWR,2022,Exploring and Advancing Efforts for Developing a Black Youth Suicide Community Building Model,Sonyia Richardson; Michelle Vance,SSWR annual conference,,Oral,title_and_abstract,True,Empirical,Qualitative,Qualitative,qualitative,False,False
SSWR:2022-U-0486,SSWR,2022,Exploring Barriers and Facilitators to Service Engagement and Utilization Among Black Youth at High-Risk for Suicide,Kimberley Gryglewicz; Michelle Vance; Eunji Nam; Lisa Borntrager,SSWR annual conference,,Oral,title_and_abstract,True,Empirical,Quantitative,Quantitative,quantitative,False,False
SSWR:2022-P-0500,SSWR,2022,Feasibility and Acceptability of a Virtual Interprofessional Patient Simulation Training for Social Work and Nursing Students,Jennifer M. Putney; Cali-Ryan R. Collin; Rebekah S. Halmo; Gordon Chinamasa; Tamara Cadet,SSWR annual conference,,Poster,title_and_abstract,False,Not applicable,Not applicable,Irrelevant,mixed_methods,False,False
SSWR:2022-U-0673,SSWR,2022,Firearm Access and Suicide Risks Among Young Adults Experiencing Homelessness: A Seven City Study,Hsun-Ta Hsu; Anthony Fulginiti; Jarrod Call; Robin Petering; Anamika Barman-Adhikari; Diane Santa Maria; Jama Shelton; Sarah C. Narendorf; Kristin M. Ferguson; Kimberly A. Bender,SSWR annual conference,,Oral,title_and_abstract,True,Empirical,Quantitative,Quantitative,quantitative,False,False
SSWR:2022-P-0180,SSWR,2022,Foster Care Experience and Suicide Risk Among LGBTQ Youth,Jonah DeChants; Amy Green; Myeshia N. Price,SSWR annual conference,,Poster,title_and_abstract,True,Empirical,Quantitative,Quantitative,quantitative,False,False
SSWR:2022-U-0315,SSWR,2022,"Gatekeeping Beliefs, Intent, and Behaviors Among Young People Experiencing Homelessness",Anthony Fulginiti; Hsun-Ta Hsu,SSWR annual conference,,Oral,title_and_abstract,True,Empirical,Quantitative,Quantitative,quantitative,False,False
SSWR:2022-U-0094,SSWR,2022,Gender Differences in Veterans' Use of the Veterans Crisis Line: Highlighting Unique Needs of Women Veterans,Melissa E. Dichter; Lauren Krishnamurti; Sumedha Chhatre; Claire Hoffmire; Lindsey Monteith; Scarlett Bellamy; Katherine Iverson; Ann Elizabeth Montgomery; Aneeza Agha; Ian McCoy,SSWR annual conference,,Oral,title_and_abstract,True,Empirical,Quantitative,Quantitative,quantitative,False,False
SSWR:2022-P-0625,SSWR,2022,Gender Narratives: Experiences of Gender Identity Acceptance Among Transgender and Nonbinary Persons,C. Riley Hostetter,SSWR annual conference,,Poster,title_and_abstract,False,Not applicable,Not applicable,Irrelevant,qualitative,False,False
SSWR:2022-P-0018,SSWR,2022,"Gender-Moderated Association between Adolescent Mental Health, Conventional Substance Use, and Vaping",Youn Kyoung (Lily) KIM,SSWR annual conference,,Poster,title_and_abstract,True,Empirical,Quantitative,Quantitative,quantitative,False,False
SSWR:2022-P-0122,SSWR,2022,Hmong Intimate Partner Homicide-Suicide: Perspectives from Hmong Community Leaders,Pa Thor,SSWR annual conference,,Poster,title_and_abstract,True,Empirical,Qualitative,Qualitative,qualitative,False,False
SSWR:2022-U-0535,SSWR,2022,Hormone Therapy Use and Mental Health Outcomes Among Transgender Adults,Deirdre A. Shires; Haley Hill; Ishaan Modi; Leonardo Kattari; Lucas Prieto; Brayden Misiolek; Shanna K. Kattari,SSWR annual conference,,Oral,title_and_abstract,True,Empirical,Quantitative,Quantitative,quantitative,False,False
SSWR:2022-P-0223,SSWR,2022,How Strong Is a Mother's Love? Exploring the Mediating Role of Mother-Child Relationship Quality on the Link between Child Abuse Experiences and Adult Intimate Partner Violence Perpetration,Shuya Yin; Molly McLay,SSWR annual conference,,Poster,title_and_abstract,False,Not applicable,Not applicable,Irrelevant,quantitative,False,False
SSWR:2022-P-0106,SSWR,2022,I Think I Can: How Health Literacy Influences Self-Efficacy Among College Students,Tucker Wallace; Lauren Beasley; Steven Hoffman,SSWR annual conference,,Poster,title_and_abstract,False,Not applicable,Not applicable,Irrelevant,quantitative,False,False
SSWR:2022-P-0124,SSWR,2022,Impact of COVID-19 on Provider Assessment and Treatment of Psychosis and Suicide Risk,Lindsay A. Bornheimer; Juliann Li Verdugo; Joshua Holzworth,SSWR annual conference,,Poster,title_and_abstract,True,Empirical,Quantitative,Quantitative,mixed_methods,False,False
SSWR:2022-P-0466,SSWR,2022,Interventions for Adolescent Suicidality in Latin America: A Systematic Review,Catalina Cañizares; Mark J. Macgowan,SSWR annual conference,,Poster,title_and_abstract,True,Empirical,Review,Review,review,False,False
SSWR:2022-P-0684,SSWR,2022,Learning to Thrive in a Binary World: Core Dimensions of Wellbeing Among Nonbinary Individuals,M. Killian Kinney,SSWR annual conference,,Poster,title_and_abstract,False,Not applicable,Not applicable,Irrelevant,qualitative,False,False
SSWR:2022-U-0674,SSWR,2022,Learning to Thrive in a Binary World: Promotive and Corrosive Factors of Wellbeing Among Nonbinary Individuals,M. Killian Kinney,SSWR annual conference,,Oral,title_and_abstract,False,Not applicable,Not applicable,Irrelevant,qualitative,False,False
SSWR:2022-U-0539,SSWR,2022,"Loneliness, Social Support, and Mental Health Service Use during the Transition to Adulthood",Melissa L. Bessaha; Dawnsha Mushonga; Lisa Fedina; Jordan E. DeVylder,SSWR annual conference,,Oral,title_and_abstract,True,Empirical,Quantitative,Quantitative,quantitative,False,False
SSWR:2022-U-0670,SSWR,2022,Mental Health Implications of the COVID-19 Pandemic: Risk and Protective Factors within a University Sample,James Dimitri Topitzes; Michael Levandoski; Adam Jussel,SSWR annual conference,,Oral,title_and_abstract,False,Not applicable,Not applicable,Irrelevant,quantitative,False,False
SSWR:2022-U-0273,SSWR,2022,Mental Health Treatment Engagement after Jail: The Role of Community Mental Health,Danielle Hicks; Edita Milanovic; Erin Comartin; Sheryl Pimlott Kubiak,SSWR annual conference,,Oral,title_and_abstract,False,Not applicable,Not applicable,Irrelevant,quantitative,False,False
SSWR:2022-P-0443,SSWR,2022,Online Help-Seeking and Support Among Student Suicidal Ideators in the Midst of Pandemic: Linguistic Approach,Gahwan Yoo; Tracy M. Grogan; Michael A. Lindsey,SSWR annual conference,,Poster,title_and_abstract,True,Empirical,Quantitative,Quantitative,quantitative,False,False
SSWR:2022-P-0691,SSWR,2022,Parents' Adverse Childhood Experiences Matter: A Moderation Analysis of the Association between Parental Pre-Mentalization and Child Emotional and Behavioral Difficulties,Xiafei Wang,SSWR annual conference,,Poster,title_and_abstract,False,Not applicable,Not applicable,Irrelevant,quantitative,False,False
SSWR:2022-U-0142,SSWR,2022,Patterns and Trends Among Intimate Partner Homicide Cases: An Analysis By Sex and Race/Ethnicity,Shih-Ying Cheng; Melissa Jonson-Reid; Tonya Edmond; Shenyang Guo; Maxine Davis,SSWR annual conference,,Oral,title_and_abstract,True,Empirical,Quantitative,Quantitative,quantitative,False,False
SSWR:2022-P-0160,SSWR,2022,Polyvictimization and Psychological Outcomes Among North Korean Refugee Women,Boyoung Nam; Yujin Lee; Charlotte Lynn Bright; Nalini Negi,SSWR annual conference,,Poster,title_and_abstract,True,Empirical,Quantitative,Quantitative,quantitative,False,False
SSWR:2022-P-0207,SSWR,2022,Predictors of Suicidal Ideation Among South Korean Adolescents: A Machine Learning Approach,Hayoung Kim; Yoonsun Han,SSWR annual conference,,Poster,title_and_abstract,True,Empirical,Quantitative,Quantitative,quantitative,False,False
SSWR:2022-P-0444,SSWR,2022,Profiling Expenditure Patterns of Low-Income Families in China: Impact on Child Developmental Outcomes and Suicidal Risks,Yunyu Xiao; Julian Chun-Chung Chow; Keqing Han; Shencheng Wang,SSWR annual conference,,Poster,title_and_abstract,True,Empirical,Quantitative,Quantitative,quantitative,False,False
SSWR:2022-U-0172,SSWR,2022,Providers'views on the Effect of Dogs on Veterans Diagnosed with PTSD,Ashley A. O'Connor,SSWR annual conference,,Oral,title_and_abstract,False,Not applicable,Not applicable,Irrelevant,quantitative,False,False
SSWR:2022-U-0621,SSWR,2022,"Psychological Inflexibility and the Connection to Depression, Self-Harm, and Suicidality: Examining the Protective Role of Campus Belongingness for Black Undergraduate Students",Janelle R. Goodwill,SSWR annual conference,,Oral,title_and_abstract,True,Empirical,Quantitative,Quantitative,quantitative,False,False
SSWR:2022-P-0620,SSWR,2022,Psychosocial Interventions for Substance Using Women in the Perinatal Period: A Systematic Review of the Evidence,Kyria Brown,SSWR annual conference,,Poster,title_and_abstract,False,Not applicable,Not applicable,Irrelevant,review,False,False
SSWR:2022-P-0013,SSWR,2022,Secondary Traumatic Stress Among Parent Advocates in Child Welfare,Marina Lalayants,SSWR annual conference,,Poster,title_and_abstract,False,Not applicable,Not applicable,Irrelevant,qualitative,False,False
SSWR:2022-P-0446,SSWR,2022,"Social Disconnectedness, Family Support, and Suicidal Ideation Among Military Female Spouses in South Korea",Jae Yop Kim; Daeyeon Jang; Boyoung Nam; Bomie Woo,SSWR annual conference,,Poster,title_and_abstract,True,Empirical,Quantitative,Quantitative,quantitative,False,False
SSWR:2022-P-0199,SSWR,2022,Social Workers' Attitudes Toward Medical Aid in Dying: A Modified Systematic Review,Todd Becker; John G. Cagle,SSWR annual conference,,Poster,title_and_abstract,False,Not applicable,Not applicable,Irrelevant,review,False,False
SSWR:2022-U-0007,SSWR,2022,Solution-Focused Brief Therapy for Adolescent and Young Adult Cancer Patients in China: A Pilot Randomized Controlled Trial,Anao Zhang,SSWR annual conference,,Oral,title_and_abstract,False,Not applicable,Not applicable,Irrelevant,quantitative,False,False
SSWR:2022-P-0369,SSWR,2022,Suicidal Ideation Among Generation Z Rap Artists:  A Content Analysis of Lyrics with Clinical Recommendations,Cortney VanHook,SSWR annual conference,,Poster,title_and_abstract,True,Empirical,Quantitative,Quantitative,qualitative,False,False
SSWR:2022-P-0384,SSWR,2022,"Suicidal Ideation, Attempts, and Thought-to-Action Transitions Among Young Adults with Marginalized Sexual and Gender Identities Experiencing Homelessness: A Seven City Study",Anthony Fulginiti; Hsun-Ta Hsu; Jarrod Call; Anamika Barman-Adhikari; Jama Shelton; Robin Petering; Kristin M. Ferguson; Sarah C. Narendorf; Diane Santa Maria; Kimberly A. Bender,SSWR annual conference,,Poster,title_and_abstract,True,Empirical,Quantitative,Quantitative,quantitative,False,False
SSWR:2022-P-0599,SSWR,2022,"Suicide Prevention Initiative Campus-Wide Survey Analysis: Attitudes, Confidence, & Knowledge",Athena Kheibari; Guijin Lee; Kendra Wells; Luxie Vang; Neva Nahan; Stella M. Resko,SSWR annual conference,,Poster,title_and_abstract,True,Empirical,Quantitative,Quantitative,quantitative,False,False
SSWR:2022-P-0455,SSWR,2022,Suicide-Related Stigma Among Latinx Individuals in the Southwest United States,Kathryne B. Brewer; Micki Washburn; Robin E. Gearing; Luis Torres-Hostos; Natalia Giraldo-Santiago; Alberto Cabrera,SSWR annual conference,,Poster,title_and_abstract,True,Empirical,Quantitative,Quantitative,quantitative,False,False
SSWR:2022-P-0202,SSWR,2022,Testing the Suicide Minority Paradox: The Role of Race/Ethnicity with Suicide-Related Behaviors,Sonyia Richardson,SSWR annual conference,,Poster,title_and_abstract,True,Empirical,Quantitative,Quantitative,quantitative,False,False
SSWR:2022-U-0620,SSWR,2022,The Contribution of Protective Factors to Suicidal Behavior Among Justice-Involved Black Youth: Findings from the National Survey of Drug Use and Health,Camille R. Quinn; Erinn B. Duprey; Raven Lynch; Micah Mitchell; Donte T. Boyd; Elizabeth Handley; Catherine Cerulli,SSWR annual conference,,Oral,title_and_abstract,True,Empirical,Quantitative,Quantitative,quantitative,False,False
SSWR:2022-P-0573,SSWR,2022,The COVID-19 Impact on the Mental Health of Healthcare Workers,Jihee Woo; Rafael J. Engel; Jeffrey Shook,SSWR annual conference,,Poster,title_and_abstract,True,Empirical,Quantitative,Quantitative,quantitative,False,False
SSWR:2022-P-0150,SSWR,2022,The Mental Health Impact of Racial Discrimination Against Asian American Pacific Islanders,Hans Y. Oh; Sasha Zhou; Rachel Banawa,SSWR annual conference,,Poster,title_and_abstract,True,Empirical,Quantitative,Quantitative,quantitative,False,False
SSWR:2022-U-0519,SSWR,2022,Understanding Vicarious Trauma Among First Responders,Natasha S. Mendoza; Abigail Henderson; Elsa Vazquez-Arreola; Nicole K. Janich,SSWR annual conference,,Oral,title_and_abstract,False,Not applicable,Not applicable,Irrelevant,quantitative,False,False
SSWR:2022-U-0482,SSWR,2022,Violence Against Women and Public Mass Shootings,Juliann Nicholson; Ellen DeVoe,SSWR annual conference,,Oral,title_and_abstract,True,Empirical,Quantitative,Quantitative,quantitative,False,False
SSWR:2022-U-0162,SSWR,2022,Violence Exposure and Suicide Risk: Findings from a National Survey of Emerging Adults,Lisa Fedina; Jordan E. DeVylder; Todd I. Herrenkohl; Cheryl King,SSWR annual conference,,Oral,title_and_abstract,True,Empirical,Quantitative,Quantitative,quantitative,False,False
SSWR:2022-U-0605,SSWR,2022,"Youth Who Have Lived in out-of-Home Care in Sub-Saharan Africa: Exploratory, Comparative Analyses of Nationally-Representative Data",Sarah Elizabeth Neville; Thomas M. Crea,SSWR annual conference,,Oral,title_and_abstract,True,Empirical,Quantitative,Quantitative,quantitative,False,False
SWRD:60780,SWRD,2022,A Cross-Sectional Analysis of the National Survey on Drug Use and Health Data: Mental Health Determinants of Major Depression and Suicidal Ideation in Older Adults,"Omary, Areen; Chambers, Tameka",Journal of Evidence-Based Social Work,10.1080/26408066.2022.2061884,journal-article,title_and_abstract,True,Empirical,Quantitative,Quantitative,Quantitative,False,False
SWRD:102509,SWRD,2022,A Social Worker’s Experience with Client Suicide,Wilks; Scott E; Zuleka; Oliver; Anderson-Nathe; Denise; Lavar; Norma D.; Bhuyan; Nduna; Christopher St.; Brice; Robinson-Davis; Ling; Edith; Huff,Reflections: Narratives of Professional Helping,,Article,title_and_abstract,True,Non-empirical,Not applicable,Non-empirical,,False,False
SWRD:65242,SWRD,2022,Adapting Trauma-Focused Cognitive Behavioral Therapy to Treat Complex Trauma in Police Officers,"Collazo, Jasmin",Clinical Social Work Journal,10.1007/s10615-020-00770-z,journal-article,title_and_abstract,False,Not applicable,Not applicable,Irrelevant,,False,False
SWRD:120276,SWRD,2022,Adult-Onset and Adolescent-Limited Suicidal Ideation: A Developmental Approach to Suicide,"Teasdale, Brent; Teasdale, Brent; Harris, Michelle N; Harris, Michelle N; Bradley, Mindy; Bradley, Mindy; Shammi, Suraiya H; Shammi, Suraiya H; Ivanich, Jerreed D; Ivanich, Jerreed D",The Journal of Sociology & Social Welfare,oai:scholarworks.wmich.edu:jssw-4506,fetch_failed,title_and_abstract,True,Empirical,Quantitative,Quantitative,Quantitative,False,False
SWRD:59447,SWRD,2022,An Examination of Suicidal Behavior among Black College Students with Exposure to Police Violence,"Szlyk, Hannah; Motley, Robert; Joe, Sean; Nonas-Barnes, Lucy; Azasu, Enoch",Social Work,10.1093/sw/swac046,journal-article,title_and_abstract,True,Empirical,Quantitative,Quantitative,Quantitative,False,False
SWRD:87859,SWRD,2022,Are Social Work Students Being Adequately Prepared to Intervene With Suicide? Results of a National Survey of BSW and MSW Programs,Mirick R.G.,Advances in Social Work,10.18060/25991,journal-article,title_and_abstract,True,Empirical,Quantitative,Quantitative,Quantitative,False,False
SWRD:61827,SWRD,2022,Asian in the Time of COVID-19: Creating a Social Work Agenda for Asian American and Pacific Islander Communities,"Azhar, Sameena; Farina, Anne; Alvarez, Antonia R. G.; Klumpner, Susan",Social Work,10.1093/sw/swab044,journal-article,title_and_abstract,False,Not applicable,Not applicable,Irrelevant,,False,False
SWRD:102076,SWRD,2022,Attitudes of Social Workers about Rational Suicide,Tabitha; Carbonell,International Journal of Social Work Values and Ethics,10.55521/10-019-306,journal-article,title_and_abstract,True,Empirical,Quantitative,Quantitative,Quantitative,False,False
SWRD:79758,SWRD,2022,Caller Concerns and Mental Distress during COVID-19,Joshi A.; Tamanna S.; Babare T.; Auti N.,Indian Journal of Social Work,10.32444/ijsw.2022.83.1.71-94,fetch_failed,title_and_abstract,True,Empirical,Quantitative,Quantitative,Quantitative,False,False
SWRD:62612,SWRD,2022,Developing mental health and addiction competencies in social work students using simulation-based learning,"Kourgiantakis, Toula; Lee, Eunjung",Social Work Education,10.1080/02615479.2021.1955850,journal-article,title_and_abstract,True,Non-empirical,Not applicable,Non-empirical,,False,False
SWRD:61320,SWRD,2022,"Eating Disorder Symptoms, Non-suicidal Self-injury, and Suicidal Behavior are Associated Among College Men","Ganson, Kyle T.; Rodgers, Rachel F.; Lipson, Sarah K.; Cadet, Tamara J.; Putnam, Michelle",Clinical Social Work Journal,10.1007/s10615-021-00831-x,journal-article,title_and_abstract,True,Empirical,Quantitative,Quantitative,Quantitative,False,False
SWRD:64818,SWRD,2022,Educational assessment of a social simulation for MSW students using the CAMS framework,"Kratz, Jon; Bragg, Jedediah E.; Nay, Eden D. E.; Miller-Cribbs, Julie; Munoz, Ricky T.; Howell, Daniel",Social Work Education,10.1080/02615479.2020.1826921,Article,title_and_abstract,True,Empirical,Quantitative,Quantitative,Quantitative,False,False
SWRD:61862,SWRD,2022,Elder Suicide: Durkheim's Vision,"Felderhoff, Brandi Jean",Social Work,10.1093/sw/swab054,journal-article,title_only,True,Non-empirical,Not applicable,Non-empirical,,False,False
SWRD:62646,SWRD,2022,Explaining spatial patterns of lung cancer mortality in Russia,"Czaderny, Krzysztof",Journal of Human Behavior in the Social Environment,10.1080/10911359.2021.1951916,journal-article,title_and_abstract,False,Not applicable,Not applicable,Irrelevant,Quantitative,False,False
SWRD:61983,SWRD,2022,Exploring Differences in Baseline Characteristics among Adults Entering Integrated Residential Treatment for Co-occurring Disorders in 2013 and 2017,"Snyder, Susan M.; Morse, Siobhan A.; Bride, Brian E.",Social Work in Public Health,10.1080/19371918.2021.1986449,journal-article,title_and_abstract,False,Not applicable,Not applicable,Irrelevant,Quantitative,False,False
SWRD:60395,SWRD,2022,Getting to the Root of the Problem: A Decision-Tree Analysis for Suicide Risk Among Young People Experiencing Homelessness,"Fulginiti, Anthony; Segal, Avi; Wilson, Jennifer; Hill, Chyna; Tambe, Milind; Castro, Carl; Rice, Eric",Journal of the Society for Social Work and Research,10.1086/715211,journal-article,title_and_abstract,True,Empirical,Quantitative,Quantitative,Quantitative,False,False
SWRD:61128,SWRD,2022,Healing from recurrent suicide attempts: the impact of being a peer facilitator,"Gaffney, Alexandra; Bergmans, Yvonne",Social Work in Mental Health,10.1080/15332985.2022.2033904,journal-article,title_and_abstract,True,Empirical,Qualitative,Qualitative,Qualitative,False,False
SWRD:87867,SWRD,2022,"High-Achieving Asian American Adolescents and Suicide: The Need for Culturally Sensitive Suicide Intervention Approaches in Schools, A Case Study",Chock-Goldman J.,Advances in Social Work,10.18060/24604,journal-article,title_and_abstract,True,Non-empirical,Not applicable,Non-empirical,,False,False
SWRD:63462,SWRD,2022,Importance of worthwhile life and social health as predictors of suicide ideation among cancer patients,"Jung, Ju Youn; Yun, Young Ho",Journal of Psychosocial Oncology,10.1080/07347332.2021.1901830,journal-article,title_and_abstract,True,Empirical,Quantitative,Quantitative,Quantitative,False,False
SWRD:61499,SWRD,2022,Military family dynamics in transition: The experiences of young people when their families leave the Australian Defence Force,"Wells, Hannah; Heinsch, Milena; Brosnan, Caragh; Kay-Lambkin, Frances",Child & Family Social Work,10.1111/cfs.12898,journal-article,title_and_abstract,False,Not applicable,Not applicable,Irrelevant,Qualitative,False,False
SWRD:89082,SWRD,2022,New York City School Social Workers in a Pandemic: Lessons Learned from COVID-19,"Chock-Goldman, Jessica",Children & Schools,10.1093/cs/cdac010,journal-article,title_and_abstract,True,Non-empirical,Not applicable,Non-empirical,,False,False
SWRD:59684,SWRD,2022,Online mental health treatment use among college students at-risk for suicide,"Reyes-Portillo, Jazmin A.; Rette, Danielle N.; Weeks, Cody; Singh, Tanya; Mahmud, Farah; Tineo, Petty; Kline, Emily A.; Bixter, Michael T.; Warner, Carrie Masia",Journal of Technology in Human Services,10.1080/15228835.2022.2130503,journal-article,title_and_abstract,True,Empirical,Quantitative,Quantitative,Quantitative,False,False
SWRD:62797,SWRD,2022,Prevalence and correlates of hopelessness in Tunisian women with benign breast disease and breast cancer,"Fekih-Romdhane, Feten; Saadallah, Fatma; Mbarek, Mahdi; Bouzaiene, Hatem; Cheour, Majda",Journal of Psychosocial Oncology,10.1080/07347332.2021.1943103,journal-article,title_and_abstract,True,Empirical,Quantitative,Quantitative,Quantitative,False,False
SWRD:93913,SWRD,2022,Race Differences in Opioid Misuse and Adolescent Suicidality,"Chan, Keith Tsz-Kit; Zhou, Shangyun; Marsack-Topolewski, Christina",Child & Adolescent Social Work Journal,10.1007/s10560-020-00721-0,journal-article,title_and_abstract,True,Empirical,Quantitative,Quantitative,Quantitative,False,False
SWRD:88996,SWRD,2022,Reducing Suicide-Related Stigma through Peer-to-Peer School-Based Suicide Prevention Programming,"Wright-Berryman, Jennifer L.; Thompson, Devyn; Cramer, Robert J.",Children & Schools,10.1093/cs/cdac015,journal-article,title_and_abstract,True,Empirical,Quantitative,Quantitative,Quantitative,False,False
SWRD:60990,SWRD,2022,Risk and protective factors associated with suicidal behaviour during the COVID-19 pandemic crisis amongst college students in Spain,"Caravaca-Sanchez, Francisco; Muyor-Rodriguez, Jesus; Sebastian Fernandez-Prados, Juan",Social Work in Mental Health,10.1080/15332985.2022.2048336,journal-article,title_and_abstract,True,Empirical,Quantitative,Quantitative,Quantitative,False,False
SWRD:94413,SWRD,2022,Risk and Protective Factors to LGBTQ plus Youth Suicide: A Review of the Literature,"Gorse, Michael",Child & Adolescent Social Work Journal,10.1007/s10560-020-00710-3,journal-article,title_and_abstract,True,Non-empirical,Not applicable,Non-empirical,,False,False
SWRD:61382,SWRD,2022,Risk factors of suicide among Chinese college students: a literature review,"Huang, Tong; Saito, Eisuke",China Journal of Social Work,10.1080/17525098.2020.1858736,journal-article,title_and_abstract,True,Non-empirical,Not applicable,Non-empirical,,False,False
SWRD:65111,SWRD,2022,"Social Work Education and Training in Mental Health, Addictions, and Suicide: A Scoping Review","Kourgiantakis, Toula; Sewell, Karen M.; McNeil, Sandra; Lee, Eunjung; Logan, Judith; Kuehl, Dale; McCormick, Megan; Adamson, Keith; Kirvan, Anne",Journal of Social Work Education,10.1080/10437797.2020.1773363,journal-article,title_and_abstract,True,Empirical,Review,Review,Review,False,False
SWRD:60455,SWRD,2022,"Suicidal Ideation, Suicide Attempts, Parenting Styles, Social Support and School Conditions among College Students in China","Zhao, Qun; Gui, Hongyu; Mao, Yuchen; Tam, Cheuk Chi","Studies in Clinical Social Work: Transforming Practice, Education and Research",10.1080/00377317.2022.2077275,journal-article,title_and_abstract,True,Empirical,Quantitative,Quantitative,Quantitative,False,False
SWRD:110628,SWRD,2022,Suicide Postvention in Schools: What Evidence Supports Our Current National Recommendations,"Williams, Denise Yookong; Williams, Denise Yookong; Ky, Kosal; Khalid, Mohammed; Wexler, Lisa; Choi, Su-young; Hick, Steven; Wexler, Lisa; Muelle, Anna S; Mueller, Anna S.; Cheng, Shirley; Howe, Brian",School Social Work Journal,,Journal Article,title_and_abstract,True,Non-empirical,Not applicable,Non-empirical,,False,False
SWRD:102510,SWRD,2022,Surviving Client Suicide: The Invisible Burden of Two Clinicians,Monica Y E; René D; Koeske; Erin Olson; Alina; DiNitto; Van; Kari L,Reflections: Narratives of Professional Helping,,Article,title_and_abstract,True,Non-empirical,Not applicable,Non-empirical,,False,False
SWRD:61199,SWRD,2022,The hope & wellness screening toolkit: developing a community based suicide and substance use screening program for American Indians and Alaska Natives,"Hopson, Jennifer; Momper, Sandra L.; Mueller-Williams, Amelia Cromwell; Burrage, Rachel L.; Doria, Celina M.; Eiler, Abigail",Social Work in Mental Health,10.1080/15332985.2022.2032534,journal-article,title_and_abstract,True,Empirical,Qualitative,Qualitative,,False,False
SWRD:62393,SWRD,2022,The impact of COVID-19 on first responders' resilience and attachment,"Carbajal, Jose; Ponder, Warren N.; Whitworth, James; Schuman, Donna L.; Galusha, Jeanine M.",Journal of Human Behavior in the Social Environment,10.1080/10911359.2021.1962777,journal-article,title_and_abstract,True,Empirical,Quantitative,Quantitative,Quantitative,False,False
SWRD:62088,SWRD,2022,The relationship between thwarted interpersonal needs and suicidal behaviors varies as a function of positive emotions in a rural sexual minority sample,"Choudhury, Sunia; Klibert, Jeffrey J.; Weiss, Brandon",Sexual and Gender Diversity in Social Services,10.1080/10538720.2021.1986448,journal-article,title_and_abstract,True,Empirical,Quantitative,Quantitative,Quantitative,False,False
SWRD:61547,SWRD,2022,The Role of Clinical Social Worker in Addressing the Social Consequences of Coronavirus (Covid-19): A Field Study,"Alqahtani, Manal M.",Social Work in Public Health,10.1080/19371918.2021.2015035,journal-article,title_and_abstract,False,Not applicable,Not applicable,Irrelevant,Quantitative,False,False
SWRD:60733,SWRD,2022,Three clinical techniques from cognitive behavior therapy for suicide prevention,"Vesco, Karina M.; LaCroix, Jessica M.; Bond, Allison; Fox, Amber; Ribeiro, Sissi; Darmour, Charles; Ghahramanlou-Holloway, Marjan",Social Work in Mental Health,10.1080/15332985.2022.2050878,journal-article,title_and_abstract,True,Non-empirical,Not applicable,Non-empirical,,False,False
SWRD:61042,SWRD,2022,Tolerating Risk: Professional Judgment in Suicide Risk Assessment,"Regehr, Cheryl; Paterson, Jane; Sewell, Karen; Birze, Arija; Bogo, Marion; Fallon, Barbara; Regehr, Glenn",Social Service Review,10.1086/718580,journal-article,title_and_abstract,True,Empirical,Qualitative,Qualitative,,False,False
SWRD:60043,SWRD,2022,Trauma-Informed Clinical Practice with Clients with Suicidal Thoughts and Behaviors,"Mirick, Rebecca G.; Bridger, Joanna; Mccauley, James","Studies in Clinical Social Work: Transforming Practice, Education and Research",10.1080/00377317.2022.2104778,journal-article,title_and_abstract,True,Non-empirical,Not applicable,Non-empirical,,False,False
SWRD:60401,SWRD,2022,Validation of the Interpersonal Needs Questionnaire Among Korean Older Adults: Factor Structure and Convergent Validity,"Ko, Jungyai",Journal of the Society for Social Work and Research,10.1086/712952,journal-article,title_and_abstract,True,Empirical,Quantitative,Quantitative,Quantitative,False,False
SSWR:2023-P-0319,SSWR,2023,"""I Don't Know How Much Impact We Can Make"": First Responder Perceptions of the System of Care and People Who Use Drugs",Natasha S. Mendoza; Tisha Holmes,SSWR annual conference,,Poster,title_and_abstract,False,Not applicable,Not applicable,Irrelevant,qualitative,False,False
SSWR:2023-U-0448,SSWR,2023,"""the Stress of Capitalism:"" a Critical Ecosystems and Intersectional Approach to Understanding Farmer Well-Being",Fiona Doherty; Michelle Kaiser,SSWR annual conference,,Oral,title_and_abstract,True,Empirical,Qualitative,Qualitative,qualitative,False,False
SSWR:2023-P-0215,SSWR,2023,(see Poster Gallery) An Exploratory Study of Effective Approaches in Counseling Adolescent School Violence Victims: Use of the Delphi Method,Sooyoun Soh; Jeongwon Baik; Sujung Choi; Hyesun Joo; Young Ji Yoon,SSWR annual conference,,Poster,title_and_abstract,False,Not applicable,Not applicable,Irrelevant,qualitative,False,False
SSWR:2023-P-0173,SSWR,2023,"(see Poster Gallery) Bathroom Access and Suicide Risk Among Transgender, Nonbinary, and Gender-Questioning Youth",Jonah DeChants; Amy Green; Myeshia N. Price,SSWR annual conference,,Poster,title_and_abstract,True,Empirical,Quantitative,Quantitative,quantitative,False,False
SSWR:2023-P-0108,SSWR,2023,"(see Poster Gallery) Building Solutions for the Complex Relationship between Rurality, Distress, Major Depression, and the Risk for Suicidal Ideation Among African American Adults",Areen Omary,SSWR annual conference,,Poster,title_and_abstract,True,Empirical,Quantitative,Quantitative,quantitative,False,False
SSWR:2023-P-0344,SSWR,2023,(see Poster Gallery) Characteristics of and Circumstances Associated with Female Suicide Related to Intimate Partner Problems,Jeongsuk Kim; Rebecca J. Macy; Cynthia Fraga Rizo; Christopher J. Wretman; Spenser R. Radtke,SSWR annual conference,,Poster,title_and_abstract,True,Empirical,Quantitative,Quantitative,quantitative,False,False
SSWR:2023-P-0556,SSWR,2023,"(see Poster Gallery) Examining the Relationship between NSSI Online Support Group Utilization, Pain Tolerance, Depression, and NSSI Preoccupation",Rebecca Eliseo-Arras; Carol F. Scott; Jenny Mincin; Michele Paterson,SSWR annual conference,,Poster,title_and_abstract,False,Not applicable,Not applicable,Irrelevant,mixed_methods,False,False
SSWR:2023-P-0342,SSWR,2023,(see Poster Gallery) Female Suicide Victims with Intimate Partner Problems and Their Suicide Intention Disclosure,Jeongsuk Kim; Rebecca J. Macy; Cynthia Fraga Rizo; Christopher J. Wretman; Spenser R. Radtke,SSWR annual conference,,Poster,title_and_abstract,True,Empirical,Quantitative,Quantitative,quantitative,False,False
SSWR:2023-P-0317,SSWR,2023,"(see Poster Gallery) Investigating U.S. State-Level Income Inequality As a Determinant of Population Health: Theory, Evidence, and Directions Forward",Andrew Irish,SSWR annual conference,,Poster,title_and_abstract,False,Not applicable,Not applicable,Irrelevant,mixed_methods,False,False
SSWR:2023-P-0212,SSWR,2023,(see Poster Gallery) Its Not Supposed to Happen This Way: What Helps Parents Who Have Lost a Child through Accidential or Violent Death,Dorothy Jimenez,SSWR annual conference,,Poster,title_and_abstract,True,Empirical,Review,Review,review,False,False
SSWR:2023-P-0401,SSWR,2023,(see Poster Gallery) Male Violence Against Women and Public Mass Shooting Lethality,Juliann Nicholson; Ellen DeVoe; Varsha Kulkarni,SSWR annual conference,,Poster,title_and_abstract,False,Not applicable,Not applicable,Irrelevant,quantitative,False,False
SSWR:2023-P-0106,SSWR,2023,(see Poster Gallery) Relationships between Neighborhood Collective Efficacy and  Adolescent Suicidal Ideation,Ji Hyeon Lee,SSWR annual conference,,Poster,title_and_abstract,True,Empirical,Quantitative,Quantitative,quantitative,False,False
SSWR:2023-P-0007,SSWR,2023,(see Poster Gallery) Suicide Among Social Workers in the United States: Characteristics and Circumstances of Social Worker Suicide,Meredith Canada; Sadaaki Fukui,SSWR annual conference,,Poster,title_and_abstract,True,Empirical,Quantitative,Quantitative,quantitative,False,False
SSWR:2023-P-0046,SSWR,2023,(see Poster Gallery) Understanding Khat Use and Its Impacts on Quality of Life: A Theory-Generating Qualitative Meta-Synthesis,Gashaye Melaku Tefera; Omoshola Kehinde; ManSoo Yu; Maria Florence; Tracy-Ann Adonis; Noluthando Mpisane; Casey Botha,SSWR annual conference,,Poster,title_and_abstract,False,Not applicable,Not applicable,Irrelevant,review,False,False
SSWR:2023-U-0018,SSWR,2023,"A Cross-Lagged Prospective Network Analysis of Suicide Potential, Risk Factors, and Protective Factors Among Children and Adolescents in Hong Kong",Yumei Li; Sylvia Kwok,SSWR annual conference,,Oral,title_and_abstract,True,Empirical,Quantitative,Quantitative,quantitative,False,False
SSWR:2023-P-0635,SSWR,2023,A Phenomenological Process: Understanding Black University Students Holistic Wellness Needs and Experiences,Nina Johnson,SSWR annual conference,,Poster,title_and_abstract,False,Not applicable,Not applicable,Irrelevant,qualitative,False,False
SSWR:2023-P-0102,SSWR,2023,A Program Evaluation: Synchronous Online Cognitive Behavioral Intervention,Virgil Gregory; Lisa Werth,SSWR annual conference,,Poster,title_and_abstract,False,Not applicable,Not applicable,Irrelevant,quantitative,False,False
SSWR:2023-U-0065,SSWR,2023,An Examination of Suicidal Behavior Among Black College Students  with Exposure to Police Violence,Robert O. Motley Jr.; Hannah Szlyk; Sean Joe; Lucy Nonas-Barnes; Enoch Azasu,SSWR annual conference,,Oral,title_and_abstract,True,Empirical,Quantitative,Quantitative,quantitative,False,False
SSWR:2023-P-0261,SSWR,2023,Assessing and Addressing the Mental Health of MSW Students,Lynette M. Renner; Laura Soltani; Patricia Shannon; William Carlson,SSWR annual conference,,Poster,title_and_abstract,True,Empirical,Quantitative,Quantitative,mixed_methods,False,False
SSWR:2023-U-0468,SSWR,2023,Barriers to School-Based Mental Health Resource Utilization Among Black Boys,Ed-Dee Williams,SSWR annual conference,,Oral,title_and_abstract,False,Not applicable,Not applicable,Irrelevant,quantitative,False,False
SSWR:2023-P-0399,SSWR,2023,Behavioral Health Needs of Older Adults Living in Poverty: Machine Learning-Based Predictive Models,Saahoon Hong; Eun-Hye Grace Yi; Betty A. Walton; Hea-Won Kim,SSWR annual conference,,Poster,title_and_abstract,False,Not applicable,Not applicable,Irrelevant,quantitative,False,False
SSWR:2023-U-0815,SSWR,2023,"Bullying Involvement, Neglectful Parenting, and Suicidal Thoughts Among African American Youth in Chicago Southside",Jun Sung Hong; Saijun Zhang; Dexter R. Voisin,SSWR annual conference,,Oral,title_and_abstract,True,Empirical,Quantitative,Quantitative,quantitative,False,False
SSWR:2023-U-0017,SSWR,2023,"Changes in Suicide Rate of Older Adults According to Gender, Age, and Region in South Korea from 2010 to 2017",Kyu-Hyoung Jeong; Seoyoon Jane Lee; Sunghwan Cho; Hyun-Jae Woo; Sunghee Kim,SSWR annual conference,,Oral,title_and_abstract,True,Empirical,Quantitative,Quantitative,quantitative,False,False
SSWR:2023-U-0011,SSWR,2023,Childhood Adversity and Risk Behaviors Among Chinese Rural Youth: A Moderated Mediation Analysis,Lixia Zhang; Liwei Zhang,SSWR annual conference,,Oral,title_and_abstract,False,Not applicable,Not applicable,Irrelevant,quantitative,False,False
SSWR:2023-U-0572,SSWR,2023,Childhood Emotional Abuse and Youth Outcomes:  A Systematic Review,Amanda Stafford McRell; Kristen D. Seay; Christian Holmes; Camie A. Tomlinson; Melissa Strompolis,SSWR annual conference,,Oral,title_and_abstract,False,Not applicable,Not applicable,Irrelevant,review,False,False
SSWR:2023-P-0153,SSWR,2023,Clinician Perspectives on an Integrated Adolescent Substance Use and Suicide Treatment,Christina M. Sellers; Sky Gavis-Hughson; Carly Burton; Kimberly H. McManama O'Brien; Jennifer Merrill; Anthony Spirito,SSWR annual conference,,Poster,title_and_abstract,True,Empirical,Qualitative,Qualitative,qualitative,False,False
SSWR:2023-U-0153,SSWR,2023,Concealment Versus Disclosure: A Cross-Sectional Study Examining Psychological Well-Being and Secrecy Management,Victoria Ka Ying Hui; Celia Hoi-Yan Chan; Cecilia Lai Wan Chan,SSWR annual conference,,Oral,title_and_abstract,False,Not applicable,Not applicable,Irrelevant,quantitative,False,False
SSWR:2023-P-0066,SSWR,2023,Cyberbullying Victimization and Its Influence on Psychosocial and Behavioral Problems of Sexual Minority College Students during COVID-19,Jaegoo Lee; Jeoung Min Lee; Hailey Hyunjin Choi; Cory Borsdorf,SSWR annual conference,,Poster,title_and_abstract,True,Empirical,Quantitative,Quantitative,quantitative,False,False
SSWR:2023-P-0152,SSWR,2023,Designing a Trauma-Informed Maternal Mental Health Intervention for Acute Stress Events,December Maxwell; Regina T. Praetorius; Jessica Williams; Lacey Quinones,SSWR annual conference,,Poster,title_and_abstract,True,Empirical,Qualitative,Qualitative,qualitative,False,False
SSWR:2023-P-0146,SSWR,2023,Determinants of Suicide Prevention Resource Utilization: An Online Ethnography of a Forum Targeting Air Force Members and Veterans,Josh Bylotas,SSWR annual conference,,Poster,title_and_abstract,True,Empirical,Qualitative,Qualitative,qualitative,False,False
SSWR:2023-P-0626,SSWR,2023,Does Harsh Parenting Really Harm?  a Systematic Review of Studies in China,Yiran Zhang; Ketian Zhang; Yuqiang Yi; Karla Shockley McCarthy,SSWR annual conference,,Poster,title_and_abstract,False,Not applicable,Not applicable,Irrelevant,review,False,False
SSWR:2023-P-0034,SSWR,2023,Double Jeopardy: New Evidence on the Co-Relations of Homelessness and Severe Personality Disorder,Nathaniel Dell; Vaughn Michael; Jin Huang; Michael A. Mancini; Brandy R. Maynard,SSWR annual conference,,Poster,title_and_abstract,True,Empirical,Quantitative,Quantitative,quantitative,False,False
SSWR:2023-U-0170,SSWR,2023,"Examining Sexual Identity, Mental Health Outcomes, Victimization, and Health Risk Behaviors Among Black LGBQ Adolescents in the United States",JaNiene Peoples; Hannah Szlyk; Phillip Baiden; Melissa Vázquez; Danielle R. Eugene; Patricia Cavazos-Rehg,SSWR annual conference,,Oral,title_and_abstract,True,Empirical,Quantitative,Quantitative,quantitative,False,False
SSWR:2023-U-0651,SSWR,2023,Exploring Mediators of LGBTQ+ Psychological Distress,Dennise Moreno,SSWR annual conference,,Oral,title_and_abstract,False,Not applicable,Not applicable,Irrelevant,quantitative,False,False
SSWR:2023-U-0318,SSWR,2023,"Exploring the Relationship between Major Depression, Childhood Maltreatment, and the Immune System: A Psychometric Network Analysis Approach",Jay D. O'Shields; Brian Graves; Orion P. Mowbray,SSWR annual conference,,Oral,title_and_abstract,False,Not applicable,Not applicable,Irrelevant,quantitative,False,False
SSWR:2023-U-0808,SSWR,2023,Factors Impacting Suicide Ideation Among Young Adult Immigrants during the COVID-19 Pandemic,Sherina K. Saasa; Ty Beard; Rebekah Hill; Keeley Doyle; Abha Rai,SSWR annual conference,,Oral,title_and_abstract,True,Empirical,Quantitative,Quantitative,quantitative,False,False
SSWR:2023-P-0204,SSWR,2023,Filipinx American Experiences of Social Services Utilization during COVID-19 Pandemic,Ronna Banada; Aaron-John Villon; Ivy Daulo; Suzie S. Weng,SSWR annual conference,,Poster,title_and_abstract,False,Not applicable,Not applicable,Irrelevant,qualitative,False,False
SSWR:2023-U-0252,SSWR,2023,Financial Hardships and Mental Health Crisis: An Examination of Young Adults' COVID-19 Pandemic Experiences,Zibei Chen; Lisa Fedina; Jordan E. DeVylder; Catherine M. Lemieux; Cheryl King,SSWR annual conference,,Oral,title_and_abstract,True,Empirical,Quantitative,Quantitative,quantitative,False,False
SSWR:2023-U-0033,SSWR,2023,Gender-Based Violence and Suicide Ideation Among Gender Variant Communities in the United States,Latoya A. Small; Sarah Godoy; Caitlin Lau; Todd M. Franke,SSWR annual conference,,Oral,title_and_abstract,True,Empirical,Quantitative,Quantitative,quantitative,False,False
SSWR:2023-P-0271,SSWR,2023,Healing on a Hog: A Qualitative Study of Veterans' Experience with Wind Therapy during COVID-19 Pandemic,LaTisha Thomas; Donna L. Schuman; Christine Highfill,SSWR annual conference,,Poster,title_and_abstract,True,Empirical,Qualitative,Qualitative,qualitative,False,False
SSWR:2023-P-0267,SSWR,2023,"How Much Is Enough and Who Should Decide? Opinions of Pediatric Youth Suicide Attempt Survivors, Their Caregivers, and Providers about the Appropriate Level of Family Involvement during Inpatient Psychiatric Treatment Stays",Saira Afzal; Laura John-Mora; Abigail Ross,SSWR annual conference,,Poster,title_and_abstract,True,Empirical,Qualitative,Qualitative,qualitative,False,False
SSWR:2023-U-0453,SSWR,2023,Integration of Caregiver Depression Screening in a High-Risk Outpatient Asthma Program: Phase 1,Rachel H.F. Margolis; Taylor Brewer; Shilpa Patel; Stephen J. Teach,SSWR annual conference,,Oral,title_and_abstract,False,Not applicable,Not applicable,Irrelevant,quantitative,False,False
SSWR:2023-U-0068,SSWR,2023,Investigating Disciplinary Risk in Urban High Schools As a Precursor for Suicide-Related Behaviors Among Black Students,Sonyia Richardson; John Williams,SSWR annual conference,,Oral,title_and_abstract,True,Empirical,Quantitative,Quantitative,quantitative,False,False
SSWR:2023-X-0007,SSWR,2023,Latina Immigrant Mothers Creating Solutions for Preventing Suicide Among Their Adolescents,Tatiana Villarreal-Otalora; Lauren E. Gulbas,SSWR annual conference,,Oral,title_and_abstract,True,Empirical,Qualitative,Qualitative,mixed_methods,False,False
SSWR:2023-U-0570,SSWR,2023,Mental Health and Suicidal Ideation Among Prisoners Living with HIV in Namibia,Eveline Kalomo; Amy Alberton,SSWR annual conference,,Oral,title_and_abstract,True,Empirical,Quantitative,Quantitative,quantitative,False,False
SSWR:2023-U-0692,SSWR,2023,Migration Policies As Social Determinants of Health: A Systematic Review of Family Separation in the U.S,"Mitra Naseh, PhD; Nahlee Suvanvej; Yingying Zeng",SSWR annual conference,,Oral,title_and_abstract,False,Not applicable,Not applicable,Irrelevant,review,False,False
SSWR:2023-P-0177,SSWR,2023,Missing Pieces: Latino Immigrant Families and Adolescent Suicide Prevention,Tatiana Villarreal-Otalora; Jane McPherson; Lourdes Garcia-Magaña,SSWR annual conference,,Poster,title_and_abstract,True,Empirical,Review,Review,review,False,False
SSWR:2023-P-0731,SSWR,2023,Needs Assessment of C-First of Ohio: Children of First Incident Responders Support Team,Karla Shockley McCarthy; Sarah Parmenter; Joselyn Sarabia; Rylee Mirabile; Jennie Babcock; Steven Click; Kim Kehl,SSWR annual conference,,Poster,title_and_abstract,False,Not applicable,Not applicable,Irrelevant,quantitative,False,False
SSWR:2023-P-0353,SSWR,2023,Patterns of Adolescent Mental Health Service Needs By Service Setting: A Latent Class Analysis,Jennifer Murphy; Youngmi Kim,SSWR annual conference,,Poster,title_and_abstract,False,Not applicable,Not applicable,Irrelevant,quantitative,False,False
SSWR:2023-P-0208,SSWR,2023,Personal and Social Network Correlates of Survival Sex Involvement Among Gender and Sexual Minority Young Adults Experiencing Homelessness: A Seven City Study,Kathleen Murray Preble; Hsun-Ta Hsu; Jama Shelton; Anamika Barman-Adhikari; Diane Santa Maria; Sarah C. Narendorf; Robin Petering; Kristin M. Ferguson; Kimberly A. Bender; Kristen A. Prock,SSWR annual conference,,Poster,title_and_abstract,False,Not applicable,Not applicable,Irrelevant,quantitative,False,False
SSWR:2023-P-0001,SSWR,2023,Personality Traits in a Nationally Representative Sample of Adults Experiencing Past-Year Homelessness: A Latent Class Analysis,Nathaniel Dell; Vaughn Michael; Michael A. Mancini; Brandy R. Maynard; Huang Jin,SSWR annual conference,,Poster,title_and_abstract,True,Empirical,Quantitative,Quantitative,quantitative,False,False
SSWR:2023-P-0558,SSWR,2023,"Physical and Emotional Child Abuse in Haiti: Prevalence, Help-Seeking Behavior, and Mental Health Outcomes",Fithi Embaye; Patricia L. Kohl,SSWR annual conference,,Poster,title_and_abstract,True,Empirical,Quantitative,Quantitative,quantitative,False,False
SSWR:2023-U-0407,SSWR,2023,Posttraumatic Growth (PTG) Following Racial Discrimination Trauma Among Urban Indigenous Young Adults,Wan-Jung (Wendy) Hsieh; Ciwang Teyra,SSWR annual conference,,Oral,title_and_abstract,False,Not applicable,Not applicable,Irrelevant,qualitative,False,False
SSWR:2023-U-0293,SSWR,2023,Practical and Ethical Risk Management Considerations for the Conduct of Remote Research with Youth Who Have Recently Been Hospitalized for a Suicide Attempt: Lessons Learned from the (virtual) Field,Saira Afzal; Laura John-Mora; Abigail Ross,SSWR annual conference,,Oral,title_and_abstract,True,Empirical,Qualitative,Qualitative,qualitative,False,False
SSWR:2023-U-0155,SSWR,2023,"Racialized Gender Stress, Mental Health, and Suicide Risk Among Black Women: A Longitudinal Test of the Vance-Wade Intersectional Suicide Risk Model",Michelle Vance; Grace Gowdy; Jeannette Wade,SSWR annual conference,,Oral,title_and_abstract,True,Empirical,Quantitative,Quantitative,quantitative,False,False
SSWR:2023-U-0790,SSWR,2023,Reasons for Suicide Among Black Young Adults in the U.S: A Latent Class Analysis Approach,Janelle R. Goodwill,SSWR annual conference,,Oral,title_and_abstract,True,Empirical,Quantitative,Quantitative,quantitative,False,False
SSWR:2023-U-0059,SSWR,2023,Retrospective Outcomes of Psychedelic Therapy Among US Special Operations Forces Veterans,Nathan Sepeda,SSWR annual conference,,Oral,title_and_abstract,True,Empirical,Quantitative,Quantitative,quantitative,False,False
SSWR:2023-U-0457,SSWR,2023,Risk Factors Associated with Suicide Attempts in U.S High School Students Since 2005: A Replication Study,Catalina Cañizares; Mark J. Macgowan,SSWR annual conference,,Oral,title_and_abstract,True,Empirical,Quantitative,Quantitative,quantitative,False,False
SSWR:2023-P-0601,SSWR,2023,Risk Patterning for Adolescent Weapon Carrying: A Mixture Model Approach,Christopher M. Fleming; Paula S. Nurius; Patricia Logan-Greene; Asia Sarah Bishop,SSWR annual conference,,Poster,title_and_abstract,True,Empirical,Quantitative,Quantitative,quantitative,False,False
SSWR:2023-P-0080,SSWR,2023,"Screening, Service Provision, and Information Sharing Practices",Daniel Michael Applegarth; Benjamin Adams,SSWR annual conference,,Poster,title_and_abstract,True,Empirical,Quantitative,Quantitative,quantitative,False,False
SSWR:2023-P-0729,SSWR,2023,Social Stigma-Related Factors That Contribute to the Diagnostic Seeking and Treatment Adherence Behaviors of Mentally Ill South Koreans: A Literature Review,Ann-Marie Villarose,SSWR annual conference,,Poster,title_and_abstract,False,Not applicable,Not applicable,Irrelevant,review,False,False
SSWR:2023-U-0200,SSWR,2023,"Socioemotional Disposition, Environmental Context, and Asian American Mental Health",Michael Park; Yoonsun Choi; Annabelle Lin Atkin,SSWR annual conference,,Oral,title_and_abstract,True,Empirical,Quantitative,Quantitative,quantitative,False,False
SSWR:2023-U-0221,SSWR,2023,"Students' Perceptions of the Interplay between Sexual Violence and Alcohol Consumption at a Large Public University in Los Angeles, California",Claire Amabile; Stephanie Kathan; Jennifer Wagman,SSWR annual conference,,Oral,title_and_abstract,False,Not applicable,Not applicable,Irrelevant,qualitative,False,False
SSWR:2023-U-0470,SSWR,2023,Suicide Attempt and Suicide Ideation Among Black Sexual Minority Men Living with HIV,Chenglin Hong; Cal Brisbin; Elizabeth Wu; Ayako Ochoa; Ian W. Holloway,SSWR annual conference,,Oral,title_and_abstract,True,Empirical,Quantitative,Quantitative,quantitative,False,False
SSWR:2023-U-0186,SSWR,2023,Systematic Review of Interventions to Address Suicidal Behavior Among People with a History of Intimate Partner Violence: Promises and Gaps,Tina Jiwatram-Negron; Mohamad Adam Brooks; Malorie Ward; Melissa Meinhart,SSWR annual conference,,Oral,title_and_abstract,True,Empirical,Review,Review,review,False,False
SSWR:2023-P-0707,SSWR,2023,The Effect of Traditional Bullying and Cyberbullying on Suicidal Ideation in Korean Adolescents: Mediating Effect of Depression,Yeonggeul Lee; Yein Yoon,SSWR annual conference,,Poster,title_and_abstract,True,Empirical,Quantitative,Quantitative,quantitative,False,False
SSWR:2023-P-0087,SSWR,2023,The Impact of Cyberbullying Victimization on Psychosocial Behaviors Among College  Students during the Covid-19 Pandemic: The Indirect Effect of a Sense of Purpose in Life,Jeoung Min Lee; Hailey Hyunjin Choi; Jinhee Park; Heekyung Lee; Jaegoo Lee,SSWR annual conference,,Poster,title_and_abstract,True,Empirical,Quantitative,Quantitative,quantitative,False,False
SSWR:2023-P-0590,SSWR,2023,"The Impact of Trauma, Mental Health Symptoms, and Suicidality on College Adjustment Among Young Adults with a Foster Care Background",Jennifer Mullins Geiger; Colleen Cary Katz; Imani Pitman,SSWR annual conference,,Poster,title_and_abstract,True,Empirical,Quantitative,Quantitative,quantitative,False,False
SSWR:2023-U-0499,SSWR,2023,The Influence of Familial Factors on Suicidal Outcomes Among Young Black Men Who Have Sex with Men,Donte T. Boyd,SSWR annual conference,,Oral,title_and_abstract,True,Empirical,Quantitative,Quantitative,quantitative,False,False
SSWR:2023-U-0135,SSWR,2023,The Intersection of Violence and HIV Care for Young Black MSM Living with HIV,Katherine Quinn,SSWR annual conference,,Oral,title_and_abstract,False,Not applicable,Not applicable,Irrelevant,qualitative,False,False
SSWR:2023-P-0657,SSWR,2023,"The Relationship between Breakfast Frequency, Mental Health, and School Performance Among a Nationally Representative Sample of High School Students in the United States",Rei Shimizu; Matthew James Cuellar,SSWR annual conference,,Poster,title_and_abstract,True,Empirical,Quantitative,Quantitative,quantitative,False,False
SSWR:2023-P-0348,SSWR,2023,The Relationships between Parenting and Mental Health and Substance Use Outcomes Among Queer Children and Adolescents: A Systematic Review,Melissa Lippold; William J. Hall; Roger Mills-Koonce; Denise Yookong Williams; Melissa Jenkins; Hayden Dawes; Kyle Gouchoe-Hanas,SSWR annual conference,,Poster,title_and_abstract,True,Empirical,Review,Review,review,False,False
SSWR:2023-U-0029,SSWR,2023,"The Weaving Healthy Families Program to Prevent Substance Misuse and Mental Health Disparities While Promoting Parenting, Family Resilience, and Communal Mastery",Catherine McKinley; Leia Y. Saltzman; Katherine P. Theall,SSWR annual conference,,Oral,title_and_abstract,True,Empirical,Quantitative,Quantitative,quantitative,False,False
SSWR:2023-P-0157,SSWR,2023,Understanding the Deleterious Impact of Sports- and Physical Activity-Related Concussions on Mental Health Among Adolescents: Findings from a Population-Based Study,Phillip Baiden; Devon Ziminski; Hannah Szlyk; Lucinda Okine; Henry K Onyeaka; Chioma Muoghalu Muoghalu; Patricia Cavazos-Rehg; JaNiene Peoples,SSWR annual conference,,Poster,title_and_abstract,True,Empirical,Quantitative,Quantitative,quantitative,False,False
SSWR:2023-P-0104,SSWR,2023,Using Path Analysis to Model Suicide Intervention Skill Development,Miriam J. Landsman; Carol Coohey,SSWR annual conference,,Poster,title_and_abstract,True,Empirical,Quantitative,Quantitative,quantitative,False,False
SSWR:2023-U-0055,SSWR,2023,Using Student Voice to Inform Measurement of Bystander Opportunities and Actions,Annelise Mennicke; Jessamyn Bowling; Erin Meehan; Anvi Tirunagari; Keshawn Mathews; Gabrielle Haley; Victoria McClare; Hannah Carlson; Madi Williams; Neha Kissler; Heather Bush; Ann Coker,SSWR annual conference,,Oral,title_and_abstract,False,Not applicable,Not applicable,Irrelevant,qualitative,False,False
SSWR:2023-P-0332,SSWR,2023,Weapon-Carrying Among Court-Involved Youth: A Risk and Resilience Comparison with Aggression,Patricia Logan-Greene; Christopher M. Fleming; Paula S. Nurius,SSWR annual conference,,Poster,title_and_abstract,False,Not applicable,Not applicable,Irrelevant,quantitative,False,False
SSWR:2023-U-0223,SSWR,2023,Youth Gang Suicidality Disparities: Intersectional Implications for Research and Practice,Asia Sarah Bishop; Paula S. Nurius; Christopher M. Fleming; Ashley Rousson; Reed Klein,SSWR annual conference,,Oral,title_and_abstract,True,Empirical,Quantitative,Quantitative,quantitative,False,False
SWRD:110604,SWRD,2023,"""Their Facebook Posts Were Going Viral"": Social Media in the Aftermath of an Adolescent Suicide","Miriek, Rebecca G; Miriek, Rebecca G; Whitmore, Elizabeth; Berkowitz, Larry; Watkinson, Ailsa M",School Social Work Journal,,Journal Article,title_and_abstract,True,Empirical,Qualitative,Qualitative,Qualitative,False,False
SWRD:58726,SWRD,2023,A cognitive-behavioral suicide prevention treatment for adults with schizophrenia spectrum disorders in community mental health: preliminary findings of an open pilot study,"Bornheimer, Lindsay A.; Verdugo, Juliann Li; Krasnick, Julie; Jeffers, Nakea; Storey, Frank; King, Cheryl A.; Taylor, Stephan F.; Florence, Timothy; Himle, Joseph A.",Social Work in Mental Health,10.1080/15332985.2023.2186736,journal-article,title_and_abstract,True,Empirical,Quantitative,Quantitative,Mixed-Methods,False,False
SWRD:93815,SWRD,2023,A Systematic Review of Music-Based Interventions to Improve Treatment Engagement and Mental Health Outcomes for Adolescents and Young Adults,"Rodwin, Aaron H.; Shimizu, Rei; Travis, Raphael, Jr.; James, Kirk Jae; Banya, Moiyattu; Munson, Michelle R.",Child & Adolescent Social Work Journal,10.1007/s10560-022-00893-x,journal-article,title_and_abstract,False,Not applicable,Not applicable,Irrelevant,Review,False,False
SWRD:57171,SWRD,2023,Adolescent Perceptions of Adult-Mediated Healthcare Communication,"Owen, Aleksa; Owen, Randall; Batz, Ruby; Marasco-Wetzel, Jade",Social Work in Public Health,10.1080/19371918.2024.2314022,journal-article,title_and_abstract,False,Not applicable,Not applicable,Irrelevant,Qualitative,False,False
SWRD:86102,SWRD,2023,After a Suicide Death in a High School: Exploring Students’ Perspectives,Mirick R.G.; Berkowitz L.,Journal of Social Work in End-Of-Life & Palliative Care,10.1080/15524256.2023.2256481,journal-article,title_and_abstract,True,Empirical,Qualitative,Qualitative,Qualitative,False,False
SWRD:62209,SWRD,2023,"Applying behavioural activation (BA) and simulation-based learning (SBL) approaches to enhance MSW students' competence in suicide risk assessment, prevention, and intervention (SRAPI)","Lee, Eunjung; Kourgiantakis, Toula",Social Work Education,10.1080/02615479.2021.1976136,journal-article,title_and_abstract,True,Non-empirical,Not applicable,Non-empirical,,False,False
SWRD:58182,SWRD,2023,Applying the Disclosure Decision-Making Model to Suicide-Related Disclosure: A Theory-Informed Multilevel Social Network Analysis,"Fulginiti, Anthony",Journal of the Society for Social Work and Research,10.1086/716613,journal-article,title_and_abstract,True,Empirical,Quantitative,Quantitative,Quantitative,False,False
SWRD:58743,SWRD,2023,"Association between Loneliness, Mental Health Symptoms, and Treatment Use among Emerging Adults","Bessaha, Melissa; Mushonga, Dawnsha; Fedina, Lisa; DeVylder, Jordan",Health & Social Work,10.1093/hsw/hlad005,journal-article,title_and_abstract,True,Empirical,Quantitative,Quantitative,Quantitative,False,False
SWRD:60731,SWRD,2023,Associations of financial hardship with suicidal ideation among bereaved cancer caregivers,"Viola, Martin; Gang, James; Maciejewski, Paul K.; Prigerson, Holly G.",Journal of Psychosocial Oncology,10.1080/07347332.2022.2067803,journal-article,title_and_abstract,True,Empirical,Quantitative,Quantitative,Quantitative,False,False
SWRD:62872,SWRD,2023,Clinician Perspectives of the Evidence Underpinning Suicide Risk Assessment: A Mixed Methods Study,"Grant, Kellie; Whitwam, Louisa; Martin, Jennifer; White, Jennifer; Haines, Terry",Australian Social Work,10.1080/0312407x.2021.1874030,journal-article,title_and_abstract,True,Empirical,Qualitative,Qualitative,Qualitative,False,False
SWRD:57798,SWRD,2023,Clinicians' Perspectives When Responding to Suicidal Behaviors Among Latino Adolescents,"Villarreal-Otalora, Tatiana; Guzman, Camila A. Pulgar; Channer, Bianca",Clinical Social Work Journal,10.1007/s10615-023-00904-z,journal-article,title_and_abstract,True,Empirical,Qualitative,Qualitative,Qualitative,False,False
SWRD:59626,SWRD,2023,Deaths of Despair and Population Aging in Missouri,"Sun, Peter C.; Lawlor, Edward F.; McBride, Timothy D.; Morrow-Howell, Nancy; Park, Sojung",Journal of Gerontological Social Work,10.1080/01634372.2022.2130491,journal-article,title_and_abstract,True,Empirical,Quantitative,Quantitative,Quantitative,False,False
SWRD:59055,SWRD,2023,Defund the Police? or Reimagine the Police? Leaders in Law Enforcement's Perspective on the Role of Social Workers in Law Enforcement,"Scott, Michelle; Sabatini, Stephanie; Mama, Robin",Journal of Evidence-Based Social Work,10.1080/26408066.2022.2156831,journal-article,title_and_abstract,False,Not applicable,Not applicable,Irrelevant,Quantitative,False,False
SWRD:58956,SWRD,2023,"Depression and Suicidal Behavior Comorbidity in Patients Admitted to Substance-Use Residential Treatment in Aguascalientes, Mexico","Martinez, Kalina Isela Martinez; Aguilar, Yancarlo Lizandro Ojeda; Villafuerte, Jafet Hernandez; Contreras-Perez, Maria Eugenia",Journal of Evidence-Based Social Work,10.1080/26408066.2023.2172368,journal-article,title_and_abstract,True,Empirical,Quantitative,Quantitative,Quantitative,False,False
SWRD:76199,SWRD,2023,"Differential Associations Among Cyberbullying Victimization, Parental Monitoring, and Suicidal Thoughts and Behaviors in Male and Female College Students",Jaegoo Lee; Jinwon Kim; Heekyung Lee; Jinhee Park; Jason Mallonee; Jeoung Min Lee,Journal of Evidence-Based Social Work,10.1080/26408066.2023.2230204,journal-article,title_and_abstract,True,Empirical,Quantitative,Quantitative,Quantitative,False,False
SWRD:86145,SWRD,2023,Effects of health-related quality of life and long-term care insurance infrastructure on suicidal ideation among older Korean adults,Changsook Lee; Sun-Young Heo,Asia Pacific Journal of Social Work and Development,10.1080/02185385.2022.2108127,journal-article,title_and_abstract,True,Empirical,Quantitative,Quantitative,Quantitative,False,False
SWRD:100438,SWRD,2023,Enhanced Cognitive Behavioral Therapy (CBT-E) as an Intervention for BIPOC Adolescent Girls with Eating Disorders,Rachel Voth; Chen; Dorsey; Yinan; Gabay; Lily; Stampfli; Catherine,Columbia Social Work Review,10.52214/cswr.v21i1.11207,journal-article,title_and_abstract,False,Not applicable,Not applicable,Irrelevant,,False,False
SWRD:57884,SWRD,2023,Experiences of Health Professionals regarding Youth Suicide Attempts: A Study on the Context of Gender and Hegemonic Masculinity in Turkey,"Kucukkaraca, Nilgun; Kocak, Yasemin Ertan",Journal of Social Service Research,10.1080/01488376.2023.2270997,journal-article,title_and_abstract,True,Empirical,Qualitative,Qualitative,Qualitative,False,False
SWRD:109697,SWRD,2023,FORMER À L’ÉVALUATION DU RISQUE SUICIDAIRE EN TRAVAIL SOCIAL : LA SIMULATION PAR LES PAIRS,"Simard, Sébastien; Carpenter-Aeby, Tracy",Canadian Social Work Review,10.7202/1100665ar,journal-article,title_and_abstract,True,Non-empirical,Not applicable,Non-empirical,,False,False
SWRD:58644,SWRD,2023,How can social workers facilitate suicide prevention in primary care? Findings from a national survey of primary care physicians,"Christensen, Mary; Fontanella, Cynthia A.; Campo, John V.; Culp, Stacey L.",Social Work in Health Care,10.1080/00981389.2023.2193227,journal-article,title_and_abstract,True,Empirical,Quantitative,Quantitative,Quantitative,False,False
SWRD:109691,SWRD,2023,"HOW MUCH DO CANADIAN SOCIAL WORKERS KNOW ABOUT PREMENSTRUAL SYNDROME AND PREMENSTRUAL DYSPHORIC DISORDER, AND DOES THIS AFFECT THEIR ASSESSMENT OF MOTHERS?","Barry, Lynn; Cunningham, Jennifer; Tutty, Leslie; Jaeger, Dawn M",Canadian Social Work Review,10.7202/1108986ar,journal-article,title_and_abstract,False,Not applicable,Not applicable,Irrelevant,Quantitative,False,False
SWRD:116064,SWRD,2023,How much is enough? Suicide training for MSW students,Aisling Quest; Aisling Quest; Aisling Quest; Aisling Quest; Randall Nedegaard; Randall Nedegaard; Randall Nedegaard; Randall Nedegaard; Randall Nedegaard; Randall Nedegaard; Randall Nedegaard; Randall Nedegaard; Caitlin Koch; Caitlin Koch; Caitlin Koch; Caitlin Koch; Caitlin Koch,Journal of Social Work Education and Practice,dc/5e5186dd63,fetch_failed,title_and_abstract,True,Empirical,Quantitative,Quantitative,Mixed-Methods,False,False
SWRD:72922,SWRD,2023,Investigating the Prevalence of Psychological Distress and Its Associated Factors Among Indonesian Adolescents: A Cross-Sectional Study,Marthoenis M.; Schouler-Ocak M.,Child & Adolescent Social Work Journal,10.1007/s10560-022-00818-8,journal-article,title_and_abstract,True,Empirical,Quantitative,Quantitative,Quantitative,False,False
SWRD:110609,SWRD,2023,Listening to Youth: Student Perspectives on the SOS Signs of Suicide Program,"Westhues, Anne; Miriek, Rebecca G; Mirick, Rebecca G; Mirick, Rebecca G; Cote, Denyse; Miriek, Rebecca G; Lecomte, Roland; McCauley, James; McCauley, James; Theriault, Luc; Mccauley, James; McCauley, James",School Social Work Journal,,Journal Article,title_and_abstract,True,Empirical,Quantitative,Quantitative,Quantitative,False,False
SWRD:59060,SWRD,2023,Male suicide cases in Bangladesh: Lensing through Durkheim's sociological typology,"Khan, Anisur Rahman; Arendse, Najuwa",Journal of Human Behavior in the Social Environment,10.1080/10911359.2022.2164543,journal-article,title_and_abstract,True,Empirical,Qualitative,Qualitative,Qualitative,False,False
SWRD:59777,SWRD,2023,Mental Health Problems amongst Left-behind Adolescents in China: Serial Mediation Roles of Parent-Adolescent Communication and School Bullying Victimisation,"Xie, Qian-Wen; Zhao, Guanlan; Lu, Jingjing; Chen, Roujia; Xu, Jiayao; Wang, Menmen; Akezhuoli, Hailati; Wang, Feng; Zhou, Xudong",British Journal of Social Work,10.1093/bjsw/bcac168,journal-article,title_and_abstract,True,Empirical,Quantitative,Quantitative,Quantitative,False,False
SWRD:57935,SWRD,2023,Mindfulness-based Interventions to Improve Relational and Mental Health of Firefighters: A Mixed Methods Feasibility Study,"Hendrix, Elizabeth W.; Frost, Caren J.; Castillo, Jason T.; Landward, Richard S.; Vogt, Katie M.; Benson, L. Scott; Gren, Lisa H.",Clinical Social Work Journal,10.1007/s10615-023-00896-w,journal-article,title_and_abstract,False,Not applicable,Not applicable,Irrelevant,Mixed-Methods,False,False
SWRD:77630,SWRD,2023,"Needs and experiences of cancer care in patients’ perspectives among the lesbian, gay, bisexual, transgender and queer community: a systematic review",Chan A.S.W.; Leung L.M.; Wong F.K.C.; Ho J.M.C.; Tam H.L.; Tang P.M.K.; Yan E.,Social Work in Health Care,10.1080/00981389.2023.2226182,journal-article,title_and_abstract,False,Not applicable,Not applicable,Irrelevant,Review,False,False
SWRD:52241,SWRD,2023,Occupational Social Work: A Field of Practice in Need of Revival,"Forgey, Mary Ann; He, Kundong; Cai, Yafei",Families in Society,10.1177/10443894231151315,journal-article,title_and_abstract,False,Not applicable,Not applicable,Irrelevant,,False,False
SWRD:59190,SWRD,2023,Pandemic financial hardships and suicide risk in a nationally representative sample of young adults,"Chen, Zibei; Fedina, Lisa; DeVylder, Jordan; Lemieux, Catherine M.; King, Cheryl; Abbott, Kristen",Social Work in Mental Health,10.1080/15332985.2022.2161861,journal-article,title_and_abstract,True,Empirical,Quantitative,Quantitative,Quantitative,False,False
SWRD:58280,SWRD,2023,Preliminary support for the use of narrative exposure therapy in a child protection context: Collective case-study narratives,"Ryan, Grant Thomas",Child & Family Social Work,10.1111/cfs.13035,journal-article,title_and_abstract,False,Not applicable,Not applicable,Irrelevant,Mixed-Methods,False,False
SWRD:57525,SWRD,2023,Queering a life worth living: A gender affirming care model for suicidal transgender emerging adults,"Haggerty, Zan",Sexual and Gender Diversity in Social Services,10.1080/10538720.2023.2291707,journal-article,title_and_abstract,True,Non-empirical,Not applicable,Non-empirical,,False,False
SWRD:58981,SWRD,2023,Reimagining Suicide Prevention as a Social Justice Issue: Getting Back to Social Work's Roots,"Hightower, Heath; Almeida, Joanna; Anderson, Juliana",Social Work,10.1093/sw/swad005,journal-article,title_only,True,Non-empirical,Not applicable,Non-empirical,,False,False
SWRD:58435,SWRD,2023,Resilience as a Protective Factor in Older Adult Suicide: A Rapid Review,"Jeong, Haelim; Noh, Hyunjin",Journal of Gerontological Social Work,10.1080/01634372.2023.2202729,journal-article,title_and_abstract,True,Empirical,Review,Review,Review,False,False
SWRD:62255,SWRD,2023,Safety Planning for Youth With Suicide Risk: A Clinical Audit,"Jacups, Susan P.; Kozlowski, Wawrzyniec (Lawrence)",Australian Social Work,10.1080/0312407x.2021.1950788,journal-article,title_and_abstract,True,Empirical,Quantitative,Quantitative,Quantitative,False,False
SWRD:89273,SWRD,2023,School-Based Postvention Services: Exploring the Perspectives of Students,"Mirick, Rebecca G.; Berkowitz, Lawrence",Children & Schools,10.1093/cs/cdad020,journal-article,title_and_abstract,True,Empirical,Quantitative,Quantitative,Quantitative,False,False
SWRD:72986,SWRD,2023,Self-disclosures in online crisis counselling: levelling asymmetries while maintaining client-focus,Iversen C.,Nordic Social Work Research,10.1080/2156857x.2023.2236629,journal-article,title_and_abstract,True,Empirical,Qualitative,Qualitative,Qualitative,False,False
SWRD:58166,SWRD,2023,Sex Differences in Suicide Ideation: Mediating Effects of Alcohol Abuse/Dependence on Suicide Ideation through Psychological Distress and Hopelessness,"Kim, Yi Jin; Burlaka, Viktor; Yoon, Susan",Health & Social Work,10.1093/hsw/hlad012,journal-article,title_and_abstract,True,Empirical,Quantitative,Quantitative,Quantitative,False,False
SWRD:58481,SWRD,2023,Social Workers' Perspectives on Extreme Risk Protection Orders,"Conrick, Kelsey M.; Gause, Emma; Rivara, Frederick P.; Rowhani-Rahbar, Ali; Moore, Megan",Social Work,10.1093/sw/swad012,journal-article,title_and_abstract,True,Empirical,Quantitative,Quantitative,Quantitative,False,False
SWRD:86129,SWRD,2023,Sociodemographic Variables Associated with Constructs of the Interpersonal–Psychological Theory of Suicidal Behaviour,Naidoo S.,Southern African Journal of Social Work and Social Development,10.25159/2708-9355/11235,journal-article,title_and_abstract,True,Empirical,Quantitative,Quantitative,Quantitative,False,False
SWRD:58222,SWRD,2023,Strategies for Teaching Suicide Content in Social Work Education: A Survey of Social Work Instructors,"Mirick, Rebecca",Journal of Teaching in Social Work,10.1080/08841233.2023.2207090,journal-article,title_and_abstract,True,Empirical,Quantitative,Quantitative,Quantitative,False,False
SWRD:58466,SWRD,2023,Strategies to Survive: Engaging Transgender and Gender Diverse Older Adults Experiencing Suicidality and Dissociative States,"Smith, Emil K.",Clinical Social Work Journal,10.1007/s10615-023-00867-1,journal-article,title_and_abstract,True,Non-empirical,Not applicable,Non-empirical,,False,False
SWRD:57868,SWRD,2023,Suicidality and discriminatory experiences with healthcare providers in LGBT emerging adults,"Draheim, Amanda A.; Brands, Susan; Griffin, James; Kridel, Matthew; Wallace, Catherine; Stepleman, Lara M.; Drescher, Christopher F.",Sexual and Gender Diversity in Social Services,10.1080/10538720.2023.2267485,journal-article,title_and_abstract,True,Empirical,Quantitative,Quantitative,Quantitative,False,False
SWRD:58551,SWRD,2023,Suicide and Hospice Caregivers: A Case Study,"Mirick, Rebecca G.; Wladkowski, Stephanie P.",Journal of Social Work in End-Of-Life & Palliative Care,10.1080/15524256.2023.2198157,journal-article,title_and_abstract,True,Empirical,Qualitative,Qualitative,,False,False
SWRD:60827,SWRD,2023,Suicide gatekeeper training outcomes in educational and religious settings,"Wood, David S.; Ohri, Faheem; Hudnall, Greg; Cahoon, Linda",Journal of Human Behavior in the Social Environment,10.1080/10911359.2022.2049414,journal-article,title_and_abstract,True,Empirical,Quantitative,Quantitative,Quantitative,False,False
SWRD:59762,SWRD,2023,Suicide Risk amongst University Students of Social Work in Spain,"Reina-Aguilar, Pastora; Maria Diaz-Jimenez, Rosa; Caravaca-Sanchez, Francisco",British Journal of Social Work,10.1093/bjsw/bcac179,journal-article,title_and_abstract,True,Empirical,Quantitative,Quantitative,Quantitative,False,False
SWRD:60003,SWRD,2023,The enigma of resilience at an HBCU during a global pandemic,"Livingston, Val; Nevels, Breshell Jackson; Chung, Insoo; Ericksen, Kirsten S.; Duncan, Ernestine; Manley, Cherrel K.; Merriwether, Helen; McCullar, Jamie",Journal of Human Behavior in the Social Environment,10.1080/10911359.2022.2100028,journal-article,title_and_abstract,False,Not applicable,Not applicable,Irrelevant,Quantitative,False,False
SWRD:76196,SWRD,2023,The Impact of Suicidality and Spirituality on Substance Use Day Treatment Discharge,E. Brown H.; B. Dennis C.,Journal of Evidence-Based Social Work,10.1080/26408066.2023.2230186,journal-article,title_and_abstract,True,Empirical,Quantitative,Quantitative,Quantitative,False,False
SWRD:61228,SWRD,2023,The lived experience of wounded helpers: A phenomenological study of social workers working with suicidal cases in mental health settings in Hong Kong,"Hung, King Lun; Ku, Hok Bun; Leung, Sameul S. M.",Qualitative Social Work,10.1177/14733250211064811,journal-article,title_and_abstract,True,Empirical,Qualitative,Qualitative,Qualitative,False,False
SWRD:60268,SWRD,2023,The Role of Social Work in Confronting the Farmer Suicide Crisis: Best Practice Recommendations and a Call to Action,"Nason, Erica E.; Blankenship, Abby S.; Benevides, Elizabeth; Stump, Katherine",Social Work in Public Health,10.1080/19371918.2022.2093305,journal-article,title_and_abstract,True,Non-empirical,Not applicable,Non-empirical,,False,False
SWRD:60729,SWRD,2023,Traditional and cyberbullying victimization and adverse mental and behavioural outcomes among school adolescents from Saint Vincent and the Grenadines,"Pengpid, Supa; Peltzer, Karl",Journal of Human Behavior in the Social Environment,10.1080/10911359.2022.2062512,journal-article,title_and_abstract,True,Empirical,Quantitative,Quantitative,Quantitative,False,False
SWRD:58190,SWRD,2023,"Trusted Adults as a Protective Factor for Bullying and Suicide Attempts Among Youth Across Differences in Race, Sexual Orientation, and Gender Identity","Park, In Young; Walls, N. Eugene; Atteberry-Ash, Brittanie; Kattari, Leo",Journal of the Society for Social Work and Research,10.1086/716241,journal-article,title_and_abstract,True,Empirical,Quantitative,Quantitative,Quantitative,False,False
SWRD:62039,SWRD,2023,Understanding past experiences of suicidal ideation and behavior in the life narratives of transgender older adults,"Gaveras, Eleni M.; Fabbre, Vanessa D.; Gillani, Braveheart; Sloan, Steff",Qualitative Social Work,10.1177/14733250211051783,journal-article,title_and_abstract,True,Empirical,Qualitative,Qualitative,Qualitative,False,False
SWRD:59809,SWRD,2023,Understanding the complexity regarding the behavioral health risks that Latinx women experience within a national context,"Coles, D. Crystal; Sawyer, Jason; Perkins, Nathan H.",Journal of Human Behavior in the Social Environment,10.1080/10911359.2022.2113583,journal-article,title_and_abstract,True,Empirical,Quantitative,Quantitative,Quantitative,False,False
SWRD:88918,SWRD,2023,Universal School-Based Screenings for Depression and Suicide: Identifying Students at Risk of Suicide,"Mirick, Rebecca G.; Berkowitz, Larry; Mccauley, James; Bridger, Joanna",Children & Schools,10.1093/cs/cdad003,journal-article,title_and_abstract,True,Empirical,Quantitative,Quantitative,Quantitative,False,False
SSWR:2024-U-0598,SSWR,2024,"""Being Able to be Myself"": Useful Aspects of Inpatient Psychiatric Care from Perspectives of LGBTQ Youth Previously Hospitalized for Suicide Attempts",Saira Afzal; James Bunting; Abigail Ross,SSWR annual conference,,Oral,title_and_abstract,True,Empirical,Qualitative,Qualitative,qualitative,False,False
SSWR:2024-U-0687,SSWR,2024,"""It's so Internalized, and It's so Personal"": MSW Students' Experiences Increasing Critical Consciousness on Weight Stigma",Sarah Sullivan; Erin Harrop; Megan Doyle; Brendon Holloway,SSWR annual conference,,Oral,title_and_abstract,False,Not applicable,Not applicable,Irrelevant,qualitative,False,False
SSWR:2024-U-0076,SSWR,2024,"""One By One, They Raped Me"": Sexual Violence Against Khwaja Sira (Third Gender People) in Swat, Pakistan",Sameena Azhar; Imtyaz Ahmad; Nadeem Tariq,SSWR annual conference,,Oral,title_and_abstract,False,Not applicable,Not applicable,Irrelevant,qualitative,False,False
SSWR:2024-U-0133,SSWR,2024,"""We Want You to Listen, Not Hear:"" Youth Perceptions of Adult-Mediated Healthcare Experiences",Lex Owen,SSWR annual conference,,Oral,title_and_abstract,False,Not applicable,Not applicable,Irrelevant,qualitative,False,False
SSWR:2024-P-0317,SSWR,2024,"""You Just Try to Hang in There..."": Experiences of Parents with a Child in Suicidal Crisis during the COVID-19 Pandemic",Saira Afzal; James Bunting; Abigail Ross,SSWR annual conference,,Poster,title_and_abstract,True,Empirical,Qualitative,Qualitative,qualitative,False,False
SSWR:2024-G-0058,SSWR,2024,A Case Study Evaluation of Accord Services for High-Utilizers of Alternative Mental Health Crisis Services,Timothy Campbell; Tomoko Udo; Jordan Dyett; Preston Roberts; Denard Cummings; Carmen Morano,SSWR annual conference,,Sig,title_and_abstract,True,Empirical,Qualitative,Qualitative,other,False,False
SSWR:2024-O-0001,SSWR,2024,A Cognitive Behavioral Approach to Suicide Prevention Among Adults with Psychosis: Stakeholder Involvement and an Open Pilot Trial in Community Mental Health,Lindsay A. Bornheimer; Juliann Li Verdugo; Nakea Jeffers; Katie Hoener; Melisa Tasker; Krista DeWeese; Timothy Florence; Cheryl King; Stephan Taylor; Joseph Himle,SSWR annual conference,,Oral,title_and_abstract,True,Empirical,Quantitative,Quantitative,mixed_methods,False,False
SSWR:2024-U-0613,SSWR,2024,A Comparison of School-Based and Home-Based Trauma-Integrated Intervention for Urban Youth Exposed to Environmental Adversities,Michaela L. Zajicek-Farber; Rebecca L. Roesch,SSWR annual conference,,Oral,title_and_abstract,False,Not applicable,Not applicable,Irrelevant,quantitative,False,False
SSWR:2024-U-0017,SSWR,2024,A Computerized Simulated Training Tool for Suicide Prevention: Potential for Utility and Scalability in Social Work Education and Practice Settings,Lindsay A. Bornheimer; Juliann Li Verdugo; Laura Humm; Barbara Hiltz; Matthew James Smith,SSWR annual conference,,Oral,title_and_abstract,True,Empirical,Quantitative,Quantitative,mixed_methods,False,False
SSWR:2024-U-0646,SSWR,2024,A Critical Examination of Risk and Protective Factors for Suicidality Among First-Generation Latinx Immigrant Youth from the Northern Triangle: A Latent Profile Analysis,John Salerno; Christina Getrich; Jessica Fish; Yecenia Castillo; Susana Edmiston; Pedro Sandoval; Elizabeth Aparicio; Craig Fryer; Bradley Boekeloo,SSWR annual conference,,Oral,title_and_abstract,True,Empirical,Quantitative,Quantitative,quantitative,False,False
SSWR:2024-P-0405,SSWR,2024,A Nationwide Look at Protective Factors of Suicide Ideation Among Youth in the Child Welfare System,Sarah Parmenter; Haelim Jeong; Dalhee Yoon; Susan Yoon,SSWR annual conference,,Poster,title_and_abstract,True,Empirical,Quantitative,Quantitative,quantitative,False,False
SSWR:2024-U-0275,SSWR,2024,Adapting Youth-Nominated Support Teams to  Prevent Suicide Among Youth with Emerging Psychosis,Jordan E. DeVylder; Samantha Jay; Yerim Ryu; Jason Schiffman,SSWR annual conference,,Oral,title_and_abstract,True,Empirical,Qualitative,Qualitative,qualitative,False,False
SSWR:2024-P-0646,SSWR,2024,"An Interdisciplinary Simulation Approach to Overdose Prevention for Students Working with Children, Adolescents and Transition-Aged Youth",Chireau White; Chrisann Newranksy; Elizabeth Palley; Marissa Abram,SSWR annual conference,,Poster,title_and_abstract,True,Empirical,Quantitative,Quantitative,other,False,False
SSWR:2024-P-0650,SSWR,2024,Analysis of the First Year of Implementation of a Multi-Year Intervention Based on Community- Initiated Care:  A Mixed Methods Case Study Design,Umaira Khan; Sean Burr; Lisa Sanger Blinn; Micki Washburn; Sarah C. Narendorf,SSWR annual conference,,Poster,title_and_abstract,False,Not applicable,Not applicable,Irrelevant,mixed_methods,False,False
SSWR:2024-U-0150,SSWR,2024,Associations of Suicide Attempts and Gender Identity Conversion Therapy Among Transgender and Non-Binary Individuals,Tural Mammadli; Jarrod Call; D.L. Whitfield; Brendon Holloway; Eugene Walls,SSWR annual conference,,Oral,title_and_abstract,True,Empirical,Quantitative,Quantitative,quantitative,False,False
SSWR:2024-U-0440,SSWR,2024,Building a Culturally Responsive Ecosystem for Black Communities through a Community Collaborative Board,Michelle Vance; Rehaana Herbert,SSWR annual conference,,Oral,title_and_abstract,True,Empirical,Qualitative,Qualitative,qualitative,False,False
SSWR:2024-P-0247,SSWR,2024,Bullying Victimization and Suicidal Thoughts Among African American Adolescents in Southside of Chicago: Emotional Distress and Neighborhood Conditions,Viktor Burlaka; Jun Sung Hong; Jungtae Choi; Julia Burlaka; Christina Marsack-Topolewski; Dexter R. Voisin,SSWR annual conference,,Poster,title_and_abstract,True,Empirical,Quantitative,Quantitative,quantitative,False,False
SSWR:2024-P-0228,SSWR,2024,Can Parent and Peer Attachment Attenuate the Impact of Sexual Violence on Suicide Risk Among Youth Experiencing Homelessness?,Jae Yop Kim; Dong Hyeon Kim,SSWR annual conference,,Poster,title_and_abstract,True,Empirical,Quantitative,Quantitative,quantitative,False,False
SSWR:2024-U-0339,SSWR,2024,Conceptualizing Black Boys' Mental Health Help-Seeking Behaviors As a Social Process,Ed-Dee Williams,SSWR annual conference,,Oral,title_and_abstract,False,Not applicable,Not applicable,Irrelevant,qualitative,False,False
SSWR:2024-U-0724,SSWR,2024,"Connections between Homeless Youth, Gangs, and Mental Health: A Secondary Data Analysis",Riya Bhatt; Anil Arora; Jody Gardner,SSWR annual conference,,Oral,title_and_abstract,True,Empirical,Quantitative,Quantitative,quantitative,False,False
SSWR:2024-U-0702,SSWR,2024,Contextualizing Case File Data Using Family Members' Stories of Intimate Partner Homicide,Jill T. Messing; Millan A. AbiNader; Hsiu-Fen Lin; Linda Banda; Jenesia Pizarro; Jacquelyn Campbell,SSWR annual conference,,Oral,title_and_abstract,False,Not applicable,Not applicable,Irrelevant,mixed_methods,False,False
SSWR:2024-U-0447,SSWR,2024,"Correlates of 12-Month Suicide Ideation, Plan and Attempts Among Middle and High School Students in Ghana",Enoch Azasu; Sean Joe,SSWR annual conference,,Oral,title_and_abstract,True,Empirical,Quantitative,Quantitative,quantitative,False,False
SSWR:2024-P-0139,SSWR,2024,Deaths of Despair Among US Young Adults: Risk Factors Associated with Suicidal Behaviors between 2015-2019,Seungbin Oh; Isabella Farago; Julia Starrett; Emily Heo; Hyeouk Chris Hahm,SSWR annual conference,,Poster,title_and_abstract,True,Empirical,Quantitative,Quantitative,quantitative,False,False
SSWR:2024-U-0411,SSWR,2024,Depression and Student Loan Debts: A Qualitative Study of User Posts in an Online Community,Lalita Dhal; Gaurav Ranjan Sinha,SSWR annual conference,,Oral,title_and_abstract,True,Empirical,Qualitative,Qualitative,qualitative,False,False
SSWR:2024-U-0090,SSWR,2024,Developing a Suicide Risk Forecasting Tool for Youth and Examining Potential Racial Biases in Algorithmic Prediction,Michael A. Lindsey; Arielle H. Sheftall; Andrew F. Cleek; John Dixon; Ashley Fuss; Jill A. Rabinowitz; Tracy M. Grogan,SSWR annual conference,,Oral,title_and_abstract,True,Empirical,Quantitative,Quantitative,quantitative,False,False
SSWR:2024-P-0359,SSWR,2024,"Development and Initial Validation of the Lesbian, Gay, Bisexual Multidimensional Stigma Inventory",Joseph Frey; William J. Hall; Paul Lanier; Jeremy Goldbach; Kirsten Kainz; Carolyn Halpern,SSWR annual conference,,Poster,title_and_abstract,False,Not applicable,Not applicable,Irrelevant,quantitative,False,False
SSWR:2024-P-0579,SSWR,2024,Differences in Suicide Risk Reduction for Underrepresented Minority Youth in a Community Based Psychoeducation Program,Amanda Minogue; Becky F. Antle; Ashley R. Logsdon; Laura Frey; Anita P. Barbee,SSWR annual conference,,Poster,title_and_abstract,True,Empirical,Quantitative,Quantitative,quantitative,False,False
SSWR:2024-P-0076,SSWR,2024,"Differential Associations Among Cyberbullying Victimization, Parental Monitoring, and Suicidal Thoughts/Behaviors in Male and Female College Students",Jaegoo Lee; Jinwon Kim; Heekyung Lee; Jinhee Park; Jason Mallonee; Jeoung Min Lee,SSWR annual conference,,Poster,title_and_abstract,True,Empirical,Quantitative,Quantitative,quantitative,False,False
SSWR:2024-P-0090,SSWR,2024,Ecological Factors of Telemental Healthcare Utilization Among Adolescents with Increased Substance Use during the COVID-19 Pandemic: The Moderating Effect of Gender,Youn Kyoung (Lily) KIM; Eusebius Small; Rachel Pounders; Salimata Fall; Wendy Wilson,SSWR annual conference,,Poster,title_and_abstract,True,Empirical,Quantitative,Quantitative,quantitative,False,False
SSWR:2024-P-0078,SSWR,2024,Effectiveness of Paraprofessional Substance Use Disorder Counselor Training,Christopher Cambron,SSWR annual conference,,Poster,title_and_abstract,False,Not applicable,Not applicable,Irrelevant,quantitative,False,False
SSWR:2024-U-0412,SSWR,2024,Effects of Anxiety and Student Loan Debts Among Users of an Online Community,Corey Ingram,SSWR annual conference,,Oral,title_and_abstract,True,Empirical,Qualitative,Qualitative,qualitative,False,False
SSWR:2024-U-0678,SSWR,2024,Examining Spanish-Language News Coverage of Schizophrenia and Psychosis in the U.S,Nancy Perez-Flores; Ali Mora; Michelle Bagwell; Leopoldo J. Cabassa,SSWR annual conference,,Oral,title_and_abstract,False,Not applicable,Not applicable,Irrelevant,qualitative,False,False
SSWR:2024-P-0371,SSWR,2024,Experiences of Peer Support Providers Supporting Family Members Bereaved By Suicide: A Qualitative Study in South Korea,Min Jung Kim; Hyungkyong Jee; Chaerim Park; Jiye Han,SSWR annual conference,,Poster,title_and_abstract,True,Empirical,Qualitative,Qualitative,qualitative,False,False
SSWR:2024-P-0285,SSWR,2024,Exploring Suicide Risk Among Homeless Adults in Texas: Investigating Factors Influencing Suicide Ideation and the Need for Safety Planning,Sumaita Choudhury; Sharon Choi; Yehyang Lee; Stacey Stevens Manser,SSWR annual conference,,Poster,title_and_abstract,True,Empirical,Quantitative,Quantitative,quantitative,False,False
SSWR:2024-U-0410,SSWR,2024,Exploring the Perspectives of Individuals with Serious Mental Illness: The Impacts of Student Loan Debt,Jenna Terry,SSWR annual conference,,Oral,title_and_abstract,False,Not applicable,Not applicable,Irrelevant,qualitative,False,False
SSWR:2024-P-0452,SSWR,2024,Exploring the Role of Despair in Opioid Misuse in the United States: A Mental Health Issue on the Rise Among the Economically Marginalized,Sadia Jehan; Clark Hampton; Kristen D. Seay; Christina M. Andrews,SSWR annual conference,,Poster,title_and_abstract,False,Not applicable,Not applicable,Irrelevant,quantitative,False,False
SSWR:2024-P-0503,SSWR,2024,Exposure to Community Violence: Mental Health Outcomes in Social Workers,Neveen Ali-Saleh,SSWR annual conference,,Poster,title_and_abstract,False,Not applicable,Not applicable,Irrelevant,qualitative,False,False
SSWR:2024-U-0072,SSWR,2024,Factors Associated with Suicide Risk Behavior Outcomes Among Black Middle  School Adolescents,Sonyia Richardson; Laura Gunn,SSWR annual conference,,Oral,title_and_abstract,True,Empirical,Quantitative,Quantitative,quantitative,False,False
SSWR:2024-P-0342,SSWR,2024,Fatal Wagers: Identification of Gambling As a Precipitating Factor in Deaths By Suicide in the National Violent Death Reporting System,Mark van der Maas,SSWR annual conference,,Poster,title_and_abstract,True,Empirical,Quantitative,Quantitative,quantitative,False,False
SSWR:2024-U-0248,SSWR,2024,Firearms and Suicide Completion Among Persons Recently Released from Psychiatric Hospitalization,Orion P. Mowbray; Zachary Cooper; Mariam Fatehi; Oluwayomi Paseda; Jay D. O'Shields,SSWR annual conference,,Oral,title_and_abstract,True,Empirical,Quantitative,Quantitative,quantitative,False,False
SSWR:2024-P-0256,SSWR,2024,Global Trends of Violence: How Democracy and Capitalism Are Relevant to Justifiability of Inward and Outward Violence,Yangjin Park; Jingyeong Song; Pa Thor; Sejung Yang,SSWR annual conference,,Poster,title_and_abstract,True,Empirical,Quantitative,Quantitative,quantitative,False,False
SSWR:2024-P-0336,SSWR,2024,Grief after Suicide: Effect of the Local Outreach to Suicide Survivors (LOSS) Program in Singapore,Jungup Lee; Seyoung Oh; Lynn Chiang,SSWR annual conference,,Poster,title_and_abstract,True,Empirical,Quantitative,Quantitative,mixed_methods,False,False
SSWR:2024-G-0036,SSWR,2024,Harnessing the Clinician-Researcher Role: Rapid Qualitative Observations and Resultant Adaptations from the Emergency Department Longitudinal Integrated Care (ED-LINC) Randomized Clinical Trial,Kayla Lovett; Lauren Whiteside; Lawrence A. Palinkas; Craig Field; Michael Light; Mark McGovern; Caleb Banta-Green; Douglas Zatzick,SSWR annual conference,,Sig,title_and_abstract,True,Empirical,Qualitative,Qualitative,qualitative,False,False
SSWR:2024-P-0252,SSWR,2024,How Mental Health Counselors at Hispanic-Serving Institutions Perceive and Respond to Latinx Student Psychological Distress,Sarah Herrera,SSWR annual conference,,Poster,title_and_abstract,False,Not applicable,Not applicable,Irrelevant,qualitative,False,False
SSWR:2024-U-0418,SSWR,2024,Impact of Cyberbullying Victimization on Suicide Risk Among Adolescents: The Mediator Role of Mental Health during the COVID-19 Pandemic,Jieun Lee,SSWR annual conference,,Oral,title_and_abstract,True,Empirical,Quantitative,Quantitative,quantitative,False,False
SSWR:2024-P-0025,SSWR,2024,Impact of Parent Help-Seeking Intentions on Youth Help-Seeking Intentions in Mexico,Steven Hoffman; Kyleigh Hatch; David S. Wood,SSWR annual conference,,Poster,title_and_abstract,True,Empirical,Quantitative,Quantitative,quantitative,False,False
SSWR:2024-U-0045,SSWR,2024,Improvements in Social Work Students' Comfort and Confidence Following a Virtual Suicide Prevention Training,Sky Gavis-Hughson; Christina M. Sellers; Rebekah S. Halmo; Eileen Dacey; Cali-Ryan R. Collin; Jennifer M. Putney,SSWR annual conference,,Oral,title_and_abstract,True,Empirical,Quantitative,Quantitative,quantitative,False,False
SSWR:2024-P-0169,SSWR,2024,Intimate Partner Violence and Suicidality Among Women: How Is the Connection Measured?,Lynette M. Renner,SSWR annual conference,,Poster,title_and_abstract,True,Empirical,Quantitative,Quantitative,quantitative,False,False
SSWR:2024-U-0506,SSWR,2024,Investigating Community-Level Approaches to Prevent Firearm Violence: A Qualitative Approach with Local Experts,Mickey S. Sperlich; Christopher St. Vil; Patricia Logan-Greene; Denise Lillvis; Rebecca Rasnake; Ogechi Kalu,SSWR annual conference,,Oral,title_and_abstract,False,Not applicable,Not applicable,Irrelevant,qualitative,False,False
SSWR:2024-U-0010,SSWR,2024,Latina Adolescents' Family Mental Health Socialization,Jennifer Lilly,SSWR annual conference,,Oral,title_and_abstract,False,Not applicable,Not applicable,Irrelevant,qualitative,False,False
SSWR:2024-P-0058,SSWR,2024,Man O'war Project PTSD-Equine Assisted Assisted Therapy Project: Mixed Methods Findings from a Fieldsite,Aviva Vincent; Mary Beth Rauktis,SSWR annual conference,,Poster,title_and_abstract,False,Not applicable,Not applicable,Irrelevant,mixed_methods,False,False
SSWR:2024-U-0330,SSWR,2024,Masculinity and Afrocentric Worldview: Assessing Risk and Protective Factors of Self-Reliance and Ubuntu on Young Black Men's Suicide Ideation,Husain Lateef,SSWR annual conference,,Oral,title_and_abstract,True,Empirical,Quantitative,Quantitative,quantitative,False,False
SSWR:2024-P-0330,SSWR,2024,Mediating Effects of Smartphone Dependence and Aggressiveness on the Relationship between Negative Parenting Attitude and Depression of Adolescents,Jihun Na; Hyeyeon Sung; Jinho Jhone; Sungkyu Lee,SSWR annual conference,,Poster,title_and_abstract,False,Not applicable,Not applicable,Irrelevant,quantitative,False,False
SSWR:2024-U-0071,SSWR,2024,Mitigating the Effect of Childhood Adversity on Mental Health: Resilience As Mediator Among Cambodian American Young Adults,Tola Seng; Eunju Lee,SSWR annual conference,,Oral,title_and_abstract,False,Not applicable,Not applicable,Irrelevant,quantitative,False,False
SSWR:2024-U-0463,SSWR,2024,Multiracial Emerging Adults' Perspectives on Participating in Mental Health Care: A Qualitative Study,Bridget E. Weller; Kiana Jean-Baptiste; Dominique Giroux,SSWR annual conference,,Oral,title_and_abstract,False,Not applicable,Not applicable,Irrelevant,qualitative,False,False
SSWR:2024-P-0408,SSWR,2024,National Guidelines for Workplace Suicide Prevention: Social Work’s Role in Moving Prevention Upstream,Jodi Jacobson Frey; Yali Deng; Amanda Mosby,SSWR annual conference,,Poster,title_and_abstract,True,Empirical,Quantitative,Quantitative,mixed_methods,False,False
SSWR:2024-U-0586,SSWR,2024,Parent and Caregiver Perspectives on Youth Suicide and Systems of Care,Toula Kourgiantakis; Jori Jones; Eunjung Lee; Shelley L. Craig; Carrie Lau; Deborah Cooper; David Cooper; Marjorie Johnston; Jonathan B. Singer; Juveria Zaheer,SSWR annual conference,,Oral,title_and_abstract,True,Empirical,Qualitative,Qualitative,qualitative,False,False
SSWR:2024-U-0628,SSWR,2024,Participatory Development of a Complex Cross-Site Logic Model for Community-Based Peer Support Programs Serving Veterans,Eric R. Hardiman; Sarah Wagner; Judith Fenlon; Natalie Turner,SSWR annual conference,,Oral,title_and_abstract,True,Empirical,Qualitative,Qualitative,qualitative,False,False
SSWR:2024-P-0546,SSWR,2024,Pathways from ACEs and Age to Mental Health Seeking Among Black Youth,Camille R. Quinn; Brianna Smith; Donte T. Boyd; Ed-Dee Williams,SSWR annual conference,,Poster,title_and_abstract,True,Empirical,Quantitative,Quantitative,quantitative,False,False
SSWR:2024-P-0639,SSWR,2024,Pathways to Resiliency and Empowerment: A Novel Approach to Understanding Adolescents Living with HIV,Eusebius Small; Bonita B. Sharma; Betty Tonui; Simon Mwima; Moses Okumu,SSWR annual conference,,Poster,title_and_abstract,True,Empirical,Qualitative,Qualitative,qualitative,False,False
SSWR:2024-P-0030,SSWR,2024,Pathways to Suicide Attempts Among High Schoolers: Findings from a Population-Based Study,Regina T. Praetorius; Danielle Harrell; Yangjin Park,SSWR annual conference,,Poster,title_and_abstract,True,Empirical,Quantitative,Quantitative,quantitative,False,False
SSWR:2024-P-0719,SSWR,2024,Peer Role(s) across State 9-8-8 Mental Health Crisis Legislation: A Qualitative Study,Sarah Porter; Jess Stohlmann-Rainey,SSWR annual conference,,Poster,title_and_abstract,True,Empirical,Qualitative,Qualitative,qualitative,False,False
SSWR:2024-O-0025,SSWR,2024,Peer Support Interventions for Sexual and Gender Minority Youth with Behavioral Health Needs: A Scoping Review,Dana Prince; Sarah Roberts; Sarah Gzesh; Tysen Tyson,SSWR annual conference,,Oral,title_and_abstract,False,Not applicable,Not applicable,Irrelevant,review,False,False
SSWR:2024-U-0185,SSWR,2024,Predicting Suicidal Ideation Among Native American High Schoolers in California,Valentín Quiroz Sierra,SSWR annual conference,,Oral,title_and_abstract,True,Empirical,Quantitative,Quantitative,quantitative,False,False
SSWR:2024-U-0091,SSWR,2024,"Preliminary Impact of Group-Based Interventions on Stigma, Mental Health and Treatment Adherence Among Adolescents Living with HIV in Uganda",Proscovia Nabunya; Samuel Kizito; Herbert Migadde; Vicent Ssentumbwe; Claire Najjuuko; Flavia Namuwonge; Ozge Sensoy Bahar; Abel Mwebembezi; Fred M. Ssewamala,SSWR annual conference,,Oral,title_and_abstract,False,Not applicable,Not applicable,Irrelevant,quantitative,False,False
SSWR:2024-P-0464,SSWR,2024,Psychological and Socio-Ecological Correlates of Suicide Behavior Among Middle School Students in the Greater Accra Region of Ghana,Emmanuel Quarshie; Enoch Azasu; Marcus Larnyoh; Elizabeth Ali; Sean Joe,SSWR annual conference,,Poster,title_and_abstract,True,Empirical,Quantitative,Quantitative,quantitative,False,False
SSWR:2024-P-0061,SSWR,2024,Racial and Ethnic Differences in Early School Experiences As a Predictor of Suicidal Ideation during Adolescence,Danielle Harrell; Angela Hall; Aundraea Brown,SSWR annual conference,,Poster,title_and_abstract,True,Empirical,Quantitative,Quantitative,quantitative,False,False
SSWR:2024-P-0204,SSWR,2024,Racial Differences in Sexual Assault and Its Effects,Melody Huslage; Adrienne Baldwin-White; Spit For Science Working Group,SSWR annual conference,,Poster,title_and_abstract,False,Not applicable,Not applicable,Irrelevant,quantitative,False,False
SSWR:2024-P-0531,SSWR,2024,Racial Discrimination and Mental Health: The Direct and Moderating Effects of Social Support By Sources on Asian American Youth,Michael Park; In Young Park; Yoonsun Choi; Julia R. Henly,SSWR annual conference,,Poster,title_and_abstract,True,Empirical,Quantitative,Quantitative,quantitative,False,False
SSWR:2024-U-0696,SSWR,2024,Racial Trauma and Suicidal Ideation Among Ethnoracially Minoritized College Students: The Moderating Effect of the College Environment,Antoinette Farmer; Yuhan Wei,SSWR annual conference,,Oral,title_and_abstract,True,Empirical,Quantitative,Quantitative,quantitative,False,False
SSWR:2024-P-0056,SSWR,2024,Reasons to Live: A Technology-Guided Analysis of Potential Protective Factors in Suicidality,Jonathan B. Singer,SSWR annual conference,,Poster,title_and_abstract,True,Empirical,Qualitative,Qualitative,quantitative,False,False
SSWR:2024-U-0015,SSWR,2024,Recommendations from Women Veterans for Strengthening Veterans Crisis Line Services for Women Veterans,Melissa E. Dichter; Lindsey Monteith; Aneeza Agha; Lauren Krishnamurti; Katherine Iverson; Ann Elizabeth Montgomery,SSWR annual conference,,Oral,title_and_abstract,True,Empirical,Qualitative,Qualitative,qualitative,False,False
SSWR:2024-U-0098,SSWR,2024,"Relationships between Disordered Eating and Family, School, and Community Contexts Among LGBTQ+ Youth in Kansas",Megan S. Paceley; Briana McGeough; Jennifer Ananda; Michael Riquino; Jennifer Pearson; Liz Hamor,SSWR annual conference,,Oral,title_and_abstract,False,Not applicable,Not applicable,Irrelevant,quantitative,False,False
SSWR:2024-U-0535,SSWR,2024,Relationships between Internalized Stigma and Depression and Suicide Risk Among Queer Youth in the United States: A Systematic Review and Meta-Analysis,Denise Yookong Williams; William J. Hall; Hayden Dawes; Ankur Srivastava; Spenser R. Radtke; Wan-Ting Chen; Jeremy Goldbach,SSWR annual conference,,Oral,title_and_abstract,True,Empirical,Review,Review,review,False,False
SSWR:2024-U-0066,SSWR,2024,"Risk-Related Outcomes and Gender Detransitioning: Interpersonal Coercion, Structural Barriers, or Identity-Related Reasons?",N. Eugene Walls; Jarrod Call; Brendon Holloway; Tural Mammadli; D.L. Whitfield,SSWR annual conference,,Oral,title_and_abstract,True,Empirical,Quantitative,Quantitative,quantitative,False,False
SSWR:2024-U-0241,SSWR,2024,Stigma of Suicide's Effects on Gatekeeping Behaviors Among Latinos,Elizabeth Byers; Steven Hoffman,SSWR annual conference,,Oral,title_and_abstract,True,Empirical,Quantitative,Quantitative,quantitative,False,False
SSWR:2024-P-0073,SSWR,2024,Students Spoke! Perceived Mental Health of High School Students during the Pandemic in the United States,Marjorie Colindres; Yigermal Demissie Ayalew; Katrina Herweh,SSWR annual conference,,Poster,title_and_abstract,True,Empirical,Quantitative,Quantitative,quantitative,False,False
SSWR:2024-U-0099,SSWR,2024,Suicidal Ideation and Behaviors in Young Children: Findings from a Chart Review,Meeyoung O. Min; Devon Musson Rose; Chloe Lehman; Jennifer Mitchell; Malinda Freitag,SSWR annual conference,,Oral,title_and_abstract,True,Empirical,Quantitative,Quantitative,quantitative,False,False
SSWR:2024-P-0151,SSWR,2024,Suicide Involving Intimate Partner Problems Among Immigrants in the U.S,"Jeongsuk Kim; Woojong Kim; Hyunkag Cho, PhD",SSWR annual conference,,Poster,title_and_abstract,True,Empirical,Quantitative,Quantitative,quantitative,False,False
SSWR:2024-U-0653,SSWR,2024,Suicide Prevention & Digital Interventions: A Meta-Analysis and Clinical Implications,Sean Burr; Miao Yu; Robin E. Gearing; Dana Alonzo; Danny Clark,SSWR annual conference,,Oral,title_and_abstract,True,Empirical,Review,Review,review,False,False
SSWR:2024-P-0217,SSWR,2024,Suicide Risk in Black Adolescents: The Role of Thwarted Belongingness and Interpersonal Discrimination in Predicting Suicide Ideation,Brittney Singletary,SSWR annual conference,,Poster,title_and_abstract,True,Empirical,Quantitative,Quantitative,quantitative,False,False
SSWR:2024-U-0131,SSWR,2024,Supporting Social Emotional Learning and Wellbeing of Displaced Adolescents from the Middle East: A Pilot Evaluation of the ‘Forward with Peers’ Intervention,Ilana Seff; Lindsay Stark; Ali Ali; Danielle Sarraf; Wafa Hassan; Carine Allaf,SSWR annual conference,,Unknown,title_and_abstract,True,Empirical,Quantitative,Quantitative,quantitative,False,False
SSWR:2024-P-0533,SSWR,2024,System Decisions and Dynamics Contributing to Mental Health Services Access for Youth in Foster Care,Daniel Gibbs; Joseph Konstanzer; Kristen Hassmiller Lich; Paul Lanier; David Ansong; Mimi Chapman; Todd M. Jensen; Roderick A. Rose,SSWR annual conference,,Poster,title_and_abstract,False,Not applicable,Not applicable,Irrelevant,qualitative,False,False
SSWR:2024-P-0672,SSWR,2024,Telehealth Service Provision in Integrated Settings: Strengths and Challenges,Xiafei Wang; Lauren Barry,SSWR annual conference,,Poster,title_and_abstract,False,Not applicable,Not applicable,Irrelevant,qualitative,False,False
SSWR:2024-U-0581,SSWR,2024,"Testing Contextually Enhanced Interpersonal Psychological Theory of Suicide Behavior Among Middle School Students in the Greater Accra Region of Ghana. Azasu E, Quarshie E, Louis, W., & Joe, S",Enoch Azasu; Woodjerry Louis; Sean Joe,SSWR annual conference,,Oral,title_and_abstract,True,Empirical,Quantitative,Quantitative,quantitative,False,False
SSWR:2024-P-0466,SSWR,2024,Testing the Applicability of the Interpersonal Psychological Theory of Suicide Behavior Among Middle School Students in the Greater Accra Region of Ghana,Enoch Azasu; Emmanuel Quarshie; Sean Joe,SSWR annual conference,,Poster,title_and_abstract,True,Empirical,Quantitative,Quantitative,quantitative,False,False
SSWR:2024-P-0629,SSWR,2024,The Association of Sociodemographic Characteristics and Mental Health Symptoms Among a National Sample of Canadian Adolescents and Young Adults,Nelson Pang; Kyle Ganson,SSWR annual conference,,Poster,title_and_abstract,True,Empirical,Quantitative,Quantitative,quantitative,False,False
SSWR:2024-U-0040,SSWR,2024,The Associations between Intimate Partner Violence and Mental Health Among Sexual Minority Men: A Systematic Review and Meta-Analysis,Chenglin Hong; Yilin Wang; Yuqing Wang; Sreelakshmi Pushpanadh; Rob Stephenson; Brian Keum; Jeremy Goldbach; Ian W. Holloway,SSWR annual conference,,Oral,title_and_abstract,True,Empirical,Review,Review,review,False,False
SSWR:2024-U-0147,SSWR,2024,The Burden of Not Belonging: Grounding the Interpersonal Theory of Suicide in the Voices of Latinx and Black Youth,"Carolina Vélez-Grau; Marya Gwadz, PhD; Ifrah Magan",SSWR annual conference,,Oral,title_and_abstract,True,Empirical,Qualitative,Qualitative,qualitative,False,False
SSWR:2024-P-0068,SSWR,2024,The Difficulties and Hardships of People with Intellectual and Developmental Disabilities (IDD) during the COVID-19 Pandemic: A Computational Text-Analysis Study of US Newspaper Coverage,Jiebiao Wang,SSWR annual conference,,Poster,title_and_abstract,False,Not applicable,Not applicable,Irrelevant,qualitative,False,False
SSWR:2024-P-0429,SSWR,2024,The Heterogeneity of Developmental Profiles of Adolescents Experiencing Substantial Adverse Childhood Experiences,Xiafei Wang; Lauren Barry; Xiaoyan Zhang; Gabriel J. Merrin,SSWR annual conference,,Poster,title_and_abstract,False,Not applicable,Not applicable,Irrelevant,quantitative,False,False
SSWR:2024-P-0258,SSWR,2024,The Impact of Environmental Risk Factors and Adolescent Depression: Focusing on the Buffering Effect of Family Strength,Yangjin Park; Danielle Harrell; Bethany Wood; Keundeok Park,SSWR annual conference,,Poster,title_and_abstract,False,Not applicable,Not applicable,Irrelevant,quantitative,False,False
SSWR:2024-P-0323,SSWR,2024,The Impact of Parental Suicide Stigma on Youth Suicide Stigma in Mexico,Julianne Croft; Steven Hoffman; David S. Wood,SSWR annual conference,,Poster,title_and_abstract,True,Empirical,Quantitative,Quantitative,quantitative,False,False
SSWR:2024-P-0468,SSWR,2024,"The Link between ACEs, Income, and Maternal Depressive Symptoms through a Racial and Ethnic Lens: A Moderated-Mediation Analysis",Bethany Wood; Catherine Cubbin; Kaitlin Paxton Ward; Esmeralda Rubalcava Hernandez,SSWR annual conference,,Poster,title_and_abstract,False,Not applicable,Not applicable,Irrelevant,quantitative,False,False
SSWR:2024-P-0423,SSWR,2024,The Outcomes of Gender and Sexuality Alliances for LGBTQ+ Youth: A Scoping Review,Mel McDonald; Lauren McInroy; Mo Yee Lee,SSWR annual conference,,Poster,title_and_abstract,True,Empirical,Review,Review,review,False,False
SSWR:2024-P-0159,SSWR,2024,The Relationship between Depression and Suicide Ideation Among Rural Elderly in South Korea: The Moderating Effects of Gender and Health Literacy,Soo Mi Jang; Hyung Mi Ha; Jihyeong Jeong,SSWR annual conference,,Poster,title_and_abstract,True,Empirical,Quantitative,Quantitative,quantitative,False,False
SSWR:2024-U-0154,SSWR,2024,The Tribal Reservation Adolescents Study: Findings from a Mixed Methods Social Network Study,Katie Schultz; Jerreed Ivanich; Lauren White,SSWR annual conference,,Oral,title_and_abstract,True,Empirical,Quantitative,Quantitative,mixed_methods,False,False
SSWR:2024-P-0300,SSWR,2024,Time Modified DBT Skills Groups for Adolescents: A Rapid Review,MacKenzie Dallenbach; Kimberly Moeller; Ashley Givens,SSWR annual conference,,Poster,title_and_abstract,True,Empirical,Review,Review,review,False,False
SSWR:2024-O-0047,SSWR,2024,Types of Racism-Based Experiences and Suicide Risk Among Black Emerging Adults,Sean Joe; Enoch Azasu; Robert O. Motley Jr.,SSWR annual conference,,Oral,title_and_abstract,True,Empirical,Quantitative,Quantitative,quantitative,False,False
SSWR:2024-P-0222,SSWR,2024,Understanding Adolescent Alcohol Consumption:  A Decision Tree Analysis of YRBSS Data,Isis Panellas; Catalina Cañizares,SSWR annual conference,,Poster,title_and_abstract,False,Not applicable,Not applicable,Irrelevant,quantitative,False,False
SSWR:2024-P-0104,SSWR,2024,Understanding Overeating Patterns Among Sexual and Gender Minority Youth: An Exploratory Analysis of Factors,Gio Iacono; Leah Holle; Jamie Smith; Hsiu-Ju Lin; Breana Bietsch; Ryan Watson,SSWR annual conference,,Poster,title_and_abstract,False,Not applicable,Not applicable,Irrelevant,quantitative,False,False
SSWR:2024-U-0212,SSWR,2024,Understanding the Effects of Perceived Racial Discrimination on Suicidal Behaviors Among Racial and Ethnic Minority Adolescents in the United States,Phillip Baiden; Catherine A. LaBrenz; Henry K Onyeaka; Bethany Wood; Edinam Gobodzo; Vera Mets; Lindsay Taliaferro,SSWR annual conference,,Oral,title_and_abstract,True,Empirical,Quantitative,Quantitative,quantitative,False,False
SSWR:2024-P-0287,SSWR,2024,Understanding the Role of Peer Victimization As an Adverse Childhood Experience in Predicting Behavior Problems across Racial/Ethnic Groups,Xiyao LIU,SSWR annual conference,,Poster,title_and_abstract,True,Empirical,Quantitative,Quantitative,quantitative,False,False
SSWR:2024-P-0459,SSWR,2024,Unraveling Collegiate Resiliency: Risk and Protective Factors Among Non-Traditional Students and Veterans,Josh Bylotas,SSWR annual conference,,Poster,title_and_abstract,True,Empirical,Quantitative,Quantitative,quantitative,False,False
SSWR:2024-G-0032,SSWR,2024,Utility of Service Records to Describe Services Provided and Outcomes after a Non-Police Mental Crisis Intervention,Tomoko Udo; Preston Roberts; Jordan Dyett; Denard Cummings; Timothy Campbell; Carmen Morano,SSWR annual conference,,Sig,title_and_abstract,True,Empirical,Quantitative,Quantitative,quantitative,False,False
SSWR:2024-P-0385,SSWR,2024,Validation of the 6-Item De Jong Gierveld Loneliness Scale in Korean Young Adults,"Youngmi Kim; Kyeongmo Kim, PhD; Jennifer Murphy; Aely Park",SSWR annual conference,,Poster,title_and_abstract,False,Not applicable,Not applicable,Irrelevant,quantitative,False,False
SSWR:2024-U-0260,SSWR,2024,Violence and Suicide in a Nationally Representative Sample of Youth Aged 12-17: What Does It Mean to be at-Risk?,Nicholas U. Barr,SSWR annual conference,,Oral,title_and_abstract,True,Empirical,Quantitative,Quantitative,quantitative,False,False
SSWR:2024-U-0124,SSWR,2024,"What Are Social Workers' Training, General Knowledge, and Assessment Practices for Firearms?",Lisa Rapp-McCall; Robert Lucio,SSWR annual conference,,Oral,title_and_abstract,True,Empirical,Quantitative,Quantitative,quantitative,False,False
SSWR:2024-P-0627,SSWR,2024,"Who's Your Daddy? Exploring the Relationship between Chosen Family, Future Orientation, and Harm Reduction",Sarah Gzesh,SSWR annual conference,,Poster,title_and_abstract,False,Not applicable,Not applicable,Irrelevant,qualitative,False,False
SSWR:2024-U-0375,SSWR,2024,Work/Life Balance or the Actual Workplace? Factors Associated with Depression and Burnout Among Healthcare Employees,Yali Deng; Jodi Jacobson Frey; Phillip Osteen; Amanda Mosby,SSWR annual conference,,Oral,title_and_abstract,False,Not applicable,Not applicable,Irrelevant,quantitative,False,False
SSWR:2024-U-0296,SSWR,2024,"Youth Disclosures of Child Maltreatment and Peer Responses on Social Media: Qualitative Analyses of Posts from the Mental Health Platform, Talklife","Morgan PettyJohn, ABD; Anneliese Williams; Anneliese Williams; Laura Schwab-Reese",SSWR annual conference,,Oral,title_and_abstract,False,Not applicable,Not applicable,Irrelevant,qualitative,False,False
SWRD:57780,SWRD,2024,'I just want you to listen': People who have experienced suicidal ideation/attempts talk about what they want from their crisis teams,"Staniforth, Barbara; Ali, Behiye; Adamson, Carole",Qualitative Social Work,10.1177/14733250231212114,Article,title_and_abstract,True,Empirical,Qualitative,Qualitative,Qualitative,False,False
SWRD:58062,SWRD,2024,A Call to Prioritize Integrated Suicide Interventions in Adolescent Substance Use Treatment,"Sellers, Christina M.; O'Brien, Kimberly H. McManama",Journal of Social Work Practice in the Addictions,10.1080/1533256x.2023.2225919,Article,title_and_abstract,False,Not applicable,Not applicable,Irrelevant,,False,False
SWRD:56776,SWRD,2024,"A pilot study: Exploring suicidal ideation among non-offending adults with sexual attraction to minors, through their online forum posts","Murphy, Rachel",Journal of Social Work,10.1177/14680173241240973,Article,title_and_abstract,True,Empirical,Qualitative,Qualitative,Qualitative,False,False
SWRD:72745,SWRD,2024,A trans-conceptual model for suicide prevention in social work practice: military and veteran populations as an example,Bylotas J.,Social Work in Mental Health,10.1080/15332985.2023.2244624,Journal Article,title_and_abstract,True,Non-empirical,Not applicable,Non-empirical,,False,False
SWRD:56851,SWRD,2024,Addressing gun violence through social work education,"Hawley-Bernardez, Alicia; Patton, Joy; Meza, Carol; Gibbons, Greg",Social Work Education,10.1080/02615479.2024.2334788,Article; Early Access,title_and_abstract,True,Non-empirical,Not applicable,Non-empirical,,False,False
SWRD:58690,SWRD,2024,Addressing Suicide Risk: A Systematic Review of Motivational Interviewing Infused Interventions,"Lundahl, Brad; Howey, Whitney; Dilanchian, Aundrea; Garcia, Myra J.; Patin, Kara; Moleni, Kristina; Burke, Brian",Research on Social Work Practice,10.1177/10497315231163500,Review,title_and_abstract,True,Empirical,Review,Review,Quantitative,False,False
SWRD:55805,SWRD,2024,Animal-Assisted Stress Management for Veterinary Staff,"Eaton-Stull, Yvonne M.; Streidl, Christopher; Jaffe, Batya G.; Kuehn, Sarah; Kaufman, Alexandra",Health & Social Work,10.1093/hsw/hlae025,Article,title_and_abstract,False,Not applicable,Not applicable,Irrelevant,Quantitative,False,False
SWRD:536,SWRD,2024,Barriers to a trauma-informed approach to suicide: experiences of practicing clinicians,"Mirick, Rebecca G.; Bridger, Joanna; Mccauley, James",Social Work in Mental Health,10.1080/15332985.2024.2447798,Article; Early Access,title_and_abstract,True,Empirical,Qualitative,Qualitative,Qualitative,False,False
SWRD:57043,SWRD,2024,Benefits of a 'Psy-Curriculum' for Theorising Interprofessional Practice Provision of School Support Services,"Hoang, Andrew Pau",British Journal of Social Work,10.1093/bjsw/bcae030,Article,title_and_abstract,False,Not applicable,Not applicable,Irrelevant,,False,False
SWRD:55662,SWRD,2024,Campaign against living miserably: A look from social learning theory (SLT),"O'Leary, Olivia; Matusitz, Jonathan",Journal of Human Behavior in the Social Environment,10.1080/10911359.2024.2412099,Article; Early Access,title_and_abstract,True,Non-empirical,Not applicable,Non-empirical,,False,False
SWRD:55711,SWRD,2024,Clinical Confidence in Risk Assessments of Suicidal Clients: An Intervention Study,"Regehr, Cheryl; Birze, Arija",Clinical Social Work Journal,10.1007/s10615-024-00965-8,Article; Early Access,title_and_abstract,True,Empirical,Quantitative,Quantitative,Quantitative,False,False
SWRD:58110,SWRD,2024,"Collaborative depression care sensitive to the needs of underserved patients with cancer: Feasibility, acceptability and outcomes","Price, Sarah; Hamann, Heidi A.; Halaby, Laila; Trejo, Juanita; Rogers, Fernanda Corella; Weihs, Karen",Journal of Psychosocial Oncology,10.1080/07347332.2023.2224314,Article,title_and_abstract,True,Empirical,Quantitative,Quantitative,Quantitative,False,False
SWRD:58703,SWRD,2024,Computerized Suicide Prevention Clinical Training Simulations: A Pilot Study,"Bornheimer, Lindsay A.; Li Verdugo, Juliann; Humm, Laura; Steacy, Chris; Krasnick, Julie; Grumet, Julie Goldstein; Aikens, James E.; Gold, Katherine J.; Hiltz, Barbara; Smith, Matthew J.",Research on Social Work Practice,10.1177/10497315231161563,Article,title_and_abstract,True,Empirical,Quantitative,Quantitative,Quantitative,False,False
SWRD:72152,SWRD,2024,"Cyber Victimization, Traditional Victimization, and Suicidal Ideation: The Role of Left-Behind Status Among Adolescents in Rural China",Han Xie; Aron Shlonsky; Yizhe Jiang; Kunjie Cui,Child & Adolescent Social Work Journal,10.1007/s10560-024-01002-w,Journal Article,title_and_abstract,True,Empirical,Quantitative,Quantitative,Quantitative,False,False
SWRD:102447,SWRD,2024,Death on the Farm: How I Learned that Social Work (and Everyone) Should Care about Farmer Suicide,Ketayun H.; Mahasweta M,Reflections: Narratives of Professional Helping,,Article,title_and_abstract,True,Non-empirical,Not applicable,Non-empirical,,False,False
SWRD:71931,SWRD,2024,"Deaths of Despair in Black and White: Gun Violence, Political Economy, and the Case for Macro Intervention",Aspholm R.R.; Aguilar N.; Vil C.S.,Advances in Social Work,10.18060/27396,Journal Article,title_and_abstract,True,Non-empirical,Not applicable,Non-empirical,,False,False
SWRD:82226,SWRD,2024,Demoralization as a specifier for adjustment disorders,Kissane D.,Journal of Psychosocial Oncology,10.1097/or9.0000000000000148,Review,title_and_abstract,False,Not applicable,Not applicable,Irrelevant,,True,False
SWRD:56613,SWRD,2024,"Development of the Mobile Application to Prevent Suicide (MAPS), a Personalized Smartphone App for Suicide Prevention: Feedback from Individual Interviews","Schatten, Heather T.; Kimble, Sara K.; Alboukrek, Daniel; Carosa, Catarina L.; Hughes, Christopher D.; Armey, Michael F.; Miller, Ivan W.; Elwy, A. Rani; Primack, Jennifer",Journal of Technology in Human Services,10.1080/15228835.2024.2351416,Article,title_and_abstract,True,Empirical,Qualitative,Qualitative,Qualitative,False,False
SWRD:72724,SWRD,2024,"Do Peers, Neighborhood Disorder, Religiosity, Spirituality, and Family Support Influence Polysubstance Use Among Older Youth Transitioning from Foster Care?",Snyder S.M.; Scott L.,Journal of Evidence-Based Social Work,10.1080/26408066.2023.2252417,Journal Article,title_and_abstract,False,Not applicable,Not applicable,Irrelevant,Quantitative,False,False
SWRD:110600,SWRD,2024,Esperanza: Increasing Equity and Access in Mental Health Services for Adolescents,"Henderson, Marissa M; Shores, Susan; Bowie-Viverette, April C; Bowie-Viverette, April C; Glazier, Wendy; Diehl, Lisa; Coronado, Ramon; Gomez, Rebecca J; Chapman, Tamara; Gomez, Rebecca J; Pon, Gordon; Cuevas, Mo; Groulx, Lionel-Henri; Healy, Deborah; O'Donnell, Kristen; Gagne, Marie-Helene; Martinez-Gollar, Lupita; Bouchard, Camil",School Social Work Journal,,Journal Article,title_and_abstract,True,Empirical,Quantitative,Quantitative,Quantitative,False,False
SWRD:72278,SWRD,2024,Examining the relationship between religious volunteering and mental health screeners among firefighters,Herzog J.R.; Dillard D.; King E.; Rotunda R.; O’Dare K.; Dilks J.,Journal of Religion & Spirituality in Social Work,10.1080/15426432.2024.2416579,Journal Article,title_and_abstract,True,Empirical,Quantitative,Quantitative,Quantitative,False,False
SWRD:57032,SWRD,2024,Exploring Teen Suicide Rates through the Lens of Macro Risk Factors,"Godshall, Katherine C.; Hansel, Tonya Cross; Brewer, Kathryne",Social Work in Public Health,10.1080/19371918.2024.2324145,Article,title_and_abstract,True,Empirical,Quantitative,Quantitative,Quantitative,False,False
SWRD:56885,SWRD,2024,Factors behind suicides in Muslim countries: a global ecological study,"Shoib, Sheikh; Tayyeb, Muhammad; Armiya'u, Aishatu Yusha'u; Raaj, Shaeraine; Elmahi, Osman Kamal Osman; Swed, Sarya; Saeed, Fahimeh; Nahidi, Mahsa; Bashir, Aadil; Chandradasa, Miyuru",Social Work in Mental Health,10.1080/15332985.2024.2323040,Article,title_and_abstract,True,Empirical,Quantitative,Quantitative,Quantitative,False,False
SWRD:601,SWRD,2024,Factors That Influence MSW Students' Referral Decisions for Depression: A Factorial Survey,"Murphy, Melissa G.; Lacasse, Jeffrey R.; Schelbe, Lisa",Research on Social Work Practice,10.1177/10497315241303845,Article; Early Access,title_and_abstract,True,Empirical,Quantitative,Quantitative,Quantitative,False,False
SWRD:71938,SWRD,2024,Firearm Access and Safe Storage: What are Social Workers’ Training and Assessment Practices with Clients?,Rapp-Mccall L.; Lucio R.,Advances in Social Work,10.18060/27395,Journal Article,title_and_abstract,True,Empirical,Quantitative,Quantitative,Quantitative,False,False
SWRD:57359,SWRD,2024,Formal versus informal pathways to mental health care in China,"Brewer, K. B.; Gearing, R. E.; Cheung, M.; Leung, P.; Carr, L. C.; Savani, S.; Ma, Y.; Chen, W.; He, X.",China Journal of Social Work,10.1080/17525098.2023.2252913,Article,title_and_abstract,False,Not applicable,Not applicable,Irrelevant,Quantitative,False,False
SWRD:622,SWRD,2024,Guidelines for a Trauma-Informed Approach to Non-Suicidal-Injury for Crisis Evaluators,"Reynolds, Janine",Clinical Social Work Journal,10.1007/s10615-024-00977-4,Article; Early Access,title_and_abstract,False,Not applicable,Not applicable,Irrelevant,,False,False
SWRD:57073,SWRD,2024,Hospital social workers and mental health: essential roles during the COVID-19 pandemic,"Kourgiantakis, Toula; Craig, Shelley L.; Sur, Deepy; Muskat, Barbara; Kirkland, Alexa",Social Work in Mental Health,10.1080/15332985.2024.2314474,Article,title_and_abstract,False,Not applicable,Not applicable,Irrelevant,Qualitative,False,False
SWRD:55773,SWRD,2024,"Identifying depression, diabetes distress, and suicidality among adolescents with diabetes","Glick, Bethany A.; Hong, K. Ming Chan; Hoffman, Robert P.",Social Work in Health Care,10.1080/00981389.2024.2400883,Article,title_and_abstract,True,Empirical,Quantitative,Quantitative,Quantitative,False,False
SWRD:56723,SWRD,2024,Increasing Engagement of College Students at Risk for Suicide in Online Intervention: A Qualitative Analysis,"Reyes-Portillo, Jazmin A.; Judd, Emily; Martin, Grace; Kalver, Avi; Taveras, Lizbeth; Rette, Danielle; Lekas, Helen-Maria; Escobar, Melissa; Coyle-Eastwick, Samantha; King, Cheryl A.; Masia Warner, Carrie",Journal of Technology in Human Services,10.1080/15228835.2024.2343699,Article,title_and_abstract,True,Empirical,Qualitative,Qualitative,Qualitative,False,False
SWRD:58202,SWRD,2024,Interventions for Adolescent Suicide Ideation and Suicide Attempts in Latin America and Spain: A Systematic Review,"Canizares, Catalina; Macgowan, Mark J.",Research on Social Work Practice,10.1177/10497315231178462,Review,title_and_abstract,True,Empirical,Review,Review,Quantitative,False,False
SWRD:997,SWRD,2024,Interventions Targeting the Mental Health and Well-being of Care-Experienced Children and Young People: Mixed-Methods Systematic Review with Stakeholder Consultation to Inform Transportability and Adaptability to UK Context,"Evans, Rhiannon; MacDonald, Sarah; Trubey, Rob; Melendez-Torres, G. J.; Robling, Michael; Willis, Simone; Boffey, Maria; Wooders, Charlotte; Vinnicombe, Soo; Noyes, Jane",British Journal of Social Work,10.1093/bjsw/bcae061,Article,title_and_abstract,True,Empirical,Review,Review,Review,False,False
SWRD:71849,SWRD,2024,LGBTQ + Grassroots Activists’ Perspectives on Banning Sexual Orientation and Gender Identity Change Efforts,Scheadler T.R.; Haus K.R.; Mobley T.A.; Mark K.P.,Journal of Human Rights and Social Work,10.1007/s41134-023-00283-y,Journal Article,title_and_abstract,False,Not applicable,Not applicable,Irrelevant,Qualitative,False,False
SWRD:117123,SWRD,2024,Managing Suicidal Thoughts with DBT-Informed Social Work Counseling: Reflections on Working with a Filipino Young Adult,Alain Matteo Meneses; Alain Matteo Meneses; Alain Matteo Meneses; Alain Matteo Meneses,ASEAN Social Work Journal,dc/68811e6c14,Journal Article,title_and_abstract,True,Empirical,Qualitative,Qualitative,Qualitative,False,False
SWRD:57890,SWRD,2024,Measuring the effect of economic indicators of low and middle-income countries on suicide rates by using panel data analysis method,"Kalender, Selin; Senol, Osman; Kisi, Merve",Journal of Human Behavior in the Social Environment,10.1080/10911359.2023.2268139,Article,title_and_abstract,True,Empirical,Quantitative,Quantitative,Quantitative,False,False
SWRD:71738,SWRD,2024,"Mental Health Service Utilization, School Experiences, and Religious Involvement Among a National Sample of Black Adolescents Who Attempted Suicide: Examining Within and Cross-Race Group Differences",Goodwill J.R.; Yasui M.,Child & Adolescent Social Work Journal,10.1007/s10560-022-00888-8,Journal Article,title_and_abstract,True,Empirical,Quantitative,Quantitative,Quantitative,False,False
SWRD:56223,SWRD,2024,Mental Health Workforce Knowledge about LGBTIQ Identities and Related Responsiveness: A Mixed Methods Approach,"Kennon, Tiffany; Kilicaslan, Jan; Petrakis, Melissa",British Journal of Social Work,10.1093/bjsw/bcae112,Article,title_and_abstract,False,Not applicable,Not applicable,Irrelevant,Qualitative,False,False
SWRD:757,SWRD,2024,Native HeArts: Digital Storytelling Through Indigenous Art,"DeMaria, Jaelyn; Straits, Kee J. E.",Journal of Community Practice,10.1080/10705422.2024.2429758,Article,title_and_abstract,True,Non-empirical,Not applicable,Non-empirical,,False,False
SWRD:117119,SWRD,2024,Navigating Suicidal Crisis in a Traditional Setting of Kyrgyzstan,Leila Salimova; Leila Salimova,ASEAN Social Work Journal,dc/b777b0b6ec,Journal Article,title_and_abstract,True,Empirical,Qualitative,Qualitative,Qualitative,False,False
SWRD:72353,SWRD,2024,Navigating suicidality: swedish social workers’ approaches to identifying and supporting suicidal clients,Gunnarsson N.V.; Hedman K.,Nordic Social Work Research,10.1080/2156857x.2024.2405599,Journal Article,title_and_abstract,True,Empirical,Qualitative,Qualitative,Qualitative,False,False
SWRD:57929,SWRD,2024,"Nonsuicidal self injury among young adults and adolescents: Historical, cultural and clinical understandings","Lurigio, Arthur J.; Nesi, Danielle; Meyers, Stacey M.",Social Work in Mental Health,10.1080/15332985.2023.2264434,Article,title_and_abstract,False,Not applicable,Not applicable,Irrelevant,,False,False
SWRD:56221,SWRD,2024,Peer-support groups for suicide loss survivors: a systematic review,"Inostroza, Carolina; Rubio-Ramirez, Francisca; Bustos, Claudio; Quijada, Yanet; Fernandez, Dany; Buhring, Vasily; Vargas, Belen; Riquelme, Alejandro; Araya, Maria Paz",Social Work with Groups,10.1080/01609513.2023.2249053,Article,title_and_abstract,True,Empirical,Review,Review,,False,False
SWRD:72127,SWRD,2024,Poly-Victimisation and Health Risk Behaviors amongst Street Children in Zimbabwe,Gunhidzirai C.; Constance Gunhidzirai; Constance Gunhidzirai; Patel L.; Leila Patel; Leila Patel,Social Work and Society,,Journal Article,title_and_abstract,True,Empirical,Quantitative,Quantitative,Quantitative,False,False
SWRD:71725,SWRD,2024,Psychosocial Support for Victims of Sexual Violence During the War in Ukraine: Challenges for Social Work,Shved O.; Liakh T.; Spirina T.; Lekholetova M.,Journal of Human Rights and Social Work,10.1007/s41134-024-00336-w,Journal Article,title_and_abstract,False,Not applicable,Not applicable,Irrelevant,Qualitative,False,False
SWRD:71706,SWRD,2024,Screening and Assessment of Suicidal Behavior in Transition-Age Youth with Foster Care Involvement,Katz C.C.; Gopalan G.; Wall E.; Leoni-Hughes H.; Pargiter T.; Collins D.,Child & Adolescent Social Work Journal,10.1007/s10560-023-00913-4,Journal Article,title_and_abstract,True,Empirical,Review,Review,Review,False,False
SWRD:60094,SWRD,2024,Social work practice instructors' preparedness and readiness to teach suicide content,"Mirick, Rebecca G.",Social Work Education,10.1080/02615479.2022.2102162,Article,title_and_abstract,True,Empirical,Quantitative,Quantitative,Quantitative,False,False
SWRD:56048,SWRD,2024,State-Level Income Inequality as a Determinant of Suicide Mortality in the United States,"Irish, Andrew J.",Social Work,10.1093/sw/swae035,Article,title_and_abstract,True,Empirical,Quantitative,Quantitative,Quantitative,False,False
SWRD:57001,SWRD,2024,Subjective religiosity and mental health service utilization: a descriptive study of the help-seeking attitudes and behaviors of students attending an HBCU,"Livingston, Val; Benjamin, Tonia; Freeman, Jenasha; Goode, Carmen; Jones, Yazmin; Salgado, Wendy",Social Work in Mental Health,10.1080/15332985.2024.2315271,Article,title_and_abstract,False,Not applicable,Not applicable,Irrelevant,Quantitative,False,False
SWRD:55812,SWRD,2024,Suicide in Stroke Survivors and Social Work,"Yokoi, Teruo; Oguma, Erina; Inagaki, Kayo; Fukuda, Toshihide",Health & Social Work,10.1093/hsw/hlae029,Editorial Material,title_only,True,Non-empirical,Not applicable,Non-empirical,,False,False
SWRD:58007,SWRD,2024,Suicide prevention and intervention education in Australian social work qualifying courses: are students adequately prepared for the workforce?,"Pryor, Rebecca; Wayland, Sarah; Maple, Myfanwy",Social Work Education,10.1080/02615479.2023.2258140,Article,title_and_abstract,True,Empirical,Quantitative,Quantitative,Quantitative,False,False
SWRD:55996,SWRD,2024,Suicide Prevention Training for Social Work Students in Rural Practicum Placements: Current Opportunities and Areas for Growth,"Christensen, Mary",Journal of Teaching in Social Work,10.1080/08841233.2024.2374233,Article,title_and_abstract,True,Empirical,Quantitative,Quantitative,Quantitative,False,False
SWRD:59396,SWRD,2024,Teaching Note-A Survey of Suicide Content in Social Work Programs,"Mirick, Rebecca. G.",Journal of Social Work Education,10.1080/10437797.2022.2119063,Article,title_and_abstract,True,Empirical,Quantitative,Quantitative,Quantitative,False,False
SWRD:72024,SWRD,2024,The association of social capital and mental well-being among older residents living in public housing in Macau Special Administrative Region (S.A.R.) – A qualitative case study of Seac Pai Van,He M.S.I.; Lam A.I.F.; Wong P.W.C.,Asian Social Work and Policy Review,10.1111/aswp.12303,Journal Article,title_and_abstract,False,Not applicable,Not applicable,Irrelevant,Qualitative,False,False
SWRD:82230,SWRD,2024,The human side of cancer care in Japan: barriers and challenges,Uchitomi Y.,Journal of Psychosocial Oncology,10.1097/or9.0000000000000142,Review,title_and_abstract,False,Not applicable,Not applicable,Irrelevant,,False,False
SWRD:57733,SWRD,2024,"The Imposition of a Coerced Autonomy: Suicidal ""Bad Girls,"" Human Service Professionals, and Gender Bias","Townsend, Harriet",Affilia-Feminist Inquiry in Social Work,10.1177/08861099231209760,Article,title_and_abstract,True,Empirical,Qualitative,Qualitative,Qualitative,False,False
SWRD:55661,SWRD,2024,The relationship between violent political rhetoric and suicide rates,"Nugent, William R.; Lee, Jaydah Brianna",Journal of Human Behavior in the Social Environment,10.1080/10911359.2024.2410301,Article; Early Access,title_and_abstract,True,Empirical,Quantitative,Quantitative,Quantitative,False,False
SWRD:52151,SWRD,2024,The Relationship of Opioid Misuse and Suicidality Among Adolescents With Disabilities,"Marsack-Topolewski, Christina N.; Chan, Keith T.",Families in Society,10.1177/10443894241229168,Article; Early Access,title_and_abstract,True,Empirical,Quantitative,Quantitative,Quantitative,False,False
SWRD:72377,SWRD,2024,The Role of Resilience as a Mediating Factor between Adverse Childhood Experience and Mental Health in Adolescents Receiving Child Welfare Services in Nova Scotia,Shahidi M.; Ungar M.; Wedyaswari M.; Shojaee M.,Child & Adolescent Social Work Journal,10.1007/s10560-024-00979-8,Journal Article,title_and_abstract,True,Empirical,Quantitative,Quantitative,Quantitative,False,False
SWRD:105267,SWRD,2024,"The trauma-suicide connection among racial and ethnically diverse lesbian, gay, and bisexual adults: Examining the roles of intersectional discrimination and complex posttraumatic stress disorder.","Ellis, Émilie; Gutierrez, Dumayi",Sexual and Gender Diversity in Social Services,10.1080/29933021.2024.2323503,,title_and_abstract,True,Empirical,Quantitative,Quantitative,Quantitative,False,False
SWRD:56137,SWRD,2024,Trauma-Informed Practice with Individuals with Suicidal Thoughts and Behaviors,"Mirick, Rebecca G.; Bridger, Joanna; Mccauley, James",Clinical Social Work Journal,10.1007/s10615-024-00955-w,Article; Early Access,title_and_abstract,True,Empirical,Qualitative,Qualitative,Quantitative,False,False
SWRD:71965,SWRD,2024,Trauma-Informed School-Based Postvention Services: Support to Students Following a Suicide Death,Mirick R.G.; Bridger J.; McCauley J.,Clinical Social Work Journal,10.1007/s10615-023-00887-x,Journal Article,title_and_abstract,True,Non-empirical,Not applicable,Non-empirical,,False,False
SWRD:56839,SWRD,2024,"Underage drinking, prevalence and predictors in India: Analysis of Demographic and Health Surveys (DHS) data","Tikhute, Vishal",Journal of Human Behavior in the Social Environment,10.1080/10911359.2024.2336109,Article; Early Access,title_and_abstract,False,Not applicable,Not applicable,Irrelevant,Quantitative,False,False
SWRD:89223,SWRD,2024,Understanding Different Forms of Gun Violence in American Schools: An Analysis from 1980 to 2019,"Hamlin, Daniel E.",Children & Schools,10.1093/cs/cdae027,Article,title_and_abstract,True,Empirical,Quantitative,Quantitative,Quantitative,False,False
SWRD:707,SWRD,2024,"Using a Mediation Moderation Model to Examine Exposure to Videos of Police Use of Force in Media, Police Contact Anxiety, Grit, and Suicidality Among Black Emerging Adult College Students","Motley Jr, Robert O.; Simmons, Erik; Clifton, Maribeth; Azasu, Enoch; Walker, Danielle T.; Johnson, Carnayla",Journal of the Society for Social Work and Research,10.1086/722584,Article,title_and_abstract,True,Empirical,Quantitative,Quantitative,Quantitative,False,False
SWRD:72729,SWRD,2024,Using modern technologies for prevention of suicidal behavior among adolescents,Li A.; Aimaganbetova O.; Baktybayev Z.; Koishibayeva M.; Makhmutov A.; Murzagulova M.,Social Work in Mental Health,10.1080/15332985.2023.2247514,Journal Article,title_and_abstract,True,Empirical,Quantitative,Quantitative,Quantitative,False,False
SWRD:58778,SWRD,2024,Using simulation to prepare social work students for field education,"Jefferies, Gerard; Davis, Cindy; Mason, Jonathan; Yadav, Raj",Social Work Education,10.1080/02615479.2023.2185219,Article,title_and_abstract,False,Not applicable,Not applicable,Irrelevant,Quantitative,False,False
SWRD:120348,SWRD,2024,"Wellbeing and Indigenous Aymara Orphans in Perú: An Empirical Study at Hogar de Niñas Virgen de Fatima de Chejoña, Puno","Fergusson, Lee; Fergusson, Lee; Ortiz Cabrejos, Javier; Ortiz Cabrejos, Javier; Bonshek, Anna; Bonshek, Anna",The Journal of Sociology & Social Welfare,oai:scholarworks.wmich.edu:jssw-4698,Journal Article,title_and_abstract,False,Not applicable,Not applicable,Irrelevant,Quantitative,False,False
SWRD:71734,SWRD,2024,"Youth Gang Membership, Marginalized Identities, and Suicidality Disparities: Intersectional Implications for Research and Practice",Bishop A.S.; Nurius P.S.; Fleming C.M.; Klein R.T.; Rousson A.N.,Child & Adolescent Social Work Journal,10.1007/s10560-022-00902-z,Journal Article,title_and_abstract,True,Empirical,Quantitative,Quantitative,Quantitative,False,False
SSWR:2025-U-0127,SSWR,2025,"""I Want to be a Part of Something That Helps Youth like Me."" a Just Practice Approach to Understanding Suicide Thoughts, and Decisions and the Inclination to Help-Seeking Behaviors Among Young Adults",Antonia R.G. Alvarez; Thao Nguyen,SSWR annual conference,,Oral,title_and_abstract,True,Empirical,Qualitative,Qualitative,qualitative,False,False
SSWR:2025-U-0808,SSWR,2025,"""I Was Determined to Fulfill This Image of Myself That I Wanted of a 'good Asian Student'"": A Photovoice Study of Asian American College Student Mental Health",Lalaine Sevillano; Joanna La Torre; Taylor Geyton,SSWR annual conference,,Oral,title_and_abstract,False,Not applicable,Not applicable,Irrelevant,qualitative,False,False
SSWR:2025-P-0324,SSWR,2025,"""Suicide Prevention Can Do Work Beyond Preventing Suicide"": Evaluating a Campus-Wide Suicide Prevention Program",Antonia R.G. Alvarez; Thao Nguyen,SSWR annual conference,,Poster,title_and_abstract,True,Empirical,Qualitative,Qualitative,qualitative,False,False
SSWR:2025-U-0677,SSWR,2025,"""They Just Get Me:"" Co-Creating Visibility and Growth through a Trans Specific Mentoring Program",Angela Matijczak; Kade Goldin; Alex Wagaman; Jama Shelton; Calvin Hall,SSWR annual conference,,Oral,title_and_abstract,False,Not applicable,Not applicable,Irrelevant,qualitative,False,False
SSWR:2025-P-0668,SSWR,2025,"(SEE VIRTUAL POSTER GALLERY) ""Acting As the Face of a Broken System"": Challenges Experienced By Mobile Crisis Workers",Priya Gupta; Leah A. Jacobs; Kathryn Luk; Toya Jones,SSWR annual conference,,Poster,title_and_abstract,True,Empirical,Qualitative,Qualitative,qualitative,False,False
SSWR:2025-P-0120,SSWR,2025,(SEE VIRTUAL POSTER GALLERY) Cross-National Prevalence of Risk of Depression Among Older Adults: Are There Gender and Age Differences?,Antonia Diaz-Valdes; Jose T Medina,SSWR annual conference,,Poster,title_and_abstract,False,Not applicable,Not applicable,Irrelevant,quantitative,False,False
SSWR:2025-P-0161,SSWR,2025,"(SEE VIRTUAL POSTER GALLERY) Feasibility, Acceptability, and Initial Impact of a Community-Level Capacity-Building Mental Health Initiative for Migrant Arrivals",Aimee Hilado; Rebecca Ford-Paz; Yvita Bustos; Elizabeth Charleston; Samantha Martinez,SSWR annual conference,,Poster,title_and_abstract,True,Empirical,Quantitative,Quantitative,quantitative,False,False
SSWR:2025-P-0202,SSWR,2025,(SEE VIRTUAL POSTER GALLERY) Identity-Based Discrimination and Suicide Risk for Sexual Minority College Students,Kelley Cook,SSWR annual conference,,Poster,title_and_abstract,True,Empirical,Quantitative,Quantitative,quantitative,False,False
SSWR:2025-P-0061,SSWR,2025,(SEE VIRTUAL POSTER GALLERY) Income Inequality and Suicidality in the United States,Andrew Irish,SSWR annual conference,,Poster,title_and_abstract,True,Empirical,Quantitative,Quantitative,quantitative,False,False
SSWR:2025-P-0416,SSWR,2025,(SEE VIRTUAL POSTER GALLERY) Loss Experience of Family Survivors of Suicide in South Korea: The Pain of Muganjiok,Soo Mi Jang; Hyung Mi Ha; Jihyeong Jeong,SSWR annual conference,,Poster,title_and_abstract,True,Empirical,Qualitative,Qualitative,qualitative,False,False
SSWR:2025-P-0523,SSWR,2025,(SEE VIRTUAL POSTER GALLERY) Professional Help-Seeking Behavior Among Immigrants in Ireland: Moderation of Social Capital,Xuhong Li; Juxiong Feng; Pengpeng Cai,SSWR annual conference,,Poster,title_and_abstract,False,Not applicable,Not applicable,Irrelevant,quantitative,False,False
SSWR:2025-P-0235,SSWR,2025,(SEE VIRTUAL POSTER GALLERY) Research Trend Analysis of Suicide Among Adolescents in South Korea,Yoonsun Han; Hayoung Donnelly; Suna Kim,SSWR annual conference,,Poster,title_and_abstract,True,Empirical,Quantitative,Quantitative,review,False,False
SSWR:2025-P-0125,SSWR,2025,(SEE VIRTUAL POSTER GALLERY) The Impact of Childhood Violence Exposure on Suicidality Among Adolescents and Young Adults Living with HIV/Aids in Zimbabwe,Brittany Stahnke; Edson Chipalo; Ikenna Odii; Violent Nkwanzi; Simon Mwima,SSWR annual conference,,Poster,title_and_abstract,True,Empirical,Quantitative,Quantitative,quantitative,False,False
SSWR:2025-P-0693,SSWR,2025,(SEE VIRTUAL POSTER GALLERY) The Relationship between Violent Political Rhetoric and Suicide Rates in the US,William R. Nugent,SSWR annual conference,,Poster,title_and_abstract,True,Empirical,Quantitative,Quantitative,quantitative,False,False
SSWR:2025-P-0052,SSWR,2025,(SEE VIRTUAL POSTER GALLERY) The Role of Alcohol Use in the Relationship between Bullying Victimization and Suicidality: Differences between Gay/Lesbian and Bisexual Youth,Traci Wike; Leah Bouchard,SSWR annual conference,,Poster,title_and_abstract,True,Empirical,Quantitative,Quantitative,quantitative,False,False
SSWR:2025-U-0645,SSWR,2025,A Pathways Framework for Understanding Climate Change and Mental Health in Informal Settlements,Samantha Winter,SSWR annual conference,,Oral,title_and_abstract,False,Not applicable,Not applicable,Irrelevant,other,False,False
SSWR:2025-P-0084,SSWR,2025,A Randomized Controlled Trial of an Integrated Alcohol and Suicide Intervention for Suicidal Teens (iASIST),Christina M. Sellers; Anthony Spirito; Shirley Yen; Jordan Braciszewski; Kimberly H. McManama O'Brien,SSWR annual conference,,Poster,title_and_abstract,True,Empirical,Quantitative,Quantitative,quantitative,False,False
SSWR:2025-P-0377,SSWR,2025,"An Exploration of the Precarities, Outcomes, and Interventions for Older Adults without Care Partners: A Scoping Review",Brittany Jones-Cobb; Chaejeong Lee,SSWR annual conference,,Poster,title_and_abstract,False,Not applicable,Not applicable,Irrelevant,review,False,False
SSWR:2025-P-0128,SSWR,2025,Analyzing Three Decades of Youth Suicidality Trends: A Meta-Analysis of Yrbs Data,Sangmi Kim; Hong-Jun Yoon; Gang Seob Jung; J. Douglas Coatsworth,SSWR annual conference,,Poster,title_and_abstract,True,Empirical,Review,Review,review,False,False
SSWR:2025-U-0716,SSWR,2025,Artificial Intelligence (AI) and Prompt Engineering: Applying the Risen Framework to Enhance Social Work Research and Practices within LGBTQ+ Communities,"Ivie Arasomwan; Jimin Sung, MA; Zichen Zhao; Elwin Wu, PhD; Charles H. Lea III",SSWR annual conference,,Oral,title_and_abstract,False,Not applicable,Not applicable,Irrelevant,other,False,False
SSWR:2025-U-0279,SSWR,2025,Association between Polyvictimization and Multiple Suicide Attempts Among Sexual Minority Adolescents: Findings from the 2015-2021 National Youth Risk Behavior Survey,Phillip Baiden; Carolina Vélez-Grau; Meghan Romanelli; Christina M. Sellers; Catherine A. LaBrenz,SSWR annual conference,,Oral,title_and_abstract,True,Empirical,Quantitative,Quantitative,quantitative,False,False
SSWR:2025-P-0194,SSWR,2025,Association of Intellectual and Developmental Disabilities with Mental Health and Neurologic Disorders Among U.S. Adult Emergency Department Patients,Harold Pollack; Hefei Wen; Derek S. Brown; Brandon Tabman; Kristen A. Berg; Lauren Peterson; Kenton Johnston,SSWR annual conference,,Poster,title_and_abstract,True,Empirical,Quantitative,Quantitative,quantitative,False,False
SSWR:2025-U-0822,SSWR,2025,"Attitudes Towards Youth and Adult Suicide, Results from a Community Survey in Harris County",Sean Burr; Robin E. Gearing,SSWR annual conference,,Oral,title_and_abstract,True,Empirical,Quantitative,Quantitative,quantitative,False,False
SSWR:2025-U-0140,SSWR,2025,Beyond Resiliency: An Exploration of East African Refugees Psychological Well-Being,Helen Tadese; Hewan Girma; Carmen C. Monico,SSWR annual conference,,Oral,title_and_abstract,False,Not applicable,Not applicable,Irrelevant,qualitative,False,False
SSWR:2025-P-0830,SSWR,2025,Beyond the General Population: Suicidality in Foster Youth Versus Various Family Structures,William J. Schneider; Lucy Kovacevic,SSWR annual conference,,Poster,title_and_abstract,True,Empirical,Quantitative,Quantitative,quantitative,False,False
SSWR:2025-P-0515,SSWR,2025,Bridging Clinical and Scientific Gaps: A Systematic Review of Trauma-Informed Care for Transgender Individuals in India,Santhoshraj Srinivasan; J. Douglas Coatsworth,SSWR annual conference,,Poster,title_and_abstract,True,Empirical,Review,Review,review,False,False
SSWR:2025-O-0017,SSWR,2025,Can the Zero Suicide Framework be Applied to a Youth-Serving Behavioral Health System of Care?: Lessons Learned from a Statewide Implementation,Shireena McGee; Jessica Borden; Shannon Hegarty; Ashley Costello; Pamela Lilleston,SSWR annual conference,,Oral,title_and_abstract,True,Empirical,Quantitative,Quantitative,mixed_methods,False,False
SSWR:2025-U-0455,SSWR,2025,"Childhood Adversities and Suicidal Ideation Among Young Adults with Serious Mental Illnesses: The Mediating Roles of Perceived Stress, Dispositional Hope, and  Mental Health Hope","Aaron Rodwin; Moiyattu Banya; Rei Shimizu; James J. Jaccard, PhD; Michael A. Lindsey; Michelle R. Munson",SSWR annual conference,,Oral,title_and_abstract,True,Empirical,Quantitative,Quantitative,quantitative,False,False
SSWR:2025-U-0674,SSWR,2025,Co-Response to Psychiatric Emergencies in an Urban Setting: A Law Enforcement-Driven Response to Mental Health,Corinne A. Beaugard; Carolina-Nicole Herrera; Rachel Oblath,SSWR annual conference,,Oral,title_and_abstract,False,Not applicable,Not applicable,Irrelevant,qualitative,True,False
SSWR:2025-P-0193,SSWR,2025,College Student Polyvictimization: The Role of Resilience and Social Support in Suicidal Thoughts/Behaviors,Jeoung Min Lee,SSWR annual conference,,Poster,title_and_abstract,True,Empirical,Quantitative,Quantitative,quantitative,False,False
SSWR:2025-U-0373,SSWR,2025,Community Voices on Youth Mental Health and Wellness,Dora Tam; Siu Ming Kwok; Tara Collins; Victoria Wood; Julia Kao; Jensyn Wallan,SSWR annual conference,,Oral,title_and_abstract,False,Not applicable,Not applicable,Irrelevant,qualitative,False,False
SSWR:2025-P-0677,SSWR,2025,Comparisons of Suicidality in a Community Sample Including Adolescents with a History of Foster Care Involvement,Amanda Minogue; Anita P. Barbee,SSWR annual conference,,Poster,title_and_abstract,True,Empirical,Quantitative,Quantitative,quantitative,False,False
SSWR:2025-U-0799,SSWR,2025,Demographic and Socioenvironmental Profile of Latine Service Users in the National Early Psychosis Intervention Network (EPINET),Ana T. Flores,SSWR annual conference,,Oral,title_and_abstract,True,Empirical,Quantitative,Quantitative,quantitative,False,False
SSWR:2025-P-0116,SSWR,2025,"Disability Status, History of Suspensions, and Early Suicide Risk Among Children",Danielle Harrell; Ambra Green; Janine Shuman; Aundraea Brown,SSWR annual conference,,Poster,title_and_abstract,True,Empirical,Quantitative,Quantitative,quantitative,False,False
SSWR:2025-P-0645,SSWR,2025,Effectiveness of Dialectical Behavior Therapy in Schools and Barriers and Facilitators to Implementation: A Rapid Scoping Review,Bridget Bailey; Kathryn Williams; Carrie W. Rishel; Sara Bravo Peterec; Bailey Dyson,SSWR annual conference,,Poster,title_and_abstract,True,Empirical,Review,Review,review,False,False
SSWR:2025-P-0829,SSWR,2025,"Embracing Diversity: Recognizing Gender Expression, Discrimination, Victimization, and Mental Health Disparities Among LGB Men and Women",Kong Yang; Juye Ji,SSWR annual conference,,Poster,title_and_abstract,True,Empirical,Quantitative,Quantitative,quantitative,False,False
SSWR:2025-U-0459,SSWR,2025,"Ethnic Identity. Thwarted Belongingness, and Perceived Burdensomeness Among Latinx and Black Youth",Carolina Vélez-Grau; Melissa McTernan; Michael A. Lindsey; Laura Mufson,SSWR annual conference,,Oral,title_and_abstract,True,Empirical,Quantitative,Quantitative,quantitative,False,False
SSWR:2025-P-0253,SSWR,2025,Evaluation of a Collaborative Virtual Continuing Education Partnership with Refugee-Serving Mental Health Providers Working in Malaysia,William Carlson; Patricia Shannon; Christopher Mehus; Mahinder Kaur; Julie Rohovit; Ehtataw Zar,SSWR annual conference,,Poster,title_and_abstract,False,Not applicable,Not applicable,Irrelevant,mixed_methods,False,False
SSWR:2025-P-0291,SSWR,2025,Examining the Relationship between Food Insecurity and Risk of Sexual Violence Among College Students,Adrienne Baldwin-White; spit For Science; spit For Science,SSWR annual conference,,Poster,title_and_abstract,True,Empirical,Quantitative,Quantitative,quantitative,False,False
SSWR:2025-U-0041,SSWR,2025,"Exploring Suicide Stigma Among Adolescents in the Greater Accra Region of Ghana: The Role of Age, Mental Health Stigma, and Traditional Beliefs",Enoch Azasu,SSWR annual conference,,Oral,title_and_abstract,True,Empirical,Quantitative,Quantitative,quantitative,False,False
SSWR:2025-U-0150,SSWR,2025,Exploring the Predictive Role of ACEs on Suicidal Ideation and Behaviors Among Midwest Youth,Juan Benavides; Akeem Modeste-James; Donte T. Boyd; Camille R. Quinn,SSWR annual conference,,Oral,title_and_abstract,True,Empirical,Quantitative,Quantitative,quantitative,False,False
SSWR:2025-P-0112,SSWR,2025,Exploring the Relationship between Moderate to Severe Depression and Marijuana Use Among Black Male College Students: Insights from the Healthy Minds Network,Terrell Richardson; Daphne Cain,SSWR annual conference,,Poster,title_and_abstract,False,Not applicable,Not applicable,Irrelevant,quantitative,False,False
SSWR:2025-P-0097,SSWR,2025,Exposure to Suicide in Veterans and the Impact on Increased Suicide Risk,Sarah Kintzle,SSWR annual conference,,Poster,title_and_abstract,True,Empirical,Quantitative,Quantitative,quantitative,False,False
SSWR:2025-U-0650,SSWR,2025,Harnessing Community Strengths: Social Support Dynamics and Suicide Prevention Among Alaska Native Youth,Lauren White,SSWR annual conference,,Oral,title_and_abstract,True,Empirical,Quantitative,Quantitative,quantitative,False,False
SSWR:2025-P-0853,SSWR,2025,Hopelessness and Childhood Trauma Experiences in the Relationship between Technology-Facilitated Sexual Violence and Suicidal Ideation Among Young Women in South Korea: A Moderated Mediation Model,Boyoung Nam; Sujeong Yu; Dong Hyeon Kim; Sung Min Kweon; Chansu Min,SSWR annual conference,,Poster,title_and_abstract,True,Empirical,Quantitative,Quantitative,quantitative,False,False
SSWR:2025-P-0624,SSWR,2025,Innovative Dissemination Strategies: Amplifying Suicide Prevention Research through Academic-Community Partnerships,Nicholas Brdar; Maura Campbell; Katie Hoener; Timothy Florence; Lindsay A. Bornheimer,SSWR annual conference,,Poster,title_and_abstract,True,Empirical,Quantitative,Quantitative,other,False,False
SSWR:2025-U-0429,SSWR,2025,Institutional Betrayal (IB) Experiences Following Sexual Violence Trauma Among Women in Taiwan,Wan-Jung (Wendy) Hsieh; Xi-Hua Ye; Jung Hsueh; Kung-Shiun Kuo,SSWR annual conference,,Oral,title_and_abstract,True,Empirical,Qualitative,Qualitative,qualitative,False,False
SSWR:2025-P-0370,SSWR,2025,Investigating the Mediating Role of Psychological Distress in the Relationship between Cyberbullying Victimization and Adolescent Suicide Risk: A Structural Equation Modeling Approach,Jieun Lee; Hyeyoung Kang,SSWR annual conference,,Poster,title_and_abstract,True,Empirical,Quantitative,Quantitative,quantitative,False,False
SSWR:2025-U-0608,SSWR,2025,Latent Profiles of Psychosocial Risk and Associations with Suicidality in Military Veterans,Nicholas U. Barr; Steven Pace; Alexandra Slemaker; Eva Alday; Sarah Kintzle,SSWR annual conference,,Oral,title_and_abstract,True,Empirical,Quantitative,Quantitative,quantitative,False,False
SSWR:2025-U-0589,SSWR,2025,"Leaving Patriarchal, Non-Affirming, High Demand Religion: Understanding Sexual Minority Women's Mental Health and Social Connectedness during Faith Transition",Linda Cahoon; Angie Wootton; Heather K. Horton,SSWR annual conference,,Oral,title_and_abstract,True,Empirical,Quantitative,Quantitative,mixed_methods,False,False
SSWR:2025-U-0520,SSWR,2025,Leveraging Implementation Science to Expand Suicide Prevention to Primary Care,Mimi Choy-Brown; Mari Tarantino; Leslie Moreland; Moira Harrison; Elizabeth Wharf; Abigail Ross,SSWR annual conference,,Oral,title_and_abstract,True,Empirical,Quantitative,Quantitative,mixed_methods,False,False
SSWR:2025-U-0707,SSWR,2025,Leveraging the Unique and Essential Role of Participatory Social Work Research in Artificial Intelligence (AI) for LGBTQ+ Health,"Charles H. Lea III; Ivie Arasomwan; Jimin Sung, MA; Zichen Zhao; Elwin Wu, PhD",SSWR annual conference,,Oral,title_and_abstract,False,Not applicable,Not applicable,Irrelevant,other,False,False
SSWR:2025-U-0237,SSWR,2025,"LGBTQ+ Youth Activists in the U.S.: An Exploration of Their Progress, Challenges, and Aspirations",Megan S. Paceley; Spencer Evans; Leonardo Kattari; Briana McGeough; April Diaz; Jessica Fish,SSWR annual conference,,Oral,title_and_abstract,False,Not applicable,Not applicable,Irrelevant,qualitative,False,False
SSWR:2025-U-0486,SSWR,2025,Life Is Precious: Culturally-Responsive Interventions for Latina Adolescents at Risk of Suicide,Daniela Tuda; Ana Stefancic; Elaina Montague,SSWR annual conference,,Oral,title_and_abstract,True,Empirical,Quantitative,Quantitative,quantitative,False,False
SSWR:2025-P-0305,SSWR,2025,Long COVID-19 to Essential Healthcare Workers: Material Hardship and Mental Health,Soobin Kim; Jihee Woo,SSWR annual conference,,Poster,title_and_abstract,True,Empirical,Quantitative,Quantitative,quantitative,False,False
SSWR:2025-P-0802,SSWR,2025,Looking Beyond Suicide: A Qualitative Content Analysis of Suicide Notes in a Rural Community,Nadia Moreno; Crystal Garcia,SSWR annual conference,,Poster,title_and_abstract,True,Empirical,Qualitative,Qualitative,qualitative,False,False
SSWR:2025-P-0352,SSWR,2025,Maladaptive Perfectionism and Religious Involvement Among Youth in the Western United States,Christina Bartholomew; Justin Dyer; Joseph Olsen,SSWR annual conference,,Poster,title_and_abstract,False,Not applicable,Not applicable,Irrelevant,quantitative,False,False
SSWR:2025-P-0511,SSWR,2025,"Model Minority Myth, School and Socio-Economic Achievement, and Mental Health of Filipino American and Korean American Youth",Michael Park; Yuanyuan Yang; Bryan Gu; Yoonsun Choi,SSWR annual conference,,Poster,title_and_abstract,True,Empirical,Quantitative,Quantitative,quantitative,False,False
SSWR:2025-U-0776,SSWR,2025,Partnering with Black Intimate Partner Violence Survivors to Identify Barriers to Help-Seeking in the Healthcare and Mental Healthcare Systems,Tierra Murray; Sinmi Adeyemo; Bernandine Waller,SSWR annual conference,,Oral,title_and_abstract,False,Not applicable,Not applicable,Irrelevant,qualitative,False,False
SSWR:2025-U-0493,SSWR,2025,Personal Recovery for Transition Age Youth and Young Adults with Mental Health Conditions: A Systematic Review,Aaron Rodwin; Sarah Watson; Daniel Baslock; Victoria Stanhope; Michelle R. Munson,SSWR annual conference,,Oral,title_and_abstract,False,Not applicable,Not applicable,Irrelevant,review,False,False
SSWR:2025-O-0013,SSWR,2025,Physical and Behavioral Health Diagnoses and Comorbidities Associated with Transition from Military Health System to Veterans Health Care Among Post-9/11 Veterans,Nikki R. Wooten; Megan Amuan; Madeleine Myers; Prince Addo; Jeffery Bowers; Felicia Carey; Rudolph Rull; Edward Boyko; Nathaniel Bell; Mary Jo Pugh,SSWR annual conference,,Oral,title_and_abstract,False,Not applicable,Not applicable,Irrelevant,quantitative,False,False
SSWR:2025-U-0372,SSWR,2025,Polyvictimization and Suicidal Thoughts and Behaviors Among Adolescents: Findings from the 2017-2021 National Youth Risk Behavior Survey,Amanda Minogue; Phillip Baiden; Christina M. Sellers; Catherine A. LaBrenz; Yangjin Park; Selina Ansah-Koi; Catalina Cañizares,SSWR annual conference,,Oral,title_and_abstract,True,Empirical,Quantitative,Quantitative,quantitative,False,False
SSWR:2025-P-0123,SSWR,2025,Predicting Adolescent Suicidal Ideation: The Role of Physical Activity Evaluated through Machine Learning Models,Sangmi Kim; Gang Seob Jung; Hong-Jun Yoon,SSWR annual conference,,Poster,title_and_abstract,True,Empirical,Quantitative,Quantitative,quantitative,False,False
SSWR:2025-P-0577,SSWR,2025,Predictive Risk Factors of Physical Teen Dating Violence Among Black Girls,Tierra Murray; Isabel Torres-Vigil,SSWR annual conference,,Poster,title_and_abstract,False,Not applicable,Not applicable,Irrelevant,quantitative,False,False
SSWR:2025-U-0305,SSWR,2025,Preventing Youth Suicide By Improving Care: Adapting the Family-Based Crisis Intervention for Use in Inpatient Psychiatric Settings,Saira Afzal; Ijun Hong; Abigail Ross,SSWR annual conference,,Oral,title_and_abstract,True,Empirical,Quantitative,Quantitative,mixed_methods,False,False
SSWR:2025-U-0132,SSWR,2025,Protective Factors Related to Psychological Distress and Suicidal Ideation in College Student Survivors of Intimate Partner Violence,Lindsay Gezinski; Julia O'Connor; Rachel Voth Schrag,SSWR annual conference,,Oral,title_and_abstract,True,Empirical,Quantitative,Quantitative,quantitative,False,False
SSWR:2025-P-0617,SSWR,2025,Racism As a Social Determinant of Suicidal Thoughts and Behaviors Among Pre-Adolescents in the United States:  An Investigation Using the Adolescent Brain Cognitive Development Study,Bethany Wood; Angela Hall; Phillip Baiden,SSWR annual conference,,Poster,title_and_abstract,True,Empirical,Quantitative,Quantitative,quantitative,False,False
SSWR:2025-P-0612,SSWR,2025,Risk Factors and Attempt Characteristics Among Transition-Aged Youth and Young Adults Who Attempted Suicide,Nicholas Brdar; Nidhi Tigadi; Sara Pasiak; Andrew Wylie; Lindsay A. Bornheimer,SSWR annual conference,,Poster,title_and_abstract,True,Empirical,Quantitative,Quantitative,quantitative,False,False
SSWR:2025-U-0303,SSWR,2025,Self-Reported Barriers to Substance Use Treatment and Recovery Support Services: A Latent Class Analysis,Nathaniel Dell; Xiao Li; Hannah Szlyk; Patricia Cavazos-Rehg,SSWR annual conference,,Oral,title_and_abstract,True,Empirical,Quantitative,Quantitative,quantitative,False,False
SSWR:2025-P-0652,SSWR,2025,Sense of Belonging and Campus Climate? Influences in Upstanding Behavior When Witnessing Emotional Distress/Suicidal Thoughts,MacKenzie Dallenbach; Melissa Ticozzi; Haelim Jeong; Anthony Fulginiti,SSWR annual conference,,Poster,title_and_abstract,True,Empirical,Quantitative,Quantitative,quantitative,False,False
SSWR:2025-P-0771,SSWR,2025,Social Networks and Military Sexual Harassment: Implications for Depression Among U.S. Army Personnel,Liv Canning; Eric Rice,SSWR annual conference,,Poster,title_and_abstract,False,Not applicable,Not applicable,Irrelevant,quantitative,False,False
SSWR:2025-P-0766,SSWR,2025,"Social Stigma, Financial Hardship, PTSD As Predicators of Suicidal Ideation Among Human Trafficking Survivors",Fahmida Afroz; David Okech,SSWR annual conference,,Poster,title_and_abstract,True,Empirical,Quantitative,Quantitative,quantitative,False,False
SSWR:2025-P-0549,SSWR,2025,"Social Work Practitioners Training, Attitudes, and Actions Concerning Firearm Risk Assessment with Clients: A Call for Change",Patricia Logan-Greene; Mickey S. Sperlich; Alexis Speck Glennon,SSWR annual conference,,Poster,title_and_abstract,True,Empirical,Quantitative,Quantitative,quantitative,False,False
SSWR:2025-U-0647,SSWR,2025,Stigma and Self-Compassion in Digital Stories By People Living with Mental Illness,Lara Bowen; Aviva Goode,SSWR annual conference,,Oral,title_and_abstract,False,Not applicable,Not applicable,Irrelevant,qualitative,False,False
SSWR:2025-U-0741,SSWR,2025,Suicidal and Delinquent Behavior Among African American Youth: Exploring the Role of ACEs and PTSD,Camille R. Quinn; Durrell Washington; Donte T. Boyd; Evelyn Coker; Ashima Saigal; Nelson Francoise,SSWR annual conference,,Oral,title_and_abstract,True,Empirical,Quantitative,Quantitative,quantitative,False,False
SSWR:2025-P-0811,SSWR,2025,Suicidal Ideation Among Persons on Parole: The Role of Residential Instability,Javier F. Boyas; Leah McCoy; Pamela Valera,SSWR annual conference,,Poster,title_and_abstract,True,Empirical,Quantitative,Quantitative,quantitative,False,False
SSWR:2025-U-0028,SSWR,2025,Suicidality and Latent Subgroups of Substance Use Among Korean Adolescents,Serim Lee; Jinyung Kim,SSWR annual conference,,Oral,title_and_abstract,True,Empirical,Quantitative,Quantitative,quantitative,False,False
SSWR:2025-P-0445,SSWR,2025,Suicide Attempts Among Immigrants with Intimate Partner Problems: Associations with Mental Health and Substance Use and Variations By Race and Ethnicity,Woojong Kim; Jeongsuk Kim; Maria Velez; Dorothy Miah,SSWR annual conference,,Poster,title_and_abstract,True,Empirical,Quantitative,Quantitative,quantitative,False,False
SSWR:2025-U-0071,SSWR,2025,Suicide Risk Profiles and Barriers to Help-Seeking Among College Students at Elevated Risk for Suicide and Not Engaged in Mental Health Services,Lindsay A. Bornheimer; Nicholas Brdar; Hyun Jung Koo; Juliann Li Verdugo; Ewa Czyz; Daniel Eisenberg; Kai Zheng; Jacqueline Pistorello; Ronald Albucher; William Coryell; Todd Favorite; Cheryl King,SSWR annual conference,,Oral,title_and_abstract,True,Empirical,Quantitative,Quantitative,quantitative,False,False
SSWR:2025-P-0206,SSWR,2025,"Syndemic Factors, Suicidal Ideation and HIV Treatment Adherence Among Gay Men Living with HIV in Taiwan",Deng-Min Chuang; Wei-Ting Zhang,SSWR annual conference,,Poster,title_and_abstract,True,Empirical,Quantitative,Quantitative,quantitative,False,False
SSWR:2025-P-0133,SSWR,2025,Team Sports Participation and Depression Among US Adolescents,Malya Hirshkowitz; Lenna Nepomnyaschy,SSWR annual conference,,Poster,title_and_abstract,False,Not applicable,Not applicable,Irrelevant,quantitative,False,False
SSWR:2025-P-0702,SSWR,2025,"The Association between Interpersonal Factors, Stress, Anxiety, and Depression Among Junior High School Students in the Greater Accra Region of Ghana",Enoch Azasu; Abass Babatunde; Ali Lateef; Portia Nartey; Ebow Nketsiah; Graham Zulu; Dennis Boyd,SSWR annual conference,,Poster,title_and_abstract,True,Empirical,Quantitative,Quantitative,quantitative,False,False
SSWR:2025-U-0063,SSWR,2025,"The Association between the School Breakfast Program, the National School Lunch Program, and the Supplemental Nutritional Assistance Program and Changes in Food Insecurity from Childhood to Adulthood",Thomas P. Vartanian; Lindsey Norton,SSWR annual conference,,Oral,title_and_abstract,False,Not applicable,Not applicable,Irrelevant,quantitative,False,False
SSWR:2025-U-0757,SSWR,2025,The Dispositions of Mental Health-Related 911 Calls with CIT Officers in Seattle: Arrest Rates and Community Linkages,Alison Stogsdill,SSWR annual conference,,Oral,title_and_abstract,True,Empirical,Quantitative,Quantitative,quantitative,False,False
SSWR:2025-P-0572,SSWR,2025,The Impact of Anti-Asian Hatred on School-Aged Asian Children and Adolescents,Jieru Bai; Yiwei Zhang; Anh-Luu Huynh-Hohnbaum; Ya Hsuan Ting; Kay Lam,SSWR annual conference,,Poster,title_and_abstract,False,Not applicable,Not applicable,Irrelevant,qualitative,False,False
SSWR:2025-P-0265,SSWR,2025,The Impact of Internalized Transphobia and Community Connectedness on Psychological Distress and Suicidality Among Transgender Adults,Rebecca Lazuka; Brittany Eghaneyan,SSWR annual conference,,Poster,title_and_abstract,True,Empirical,Quantitative,Quantitative,quantitative,False,False
SSWR:2025-U-0569,SSWR,2025,The Impact of Service Users' Race and Legal System Involvement on Coercive Mobile Crisis Interventions: An Institutional Racism Prevention Research Study,Kathryn Luk; Leah A. Jacobs; Priya Gupta; Aaron Gottlieb; Nev Jones; Amy C. Watson; Thomas Miller,SSWR annual conference,,Oral,title_and_abstract,True,Empirical,Quantitative,Quantitative,quantitative,False,False
SSWR:2025-U-0050,SSWR,2025,"The Impact of State-Level LGBTQ+ Equality Legislation on Suicidal Ideation, Suicide Planning, and Suicide Attempts Among Adolescents in the U.S",Christina M. Sellers; Phillip Baiden; Emma Cho; Julie Stubbs; Sky Gavis-Hughson; Joanna Almeida,SSWR annual conference,,Oral,title_and_abstract,True,Empirical,Quantitative,Quantitative,quantitative,False,False
SSWR:2025-U-0678,SSWR,2025,Trans Lifeline's Safe Hotlines Study: The Need to Advance Non-Carceral Mental Health Support Strategies,Jane E. Palmer,SSWR annual conference,,Oral,title_and_abstract,True,Empirical,Quantitative,Quantitative,mixed_methods,False,False
SSWR:2025-U-0682,SSWR,2025,Transforming Phone Line and Text Crisis Intervention for 2SLGBTQI+ Callers and Texters in Canada,Monica Sesma-Vazquez (She/Ella); Mike Velthuis Kroeze; Melissa Mostert; Tara Collins,SSWR annual conference,,Oral,title_and_abstract,True,Empirical,Qualitative,Qualitative,qualitative,False,False
SSWR:2025-P-0791,SSWR,2025,"Trends in Suicide Attempt By Race/Ethnicity Among College Students: Findings from Healthy Mind Study, 2014-2023",Yali Deng,SSWR annual conference,,Poster,title_and_abstract,True,Empirical,Quantitative,Quantitative,quantitative,False,False
SSWR:2025-P-0421,SSWR,2025,Turning Points and Transitions on the Hero's Journey: Posttraumatic Growth and Transformation in U.S. Veterans,Donna L. Schuman; Andrew O. Picart; Dayton Williams; Alyssa Dean; Christine Spadola,SSWR annual conference,,Poster,title_and_abstract,False,Not applicable,Not applicable,Irrelevant,qualitative,False,False
SSWR:2025-P-0858,SSWR,2025,Understanding Victims’ Lived Experiences Following Online Romance Scam Victimization in the United States,Rebecca Cole,SSWR annual conference,,Poster,title_and_abstract,True,Empirical,Qualitative,Qualitative,qualitative,False,False
SSWR:2025-U-0767,SSWR,2025,Unveiling Mental Health Challenges in Belize: Exploring Social Determinants and Pathways to Sustainable Solutions,Megan Fabbri; Jaclyn Kirsch,SSWR annual conference,,Oral,title_and_abstract,False,Not applicable,Not applicable,Irrelevant,qualitative,False,False
SSWR:2025-U-0156,SSWR,2025,Use of Safety Planning Among 9-8-8-Network Crisis Centers in Missouri:  A Mixed Methods Study,Morgan C. Shields; Danielle Adams; Theresa Anasti; Gabriela Musickant; Zohra Kantawala; Rachana Cheu; Ryan Lindsay; Byron Powell; Jonathan Purtle,SSWR annual conference,,Oral,title_and_abstract,True,Empirical,Quantitative,Quantitative,mixed_methods,False,False
SSWR:2025-G-0008,SSWR,2025,Using a Social Ecological Perspective to Examine Medication Adherence Among Persons with Severe Mental Illness: A Randomized Factorial Design,Ryan Petros; Phyllis L. Solomon,SSWR annual conference,,Sig,title_and_abstract,False,Not applicable,Not applicable,Irrelevant,quantitative,False,False
SSWR:2025-P-0723,SSWR,2025,Using an Ordinal Regression to Examine the Association between Housing Insecurity and Escalating Suicidal Behaviors Among Trans-Young Adults: A Structural Determinant Approach,"Eleni Gaveras; Patrick Fowler, PhD",SSWR annual conference,,Poster,title_and_abstract,True,Empirical,Quantitative,Quantitative,quantitative,False,False
SSWR:2025-U-0021,SSWR,2025,Validation of the Scale of Economic Abuse-2 in a Sample of Caregivers in Home Visitation Programs,Gina Fedock; Melissa Kull; Jennifer Baquedano; Carly Murray; Yejin Sohn,SSWR annual conference,,Oral,title_and_abstract,False,Not applicable,Not applicable,Irrelevant,quantitative,False,False
SSWR:2025-U-0149,SSWR,2025,Veteran's Post-Jail Treatment Engagement: Does Provider Type Matter?,Erin Comartin; Brittney Williams; Deane Aikins,SSWR annual conference,,Oral,title_and_abstract,False,Not applicable,Not applicable,Irrelevant,quantitative,False,False
SSWR:2025-P-0144,SSWR,2025,"Victimization, Suicidality, and Cultural Factors Among Latino Youth",Yafan Chen; Chiara Sabina; Elizabeth Terrazas-Carrillo; Carlos Cuevas,SSWR annual conference,,Poster,title_and_abstract,True,Empirical,Quantitative,Quantitative,quantitative,False,False
SSWR:2025-U-0436,SSWR,2025,We Need to Move Away from Systems to Community Engagement: Sexual and Gender Minority Youth in Foster Care,Dana Prince; Jamie Kynn,SSWR annual conference,,Oral,title_and_abstract,False,Not applicable,Not applicable,Irrelevant,mixed_methods,False,False
SSWR:2025-U-0306,SSWR,2025,What Factors Contribute to Black Youth's Mental Health in Chicago? a Dyadic Qualitative Investigation,Janelle R. Goodwill; Ashley Aguilar; Miwa Yasui,SSWR annual conference,,Oral,title_and_abstract,True,Empirical,Qualitative,Qualitative,qualitative,False,False
SWRD:55826,SWRD,2025,"""We Are Not Lazy (Rather We Persevere) But Please…"": The Resilience of Homeless Filipino Youths in the Covid-19 Pandemic","Pacaol, Ninoval F.; Siguan, Andrew A.",Journal of Social Service Research,10.1080/01488376.2024.2401820,Article,title_and_abstract,False,Not applicable,Not applicable,Irrelevant,Qualitative,False,False
SWRD:56910,SWRD,2025,A conceptual framework for mobile-based cyberbullying-related youth suicide risk screening and intervention,"Kim, Sangmi",Journal of Human Behavior in the Social Environment,10.1080/10911359.2024.2318447,Article,title_and_abstract,True,Non-empirical,Not applicable,Non-empirical,,False,False
SWRD:54868,SWRD,2025,A Latent Class Analysis of Personality Traits in Adults Experiencing Homelessness,"Dell, Nathaniel A.; Mancini, Michael; Vaughn, Michael G.; Maynard, Brandy R.; Huang, Jin",Social Work Research,10.1093/swr/svaf004,Article; Early Access,title_and_abstract,True,Empirical,Quantitative,Quantitative,Quantitative,False,False
SWRD:56161,SWRD,2025,A powerful safety net: Social support moderates the association of quality of life deficits with suicidal ideation in long-term childhood cancer survivors,"Schwinn, Tamara; Hirschmiller, Judith; Braehler, Elmar; Merzenich, Hiltrud; Faber, Joerg; Wild, Philipp S.; Beutel, Manfred E.; Ernst, Mareike",Journal of Psychosocial Oncology,10.1080/07347332.2024.2379827,Article,title_and_abstract,True,Empirical,Quantitative,Quantitative,Quantitative,False,False
SWRD:550,SWRD,2025,Acceptability and Feasibility of a Brief Online Suicide Prevention Training for School Staff,"Mirick, Rebecca G.",Journal of Technology in Human Services,10.1080/15228835.2024.2447692,Article,title_and_abstract,True,Empirical,Quantitative,Quantitative,Quantitative,False,False
SWRD:55146,SWRD,2025,An Antioppressive Approach to Suicide Prevention: Uncharted Territories in Life Promotion Work,"Williams, Denise Yookong",Social Work,10.1093/sw/swaf010,Editorial Material,title_only,True,Non-empirical,Not applicable,Non-empirical,,False,False
SWRD:54943,SWRD,2025,Assessing for Firearm Risks: A Rapid Review of Clinical Assessment Measures,"Collins, Christopher J.; Glennon, Alexis Speck; Logan-Greene, Patricia; Sperlich, Mickey; Seong, Eunsook",Research on Social Work Practice,10.1177/10497315251329998,Article; Early Access,title_and_abstract,True,Empirical,Review,Review,,False,False
SWRD:56904,SWRD,2025,Culturally Responsive CBT and Mindfulness: Minimizing Suicidality in Correctional Settings,"Tadros, Eman",Clinical Social Work Journal,10.1007/s10615-024-00928-z,Article,title_and_abstract,True,Non-empirical,Not applicable,Non-empirical,,False,False
SWRD:71035,SWRD,2025,Does Duration of Dialectical Behavioral Therapy for Adolescents (DBT-A) Skills Groups Affect Outcomes: A Rapid Review,Dallenbach M.L.; Moeller K.; Givens A.,Child & Adolescent Social Work Journal,10.1007/s10560-024-00961-4,Journal Article,title_and_abstract,True,Empirical,Review,Review,Review,False,False
SWRD:71099,SWRD,2025,Does Multidimensional Self-Concept Mediate the Relationship of Childhood Sexual Abuse and Bullying Victimization on Deliberate Self-Harm and Suicidal Ideation Among Adolescent Girls?,Kennedy R.S.; Panlilio C.C.; Mullins C.A.; Alvarado C.; Font S.A.; Haag A.C.; Noll J.G.,Child & Adolescent Social Work Journal,10.1007/s10560-023-00947-8,Journal Article,title_and_abstract,True,Empirical,Quantitative,Quantitative,Quantitative,False,False
SWRD:567,SWRD,2025,Engaging in Lethal Means Safety (ELMS): An Evaluation of a Suicide Prevention Means Safety Training Program for Mental Health First Responders,"Collins, Christopher",Health & Social Work,10.1093/hsw/hlae044,Article,title_and_abstract,True,Empirical,Quantitative,Quantitative,Quantitative,False,False
SWRD:55484,SWRD,2025,Evaluation of a Suicide Counseling Skills Course for Social Work Students,"Coohey, Carol; Landsman, Miriam J.; Neblett, Keri",Journal of Social Work Education,10.1080/10437797.2024.2431560,Article,title_and_abstract,True,Empirical,Quantitative,Quantitative,Quantitative,False,False
SWRD:71188,SWRD,2025,Examining suicidality and substance use among Korean adolescents: a latent class analysis study,Lee S.; Kim J.,Asia Pacific Journal of Social Work and Development,10.1080/29949769.2024.2448971,Journal Article,title_and_abstract,True,Empirical,Quantitative,Quantitative,Quantitative,False,False
SWRD:55601,SWRD,2025,Indigenous community level strengths for the promotion of wellbeing,"Peter, Evon Taa'aii; Apok, Charlene Aqpik; Ullrich, Jessica Saniguq; Black, Jessica",Qualitative Social Work,10.1177/14733250241293542,Article,title_and_abstract,True,Non-empirical,Not applicable,Non-empirical,,False,False
SWRD:109273,SWRD,2025,Inequalities in mental health services for Romani and Travellers: time for social work to step up?,Peter Unwin; Allison Hulmes,Critical and Radical Social Work,10.1332/20498608y2025d000000075,journal-article,title_and_abstract,False,Not applicable,Not applicable,Irrelevant,Mixed-Methods,False,False
SWRD:55483,SWRD,2025,Lay-health workers-led physical activity counseling in Ugandan people living with HIV and suicidal ideation,"Vancampfort, Davy; Mugisha, James; Van Damme, Tine",Journal of HIV-AIDS & Social Services,10.1080/15381501.2025.2453493,Article; Early Access,title_and_abstract,True,Empirical,Quantitative,Quantitative,Quantitative,False,False
SWRD:56541,SWRD,2025,Lived Experiences of Parenting Transgender and Gender Nonconforming Youth: Implications for Clinical Social Work Practice,"Powell, Zalia; Angeltveit, Emily; Davis, Cindy; Dodds, Laura",Clinical Social Work Journal,10.1007/s10615-024-00936-z,Article,title_and_abstract,False,Not applicable,Not applicable,Irrelevant,Qualitative,False,False
SWRD:107160,SWRD,2025,"Minority stress and mental health outcomes among lesbians, gay men, and bisexual men and women in croatia.","Blažev, Mirta; Popov, Matea; Laginja, Paola; Juranović, Klara; Lončarić, Leonarda",Sexual and Gender Diversity in Social Services,10.1080/29933021.2025.2469036,,title_and_abstract,True,Empirical,Quantitative,Quantitative,Quantitative,False,False
SWRD:89126,SWRD,2025,No Signs or Symptoms? Ask My Friend! A Compelling Argument for Culturally Responsive School-Based Peer-Led Suicide Prevention Programs,"Villavicencio-Hein, Carmen",Children & Schools,10.1093/cs/cdaf014,Article; Early Access,title_only,True,Non-empirical,Not applicable,Non-empirical,,False,False
SWRD:55020,SWRD,2025,Online patient simulation for suicide risk assessment: a pilot study assessing skills and confidence in MSW students,"Sellers, Christina M.; Gavis-Hughson, Sky; Iriarte, Antonia Diaz-Valdes; Dacey, Eileen; Collin, Cali-Ryan R.",Social Work Education,10.1080/02615479.2025.2481065,Article; Early Access,title_and_abstract,True,Empirical,Quantitative,Quantitative,Quantitative,False,False
SWRD:71131,SWRD,2025,Parent–Child Relationship Characteristics and Psychiatric Symptoms as Predictors of Passive Suicidal Ideation among Adolescents in Outpatient Substance Use Treatment,Jacquie Lee; Jonathan G. Tubman,Child & Adolescent Social Work Journal,10.1007/s10560-025-01010-4,Journal Article,title_and_abstract,True,Empirical,Quantitative,Quantitative,Quantitative,False,False
SWRD:71354,SWRD,2025,Pathways from Bullying To Suicidal Ideation in Adolescents: A Serial Mediation Approach,Eman A.; Tauqeer A.; Ul Hassan S.M.; Bakhteyar A.A.; Arif L.,Child & Adolescent Social Work Journal,10.1007/s10560-025-01015-z,Journal Article,title_and_abstract,True,Empirical,Quantitative,Quantitative,Quantitative,False,False
SWRD:55273,SWRD,2025,Reflections from a Community Capacity Building Forum to Support People Bereaved by Suicide,"Carlon, Colleen; Tarrant, Jacquie; Eckersley, Marie; Vindin, Priscilla",Australian Social Work,10.1080/0312407x.2024.2447289,Article; Early Access,title_and_abstract,True,Empirical,Qualitative,Qualitative,Qualitative,False,False
SWRD:57332,SWRD,2025,"Rethinking comorbidity: A case study of syndemic risk, eating disorders, and suicidal behaviors in adolescent girls of color","Gulbas, Lauren E.; Pavelka, Claragrace; Hausmann-Stabile, Carolina; Zayas, Luis H.",Qualitative Social Work,10.1177/14733250231225170,Article,title_and_abstract,True,Empirical,Qualitative,Qualitative,Qualitative,False,False
SWRD:55941,SWRD,2025,"Sexual violence, suicide, depression, self-esteem, and satisfaction with life among university students in Spain with a gender perspective: implications for social work","Reina-Aguilar, Pastora; Diaz-Jimenez, Rosa Maria; Caravaca-Sanchez, Francisco",Social Work in Mental Health,10.1080/15332985.2024.2391400,Article,title_and_abstract,True,Empirical,Quantitative,Quantitative,Quantitative,False,False
SWRD:55038,SWRD,2025,Sitting with Suicide: Mindfulness-Based Cognitive Therapy for Suicide Prevention in Military Veterans,"Miller, Rachael B.; Interian, Alejandro",Clinical Social Work Journal,10.1007/s10615-025-00994-x,Article; Early Access,title_and_abstract,True,Non-empirical,Not applicable,Non-empirical,Mixed-Methods,False,False
SWRD:71081,SWRD,2025,Suicidal Ideation and Its Correlates Among Adolescents in Trinidad and Tobago,Modeste-James A.; Huggins C.; Freedenthal S.; Bellamy J.L.,Child & Adolescent Social Work Journal,10.1007/s10560-023-00953-w,Journal Article,title_and_abstract,True,Empirical,Quantitative,Quantitative,Quantitative,False,False
SWRD:55041,SWRD,2025,The connection between parent and youth help-seeking intentions: Results from a nationwide dyad study,"Hoffman, Steven; Hatch, Kyleigh; Wood, David S.; Jensen, Jonathan; Marsiglia, Flavio F.",Journal of Human Behavior in the Social Environment,10.1080/10911359.2025.2478450,Article; Early Access,title_and_abstract,True,Empirical,Quantitative,Quantitative,Quantitative,False,False
SWRD:117208,SWRD,2025,The Effects of a Co-Response Program on Patrol Call Volume for Mental Health Crisis-Related Calls: A Time Series Analysis,Mark Plassmeyer; Mark Plassmeyer,Journal of Forensic Social Work,dc/a3820d8284,Journal Article,title_and_abstract,True,Empirical,Quantitative,Quantitative,Quantitative,False,False
SWRD:71078,SWRD,2025,The Prevalence and Association of Adverse Childhood Experiences with Suicide Risk Behaviors among Adolescents and Youth in Zimbabwe,Chipalo E.; Jeong H.,Child & Adolescent Social Work Journal,10.1007/s10560-023-00958-5,Journal Article,title_and_abstract,True,Empirical,Quantitative,Quantitative,Quantitative,False,False
SWRD:71039,SWRD,2025,What Mental Health and Wellbeing Interventions Work for Which Children and Young People in Care? Systematic Review of Potential Outcome Inequities,Evans R.; Trubey R.; MacDonald S.; Noyes J.; Robling M.; Willis S.; Boffey M.; Wooders C.; Vinnicombe S.; Melendez-Torres G.J.,Child & Adolescent Social Work Journal,10.1007/s10560-023-00956-7,Review,title_and_abstract,True,Empirical,Review,Review,Review,False,False
SWRD:56635,SWRD,2025,"Youth Suicide Attempts from the Perspective of Healthcare Professionals: A Qualitative Study, a Case of Turkey","Kocak, Yasemin Ertan; Kucukkaraca, Nilgun",Journal of Social Service Research,10.1080/01488376.2024.2349800,Article,title_and_abstract,True,Empirical,Qualitative,Qualitative,Qualitative,False,False
SWRD:116055,SWRD,2025,“Everyone in my immediate family…”: Students’ Experiences with Suicide,Toni Gallegos; Toni Gallegos; Toni Gallegos; Toni Gallegos; Toni Gallegos; Regina Praetorius; Regina Praetorius; Regina Praetorius; Regina Praetorius; Regina Praetorius; Zoya Chaturvedi; Zoya Chaturvedi; Zoya Chaturvedi; Zoya Chaturvedi; Zoya Chaturvedi,Journal of Social Work Education and Practice,dc/0fb078e625,Journal Article,title_and_abstract,True,Empirical,Qualitative,Qualitative,Qualitative,False,False
SSWR:2026-P-0227,SSWR,2026,"""Abused, Hopeless, and then It Made Me Think about Suicide"": Exploring the Integration of Gender-Based Violence and Suicidal Crisis Intervention Services Among Survivors",Tina Jiwatram-Negron; Ran Hu; Genesis Dejan; Laura Cordisco Tsai,SSWR annual conference,,Poster,title_and_abstract,True,Empirical,Qualitative,Qualitative,qualitative,False,False
SSWR:2026-P-0901,SSWR,2026,"""I Feel Contaminated in Some Way"": Stigma, Mental Health, and Suicidality Among Sexual and Gender Minority Young People Living with HIV in Lima, Peru",Juan Jauregui,SSWR annual conference,,Poster,title_and_abstract,True,Empirical,Qualitative,Qualitative,qualitative,False,False
SSWR:2026-F-0040,SSWR,2026,"""I Internalized a Lot"" Racialized Pathways to Depression Symptoms Amongst Biracial-Black Girls and Young Women",McKenzie Green; Andryce Clinkscales; Aya Caballero,SSWR annual conference,,Flash,title_and_abstract,False,Not applicable,Not applicable,Irrelevant,quantitative,False,False
SSWR:2026-U-0133,SSWR,2026,"""I Just Needed Somebody to Talk to"": The Role of the Veterans Crisis Line in Social Connection for Women Veterans",Melissa E. Dichter; Lindsey Monteith; Aneeza Agha; Lauren Krishnamurti; Katherine Iverson; Claire Hoffmire; Ann Elizabeth Montgomery,SSWR annual conference,,Oral,title_and_abstract,True,Empirical,Qualitative,Qualitative,qualitative,False,False
SSWR:2026-U-0086,SSWR,2026,"""If Not Me, then Who?"": The Experiences of Mental Health Professionals Navigating Clinical Practice with Trans and Gender Expansive Youth in States with Restrictions or Bans on Gender Affirming Medical Care for Minors",Shug Miller,SSWR annual conference,,Oral,title_and_abstract,False,Not applicable,Not applicable,Irrelevant,qualitative,False,False
SSWR:2026-P-0758,SSWR,2026,"""No One--No One Has Ever Asked Me What I Need"": Experiences of Service-Based Coercion in Mental Health, Substance Use, and Victimization Services Among Women with Criminal Conviction Histories",Carly Murray; Gina Fedock; Jane Hereth; Samantha Martinez; Clarice Robinson; Yejin Sohn,SSWR annual conference,,Poster,title_and_abstract,False,Not applicable,Not applicable,Irrelevant,qualitative,False,False
SSWR:2026-P-0477,SSWR,2026,A Bibliometric Review of Research on Children and Adolescents' Mental Health Following Parental Migration,Leila Salimova; Gulnara Dzhunushalieva,SSWR annual conference,,Poster,title_and_abstract,False,Not applicable,Not applicable,Irrelevant,review,False,False
SSWR:2026-O-0018,SSWR,2026,A Cognitive-Behavioral Approach to Suicide Prevention Among Adults with Schizophrenia Spectrum Disorders,Lindsay A. Bornheimer; Nicholas Brdar; Maura Campbell; Cheryl King; Stephan Taylor; Joseph Himle; Timothy Florence,SSWR annual conference,,Oral,title_and_abstract,True,Empirical,Quantitative,Quantitative,quantitative,False,False
SSWR:2026-O-0023,SSWR,2026,"A Commotion in the Mind: Moral Injury, Stoicism, and Suicide Risk in US Military Veterans",Nicholas U. Barr; Carl A. Castro; Kathleen McNamara,SSWR annual conference,,Oral,title_and_abstract,True,Empirical,Quantitative,Quantitative,quantitative,False,False
SSWR:2026-F-0009,SSWR,2026,A Machine Learning Analysis of Socio-Ecological and Psychological Risk Factors for Suicide Among a Nationally Representative Sample of Ghanaian Junior High School Students,Enoch Azasu; Elizabeth Ali,SSWR annual conference,,Flash,title_and_abstract,True,Empirical,Quantitative,Quantitative,quantitative,False,False
SSWR:2026-U-0676,SSWR,2026,A Multi-Year Analysis of Buprenorphine Availability in Co-Occurring Substance Use and Mental Health Treatment Programs,Rayelle Ross; Daniel Baslock,SSWR annual conference,,Oral,title_and_abstract,False,Not applicable,Not applicable,Irrelevant,quantitative,False,False
SSWR:2026-P-0175,SSWR,2026,"A Systematic Review Examining the Relationship between Debt and the Mental Health Outcomes of Anxiety, Depression and Suicidality within the United States",Kendra Rooney; Saige M. Addison; Lauren Gil Hayes; Chabli Hodge; Andrea Wilson; Crys Carman; Aislinn Conrad,SSWR annual conference,,Poster,title_and_abstract,True,Empirical,Review,Review,review,False,False
SSWR:2026-P-0709,SSWR,2026,A Systematic Review of Blended Payment Financing Strategies for Behavioral Healthcare,Liliana Morales; Zisu Liao; Daniel Baslock,SSWR annual conference,,Poster,title_and_abstract,False,Not applicable,Not applicable,Irrelevant,review,False,False
SSWR:2026-U-0196,SSWR,2026,Adverse Childhood Experiences and Suicide Attempts Among High School Students: The Mediating Effects of Peer Victimization and Depression By Sex,Youn Kyoung (Lily) KIM; Jun Sung Hong; Rachel Pounders; Jessica Wilkes; Sean Brune; Miyoun Yang,SSWR annual conference,,Oral,title_and_abstract,True,Empirical,Quantitative,Quantitative,quantitative,False,False
SSWR:2026-P-0645,SSWR,2026,Analysis of Socioeconomic Status on Behavioral Health in American Indian and Alaska Native (AI/AN) Populations: Examining Stress As a Moderator and Traditional Cultural Coping Practices to Mitigate Adverse Outcomes,Matthew Frank; David Huh; Amelia R. Gavin; Karina Walters,SSWR annual conference,,Poster,title_and_abstract,True,Empirical,Quantitative,Quantitative,quantitative,False,False
SSWR:2026-U-0518,SSWR,2026,Anti-Transgender Legislation and Its Implications for Social Work: A Systematic Review,Patrick Mulkern; Caelyn Nordman; Madelaine Condon; Maggi Price,SSWR annual conference,,Oral,title_and_abstract,True,Empirical,Review,Review,mixed_methods,False,False
SSWR:2026-U-0368,SSWR,2026,Applying the Interpersonal Theory of Suicide to Middle Childhood: A Longitudinal Analysis Using the ABCD Study,Brittney Singletary; Tamika D. Gilreath; Michael A. Lindsey,SSWR annual conference,,Oral,title_and_abstract,True,Empirical,Quantitative,Quantitative,quantitative,False,False
SSWR:2026-P-0068,SSWR,2026,Balancing Life and Death: Hospice Responses to MAID and the Dialectics of Transparency,Lauren Gil Hayes,SSWR annual conference,,Poster,title_and_abstract,False,Not applicable,Not applicable,Irrelevant,mixed_methods,False,False
SSWR:2026-P-0769,SSWR,2026,"Balancing Suicide Prevention Safety, Healing, and Wellness within Inpatient Psychiatric Care: Perspectives about Safety Measures, Unit Design, and Programming",Nicholas Brdar; Lindsay A. Bornheimer; Alice Liu; Melissa Spencer; Andrew Wylie; Nidhi Tigadi; Alexandra Kelter; Maura Campbell; David Im,SSWR annual conference,,Poster,title_and_abstract,True,Empirical,Quantitative,Quantitative,mixed_methods,False,False
SSWR:2026-P-0891,SSWR,2026,Behind the Statistics: What Drives Suicide Risk in Asian American Emerging Adults?,Yong Li,SSWR annual conference,,Poster,title_and_abstract,True,Empirical,Quantitative,Quantitative,quantitative,False,False
SSWR:2026-U-0293,SSWR,2026,Beyond the Xs and Os: Investigating Predictors of College Athlete Mental Health,Emily Nothnagle; Samantha Bates; Dawn Anderson-Butcher,SSWR annual conference,,Oral,title_and_abstract,False,Not applicable,Not applicable,Irrelevant,quantitative,False,False
SSWR:2026-P-0741,SSWR,2026,"Black Fathers As Key Change Agents: A Qualitative Exploration of Youth Violence Prevention in Baton Rouge, Louisiana",Shawndaya S. Thrasher; Keith J. Watts; Janet Otachi; DeKeitra Griffin; Latrice Rollins; Brianna P. Lemmons,SSWR annual conference,,Poster,title_and_abstract,False,Not applicable,Not applicable,Irrelevant,qualitative,False,False
SSWR:2026-P-0248,SSWR,2026,Breaking the Spiral of Silence : Addressing Suicide Item Non-Response through Equity-Informed Mental Health Policy,Sangmi Kim; William R. Nugent,SSWR annual conference,,Poster,title_and_abstract,True,Empirical,Quantitative,Quantitative,quantitative,False,False
SSWR:2026-F-0076,SSWR,2026,Caring While in Crisis: The Mental Health Toll of Medical Debt Among Healthcare Workers,Jihee Woo; Hollen Tillman; Kess Ballentine; Jeffrey Shook; Sara A. Goodkind,SSWR annual conference,,Flash,title_and_abstract,True,Empirical,Quantitative,Quantitative,quantitative,False,False
SSWR:2026-P-0780,SSWR,2026,Characterizing Online Activities Contributing to Suicide Mortality Among Youth,Aparna Ananthasubramaniam,SSWR annual conference,,Poster,title_and_abstract,True,Empirical,Quantitative,Quantitative,mixed_methods,False,False
SSWR:2026-P-0894,SSWR,2026,Clinical and Demographic Associations of Interpersonal Trauma Experiences in a Real-World Early Psychosis Sample,Jamie Fischer,SSWR annual conference,,Poster,title_and_abstract,True,Empirical,Quantitative,Quantitative,quantitative,False,False
SSWR:2026-P-0375,SSWR,2026,Coercion in Mobile Crisis: An Exploratory Factor Analysis of Eight Interventions,Kathryn Luk; Leah A. Jacobs,SSWR annual conference,,Poster,title_and_abstract,True,Empirical,Quantitative,Quantitative,quantitative,False,False
SSWR:2026-U-0241,SSWR,2026,Community As Resistance: Using Photovoice to Build a Supportive Network of Black Undergraduate Students in Florida,Melanie Sonsteng-Person; Lee Purvis; Nikhil Edouard; David McLeod,SSWR annual conference,,Oral,title_and_abstract,False,Not applicable,Not applicable,Irrelevant,qualitative,False,False
SSWR:2026-F-0106,SSWR,2026,Community Justice Social Work: New Ideas in Social Work in Criminal Justice Social Work Practice,Seth Kurzban,SSWR annual conference,,Flash,title_and_abstract,False,Not applicable,Not applicable,Irrelevant,mixed_methods,False,False
SSWR:2026-P-0579,SSWR,2026,"Community-Identified Needs, Barriers to Care, and Potential Solutions for Black Men's Mental Health in Detroit, MI",Charles Williams; Harold Trulear; Harold Cadwell; Maurice Rudds; Addie Weaver; Richard Tolman,SSWR annual conference,,Poster,title_and_abstract,False,Not applicable,Not applicable,Irrelevant,qualitative,False,False
SSWR:2026-P-0386,SSWR,2026,Comparing a Machine Learning Algorithm to Two Jails’ Practice-As-Usual for Identifying Suicide Risk,Athena Kheibari; Grant Victor; Bethany Hedden-Clayton; Philip Huynh; Erin Comartin; Sheryl Pimlott Kubiak; Brian K. Ahmedani; Hsueh-Han Yeh; Zachary Farrell; Diane Wisnieski,SSWR annual conference,,Poster,title_and_abstract,True,Empirical,Quantitative,Quantitative,quantitative,False,False
SSWR:2026-U-0041,SSWR,2026,Constructing the Modern Worker: The Occluded Origins of Clinical Social Work,Yoosun Park; Alicia Chatterjee,SSWR annual conference,,Oral,title_and_abstract,False,Not applicable,Not applicable,Irrelevant,other,False,False
SSWR:2026-P-0667,SSWR,2026,Correlates of Firearm Access Among Young Women Experiencing Homelessness: A Seven City Study,Hana Daher Lopes; Hsun-Ta Hsu; Robin Petering; Anamika Barman-Adhikari; Sarah C. Narendorf; Kimberly A. Bender; Kristin M. Ferguson; Diane Santa Maria; Jama Shelton,SSWR annual conference,,Poster,title_and_abstract,False,Not applicable,Not applicable,Irrelevant,quantitative,False,False
SSWR:2026-P-0592,SSWR,2026,Death By Suicide and Russian Roulette: Using National Registry Data to Inform Public Policy and Social Work Practice Among Young Adults,Ryan DiMeglio; Jackie Stanmyre; Lia Nower; Mark van der Maas,SSWR annual conference,,Poster,title_and_abstract,True,Empirical,Quantitative,Quantitative,quantitative,False,False
SSWR:2026-P-0431,SSWR,2026,Dialectical Behavior Therapy Skills on College Campuses Scoping Review: State of the Evidence,Bridget Bailey; Kathryn Williams-Sites; Savannah Zink; Carrie W. Rishel,SSWR annual conference,,Poster,title_and_abstract,True,Empirical,Review,Review,review,False,False
SSWR:2026-P-0130,SSWR,2026,"Disparities in Suicidality Among East, South, and Southeast Asian College Students: Unmasking the Hidden Mental Health Crisis",Lalaine Sevillano; Bradley Conner,SSWR annual conference,,Poster,title_and_abstract,True,Empirical,Quantitative,Quantitative,quantitative,False,False
SSWR:2026-U-0019,SSWR,2026,Dissociative Amnesia and Supportive Relationships Moderate the Connection between Childhood Adversity and Adult Mental Health,Lisa S. Panisch; Versha Rai Reejhwani; Nicole M. Fava,SSWR annual conference,,Oral,title_and_abstract,True,Empirical,Quantitative,Quantitative,quantitative,False,False
SSWR:2026-P-0621,SSWR,2026,E-Cigarettes' Negative Impact on LGBTQ Young Adult Mental Health,Juliana Wilson; William J. Hall,SSWR annual conference,,Poster,title_and_abstract,True,Empirical,Quantitative,Quantitative,quantitative,False,False
SSWR:2026-P-0629,SSWR,2026,E-Cigarettes’ Negative Impact on LGBTQ Young Adult Mental Health,Juliana Wilson; William J. Hall,SSWR annual conference,,Poster,title_and_abstract,True,Empirical,Quantitative,Quantitative,quantitative,False,False
SSWR:2026-P-0389,SSWR,2026,Early Childhood Mental Health Provider Perspectives on Treating and Understanding Young Children with Suicidal Thoughts and Behavior,Devon Musson Rose; Erica Murdoch,SSWR annual conference,,Poster,title_and_abstract,True,Empirical,Qualitative,Qualitative,qualitative,False,False
SSWR:2026-U-0659,SSWR,2026,Effectiveness of Psychedelic-Assisted Interventions for Trauma Treatment:  A Systematic Review,Yitong Xin; Mariam Atobiloye,SSWR annual conference,,Oral,title_and_abstract,False,Not applicable,Not applicable,Irrelevant,review,False,False
SSWR:2026-U-0025,SSWR,2026,Effects of Childhood Trauma on Mental Health Experiences of Ghanaian Adolescents: Moderating Effect of Resilience Coping,Enoch Azasu,SSWR annual conference,,Oral,title_and_abstract,True,Empirical,Quantitative,Quantitative,quantitative,False,False
SSWR:2026-P-0044,SSWR,2026,Effects of School Violence Victimization on Suicide Risk : Moderated Mediation of Loneliness and Family Support,Naeun SHIN; Jaeyop Kim; Yuil Choi,SSWR annual conference,,Poster,title_and_abstract,True,Empirical,Quantitative,Quantitative,quantitative,False,False
SSWR:2026-P-0203,SSWR,2026,Equipping Providers Who Serve Rural Veterans at Risk for Suicide: Qualitative Findings to Inform a Virtual Reality Simulation,Donna L. Schuman; Chenyu Zhao; Thomas Mwibanda; SuLynn Mester; Suzanne Lohman; Dekontee Carter,SSWR annual conference,,Poster,title_and_abstract,True,Empirical,Qualitative,Qualitative,qualitative,False,False
SSWR:2026-P-0142,SSWR,2026,Examining Predictors of Moral Injury in Military Veterans: A General Strain Theory Perspective,Ilana Shtivelman; Lisa Zottarelli,SSWR annual conference,,Poster,title_and_abstract,False,Not applicable,Not applicable,Irrelevant,quantitative,False,False
SSWR:2026-P-0593,SSWR,2026,Examining the Relationship between Opioid Use Disorder and Suicide Attempts Among Latines Seeking Treatment for Co-Occurring Disorders,Akeem Modeste-James; Therese Fitzgerald; Melinda D'lppolito; Jessica Mateo; Diliana De Jesus; Emily Stewart; Melisa Canuto; Micaurys Guzman; Lena Lundgren,SSWR annual conference,,Poster,title_and_abstract,True,Empirical,Quantitative,Quantitative,quantitative,False,False
SSWR:2026-P-0219,SSWR,2026,Exploring Cognitive Reappraisal As a Mechanism of Resilience: The Role of Anti-Racism Engagement in Mitigating Suicidal Ideation in the Campus Context,Sangmi Kim; Haelim Jeong; Yeonwoo Kim; Mary Gitau,SSWR annual conference,,Poster,title_and_abstract,True,Empirical,Quantitative,Quantitative,quantitative,False,False
SSWR:2026-U-0748,SSWR,2026,Exploring Kapwa As a Culturally Embedded Construct of Social Connection: Promoting Protective Pathways and Health Equity for Pilipinx Americans,Lalaine Sevillano; Alyssa Alegre; Ashanti Laine Peredo; Jefferson Roe Cunanan; Elaine Szeto; Jon Torres,SSWR annual conference,,Oral,title_and_abstract,False,Not applicable,Not applicable,Irrelevant,qualitative,False,False
SSWR:2026-P-0091,SSWR,2026,Exploring the Effects of School-Related Factors on Student Behavior Outcomes: The Mediating Role of Substance Use,Jordan M. Goodwin; Lillian Alexander; Cory M. Morton; Kristen Gilmore Powell; Andrew Peterson,SSWR annual conference,,Poster,title_and_abstract,False,Not applicable,Not applicable,Irrelevant,quantitative,False,False
SSWR:2026-P-0495,SSWR,2026,Exploring the Mental Health Needs of LGBTQ+ Muslims in the United States: A Scoping Review,Tarek Zidan; Saadet Durmaz,SSWR annual conference,,Poster,title_and_abstract,True,Empirical,Review,Review,review,False,False
SSWR:2026-U-0577,SSWR,2026,Facilitators and Barriers to Latinx Adolescents Discussion of Mental Health Needs with Caregivers and Use of Mental Health Services,Fernanda Cross; Joel Lucio; Amanda Webster; Zach Sessa; Irving Suarez; Nicole Kodkani,SSWR annual conference,,Oral,title_and_abstract,False,Not applicable,Not applicable,Irrelevant,qualitative,False,False
SSWR:2026-P-0761,SSWR,2026,Factors Associated with Mental Health Counseling Utilization Among Adults with Anxiety Disorders in the United States,Adeniji Dolapo; Wan-Ju Yen; Olabode Ayodele,SSWR annual conference,,Poster,title_and_abstract,False,Not applicable,Not applicable,Irrelevant,quantitative,False,False
SSWR:2026-P-0120,SSWR,2026,Financial Hardship and Suicide Risk Among Adolescents: The Mediating Role of Psychological Distress,Emmanuel Owusu Amoako; Ali Lateef; Abass Tando Abubakar; Solomon Hadi Achulo; Graham Zulu; Enoch Azasu,SSWR annual conference,,Poster,title_and_abstract,True,Empirical,Quantitative,Quantitative,quantitative,False,False
SSWR:2026-U-0502,SSWR,2026,Findings from a Mixed Methods Study of Social Networks Among American Indian Adolescents,Katie Schultz; Lauren White; Jerreed Ivanich,SSWR annual conference,,Oral,title_and_abstract,True,Empirical,Quantitative,Quantitative,mixed_methods,False,False
SSWR:2026-U-0513,SSWR,2026,Firearm Carriage Among Young Adults Experiencing Homelessness: An Exploration of Personal and Social Network Correlates,Hsun-Ta Hsu; Anthony Fulginiti; Annah Bender; Eric Rice; Sarah Kirk; Emelyne Lane; Hana Daher Lopes; Olga Koumoundouros,SSWR annual conference,,Oral,title_and_abstract,False,Not applicable,Not applicable,Irrelevant,quantitative,False,False
SSWR:2026-F-0059,SSWR,2026,Firearm Violence Prevention Content in MSW Programs: Current Status and Future Directions,Patricia Logan-Greene; Mickey S. Sperlich; EunSook Seong,SSWR annual conference,,Flash,title_and_abstract,True,Empirical,Quantitative,Quantitative,quantitative,False,False
SSWR:2026-U-0539,SSWR,2026,Firearm-Specific Suicide Preparatory Behavior Among Young Adults Experiencing Homelessness,Anthony Fulginiti; Hsun-Ta Hsu; Eric Rice; Annah Bender; Sarah Kirk; Olga Koumoundouros; Emelyne Lane; Hana Daher Lopes,SSWR annual conference,,Oral,title_and_abstract,True,Empirical,Quantitative,Quantitative,quantitative,False,False
SSWR:2026-U-0088,SSWR,2026,Forecasting Harm with Machine Learning and Causal Inference: The Impact of Anti-LGBTQ+ Legislation on Youth Suicidality,Dget Downey; Madison Kitchen; Brianna Amos,SSWR annual conference,,Oral,title_and_abstract,True,Empirical,Quantitative,Quantitative,quantitative,False,False
SSWR:2026-P-0256,SSWR,2026,From Thoughts to Actions: Predicting Suicidal Ideation and Attempts in Youth Using Sex-Based Machine Learning Models,Sangmi Kim; Gang Seob Jung; Andrew Kim,SSWR annual conference,,Poster,title_and_abstract,True,Empirical,Quantitative,Quantitative,quantitative,False,False
SSWR:2026-U-0216,SSWR,2026,How Can This be Less Stressfulâ€�: Navigating Supports for Mental Health,Amittia Parker,SSWR annual conference,,Oral,title_and_abstract,False,Not applicable,Not applicable,Irrelevant,qualitative,False,False
SSWR:2026-U-0501,SSWR,2026,How Does Depression Symptomology Mediate the Relationship between Sleep Disturbance and Suicide Risk for Sexual Minority Men?,Jeremy Gibbs; Rachel A. Fusco,SSWR annual conference,,Oral,title_and_abstract,True,Empirical,Quantitative,Quantitative,quantitative,False,False
SSWR:2026-P-0117,SSWR,2026,Impact of Gender-Affirming Care Bans on Caregivers of Trans/Gender Diverse Youth,Brody Mantha; Shanna K. Kattari; Chelsea Bruno; Thea Bultman; E.B. Gross; Quinn Hafen; Amy Hecht-Zizes; Rory O’Brien; Houda Tarraf; Kristie L. Seelman,SSWR annual conference,,Poster,title_and_abstract,False,Not applicable,Not applicable,Irrelevant,qualitative,False,False
SSWR:2026-P-0736,SSWR,2026,Intimate Partner Problems and Suicide Among Immigrant Women: A Content Analysis of the National Violent Death Reporting System,Jeongsuk Kim; Woojong Kim; Maria Velez; Dorothy Miah,SSWR annual conference,,Poster,title_and_abstract,True,Empirical,Qualitative,Qualitative,qualitative,False,False
SSWR:2026-P-0150,SSWR,2026,Intimate Partner Violence Among LGBTQ+ Populations in Southeast Asia: A Scoping Review,Chenglin Hong; Samantha Luxmikanthan; Carson Brooks; Arnav Mahajan; Ryan Watson; Lisa Eaton,SSWR annual conference,,Poster,title_and_abstract,False,Not applicable,Not applicable,Irrelevant,review,False,False
SSWR:2026-P-0161,SSWR,2026,Invisible Barriers: How Racial Discrimination Alters Help-Seeking's Role in Mental Health for Black Young Adults,Donte T. Boyd; Myles Durkee; Addie Weaver; Emily Nhan; Michael Henry; Joesph Himle,SSWR annual conference,,Poster,title_and_abstract,True,Empirical,Quantitative,Quantitative,quantitative,False,False
SSWR:2026-U-0177,SSWR,2026,Invisible Wounds: How Childhood and Adulthood Sexual Trauma Shape the Lives of Asexual Youth,Zurong Liang,SSWR annual conference,,Oral,title_and_abstract,False,Not applicable,Not applicable,Irrelevant,quantitative,False,False
SSWR:2026-P-0859,SSWR,2026,"Meaning in Life Profiles Among Black Adults in the U.S.: Examining Associations with Suicidal Ideation, Planning, and Attempts Among a Probability-Based Sample of Black Americans",Janelle R. Goodwill,SSWR annual conference,,Poster,title_and_abstract,True,Empirical,Quantitative,Quantitative,quantitative,False,False
SSWR:2026-U-0400,SSWR,2026,Measurement-Based Care for Suicide Risk Assessment and Management: Clinician and Client Experiences,Melissa Litschi; Steven Lancaster; David Linkh,SSWR annual conference,,Oral,title_and_abstract,True,Empirical,Qualitative,Qualitative,qualitative,False,False
SSWR:2026-U-0004,SSWR,2026,Mental Health Disparities Among College Students—Findings from the 2023-2024 Healthy Minds Study,Pedro Hernandez,SSWR annual conference,,Unknown,title_and_abstract,True,Empirical,Quantitative,Quantitative,quantitative,False,False
SSWR:2026-U-0653,SSWR,2026,Mental Health Implications of an Initial HIV Diagnosis: A Narrative Inquiry,Javier Segovia; Eden Robles,SSWR annual conference,,Oral,title_and_abstract,True,Empirical,Qualitative,Qualitative,qualitative,False,False
SSWR:2026-F-0047,SSWR,2026,Mental Health Matters: From Data to Difference,Tamecia Curry,SSWR annual conference,,Flash,title_and_abstract,False,Not applicable,Not applicable,Irrelevant,mixed_methods,False,False
SSWR:2026-P-0158,SSWR,2026,"Mental Health Outcomes, Associated Factors, and Help-Seeking Among Rural LGBTQ+ Populations in the United States: A Scoping Review",Chenglin Hong; Patrick Muro; Quinn Meehan; Rachal Conley; Madeline Fraenkel,SSWR annual conference,,Poster,title_and_abstract,True,Empirical,Review,Review,review,False,False
SSWR:2026-P-0414,SSWR,2026,Military Providers' Attitudes Towards Assessing and Treating Suicidality,Benjamin Paul; Catherine Greeno,SSWR annual conference,,Poster,title_and_abstract,True,Empirical,Quantitative,Quantitative,quantitative,False,False
SSWR:2026-U-0736,SSWR,2026,Moderation Effects of State LGBTQ+ Policy Environments on Mental Health Disparities between Youth with and without a Sexual Minority Identity: Evidence from National Data,Jerry Kai-Chun Fu,SSWR annual conference,,Oral,title_and_abstract,True,Empirical,Quantitative,Quantitative,quantitative,False,False
SSWR:2026-F-0157,SSWR,2026,Modifying a 988 National Suicide and Crisis Lifeline Facilitation Intervention for Community Mental Health Clients with Serious Mental Illness,Lindsay A. Bornheimer; Adrienne Lapidos; Nicholas Brdar; Maura Campbell; Katie Hoener; Timothy Florence,SSWR annual conference,,Flash,title_and_abstract,True,Empirical,Qualitative,Qualitative,qualitative,False,False
SSWR:2026-P-0429,SSWR,2026,My Kids Are Why I'm Here: Narrating the Experience of Gender and Sexuality Alliance (GSA) Advisors in an Anti-LGBTQ+ Climate,Sare Martin,SSWR annual conference,,Poster,title_and_abstract,False,Not applicable,Not applicable,Irrelevant,qualitative,False,False
SSWR:2026-P-0335,SSWR,2026,Narratives of Adolescent Suicide in South Korea: A Text Mining Approach to Online Discussions,Yoonsun Han; Suah Jeon; Taekho Lee; Lynthia Mudongo,SSWR annual conference,,Poster,title_and_abstract,True,Empirical,Qualitative,Qualitative,quantitative,False,False
SSWR:2026-F-0055,SSWR,2026,National Prevalence Estimates of Police Violence Exposure and Related Disparities Among Young Adults in the U.S,Jordan E. DeVylder; Brianna Amos; Jacqueline Cosse; Anesu Semwayo; Deidre Anglin; Bruce Link; Lisa Fedina,SSWR annual conference,,Flash,title_and_abstract,False,Not applicable,Not applicable,Irrelevant,quantitative,False,False
SSWR:2026-F-0015,SSWR,2026,"Ni De Aqui, Ni De Alla: Exploring the Role of Biculturalism, Cultural Values, and Caregiver-Adolescent Conflict in Chicana Adolescent Suicide",Xochilt Alamillo; Nidia Hernandez; Andrea Perez Portillo,SSWR annual conference,,Flash,title_and_abstract,True,Empirical,Qualitative,Qualitative,qualitative,False,False
SSWR:2026-P-0701,SSWR,2026,Parent Mental Health and Stress Exposure Associated with Behavioral  Health Outcomes of Military-Connected Children,"Kathrine S. Sullivan; Yangjin Park; Sabrina Richardson; Valerie Stander; James J. Jaccard, PhD",SSWR annual conference,,Poster,title_and_abstract,False,Not applicable,Not applicable,Irrelevant,quantitative,False,False
SSWR:2026-F-0081,SSWR,2026,"Parent Wellbeing, Youth Help-Seeking",Sang Hsuan (Dorian) Huang; Steven Hoffman,SSWR annual conference,,Flash,title_and_abstract,False,Not applicable,Not applicable,Irrelevant,quantitative,False,False
SSWR:2026-P-0647,SSWR,2026,Participatory Implementation Research to Inform Community Practice: Blending Participatory Research with Implementation Science Frameworks for Suicide Prevention in American Indian and Alaska Native Communities,Lauren White; Katie Schultz; Jerreed Ivanich; Diane McEachern; Roberta Moto; Josie Garnie; Lisa Wexler,SSWR annual conference,,Poster,title_and_abstract,True,Empirical,Qualitative,Qualitative,qualitative,False,False
SSWR:2026-P-0104,SSWR,2026,Pathways between Multidimensional Risk Factors and Suicidal Behaviors: Analysis of the 2023 Korean Welfare Panel Study on People with Disabilities,Ji Sun Lee; Lina Cui,SSWR annual conference,,Poster,title_and_abstract,True,Empirical,Quantitative,Quantitative,quantitative,False,False
SSWR:2026-P-0180,SSWR,2026,Patterns in Gender Identity Stress Experiences of Transgender and Nonbinary Persons of Color Living in the United States: Relationship with Mental Health and Substance Use,Tural Mammadli; Jeffrey Harring; Paul Sacco; Darren Whitfield,SSWR annual conference,,Poster,title_and_abstract,True,Empirical,Quantitative,Quantitative,quantitative,False,False
SSWR:2026-F-0069,SSWR,2026,Perspectives on Mental Health Crisis Care Among American Indian/Alaska Natives with Lived Experience,Kelley McCall; Hyein Lee; Morgan C. Shields,SSWR annual conference,,Flash,title_and_abstract,True,Empirical,Qualitative,Qualitative,qualitative,False,False
SSWR:2026-P-0085,SSWR,2026,Predicting Adolescent Suicide Attempts: A Comparative Supervised Machine Learning Study,"Catalina Cañizares; Mark J. Macgowan; Miriam Potocky, PhD; Hui Huang; Jeremy Petit; Raymond Balise",SSWR annual conference,,Poster,title_and_abstract,True,Empirical,Quantitative,Quantitative,quantitative,False,False
SSWR:2026-P-0233,SSWR,2026,Predictors of Adolescents’ Perceptions of Safety and Mental Health Outcomes: The Mediating Role of Perceived Safety,Silviya Nikolova; Bonita B. Sharma; Eusebius Small; Benjamin Sesay,SSWR annual conference,,Poster,title_and_abstract,True,Empirical,Quantitative,Quantitative,quantitative,False,False
SSWR:2026-O-0002,SSWR,2026,Predictors of Moral Injury in U.S. Military Veterans: In-Service Specific Events,Aubrey Sutherland; Sarah Kintzle,SSWR annual conference,,Oral,title_and_abstract,False,Not applicable,Not applicable,Irrelevant,quantitative,False,False
SSWR:2026-U-0117,SSWR,2026,Predictors of Suicide Mortality in Post-9/11 Veterans 1-Year after Military Separation,Nikki R. Wooten; Megan Amuan; Madeleine Myers; Prince Addo; Nathaniel Bell; Ana DeFede-Lopez; Mary Jo Pugh,SSWR annual conference,,Oral,title_and_abstract,True,Empirical,Quantitative,Quantitative,quantitative,False,False
SSWR:2026-P-0724,SSWR,2026,"Prevalence, Disability, and Mental Health Correlates with Eating Disorders in Trans-Nonbinary Coloradans",Sarah Sullivan; Erin Harrop; Emil Killough; Brendon Holloway,SSWR annual conference,,Poster,title_and_abstract,True,Empirical,Quantitative,Quantitative,quantitative,False,False
SSWR:2026-U-0294,SSWR,2026,Provider-Family Communication in Mental Health Treatment of Adults with Mental Illness,Mercedes Hernandez; Maria Hernandez; Maria Santos; Concepcion Barrio; Caroline Sheng Foong Lim; Sarahi Villalobos,SSWR annual conference,,Oral,title_and_abstract,False,Not applicable,Not applicable,Irrelevant,quantitative,False,False
SSWR:2026-U-0100,SSWR,2026,Racist Experiences at School and Suicidal Behaviors: A Latent Class Analysis Among a National Sample of Black High School Students,Sonyia Richardson; Danielle Harrell; Dina Arch,SSWR annual conference,,Oral,title_and_abstract,True,Empirical,Quantitative,Quantitative,quantitative,False,False
SSWR:2026-F-0145,SSWR,2026,Remote Education and Adolescent Depression: An Analysis of Mental Health Outcomes during the COVID-19 Pandemic,Caitlyn Mytelka; Elizabeth Baumler; Leila Wood; Jeff R. Temple,SSWR annual conference,,Flash,title_and_abstract,False,Not applicable,Not applicable,Irrelevant,quantitative,False,False
SSWR:2026-P-0416,SSWR,2026,Risk and Protective Factors Associated with Firearm Access and Suicide Risk in a National Sample of Young Adults,Lisa Fedina; Xinlu Li; Todd I. Herrenkohl,SSWR annual conference,,Poster,title_and_abstract,True,Empirical,Quantitative,Quantitative,quantitative,False,False
SSWR:2026-U-0107,SSWR,2026,School Connectedness and Suicidal Ideation Among Black Youth: A Latent Class Analysis,Danielle Harrell; Sonyia Richardson; Arielle H. Sheftall,SSWR annual conference,,Oral,title_and_abstract,True,Empirical,Quantitative,Quantitative,quantitative,False,False
SSWR:2026-O-0019,SSWR,2026,Sexual Trauma and Moral Injury Among U.S. Military Veterans,Yuliya Shyrokonis,SSWR annual conference,,Oral,title_and_abstract,False,Not applicable,Not applicable,Irrelevant,quantitative,False,False
SSWR:2026-F-0057,SSWR,2026,Short and Long-Term Impacts of Sports Team Participation on Adolescent and Young Adult Mental Health,Malya Hirshkowitz; Lenna Nepomnyaschy,SSWR annual conference,,Flash,title_and_abstract,False,Not applicable,Not applicable,Irrelevant,quantitative,False,False
SSWR:2026-U-0749,SSWR,2026,Social Determinants of Mental Health: The Moderating Effects of Bullying Behavior on Immigrant Youth,Elizabeth Mukasa,SSWR annual conference,,Oral,title_and_abstract,False,Not applicable,Not applicable,Irrelevant,quantitative,False,False
SSWR:2026-P-0895,SSWR,2026,"Social Support, Social Networks, and Mental Health of Six Refugee Subgroups in Arizona: Findings from a Pilot Study",Mee Young Um; Youn Kyoung (Lily) KIM; Arati Maleku; Zoe Baccam,SSWR annual conference,,Poster,title_and_abstract,True,Empirical,Quantitative,Quantitative,quantitative,False,False
SSWR:2026-U-0615,SSWR,2026,State Housing Policy Environments and Suicide Risk Among Households Experiencing Eviction and Foreclosure from 2011 to 2021,Aparna Ananthasubramaniam,SSWR annual conference,,Oral,title_and_abstract,True,Empirical,Quantitative,Quantitative,quantitative,False,False
SSWR:2026-P-0297,SSWR,2026,Strength in Connection: How Social Well-Being and Identity Shape Suicide Risk Among Veterans,Samuel Ochinang; Ya-Li Yang; Youngmi Kim,SSWR annual conference,,Poster,title_and_abstract,True,Empirical,Quantitative,Quantitative,quantitative,False,False
SSWR:2026-F-0010,SSWR,2026,Substance Use Among Gay Men in Mexico: Perceptions of Well Being and Implications for Health,Juan Carlos Mendoza-Pérez; Héctor Alexis López-Barrientos; Michael P. Dentato,SSWR annual conference,,Flash,title_and_abstract,False,Not applicable,Not applicable,Irrelevant,mixed_methods,False,False
SSWR:2026-U-0321,SSWR,2026,"Substance Use, Depression, and Suicide Risk: Findings from a Propensity-Weighted National Study",Vibol Kong; Jesse J. Helton,SSWR annual conference,,Oral,title_and_abstract,True,Empirical,Quantitative,Quantitative,quantitative,False,False
SSWR:2026-P-0235,SSWR,2026,"Suicidal Ideation in Adolescents Exposed to Community Violence: A National Study of Risk Factors, Yrbs 2023",Silviya Nikolova; Eusebius Small; Benjamin Sesay; Bonita B. Sharma,SSWR annual conference,,Poster,title_and_abstract,True,Empirical,Quantitative,Quantitative,quantitative,False,False
SSWR:2026-P-0842,SSWR,2026,"Suicidality Among Adolescent Opioid Users: Individual, Interpersonal, and Community Level Risk and Protective Factors",Shekh Farid; Yeqing Yuan; Jennifer I. Manuel,SSWR annual conference,,Poster,title_and_abstract,True,Empirical,Quantitative,Quantitative,quantitative,False,False
SSWR:2026-U-0607,SSWR,2026,Suicide Prevention and Intervention with Military Personnel and/or Veterans:  An Overview of Systematic Reviews,Brandy R. Maynard; Harly Blumhagen; Monica Matthieu,SSWR annual conference,,Oral,title_and_abstract,True,Empirical,Review,Review,review,False,False
SSWR:2026-P-0782,SSWR,2026,Suicide Prevention Programs across U.S. Mental Health Care Facilities: Differences By Organizational Practices,Adam R. Englert; Helen Newton; Pin-Chen Chiang; Jake Leite; Ankur Srivastava; William J. Hall,SSWR annual conference,,Poster,title_and_abstract,True,Empirical,Quantitative,Quantitative,quantitative,False,False
SSWR:2026-P-0840,SSWR,2026,The Association between Adverse Adulthood Experiences and Loneliness Among Young Adults,Aely Park,SSWR annual conference,,Poster,title_and_abstract,False,Not applicable,Not applicable,Irrelevant,quantitative,False,False
SSWR:2026-U-0454,SSWR,2026,"The Association between State-Level Policies Directed Toward Sexual and Gender Minorities and Suicidal Ideation, Suicide Planning, and Suicide Attempts Among High School Students in the United States",Christina M. Sellers; Antonia Diaz-Valdez; Emma Cho; Phillip Baiden; Julie Stubbs; Sky Gavis-Hughson; Joanna Almeida,SSWR annual conference,,Oral,title_and_abstract,True,Empirical,Quantitative,Quantitative,quantitative,False,False
SSWR:2026-P-0559,SSWR,2026,The Association of Living with Someone with Mental Health Challenges and Depression: An Examination By Gender,Ami Patel; Manik Ahuja,SSWR annual conference,,Poster,title_and_abstract,False,Not applicable,Not applicable,Irrelevant,quantitative,False,False
SSWR:2026-P-0246,SSWR,2026,"The Contextual Weight of Mental Health Stigma:  Its Role in Suicidal Ideation, Planning, and Attempts",Sangmi Kim; Fei Wang,SSWR annual conference,,Poster,title_and_abstract,True,Empirical,Quantitative,Quantitative,quantitative,False,False
SSWR:2026-P-0454,SSWR,2026,The Effect of Childhood Interpersonal Trauma on Adolescent Suicidal Ideation: The Moderating Role of Stress Coping Ability,Mi ryeong Lee; Song sik Choi; Soo Eon Ahn; Hyun Jung Kim; Jeong Mi Han; Seon hyo Je; Young eun Kim,SSWR annual conference,,Poster,title_and_abstract,True,Empirical,Quantitative,Quantitative,quantitative,False,False
SSWR:2026-F-0079,SSWR,2026,"The Effects of Biased and Nonbiased School Victimization, Depression, and Suicidal Ideation on Substance Use Among Secondary School Students: Is School Climate a Moderator?","Netta Achdut; Ruth Berkowitz; Rami Benbenishty, PhD; Ron Avi Astor",SSWR annual conference,,Flash,title_and_abstract,True,Empirical,Quantitative,Quantitative,quantitative,False,False
SSWR:2026-U-0744,SSWR,2026,The Effects of Social Network Characteristics on Suicidal Thoughts Among Refugees in the Southwest U.S,Mee Young Um; Arati Maleku; Youn Kyoung (Lily) KIM; Shambika Raut; Zoe Baccam,SSWR annual conference,,Oral,title_and_abstract,True,Empirical,Quantitative,Quantitative,quantitative,False,False
SSWR:2026-P-0865,SSWR,2026,"The Ethics of Referral: Social Work, Children's Rights, and the Troubled Teen Industry",Athena Kolbe; Sally Martin; Kim DiOrio-Rooney; Marshall DuVal; Vanessa Hughes,SSWR annual conference,,Poster,title_and_abstract,False,Not applicable,Not applicable,Irrelevant,mixed_methods,False,False
SSWR:2026-P-0418,SSWR,2026,The Impact of Cyberbullying Laws on Student Cyberbullying By Sexual Minority Status,Christopher Baidoo; Michele Alvarez; Summer Hawkins,SSWR annual conference,,Poster,title_and_abstract,False,Not applicable,Not applicable,Irrelevant,quantitative,False,False
SSWR:2026-U-0692,SSWR,2026,"The Impact of Homelessness, Social Support, and Mental Health on Suicide Ideation Among Immigrant Women",Chioma Chinwokwu-Njemanze,SSWR annual conference,,Oral,title_and_abstract,True,Empirical,Quantitative,Quantitative,quantitative,False,False
SSWR:2026-P-0039,SSWR,2026,The Long-Term Effects of a Co-Response Program on Patrol Call Volume for Mental Health Crisis-Related Calls: An Interrupted Time-Series Analysis,Mark Plassmeyer,SSWR annual conference,,Poster,title_and_abstract,True,Empirical,Quantitative,Quantitative,quantitative,False,False
SSWR:2026-P-0345,SSWR,2026,The Social Workers Addressing Firearms Risk (SAFR) Intervention: A Pilot Randomized Controlled Trial,Mickey S. Sperlich; Patricia Logan-Greene; Alexis Speck Glennon; EunSook Seong; Ogechi Kalu,SSWR annual conference,,Poster,title_and_abstract,True,Empirical,Quantitative,Quantitative,quantitative,False,False
SSWR:2026-F-0075,SSWR,2026,The Use of Abbreviated Screening Tools in Primary Care Settings As an Important and Proactive Resource to Identify at-Risk First Responders,Christy Collins; Dayna Gurley; Jose Carbajal; Donna L. Schuman; Warren Ponder,SSWR annual conference,,Flash,title_and_abstract,True,Empirical,Quantitative,Quantitative,quantitative,False,False
SSWR:2026-P-0762,SSWR,2026,Toward a Trauma-Informed Prison System in India: A Systematic Review and Case for Mental Health Reform and Post-Carceral Reintegration,Santhoshraj Srinivasan; Howard Onyuth,SSWR annual conference,,Poster,title_and_abstract,False,Not applicable,Not applicable,Irrelevant,review,False,False
SSWR:2026-P-0801,SSWR,2026,Transgender Identity and Bullying Victimization Among Indiana High School Students,Jenna Malone; Junghee Han,SSWR annual conference,,Poster,title_and_abstract,False,Not applicable,Not applicable,Irrelevant,quantitative,False,False
SSWR:2026-P-0152,SSWR,2026,Understanding Public Perceptions of Mental Illness in Ghana: Implications for Community-Based Mental Health Care,Kathryne B. Brewer; Micki Washburn; Rabiu Kwaku Boakye Asante; Doris Akyere Boateng; Phillip Baiden; Joshua Awua; Gabrielle Scott; Sondra J. Fogel; Steven Moore; Susan P. Robbins; Robin E. Gearing,SSWR annual conference,,Poster,title_and_abstract,False,Not applicable,Not applicable,Irrelevant,quantitative,False,False
SSWR:2026-P-0670,SSWR,2026,Using Measurement Invariance and Predictive Logistic Regression to Understand PHQ-9 Response Patterns Among English and Spanish Speakers Admitted to Emergency Departments,Anjeli Nandwani; Kimberley Gryglewicz,SSWR annual conference,,Poster,title_and_abstract,True,Empirical,Quantitative,Quantitative,quantitative,False,False
SSWR:2026-F-0022,SSWR,2026,Validating Parental Suicide Prevention Communication Self-Efficacy Scales for Latino Parents in the U.S,Tatiana Villarreal-Otalora; Jane McPherson,SSWR annual conference,,Flash,title_and_abstract,True,Empirical,Quantitative,Quantitative,quantitative,False,False
SSWR:2026-P-0637,SSWR,2026,Victimization Against Latina with Sexual and Gender Minority Identities: A Scoping Review,Chiara Sabina; Yafan Chen; Maria Alejandra Guevara-Carpio,SSWR annual conference,,Poster,title_and_abstract,False,Not applicable,Not applicable,Irrelevant,review,False,False
SSWR:2026-P-0519,SSWR,2026,Ï»¿the Effect of Childhood Interpersonal Trauma on Adolescent Suicidal Ideation: The Moderating Role of Stress Coping Ability,Song sik Choi; Mi ryeong Lee; Soo Eon Ahn; Hyun Jung Kim; Jeong Mi Han; Seon hyo Je; Young eun Kim,SSWR annual conference,,Poster,title_and_abstract,True,Empirical,Quantitative,Quantitative,quantitative,False,False
SSWR:2026-U-0566,SSWR,2026,"€Œconnectedness Is Subject to Changeâ€�: Exploring Social Connectedness through the Perspectives of Latina Adolescents at Risk for Suicide, Their Families, and Providers in the Life Is Precious Program",Daniela Tuda,SSWR annual conference,,Unknown,title_and_abstract,True,Empirical,Qualitative,Qualitative,qualitative,False,False
