record_id,journal_name,year,current_doi,proposed_doi,tier,method,title_similarity,journal_verdict,journal_basis,author_overlap,title
118141,The Journal of Sociology & Social Welfare,1989,oai:scholarworks.wmich.edu:jssw-1882,10.15453/0191-5096.1882,A,oai_rule,1.0,match,name,1.0,Street Children Programs in Latin America
118142,The Journal of Sociology & Social Welfare,1989,oai:scholarworks.wmich.edu:jssw-1879,10.15453/0191-5096.1879,A,oai_rule,1.0,match,name,1.0,Considerations in the Development of a Scientific Social Work
118143,The Journal of Sociology & Social Welfare,1989,oai:scholarworks.wmich.edu:jssw-1881,10.15453/0191-5096.1881,A,oai_rule,1.0,match,name,1.0,"Work, Violence, Injustice and War"
118144,The Journal of Sociology & Social Welfare,1989,oai:scholarworks.wmich.edu:jssw-1880,10.15453/0191-5096.1880,A,oai_rule,1.0,match,name,1.0,When Is Statistical Significance Meaningful? A Practice Perspective
118145,The Journal of Sociology & Social Welfare,1989,oai:scholarworks.wmich.edu:jssw-1878,10.15453/0191-5096.1878,A,oai_rule,1.0,match,name,1.0,A Framework for Analyzing Knowledge Utilization in Social Work Practice
118146,The Journal of Sociology & Social Welfare,1989,oai:scholarworks.wmich.edu:jssw-1885,10.15453/0191-5096.1885,A,oai_rule,1.0,match,name,1.0,The World According to NAMBLA: Accounting for Deviance
118147,The Journal of Sociology & Social Welfare,1989,oai:scholarworks.wmich.edu:jssw-1886,10.15453/0191-5096.1886,A,oai_rule,1.0,match,name,1.0,Marginal Women Unite! Organizing the DisAbled Womens Network in Canada
118148,The Journal of Sociology & Social Welfare,1989,oai:scholarworks.wmich.edu:jssw-1887,10.15453/0191-5096.1887,A,oai_rule,1.0,match,name,1.0,Injured Workers: From Statutory Compensation to Holistic Social Work Services
118149,The Journal of Sociology & Social Welfare,1989,oai:scholarworks.wmich.edu:jssw-1884,10.15453/0191-5096.1884,A,oai_rule,1.0,match,name,1.0,Official Documentation of a Sexually Transmitted Disease (STD): An Empirical Assessment
118150,The Journal of Sociology & Social Welfare,1989,oai:scholarworks.wmich.edu:jssw-1883,10.15453/0191-5096.1883,A,oai_rule,1.0,match,name,1.0,The Limits of the Welfare State: New York City's Response to Homelessness
118151,The Journal of Sociology & Social Welfare,1989,oai:scholarworks.wmich.edu:jssw-1890,10.15453/0191-5096.1890,A,oai_rule,1.0,match,name,1.0,The Work Incentive Years in Current Perspective: What Have We Learned? Where Do We Go From Here?
118152,The Journal of Sociology & Social Welfare,1989,oai:scholarworks.wmich.edu:jssw-1891,10.15453/0191-5096.1891,A,oai_rule,1.0,match,name,1.0,Work and Welfare: How Industrialists Shaped Government Social Service During the Progressive Era
118153,The Journal of Sociology & Social Welfare,1989,oai:scholarworks.wmich.edu:jssw-1892,10.15453/0191-5096.1892,A,oai_rule,1.0,match,name,1.0,The Political Economy of Welfare
118154,The Journal of Sociology & Social Welfare,1989,oai:scholarworks.wmich.edu:jssw-1889,10.15453/0191-5096.1889,A,oai_rule,1.0,match,name,1.0,What's Right with Welfare? The Other Face of AFDC
118155,The Journal of Sociology & Social Welfare,1989,oai:scholarworks.wmich.edu:jssw-1896,10.15453/0191-5096.1896,A,oai_rule,1.0,match,name,1.0,Factors Affecting Competition in State Contracting for Human Services
118156,The Journal of Sociology & Social Welfare,1989,oai:scholarworks.wmich.edu:jssw-1894,10.15453/0191-5096.1894,A,oai_rule,1.0,match,name,1.0,A New Paradigm for Social Welfare
118157,The Journal of Sociology & Social Welfare,1989,oai:scholarworks.wmich.edu:jssw-1893,10.15453/0191-5096.1893,A,oai_rule,1.0,match,name,1.0,Towards a Construct of Employment for Social Welfare and Economic Productivity
118158,The Journal of Sociology & Social Welfare,1989,oai:scholarworks.wmich.edu:jssw-1895,10.15453/0191-5096.1895,A,oai_rule,1.0,match,name,1.0,Low-Income Mothers Without Custody: Who Are They and Where Are Their Children?
118159,The Journal of Sociology & Social Welfare,1989,oai:scholarworks.wmich.edu:jssw-1897,10.15453/0191-5096.1897,A,oai_rule,1.0,match,name,1.0,"Urban Emergency Food Center Clients: Characteristics, Coping Strategies and Needs"
118160,The Journal of Sociology & Social Welfare,1989,oai:scholarworks.wmich.edu:jssw-1898,10.15453/0191-5096.1898,A,oai_rule,1.0,match,name,1.0,Family Structures and the Feminization of Poverty: Women in Hawaii
118161,The Journal of Sociology & Social Welfare,1989,oai:scholarworks.wmich.edu:jssw-1902,10.15453/0191-5096.1902,A,oai_rule,1.0,match,name,1.0,Welfare Reform: One State Alternative
118162,The Journal of Sociology & Social Welfare,1989,oai:scholarworks.wmich.edu:jssw-1901,10.15453/0191-5096.1901,A,oai_rule,1.0,match,name,1.0,Book Review - Social Security after Fifty: Successes and Failures by Edward D. Berkowitz
118163,The Journal of Sociology & Social Welfare,1989,oai:scholarworks.wmich.edu:jssw-1904,10.15453/0191-5096.1904,A,oai_rule,1.0,match,name,1.0,Mainstreaming the Underclass
118164,The Journal of Sociology & Social Welfare,1989,oai:scholarworks.wmich.edu:jssw-1905,10.15453/0191-5096.1905,A,oai_rule,1.0,match,name,1.0,Low-Income Parents' Attitudes toward Parent Involvement in Education
118165,The Journal of Sociology & Social Welfare,1989,oai:scholarworks.wmich.edu:jssw-1906,10.15453/0191-5096.1906,A,oai_rule,1.0,match,name,1.0,"Court-Ordered Consent Decree for the Homeless: Process, Conflict and Control"
118166,The Journal of Sociology & Social Welfare,1989,oai:scholarworks.wmich.edu:jssw-1907,10.15453/0191-5096.1907,A,oai_rule,1.0,match,name,1.0,Old Folks' Homes for Blacks During the Progressive Era
118167,The Journal of Sociology & Social Welfare,1989,oai:scholarworks.wmich.edu:jssw-1908,10.15453/0191-5096.1908,A,oai_rule,1.0,match,name,1.0,The Impact of Americanization on Intergenerational Relations: An Exploratory Study on the U.S. Territory of Guam
118168,The Journal of Sociology & Social Welfare,1989,oai:scholarworks.wmich.edu:jssw-1909,10.15453/0191-5096.1909,A,oai_rule,1.0,match,name,1.0,Eastern European Refugees: Implications for Social Work
118169,The Journal of Sociology & Social Welfare,1989,oai:scholarworks.wmich.edu:jssw-1910,10.15453/0191-5096.1910,A,oai_rule,1.0,match,name,1.0,Counseling Troubled Adolescents: An Evaluation of a Statewide Training Program
118170,The Journal of Sociology & Social Welfare,1989,oai:scholarworks.wmich.edu:jssw-1911,10.15453/0191-5096.1911,A,oai_rule,1.0,match,name,1.0,Race Differences in Seeking Help from Social Workers
118171,The Journal of Sociology & Social Welfare,1989,oai:scholarworks.wmich.edu:jssw-1912,10.15453/0191-5096.1912,A,oai_rule,1.0,match,name,1.0,Social Work and Sexual Harassment
118172,The Journal of Sociology & Social Welfare,1989,oai:scholarworks.wmich.edu:jssw-1914,10.15453/0191-5096.1914,A,oai_rule,1.0,match,name,1.0,Challenges and Prospects of William J. Wilson's The Truly Disadvantaged
118173,The Journal of Sociology & Social Welfare,1989,oai:scholarworks.wmich.edu:jssw-1919,10.15453/0191-5096.1919,A,oai_rule,1.0,match,name,1.0,A Critique of The Truly Disadvantaged: A Historical Materialist (Marxist) Perspective
118174,The Journal of Sociology & Social Welfare,1989,oai:scholarworks.wmich.edu:jssw-1917,10.15453/0191-5096.1917,A,oai_rule,1.0,match,name,1.0,"""Occasional Labourers and Chronic Want"": A Review of the Truly Disadvantaged"
118175,The Journal of Sociology & Social Welfare,1989,oai:scholarworks.wmich.edu:jssw-1921,10.15453/0191-5096.1921,A,oai_rule,1.0,match,name,1.0,The Truly Disadvantaged: Structuring an Agenda for Change
118176,The Journal of Sociology & Social Welfare,1989,oai:scholarworks.wmich.edu:jssw-1922,10.15453/0191-5096.1922,A,oai_rule,1.0,match,name,1.0,Problems of Pragmatism in Public Policy: Critique of William Wilson's The Truly Disadvantaged
118177,The Journal of Sociology & Social Welfare,1989,oai:scholarworks.wmich.edu:jssw-1915,10.15453/0191-5096.1915,A,oai_rule,1.0,match,name,1.0,The Sociology of Knowledge of William J. Wilson: Placing The Truly Disadvantaged in its Sociohistorical Context
118178,The Journal of Sociology & Social Welfare,1989,oai:scholarworks.wmich.edu:jssw-1916,10.15453/0191-5096.1916,A,oai_rule,1.0,match,name,1.0,Racism in Advanced Capitalist Society: Comments on William J. Wilson's The Truly Disadvantaged
118179,The Journal of Sociology & Social Welfare,1989,oai:scholarworks.wmich.edu:jssw-1920,10.15453/0191-5096.1920,A,oai_rule,1.0,match,name,1.0,Poverty and Electoral Power
118180,The Journal of Sociology & Social Welfare,1989,oai:scholarworks.wmich.edu:jssw-1918,10.15453/0191-5096.1918,A,oai_rule,1.0,match,name,1.0,Comments on William Wilson's The Truly Disadvantaged: A Limited Proposal for Social Reform
118181,The Journal of Sociology & Social Welfare,1989,oai:scholarworks.wmich.edu:jssw-1923,10.15453/0191-5096.1923,A,oai_rule,1.0,match,name,1.0,A Response to Critics of The Truly Disadvantaged
118182,The Journal of Sociology & Social Welfare,1990,oai:scholarworks.wmich.edu:jssw-1925,10.15453/0191-5096.1925,A,oai_rule,1.0,match,name,1.0,Health Aspects of Housing and Town Planning
118183,The Journal of Sociology & Social Welfare,1990,oai:scholarworks.wmich.edu:jssw-1926,10.15453/0191-5096.1926,A,oai_rule,1.0,match,name,1.0,Relocation and Health Effects on the Elderly A Commented Research Review
118184,The Journal of Sociology & Social Welfare,1990,oai:scholarworks.wmich.edu:jssw-1927,10.15453/0191-5096.1927,A,oai_rule,1.0,match,name,1.0,Housing and Health in Beijing: Implications of High-rise Housing on Children and the Aged
118185,The Journal of Sociology & Social Welfare,1990,oai:scholarworks.wmich.edu:jssw-1928,10.15453/0191-5096.1928,A,oai_rule,1.0,match,name,1.0,Factors in Urban Stress
118186,The Journal of Sociology & Social Welfare,1990,oai:scholarworks.wmich.edu:jssw-1929,10.15453/0191-5096.1929,A,oai_rule,1.0,match,name,1.0,Home Safety-The Challenge to Public Health
118187,The Journal of Sociology & Social Welfare,1990,oai:scholarworks.wmich.edu:jssw-1930,10.15453/0191-5096.1930,A,oai_rule,1.0,match,name,1.0,Health Implications of Homelessness: Reports from Three Countries
118188,The Journal of Sociology & Social Welfare,1990,oai:scholarworks.wmich.edu:jssw-1932,10.15453/0191-5096.1932,A,oai_rule,1.0,match,name,1.0,"An Ecological Perspective on Housing, Health and Well-being"
118189,The Journal of Sociology & Social Welfare,1990,oai:scholarworks.wmich.edu:jssw-1933,10.15453/0191-5096.1933,A,oai_rule,1.0,match,name,1.0,"Housing, Health and Well-Being: An International Perspective"
118190,The Journal of Sociology & Social Welfare,1990,oai:scholarworks.wmich.edu:jssw-1931,10.15453/0191-5096.1931,A,oai_rule,1.0,match,name,1.0,The Role of Regulation in the Control of Housing Conditions
118191,The Journal of Sociology & Social Welfare,1990,oai:scholarworks.wmich.edu:jssw-1935,10.15453/0191-5096.1935,A,oai_rule,1.0,match,name,1.0,Norman N. Goroff - In Memoriam
118192,The Journal of Sociology & Social Welfare,1990,oai:scholarworks.wmich.edu:jssw-1941,10.15453/0191-5096.1941,A,oai_rule,1.0,match,name,1.0,"The New Christian Right, Social Policy and the Welfare State"
118193,The Journal of Sociology & Social Welfare,1990,oai:scholarworks.wmich.edu:jssw-1940,10.15453/0191-5096.1940,A,oai_rule,1.0,match,name,1.0,Back To Our Roots Towards a Specialization in Social Justice
118194,The Journal of Sociology & Social Welfare,1990,oai:scholarworks.wmich.edu:jssw-1938,10.15453/0191-5096.1938,A,oai_rule,1.0,match,name,1.0,Advocacy/Empowerment: An Approach to Clinical Practice for Social Work
118195,The Journal of Sociology & Social Welfare,1990,oai:scholarworks.wmich.edu:jssw-1936,10.15453/0191-5096.1936,A,oai_rule,1.0,match,name,1.0,Implications of Conservative Tendencies for Practice and Education in Social Welfare
118196,The Journal of Sociology & Social Welfare,1990,oai:scholarworks.wmich.edu:jssw-1939,10.15453/0191-5096.1939,A,oai_rule,1.0,match,name,1.0,Empowerment through Advocacy and Consciousness-Raising: Implications of a Structural Approach to Social Work
118197,The Journal of Sociology & Social Welfare,1990,oai:scholarworks.wmich.edu:jssw-1942,10.15453/0191-5096.1942,A,oai_rule,1.0,match,name,1.0,The Demise of the Catastrophic Coverage Act: A Reflection of the Inability of Congress to Respond to Changing Needs of the Elderly and their Families
118198,The Journal of Sociology & Social Welfare,1990,oai:scholarworks.wmich.edu:jssw-1937,10.15453/0191-5096.1937,A,oai_rule,1.0,match,name,1.0,Philosophical Disputes in Social Work: Social Justice Denied
118199,The Journal of Sociology & Social Welfare,1990,oai:scholarworks.wmich.edu:jssw-1943,10.15453/0191-5096.1943,A,oai_rule,1.0,match,name,1.0,Discipline and Pacification in the Modern Administrative State: The Case of Social Welfare Fraud
118200,The Journal of Sociology & Social Welfare,1990,oai:scholarworks.wmich.edu:jssw-1944,10.15453/0191-5096.1944,A,oai_rule,1.0,match,name,1.0,Detecting and Reporting Child Abuse: A Function of the Human Service Delivery System
118201,The Journal of Sociology & Social Welfare,1990,oai:scholarworks.wmich.edu:jssw-1947,10.15453/0191-5096.1947,A,oai_rule,1.0,match,name,1.0,Child Support Enforcement Reform: Can It Reduce the Welfare Dependency of Families of Never-Married Mothers?
118202,The Journal of Sociology & Social Welfare,1990,oai:scholarworks.wmich.edu:jssw-1946,10.15453/0191-5096.1946,A,oai_rule,1.0,match,name,1.0,"Perceived Stress, Social Support and Survival: North Carolina Farm Operators and the Farm Crisis"
118203,The Journal of Sociology & Social Welfare,1990,oai:scholarworks.wmich.edu:jssw-1948,10.15453/0191-5096.1948,A,oai_rule,1.0,match,name,1.0,Permanency Planning and the Child Abuse Prevention and Treatment Act: The Paradox of Child Welfare Policy
118204,The Journal of Sociology & Social Welfare,1990,oai:scholarworks.wmich.edu:jssw-1949,10.15453/0191-5096.1949,A,oai_rule,1.0,match,name,1.0,A Critique of Family Case Workers 1900-1930: Women Working With Women
118205,The Journal of Sociology & Social Welfare,1990,oai:scholarworks.wmich.edu:jssw-1951,10.15453/0191-5096.1951,A,oai_rule,1.0,match,name,1.0,Illness Career Descent and the Descending Hierarchy: The Organizational Structure of a Retirement Facility
118206,The Journal of Sociology & Social Welfare,1990,oai:scholarworks.wmich.edu:jssw-1950,10.15453/0191-5096.1950,A,oai_rule,1.0,match,name,1.0,"Gender, Employment and Psychosocial Well-being"
118207,The Journal of Sociology & Social Welfare,1990,oai:scholarworks.wmich.edu:jssw-1953,10.15453/0191-5096.1953,A,oai_rule,1.0,match,name,1.0,The Use of Volunteers by Governmental Social Services in Israel
118208,The Journal of Sociology & Social Welfare,1990,oai:scholarworks.wmich.edu:jssw-1952,10.15453/0191-5096.1952,A,oai_rule,1.0,match,name,1.0,Women in Blue-Collar Occupations: An Exploration of Constraints and Facilitators
118209,The Journal of Sociology & Social Welfare,1990,oai:scholarworks.wmich.edu:jssw-1956,10.15453/0191-5096.1956,A,oai_rule,1.0,match,name,1.0,Differential Perception And Adolescent Drinking In The United States: Preliminary Considerations
118210,The Journal of Sociology & Social Welfare,1990,oai:scholarworks.wmich.edu:jssw-1955,10.15453/0191-5096.1955,A,oai_rule,1.0,match,name,1.0,How Voluntary Agency Networks Fared in the 1980s
118211,The Journal of Sociology & Social Welfare,1990,oai:scholarworks.wmich.edu:jssw-1959,10.15453/0191-5096.1959,A,oai_rule,1.0,match,name,1.0,Exchange Rules in the Mediation of Social Welfare Work
118212,The Journal of Sociology & Social Welfare,1990,oai:scholarworks.wmich.edu:jssw-1957,10.15453/0191-5096.1957,A,oai_rule,1.0,match,name,1.0,A Redefinition of the Problem of Homelessness Among Persons with a Chronic Mental Illness
118213,The Journal of Sociology & Social Welfare,1990,oai:scholarworks.wmich.edu:jssw-1958,10.15453/0191-5096.1958,A,oai_rule,1.0,match,name,1.0,Paraprofessional Social Service Personnel in Spain
118214,The Journal of Sociology & Social Welfare,1990,oai:scholarworks.wmich.edu:jssw-1962,10.15453/0191-5096.1962,A,oai_rule,1.0,match,name,1.0,Testing the Underclass Concept by Surveying Attitudes and Behavior
118215,The Journal of Sociology & Social Welfare,1990,oai:scholarworks.wmich.edu:jssw-1960,10.15453/0191-5096.1960,A,oai_rule,1.0,match,name,1.0,Burnout and Job Satisfaction: Their Relationship to Perceived Competence and Work Stress Among Undergraduate and Graduate Social Workers
118216,The Journal of Sociology & Social Welfare,1990,oai:scholarworks.wmich.edu:jssw-1964,10.15453/0191-5096.1964,A,oai_rule,1.0,match,name,1.0,"Response by Ralph Segalman to Isidore Walliman's review of The Swiss Way of Welfare which appeared in Volume XV, Number 2 (June, 1988)"
118217,The Journal of Sociology & Social Welfare,1990,oai:scholarworks.wmich.edu:jssw-1963,10.15453/0191-5096.1963,A,oai_rule,1.0,match,name,1.0,Do Respondents Who Pen Comments Onto Mail Surveys Differ From Other Respondents? A Research Note on the Human Services Job Satisfaction Literature
118218,The Journal of Sociology & Social Welfare,1990,oai:scholarworks.wmich.edu:jssw-1961,10.15453/0191-5096.1961,A,oai_rule,1.0,match,name,1.0,Promoting Voting Behavior Among Low Income Black Voters Using Reminder Letters: An Experimental Investigation
118219,The Journal of Sociology & Social Welfare,1991,oai:scholarworks.wmich.edu:jssw-1966,10.15453/0191-5096.1966,A,oai_rule,1.0,match,name,1.0,Private Child Support: Current and Potential Impacts
118220,The Journal of Sociology & Social Welfare,1991,oai:scholarworks.wmich.edu:jssw-1969,10.15453/0191-5096.1969,A,oai_rule,1.0,match,name,1.0,Workfare Programs in Rural America: Joblessness in Ohio's Appalachian Counties
118221,The Journal of Sociology & Social Welfare,1991,oai:scholarworks.wmich.edu:jssw-1967,10.15453/0191-5096.1967,A,oai_rule,1.0,match,name,1.0,An Examination of Research Explaining Public Welfare Spending at the State Level
118222,The Journal of Sociology & Social Welfare,1991,oai:scholarworks.wmich.edu:jssw-1968,10.15453/0191-5096.1968,A,oai_rule,1.0,match,name,1.0,Conservative Welfare Reform Proposals and The Reality of Subemployment
118223,The Journal of Sociology & Social Welfare,1991,oai:scholarworks.wmich.edu:jssw-1971,10.15453/0191-5096.1971,A,oai_rule,1.0,match,name,1.0,Self-Empowerment among Adults with Severe Physical Disability: A Case Study
118224,The Journal of Sociology & Social Welfare,1991,oai:scholarworks.wmich.edu:jssw-1972,10.15453/0191-5096.1972,A,oai_rule,1.0,match,name,1.0,The Introductory Course in the Undergraduate Social Work Curriculum
118225,The Journal of Sociology & Social Welfare,1991,oai:scholarworks.wmich.edu:jssw-1970,10.15453/0191-5096.1970,A,oai_rule,1.0,match,name,1.0,Family Ties During Imprisonment: Important to Whom and For What?
118226,The Journal of Sociology & Social Welfare,1991,oai:scholarworks.wmich.edu:jssw-1974,10.15453/0191-5096.1974,A,oai_rule,1.0,match,name,1.0,The Privatization of Housing in a Declining Economy: The Case of Stepping Stone Housing
118227,The Journal of Sociology & Social Welfare,1991,oai:scholarworks.wmich.edu:jssw-1973,10.15453/0191-5096.1973,A,oai_rule,1.0,match,name,1.0,"The Impact of DRGs on Social Workers in a University-Affiliated, Teaching Hospital System"
118228,The Journal of Sociology & Social Welfare,1991,oai:scholarworks.wmich.edu:jssw-1976,10.15453/0191-5096.1976,A,oai_rule,1.0,match,name,1.0,Mental Health Services: An International Perspective
118229,The Journal of Sociology & Social Welfare,1991,oai:scholarworks.wmich.edu:jssw-1977,10.15453/0191-5096.1977,A,oai_rule,1.0,match,name,1.0,The Development of Mental Health Services in Sub-Saharan Africa: The Case of Rwanda
118230,The Journal of Sociology & Social Welfare,1991,oai:scholarworks.wmich.edu:jssw-1978,10.15453/0191-5096.1978,A,oai_rule,1.0,match,name,1.0,Mental Health Services in India
118231,The Journal of Sociology & Social Welfare,1991,oai:scholarworks.wmich.edu:jssw-1980,10.15453/0191-5096.1980,A,oai_rule,1.0,match,name,1.0,Mental Health Services in Egypt
118232,The Journal of Sociology & Social Welfare,1991,oai:scholarworks.wmich.edu:jssw-1979,10.15453/0191-5096.1979,A,oai_rule,1.0,match,name,1.0,Mental Health Services in Mexico
118233,The Journal of Sociology & Social Welfare,1991,oai:scholarworks.wmich.edu:jssw-1981,10.15453/0191-5096.1981,A,oai_rule,1.0,match,name,1.0,Mental health Policy and Programs in Israel: Trends and Problems of a Developing System
118234,The Journal of Sociology & Social Welfare,1991,oai:scholarworks.wmich.edu:jssw-1983,10.15453/0191-5096.1983,A,oai_rule,1.0,match,name,1.0,Mental Health Services in Japan
118235,The Journal of Sociology & Social Welfare,1991,oai:scholarworks.wmich.edu:jssw-1982,10.15453/0191-5096.1982,A,oai_rule,1.0,match,name,1.0,"Mental Health Services in Hong Kong: History, Modern Development, and Issues"
118236,The Journal of Sociology & Social Welfare,1991,oai:scholarworks.wmich.edu:jssw-1984,10.15453/0191-5096.1984,A,oai_rule,1.0,match,name,1.0,A Cross-Cultural Perspective on Selected Mental Health Systems
118237,The Journal of Sociology & Social Welfare,1991,oai:scholarworks.wmich.edu:jssw-1986,10.15453/0191-5096.1986,A,oai_rule,1.0,match,name,1.0,The Global Economy and the American Welfare State
118238,The Journal of Sociology & Social Welfare,1991,oai:scholarworks.wmich.edu:jssw-1987,10.15453/0191-5096.1987,A,oai_rule,1.0,match,name,1.0,Does Social Security Redistribute Income?: A Tax-Transfer Analysis
118239,The Journal of Sociology & Social Welfare,1991,oai:scholarworks.wmich.edu:jssw-1988,10.15453/0191-5096.1988,A,oai_rule,1.0,match,name,1.0,Social Service Vouchers: Issues for Social Work Practice
118240,The Journal of Sociology & Social Welfare,1991,oai:scholarworks.wmich.edu:jssw-1990,10.15453/0191-5096.1990,A,oai_rule,1.0,match,name,1.0,"War, Peace, and ""the System"": Three Perspectives"
118241,The Journal of Sociology & Social Welfare,1991,oai:scholarworks.wmich.edu:jssw-1989,10.15453/0191-5096.1989,A,oai_rule,1.0,match,name,1.0,Hermeneutics and the Social Sciences: An Evaluation of the Function of Hermeneutics in a Consumer Disability Study
118242,The Journal of Sociology & Social Welfare,1991,oai:scholarworks.wmich.edu:jssw-1991,10.15453/0191-5096.1991,A,oai_rule,1.0,match,name,1.0,Job Satisfaction Among Paraprofessionals in Israel
118243,The Journal of Sociology & Social Welfare,1991,oai:scholarworks.wmich.edu:jssw-1992,10.15453/0191-5096.1992,A,oai_rule,1.0,match,name,1.0,"Asian American Immigrants: A Comparison of the Chinese, Japanese, and Filipinos"
118244,The Journal of Sociology & Social Welfare,1991,oai:scholarworks.wmich.edu:jssw-1994,10.15453/0191-5096.1994,A,oai_rule,1.0,match,name,1.0,Social Support for the Black Elderly: Is There a Link between Informal and Formal Assistance?
118245,The Journal of Sociology & Social Welfare,1991,oai:scholarworks.wmich.edu:jssw-1993,10.15453/0191-5096.1993,A,oai_rule,1.0,match,name,1.0,Occupational Social Work and Multinational Corporations
118246,The Journal of Sociology & Social Welfare,1991,oai:scholarworks.wmich.edu:jssw-1995,10.15453/0191-5096.1995,A,oai_rule,1.0,match,name,1.0,Racial Differences in the Use of Drugs and Alcohol Among Low Income Youth and Young Adults
118247,The Journal of Sociology & Social Welfare,1991,oai:scholarworks.wmich.edu:jssw-1998,10.15453/0191-5096.1998,A,oai_rule,1.0,match,name,1.0,The Place of Science in Social Work
118248,The Journal of Sociology & Social Welfare,1991,oai:scholarworks.wmich.edu:jssw-1997,10.15453/0191-5096.1997,A,oai_rule,1.0,match,name,1.0,Introduction: Social Work and Philosophy
118249,The Journal of Sociology & Social Welfare,1991,oai:scholarworks.wmich.edu:jssw-1999,10.15453/0191-5096.1999,A,oai_rule,1.0,match,name,1.0,My Paradigm Can Beat Your Paradigm: Some Reflections on Knowledge Conflicts
118250,The Journal of Sociology & Social Welfare,1991,oai:scholarworks.wmich.edu:jssw-2005,10.15453/0191-5096.2005,A,oai_rule,1.0,match,name,1.0,East/West Philosophical Synthesis in Transpersonal Theory
118251,The Journal of Sociology & Social Welfare,1991,oai:scholarworks.wmich.edu:jssw-2003,10.15453/0191-5096.2003,A,oai_rule,1.0,match,name,1.0,Qualitative Research and Social Work Practice: Partners in Discovery
118252,The Journal of Sociology & Social Welfare,1991,oai:scholarworks.wmich.edu:jssw-2000,10.15453/0191-5096.2000,A,oai_rule,1.0,match,name,1.0,Technological Fix: Altering the Consciousness of the Social Work Profession
118253,The Journal of Sociology & Social Welfare,1991,oai:scholarworks.wmich.edu:jssw-2001,10.15453/0191-5096.2001,A,oai_rule,1.0,match,name,1.0,Interpretive Methods for Social Work Practice and Research
118254,The Journal of Sociology & Social Welfare,1991,oai:scholarworks.wmich.edu:jssw-2002,10.15453/0191-5096.2002,A,oai_rule,1.0,match,name,1.0,Meaning and Motivational Complexities of Practice Interventions
118255,The Journal of Sociology & Social Welfare,1991,oai:scholarworks.wmich.edu:jssw-2004,10.15453/0191-5096.2004,A,oai_rule,1.0,match,name,1.0,Rationality in Social Work: A Critical Examination
118256,The Journal of Sociology & Social Welfare,1992,oai:scholarworks.wmich.edu:jssw-2007,10.15453/0191-5096.2007,A,oai_rule,1.0,match,name,1.0,Introduction: American Social Policy and the Reagan Legacy
118257,The Journal of Sociology & Social Welfare,1992,oai:scholarworks.wmich.edu:jssw-2008,10.15453/0191-5096.2008,A,oai_rule,1.0,match,name,1.0,"Society, Social Policy and the Ideology of Reaganism"
118258,The Journal of Sociology & Social Welfare,1992,oai:scholarworks.wmich.edu:jssw-2009,10.15453/0191-5096.2009,A,oai_rule,1.0,match,name,1.0,"Changes in Poverty, Income Inequality and the Standard of Living During the Reagan Years"
118259,The Journal of Sociology & Social Welfare,1992,oai:scholarworks.wmich.edu:jssw-2010,10.15453/0191-5096.2010,A,oai_rule,1.0,match,name,1.0,Income Maintenance Programs and the Reagan Domestic Agenda
118260,The Journal of Sociology & Social Welfare,1992,oai:scholarworks.wmich.edu:jssw-2011,10.15453/0191-5096.2011,A,oai_rule,1.0,match,name,1.0,America's Health Care System: The Reagan Legacy
118261,The Journal of Sociology & Social Welfare,1992,oai:scholarworks.wmich.edu:jssw-2012,10.15453/0191-5096.2012,A,oai_rule,1.0,match,name,1.0,"The Reagan Legacy: Undoing Class, Race and Gender Accords"
118262,The Journal of Sociology & Social Welfare,1992,oai:scholarworks.wmich.edu:jssw-2013,10.15453/0191-5096.2013,A,oai_rule,1.0,match,name,1.0,Unhousing the Urban Poor: The Reagan Legacy
118263,The Journal of Sociology & Social Welfare,1992,oai:scholarworks.wmich.edu:jssw-2014,10.15453/0191-5096.2014,A,oai_rule,1.0,match,name,1.0,The Fall of the Industrial City: The Reagan Legacy for Urban Policy
118264,The Journal of Sociology & Social Welfare,1992,oai:scholarworks.wmich.edu:jssw-2015,10.15453/0191-5096.2015,A,oai_rule,1.0,match,name,1.0,Social Work and the Reagan Era: Challenges to the Profession
118265,The Journal of Sociology & Social Welfare,1992,oai:scholarworks.wmich.edu:jssw-2017,10.15453/0191-5096.2017,A,oai_rule,1.0,match,name,1.0,Organization Development Technologies in Community Development: A Case Study
118266,The Journal of Sociology & Social Welfare,1992,oai:scholarworks.wmich.edu:jssw-2018,10.15453/0191-5096.2018,A,oai_rule,1.0,match,name,1.0,Organization Development and Community Development: True Soulmates or Uneasy Bedfellows?
118267,The Journal of Sociology & Social Welfare,1992,oai:scholarworks.wmich.edu:jssw-2019,10.15453/0191-5096.2019,A,oai_rule,1.0,match,name,1.0,A Response to the Rejoinder by Darlyne Bailey & Pranab Chatterjee
118268,The Journal of Sociology & Social Welfare,1992,oai:scholarworks.wmich.edu:jssw-2021,10.15453/0191-5096.2021,A,oai_rule,1.0,match,name,1.0,"The Battle for Benevolence: Scientific Disciplinary Control vs. ""Indiscriminate Relief"": Lexington Associated Charities and the Salvation Army, 1900 - 1918"
118269,The Journal of Sociology & Social Welfare,1992,oai:scholarworks.wmich.edu:jssw-2020,10.15453/0191-5096.2020,A,oai_rule,1.0,match,name,1.0,"The Sealed Adoption Records Controversy in Historical Perspective: The Case of the Children's Home Society of Washington, 1895-1988"
118270,The Journal of Sociology & Social Welfare,1992,oai:scholarworks.wmich.edu:jssw-2022,10.15453/0191-5096.2022,A,oai_rule,1.0,match,name,1.0,Professional Role Orientation and Social Activism
118271,The Journal of Sociology & Social Welfare,1992,oai:scholarworks.wmich.edu:jssw-2023,10.15453/0191-5096.2023,A,oai_rule,1.0,match,name,1.0,Helen Hall (1892-1982): A Second Generation Settlement Leader
118272,The Journal of Sociology & Social Welfare,1992,oai:scholarworks.wmich.edu:jssw-2028,10.15453/0191-5096.2028,A,oai_rule,1.0,match,name,1.0,Black Pink Collar Workers: Arduous Journey from Field and Kitchen to Office
118273,The Journal of Sociology & Social Welfare,1992,oai:scholarworks.wmich.edu:jssw-2025,10.15453/0191-5096.2025,A,oai_rule,1.0,match,name,1.0,The Withering of Community Life and the Growth of Emotional Disorders
118274,The Journal of Sociology & Social Welfare,1992,oai:scholarworks.wmich.edu:jssw-2026,10.15453/0191-5096.2026,A,oai_rule,1.0,match,name,1.0,"Organic Communities, Atomistic Societies, and Loneliness"
118275,The Journal of Sociology & Social Welfare,1992,oai:scholarworks.wmich.edu:jssw-2024,10.15453/0191-5096.2024,A,oai_rule,1.0,match,name,1.0,Daily Life of the Oldest Old
118276,The Journal of Sociology & Social Welfare,1992,oai:scholarworks.wmich.edu:jssw-2030,10.15453/0191-5096.2030,A,oai_rule,1.0,match,name,1.0,"Housing Affordability, Stress And Single Mothers: Pathway To Homelessness"
118277,The Journal of Sociology & Social Welfare,1992,oai:scholarworks.wmich.edu:jssw-2029,10.15453/0191-5096.2029,A,oai_rule,1.0,match,name,1.0,Intimate Femicide: An Ecological Analysis
118278,The Journal of Sociology & Social Welfare,1992,oai:scholarworks.wmich.edu:jssw-2032,10.15453/0191-5096.2032,A,oai_rule,1.0,match,name,1.0,Correlates of the Elderly's Participation and Nonparticipation in the Supplemental Security Income (SSI) Program: A New Evaluation
118279,The Journal of Sociology & Social Welfare,1992,oai:scholarworks.wmich.edu:jssw-2031,10.15453/0191-5096.2031,A,oai_rule,1.0,match,name,1.0,Asset-Based Social Welfare Policy: Homeownership for the Poor
118280,The Journal of Sociology & Social Welfare,1992,oai:scholarworks.wmich.edu:jssw-2035,10.15453/0191-5096.2035,A,oai_rule,1.0,match,name,1.0,Federal Relief Programs in the 19th Century: A Reassessment
118281,The Journal of Sociology & Social Welfare,1992,oai:scholarworks.wmich.edu:jssw-2034,10.15453/0191-5096.2034,A,oai_rule,1.0,match,name,1.0,A Continuum Theory for Social Work Knowledge
118282,The Journal of Sociology & Social Welfare,1992,oai:scholarworks.wmich.edu:jssw-2037,10.15453/0191-5096.2037,A,oai_rule,1.0,match,name,1.0,Primary Prevention of Child Abuse: Is It Really Possible?
118283,The Journal of Sociology & Social Welfare,1992,oai:scholarworks.wmich.edu:jssw-2036,10.15453/0191-5096.2036,A,oai_rule,1.0,match,name,1.0,"Alive On the Street, Dead In the Classroom: The Return of Radical Social Work and the Manufacture of Activism"
118284,The Journal of Sociology & Social Welfare,1992,oai:scholarworks.wmich.edu:jssw-2039,10.15453/0191-5096.2039,A,oai_rule,1.0,match,name,1.0,Homeless in Philadelphia: A Qualitative Study of the Impact of State Welfare Reform on Individuals
118285,The Journal of Sociology & Social Welfare,1992,oai:scholarworks.wmich.edu:jssw-2041,10.15453/0191-5096.2041,A,oai_rule,1.0,match,name,1.0,"Poverty, Homelessness, and Racial Exclusion"
118286,The Journal of Sociology & Social Welfare,1992,oai:scholarworks.wmich.edu:jssw-2042,10.15453/0191-5096.2042,A,oai_rule,1.0,match,name,1.0,Absence of a Family Safety Net for Homeless Families
118287,The Journal of Sociology & Social Welfare,1992,oai:scholarworks.wmich.edu:jssw-2040,10.15453/0191-5096.2040,A,oai_rule,1.0,match,name,1.0,Acting on Their Own Behalf: Affiliation and Political Mobilization among Homeless People
118288,The Journal of Sociology & Social Welfare,1992,oai:scholarworks.wmich.edu:jssw-2045,10.15453/0191-5096.2045,A,oai_rule,1.0,match,name,1.0,Ideology. Public Policy and Homeless Families
118289,The Journal of Sociology & Social Welfare,1992,oai:scholarworks.wmich.edu:jssw-2043,10.15453/0191-5096.2043,A,oai_rule,1.0,match,name,1.0,Five Year Cohort Study of Homeless Families: A Joint Policy Research Venture
118290,The Journal of Sociology & Social Welfare,1992,oai:scholarworks.wmich.edu:jssw-2044,10.15453/0191-5096.2044,A,oai_rule,1.0,match,name,1.0,Women and Homelessness: Evidence of Need to Look Beyond Shelters to Long Term Social Service Assistance and Permanent Housing
118291,The Journal of Sociology & Social Welfare,1992,oai:scholarworks.wmich.edu:jssw-2048,10.15453/0191-5096.2048,A,oai_rule,1.0,match,name,1.0,Rediscovering the Asylum
118292,The Journal of Sociology & Social Welfare,1992,oai:scholarworks.wmich.edu:jssw-2049,10.15453/0191-5096.2049,A,oai_rule,1.0,match,name,1.0,Assessing the Impact of Serving the Long-term Mentally Disabled Homeless
118293,The Journal of Sociology & Social Welfare,1992,oai:scholarworks.wmich.edu:jssw-2046,10.15453/0191-5096.2046,A,oai_rule,1.0,match,name,1.0,Entrepreneurial Activities of Homeless Men
118294,The Journal of Sociology & Social Welfare,1992,oai:scholarworks.wmich.edu:jssw-2047,10.15453/0191-5096.2047,A,oai_rule,1.0,match,name,1.0,Homelessness and the Low Income Housing Crisis
118295,The Journal of Sociology & Social Welfare,1992,oai:scholarworks.wmich.edu:jssw-2050,10.15453/0191-5096.2050,A,oai_rule,1.0,match,name,1.0,"Homeless Persons' Interest in Basic and Health Services: The Role of Absolute, Relative, and Repressed Needs"
118296,The Journal of Sociology & Social Welfare,1992,oai:scholarworks.wmich.edu:jssw-2051,10.15453/0191-5096.2051,A,oai_rule,1.0,match,name,1.0,To Survive And To Thrive: Integrating Services For The Homeless Mentally Ill
118297,The Journal of Sociology & Social Welfare,1992,oai:scholarworks.wmich.edu:jssw-2052,10.15453/0191-5096.2052,A,oai_rule,1.0,match,name,1.0,Book Review: THE VISIBLE POOR: HOMELESSNESS IN THE UNITED STATES by Joel Blau
118298,The Journal of Sociology & Social Welfare,1993,oai:scholarworks.wmich.edu:jssw-2053,10.15453/0191-5096.2053,A,oai_rule,1.0,match,name,1.0,Theory and the Generation and Subversion of Knowledge
118299,The Journal of Sociology & Social Welfare,1993,oai:scholarworks.wmich.edu:jssw-2054,10.15453/0191-5096.2054,A,oai_rule,1.0,match,name,1.0,Beyond An Underclass: An Essay on Up-Front Politics
118300,The Journal of Sociology & Social Welfare,1993,oai:scholarworks.wmich.edu:jssw-2055,10.15453/0191-5096.2055,A,oai_rule,1.0,match,name,1.0,"Race, Gender, Occupational Status, And Income In County Human Service Employment"
118301,The Journal of Sociology & Social Welfare,1993,oai:scholarworks.wmich.edu:jssw-2059,10.15453/0191-5096.2059,A,oai_rule,1.0,match,name,1.0,"Focus Groups, Program Evaluation, and the Poor"
118302,The Journal of Sociology & Social Welfare,1993,oai:scholarworks.wmich.edu:jssw-2057,10.15453/0191-5096.2057,A,oai_rule,1.0,match,name,1.0,From Welfare to Work: Does it Make Sense?
118303,The Journal of Sociology & Social Welfare,1993,oai:scholarworks.wmich.edu:jssw-2058,10.15453/0191-5096.2058,A,oai_rule,1.0,match,name,1.0,Child Support Services And Non-Welfare Families
118304,The Journal of Sociology & Social Welfare,1993,oai:scholarworks.wmich.edu:jssw-2060,10.15453/0191-5096.2060,A,oai_rule,1.0,match,name,1.0,International Migrants or Welfare Clients: The Selection of a Master Status for Indochinese Refugees by American Voluntary Agencies
118305,The Journal of Sociology & Social Welfare,1993,oai:scholarworks.wmich.edu:jssw-2061,10.15453/0191-5096.2061,A,oai_rule,1.0,match,name,1.0,Empirical Studies on Foster Care: Review and Assessment
118306,The Journal of Sociology & Social Welfare,1993,oai:scholarworks.wmich.edu:jssw-2063,10.15453/0191-5096.2063,A,oai_rule,1.0,match,name,1.0,Structuring Support for Volunteer Commitment: an Aids Services Program Study
118307,The Journal of Sociology & Social Welfare,1993,oai:scholarworks.wmich.edu:jssw-2062,10.15453/0191-5096.2062,A,oai_rule,1.0,match,name,1.0,Social Support Networks of Gay Men
118308,The Journal of Sociology & Social Welfare,1993,oai:scholarworks.wmich.edu:jssw-2064,10.15453/0191-5096.2064,A,oai_rule,1.0,match,name,1.0,The Welfare Reservation: A Worst Case Scenario For A Federal Role In Homeless Assistance
118309,The Journal of Sociology & Social Welfare,1993,oai:scholarworks.wmich.edu:jssw-2065,10.15453/0191-5096.2065,A,oai_rule,1.0,match,name,1.0,Book Reviews
118310,The Journal of Sociology & Social Welfare,1993,oai:scholarworks.wmich.edu:jssw-2066,10.15453/0191-5096.2066,A,oai_rule,1.0,match,name,0.0,Book Notes
118311,The Journal of Sociology & Social Welfare,1993,oai:scholarworks.wmich.edu:jssw-2068,10.15453/0191-5096.2068,A,oai_rule,1.0,match,name,1.0,Social Work Practice and Technological Disasters: The Navajo Uranium Experience
118312,The Journal of Sociology & Social Welfare,1993,oai:scholarworks.wmich.edu:jssw-2069,10.15453/0191-5096.2069,A,oai_rule,1.0,match,name,1.0,VICTIMS OF TERRORISM: Is it a 'Non-issue'?
118313,The Journal of Sociology & Social Welfare,1993,oai:scholarworks.wmich.edu:jssw-2070,10.15453/0191-5096.2070,A,oai_rule,1.0,match,name,1.0,The Impact of Work History on Economic Security at Old Age Among Africans in South Africa
118314,The Journal of Sociology & Social Welfare,1993,oai:scholarworks.wmich.edu:jssw-2071,10.15453/0191-5096.2071,A,oai_rule,1.0,match,name,1.0,Reformulation of the Context of Community Based Care
118315,The Journal of Sociology & Social Welfare,1993,oai:scholarworks.wmich.edu:jssw-2072,10.15453/0191-5096.2072,A,oai_rule,1.0,match,name,1.0,Child Care Needs of Welfare Recipients In Maryland's Welfare Reform Program
118316,The Journal of Sociology & Social Welfare,1993,oai:scholarworks.wmich.edu:jssw-2075,10.15453/0191-5096.2075,A,oai_rule,1.0,match,name,1.0,The Commitment of Social Workers to Affirmative Action
118317,The Journal of Sociology & Social Welfare,1993,oai:scholarworks.wmich.edu:jssw-2074,10.15453/0191-5096.2074,A,oai_rule,1.0,match,name,1.0,Characteristics of Social Welfare Stasis and Change: A Comparison of the Characteristics of Two Child Welfare Agencies in the 1920s
118318,The Journal of Sociology & Social Welfare,1993,oai:scholarworks.wmich.edu:jssw-2073,10.15453/0191-5096.2073,A,oai_rule,1.0,match,name,1.0,Purchase of Service Contracting In the 1990s: Have Expectations Been Met?
118321,The Journal of Sociology & Social Welfare,1993,oai:scholarworks.wmich.edu:jssw-2080,10.15453/0191-5096.2080,A,oai_rule,1.0,match,name,1.0,Doubling Up: Low Income Households Sheltering the Hidden Homeless
118322,The Journal of Sociology & Social Welfare,1993,oai:scholarworks.wmich.edu:jssw-2079,10.15453/0191-5096.2079,A,oai_rule,1.0,match,name,1.0,Family Preservation: A Professional Reform Movement
118323,The Journal of Sociology & Social Welfare,1993,oai:scholarworks.wmich.edu:jssw-2081,10.15453/0191-5096.2081,A,oai_rule,1.0,match,name,1.0,Homelessness: The Service Providers' Perspective On Blaming the Victim
118324,The Journal of Sociology & Social Welfare,1993,oai:scholarworks.wmich.edu:jssw-2084,10.15453/0191-5096.2084,A,oai_rule,1.0,match,name,1.0,Public Policy and the Energy Needs of Low Income Families
118325,The Journal of Sociology & Social Welfare,1993,oai:scholarworks.wmich.edu:jssw-2083,10.15453/0191-5096.2083,A,oai_rule,1.0,match,name,1.0,Upper Middle Class Support for the Idea of Family Allowances
118326,The Journal of Sociology & Social Welfare,1993,oai:scholarworks.wmich.edu:jssw-2082,10.15453/0191-5096.2082,A,oai_rule,1.0,match,name,0.5,Women Offenders Incarcerated at the Ohio Penitentiary for Men and the Ohio Reformatory for Women from 1913-1923
118327,The Journal of Sociology & Social Welfare,1993,oai:scholarworks.wmich.edu:jssw-2085,10.15453/0191-5096.2085,A,oai_rule,1.0,match,name,1.0,"Families of People With a Severe Mental Illness: Role Conflict, Ambiguity and Family Burden"
118328,The Journal of Sociology & Social Welfare,1993,oai:scholarworks.wmich.edu:jssw-2086,10.15453/0191-5096.2086,A,oai_rule,1.0,match,name,1.0,Home Care Allowances for the Frail Elderly: For and Against
118329,The Journal of Sociology & Social Welfare,1993,oai:scholarworks.wmich.edu:jssw-2087,10.15453/0191-5096.2087,A,oai_rule,1.0,match,name,1.0,The Fifty Percent Divorce Rate: Deconstructing a Myth
118332,The Journal of Sociology & Social Welfare,1993,oai:scholarworks.wmich.edu:jssw-2093,10.15453/0191-5096.2093,A,oai_rule,1.0,match,name,1.0,The Observer as an Instrument in Qualitative Community Studies
118333,The Journal of Sociology & Social Welfare,1993,oai:scholarworks.wmich.edu:jssw-2097,10.15453/0191-5096.2097,A,oai_rule,1.0,match,name,1.0,The Dual Face of Empowerment: A Model for Cooperative Resource Building
118334,The Journal of Sociology & Social Welfare,1993,oai:scholarworks.wmich.edu:jssw-2095,10.15453/0191-5096.2095,A,oai_rule,1.0,match,name,1.0,Juvenile Delinquency and the Transition to Monopoly Capitalism
118335,The Journal of Sociology & Social Welfare,1993,oai:scholarworks.wmich.edu:jssw-2099,10.15453/0191-5096.2099,A,oai_rule,1.0,match,name,1.0,Access to Prenatal Care and County Size: Implications for Service Delivery
118336,The Journal of Sociology & Social Welfare,1993,oai:scholarworks.wmich.edu:jssw-2092,10.15453/0191-5096.2092,A,oai_rule,1.0,match,name,1.0,African-American Males in Prison: Are they Doing Time or is the Time Doing Them?
118337,The Journal of Sociology & Social Welfare,1993,oai:scholarworks.wmich.edu:jssw-2096,10.15453/0191-5096.2096,A,oai_rule,1.0,match,name,1.0,The Political Activity of Social Workers: A Post-Reagan Update
118338,The Journal of Sociology & Social Welfare,1993,oai:scholarworks.wmich.edu:jssw-2094,10.15453/0191-5096.2094,A,oai_rule,1.0,match,name,1.0,The Employed Homeless: A Crisis in Public Policy
118339,The Journal of Sociology & Social Welfare,1993,oai:scholarworks.wmich.edu:jssw-2098,10.15453/0191-5096.2098,A,oai_rule,1.0,match,name,1.0,Neighborhood-Based Initiative to Address Poverty: Lessons From Experience
118341,The Journal of Sociology & Social Welfare,1993,oai:scholarworks.wmich.edu:jssw-2100,10.15453/0191-5096.2100,A,oai_rule,1.0,match,name,1.0,Resources for Friendship Intervention
118343,The Journal of Sociology & Social Welfare,1994,oai:scholarworks.wmich.edu:jssw-2105,10.15453/0191-5096.2105,A,oai_rule,1.0,match,name,1.0,"""Gentle Student Bend Thine Ear To My Speech"" An Essay About Sojourner Truth, Abolitionist and Feminist"
118344,The Journal of Sociology & Social Welfare,1994,oai:scholarworks.wmich.edu:jssw-2104,10.15453/0191-5096.2104,A,oai_rule,1.0,match,name,1.0,Introduction - The Legacy of African-American Leadership in Social Welfare
118345,The Journal of Sociology & Social Welfare,1994,oai:scholarworks.wmich.edu:jssw-2107,10.15453/0191-5096.2107,A,oai_rule,1.0,match,name,1.0,Training African-American Social Workers Through the NUL Fellowship Program
118346,The Journal of Sociology & Social Welfare,1994,oai:scholarworks.wmich.edu:jssw-2106,10.15453/0191-5096.2106,A,oai_rule,1.0,match,name,1.0,"William Still, A Pioneer African American Social Worker"
118347,The Journal of Sociology & Social Welfare,1994,oai:scholarworks.wmich.edu:jssw-2108,10.15453/0191-5096.2108,A,oai_rule,1.0,match,name,1.0,North Carolina Public Welfare Institutes for Negroes 1926-1946
118348,The Journal of Sociology & Social Welfare,1994,oai:scholarworks.wmich.edu:jssw-2109,10.15453/0191-5096.2109,A,oai_rule,1.0,match,name,1.0,The History of Social Work Education for Black People 1900-1930
118349,The Journal of Sociology & Social Welfare,1994,oai:scholarworks.wmich.edu:jssw-2110,10.15453/0191-5096.2110,A,oai_rule,1.0,match,name,1.0,"Social Work Services and Social Work Training for African Americans in Philadelphia, Pennsylvania 1900-1930"
118350,The Journal of Sociology & Social Welfare,1994,oai:scholarworks.wmich.edu:jssw-2112,10.15453/0191-5096.2112,A,oai_rule,1.0,match,name,1.0,A Black Community Development Model: The Universal Negro Improvement Association and African Communities League 1917-1940
118351,The Journal of Sociology & Social Welfare,1994,oai:scholarworks.wmich.edu:jssw-2111,10.15453/0191-5096.2111,A,oai_rule,1.0,match,name,1.0,"""Almost a Partnership"": African-Americans, Segregation, and the Young Men's Christian Association"
118352,The Journal of Sociology & Social Welfare,1994,oai:scholarworks.wmich.edu:jssw-2114,10.15453/0191-5096.2114,A,oai_rule,1.0,match,name,1.0,Effectively Teaching African American Social Welfare Historical Developments
118353,The Journal of Sociology & Social Welfare,1994,oai:scholarworks.wmich.edu:jssw-2113,10.15453/0191-5096.2113,A,oai_rule,1.0,match,name,1.0,Social Workers and the Development of the NAACP
118354,The Journal of Sociology & Social Welfare,1994,oai:scholarworks.wmich.edu:jssw-2115,10.15453/0191-5096.2115,A,oai_rule,1.0,match,name,1.0,"Review of <em>Reconstructing the American Welfare State.</em> David Stoesz and Howard J. Karger. Reviewed by Leon Ginsberg, University of South Carolina."
118355,The Journal of Sociology & Social Welfare,1994,oai:scholarworks.wmich.edu:jssw-2116,10.15453/0191-5096.2116,A,oai_rule,1.0,match,name,1.0,"Review of <em>Reinventing Government: How the Entrepreneurial Spirit is Transforming the Public Sector.</em> David Osborne and Ted Gaebler. Reviewed by Mark Lusk, Boise State University."
118356,The Journal of Sociology & Social Welfare,1994,oai:scholarworks.wmich.edu:jssw-2117,10.15453/0191-5096.2117,A,oai_rule,1.0,match,name,1.0,"Review of <em>Rethinking Citizenship: Welfare, Ideology and Change in Modern Society.</em> Maurice Roche. Reviewed by James Midgley, Louisiana State University."
118357,The Journal of Sociology & Social Welfare,1994,oai:scholarworks.wmich.edu:jssw-2118,10.15453/0191-5096.2118,A,oai_rule,1.0,match,name,1.0,"Review of <em>Citizenship and Employment: Investigating Post-Industrial Options.</em> Jocelyn Pixley. Reviewed by James Midgley, Louisiana State University."
118358,The Journal of Sociology & Social Welfare,1994,oai:scholarworks.wmich.edu:jssw-2120,10.15453/0191-5096.2120,A,oai_rule,1.0,match,name,1.0,"Review of <em>Protecting Soldiers and Mothers: The Political Origins of Social Policy in the United States.</em> Theda Skocpol. Reviewed by James Midgley, Louisiana State University."
118359,The Journal of Sociology & Social Welfare,1994,oai:scholarworks.wmich.edu:jssw-2119,10.15453/0191-5096.2119,A,oai_rule,1.0,match,name,1.0,"Review of <em>Human Rights and Social Policy in the Twenty First Century.</em> Joseph M. Wronka. Reviewed by Roland Meinert, Southwest Missouri State University."
118360,The Journal of Sociology & Social Welfare,1994,oai:scholarworks.wmich.edu:jssw-2121,10.15453/0191-5096.2121,A,oai_rule,1.0,match,name,1.0,"Review of <em>Declining Fortunes: The Withering of the American Dream.</em> Katherine S. Newman. Reviewed by David Stoesz, San Diego State University."
118361,The Journal of Sociology & Social Welfare,1994,oai:scholarworks.wmich.edu:jssw-2124,10.15453/0191-5096.2124,A,oai_rule,1.0,match,name,0.0,"<em>Social Work Macro Practice.</em> F. Ellen Netting, Peter M. Kettner and Steven L. McMurtry."
118362,The Journal of Sociology & Social Welfare,1994,oai:scholarworks.wmich.edu:jssw-2123,10.15453/0191-5096.2123,A,oai_rule,1.0,match,name,0.0,<em>The Welfare State Crisis and the Transformation of Social Service Work.</em> Michael B. Fabricant and Steve Burghardt.
118363,The Journal of Sociology & Social Welfare,1994,oai:scholarworks.wmich.edu:jssw-2125,10.15453/0191-5096.2125,A,oai_rule,1.0,match,name,0.0,"<em>Rethinking Social Policy: Race, Poverty and the Underclass.</em> Christopher Jencks."
118364,The Journal of Sociology & Social Welfare,1994,oai:scholarworks.wmich.edu:jssw-2126,10.15453/0191-5096.2126,A,oai_rule,1.0,match,name,0.0,<em>Support for the American Welfare State.</em> Fay Lomoax Cook and Edith J. Barrett.
118365,The Journal of Sociology & Social Welfare,1994,oai:scholarworks.wmich.edu:jssw-2127,10.15453/0191-5096.2127,A,oai_rule,1.0,match,name,0.0,"<em>Structural Social Work: Ideology, Theory and Practice.</em> Robert Mullaly."
118366,The Journal of Sociology & Social Welfare,1994,oai:scholarworks.wmich.edu:jssw-2129,10.15453/0191-5096.2129,A,oai_rule,1.0,match,name,0.0,"<em>Human Services in Contemporary America.</em> Paul Scmolling Jr., Merrill Youkeles and William R. Burger."
118367,The Journal of Sociology & Social Welfare,1994,oai:scholarworks.wmich.edu:jssw-2128,10.15453/0191-5096.2128,A,oai_rule,1.0,match,name,0.0,"<em>Welfare System Reform: Coordinating Federal, State and Local Public Assistance Programs.</em> Edward J. Jennings Jr. and Neal S. Zank (Eds)."
118368,The Journal of Sociology & Social Welfare,1994,oai:scholarworks.wmich.edu:jssw-2132,10.15453/0191-5096.2132,A,oai_rule,1.0,match,name,1.0,A View From the Inside Out: Recipients' Perceptions of Welfare
118369,The Journal of Sociology & Social Welfare,1994,oai:scholarworks.wmich.edu:jssw-2134,10.15453/0191-5096.2134,A,oai_rule,1.0,match,name,1.0,"Social Work, Social Science and the Disease Concept: New Directions for Addiction Treatment"
118370,The Journal of Sociology & Social Welfare,1994,oai:scholarworks.wmich.edu:jssw-2131,10.15453/0191-5096.2131,A,oai_rule,1.0,match,name,1.0,Changes in Labor Force Activities and Income of the Elderly Before and After Retirement: A Longitudinal Analysis
118371,The Journal of Sociology & Social Welfare,1994,oai:scholarworks.wmich.edu:jssw-2133,10.15453/0191-5096.2133,A,oai_rule,1.0,match,name,1.0,An Examination of the Ecosystems Perspective in Consideration of New Theories in Biology and Thermodynamics
118372,The Journal of Sociology & Social Welfare,1994,oai:scholarworks.wmich.edu:jssw-2136,10.15453/0191-5096.2136,A,oai_rule,1.0,match,name,1.0,A Marxian Review of Gerontological Literature
118373,The Journal of Sociology & Social Welfare,1994,oai:scholarworks.wmich.edu:jssw-2135,10.15453/0191-5096.2135,A,oai_rule,1.0,match,name,1.0,Client-Driven Advocacy and Psychiatric Disability: A Model for Social Work Practice
118374,The Journal of Sociology & Social Welfare,1994,oai:scholarworks.wmich.edu:jssw-2138,10.15453/0191-5096.2138,A,oai_rule,1.0,match,name,1.0,Foundation Grantmaking in the 1980s: How Three Human Service Fields Fared
118375,The Journal of Sociology & Social Welfare,1994,oai:scholarworks.wmich.edu:jssw-2137,10.15453/0191-5096.2137,A,oai_rule,1.0,match,name,1.0,With a Little Help from Our Friends: Social Support as a Source of Well-being and of Coping with Stress
118376,The Journal of Sociology & Social Welfare,1994,oai:scholarworks.wmich.edu:jssw-2139,10.15453/0191-5096.2139,A,oai_rule,1.0,match,name,1.0,"Review of <em>Out of Bedlam: The Truth about Deinstitutionalization.</em> Ann Braden Johnson. Reviewed by Kia J. Bentley, Virginia Commonwealth University"
118377,The Journal of Sociology & Social Welfare,1994,oai:scholarworks.wmich.edu:jssw-2140,10.15453/0191-5096.2140,A,oai_rule,1.0,match,name,1.0,Review of <em>Nonresidential Parenting.</em> Charlene E. Depner and James H. Bray (Eds.)
118378,The Journal of Sociology & Social Welfare,1994,oai:scholarworks.wmich.edu:jssw-2141,10.15453/0191-5096.2141,A,oai_rule,1.0,match,name,1.0,"Review of <em>Dividing the Child: Social and Legal Dilemmas of Custody. Eleanor E. Macoby and Robert H. Mnookin with Charlene E. Depner and H. Elizabeth Peters. Reviewed by Terri Combs-Orme, Universit"
118379,The Journal of Sociology & Social Welfare,1994,oai:scholarworks.wmich.edu:jssw-2143,10.15453/0191-5096.2143,A,oai_rule,1.0,match,name,1.0,"Review of <em>Adolescents and Aids.</em> Ralph J. DiClemente. Reviewed by Ronald Mancoske, Southern University."
118380,The Journal of Sociology & Social Welfare,1994,oai:scholarworks.wmich.edu:jssw-2142,10.15453/0191-5096.2142,A,oai_rule,1.0,match,name,1.0,"Review of <em>Vision and Aging: Crossroads for Service Delivery.</em> Albert L. Orr. Reviewed by James A. Leja, Western Michigan University."
118381,The Journal of Sociology & Social Welfare,1994,oai:scholarworks.wmich.edu:jssw-2144,10.15453/0191-5096.2144,A,oai_rule,1.0,match,name,1.0,"Review of <em>The Coming Health Crisis: Who Will Pay for Care for the Aged in the 21st Century.</em> John R. Wolfe. Reviewed by James Midgley, Louisiana State University"
118382,The Journal of Sociology & Social Welfare,1994,oai:scholarworks.wmich.edu:jssw-2145,10.15453/0191-5096.2145,A,oai_rule,1.0,match,name,1.0,Review of <em>Social Security and Medicare: A Policy Primer.</em> Eric R. Kingson and Edward D. Berkowitz.
118383,The Journal of Sociology & Social Welfare,1994,oai:scholarworks.wmich.edu:jssw-2146,10.15453/0191-5096.2146,A,oai_rule,1.0,match,name,1.0,Review of <em>Old Age Security in Comparative Perspective.</em> John B. Williamson and Fred C. Pampel.
118384,The Journal of Sociology & Social Welfare,1994,oai:scholarworks.wmich.edu:jssw-2147,10.15453/0191-5096.2147,A,oai_rule,1.0,match,name,1.0,"Review of <em>Families and Schools in a Pluralistic Society.</em> Nancy Feyl Chavkin. Reviewed by Steven R. Rose, Louisiana State University."
118385,The Journal of Sociology & Social Welfare,1994,oai:scholarworks.wmich.edu:jssw-2148,10.15453/0191-5096.2148,A,oai_rule,1.0,match,name,1.0,"Review of <em>Elders Living Alone: Frailty and the Perception of Choice.</em> Robert L. Rubinstein, Janet E. Killbride and Sharon Nagy. Reviewed by Martin B. Tracy, The University of Iowa."
118386,The Journal of Sociology & Social Welfare,1994,oai:scholarworks.wmich.edu:jssw-2150,10.15453/0191-5096.2150,A,oai_rule,1.0,match,name,0.0,"<em>Disabling Barriers: Enabling Environments.</em> John Swain, Vic Finkelstein, Sally French and Mike Oliver."
118387,The Journal of Sociology & Social Welfare,1994,oai:scholarworks.wmich.edu:jssw-2151,10.15453/0191-5096.2151,A,oai_rule,1.0,match,name,0.0,<em>International and Transracial Adoptions.</em> Christopher Bagley with Loretta Young and Anne Scully.
118388,The Journal of Sociology & Social Welfare,1994,oai:scholarworks.wmich.edu:jssw-2149,10.15453/0191-5096.2149,A,oai_rule,1.0,match,name,0.0,<em>Mothers of Incest Survivors: Another Side of the Story.</em> Janis Tyler Johnson.
118389,The Journal of Sociology & Social Welfare,1994,oai:scholarworks.wmich.edu:jssw-2152,10.15453/0191-5096.2152,A,oai_rule,1.0,match,name,0.0,<em>A Nation in Denial: The Truth About Homelessness.</em> Alice S. Baum and Donald W. Burnes.
118390,The Journal of Sociology & Social Welfare,1994,oai:scholarworks.wmich.edu:jssw-2153,10.15453/0191-5096.2153,A,oai_rule,1.0,match,name,0.0,<em>Child Abuse: Towards a Knowledge Base.</em> Brian Corby.
118391,The Journal of Sociology & Social Welfare,1994,oai:scholarworks.wmich.edu:jssw-2154,10.15453/0191-5096.2154,A,oai_rule,1.0,match,name,0.0,"<em>Leaving Home Before Marriage: Ethnicity, Familism and Generational Relationships.</em> Francis K. Goldscheider and Calvin Goldscheider."
118392,The Journal of Sociology & Social Welfare,1994,oai:scholarworks.wmich.edu:jssw-2155,10.15453/0191-5096.2155,A,oai_rule,1.0,match,name,0.0,<em>The Politics of Readjustment: Vietnam Veterans Since the War.</em> Wilbur J. Scott.
118393,The Journal of Sociology & Social Welfare,1994,oai:scholarworks.wmich.edu:jssw-2156,10.15453/0191-5096.2156,A,oai_rule,1.0,match,name,0.0,<em>Partners in Care: Hospices and Health Authorities.</em> David Clark.
118394,The Journal of Sociology & Social Welfare,1994,oai:scholarworks.wmich.edu:jssw-2161,10.15453/0191-5096.2161,A,oai_rule,1.0,match,name,1.0,Public Child Welfare Professionals - Those Who Stay
118395,The Journal of Sociology & Social Welfare,1994,oai:scholarworks.wmich.edu:jssw-2160,10.15453/0191-5096.2160,A,oai_rule,1.0,match,name,1.0,The Elusive Boundaries of Social Work
118396,The Journal of Sociology & Social Welfare,1994,oai:scholarworks.wmich.edu:jssw-2158,10.15453/0191-5096.2158,A,oai_rule,1.0,match,name,1.0,"... and We Keep on Building Prisons: Racism, Poverty, and Challenges to the Welfare State"
118397,The Journal of Sociology & Social Welfare,1994,oai:scholarworks.wmich.edu:jssw-2159,10.15453/0191-5096.2159,A,oai_rule,1.0,match,name,1.0,Racial Differences in Timing and Factors Associated with Retirement
118398,The Journal of Sociology & Social Welfare,1994,oai:scholarworks.wmich.edu:jssw-2162,10.15453/0191-5096.2162,A,oai_rule,1.0,match,name,1.0,"Economic Strain, Family Structure and Problems With Children Among Displaced Workers"
118399,The Journal of Sociology & Social Welfare,1994,oai:scholarworks.wmich.edu:jssw-2164,10.15453/0191-5096.2164,A,oai_rule,1.0,match,name,1.0,Designing Community Social Services
118400,The Journal of Sociology & Social Welfare,1994,oai:scholarworks.wmich.edu:jssw-2166,10.15453/0191-5096.2166,A,oai_rule,1.0,match,name,1.0,From Entitlement to Contract: Reshaping the Welfare State in Australia
118401,The Journal of Sociology & Social Welfare,1994,oai:scholarworks.wmich.edu:jssw-2163,10.15453/0191-5096.2163,A,oai_rule,1.0,match,name,1.0,Survey of Social Work Educators: Qualifications and Compliance Criteria
118402,The Journal of Sociology & Social Welfare,1994,oai:scholarworks.wmich.edu:jssw-2165,10.15453/0191-5096.2165,A,oai_rule,1.0,match,name,1.0,"Commodification, the Welfare State and Israeli Kibbutz"
118403,The Journal of Sociology & Social Welfare,1994,oai:scholarworks.wmich.edu:jssw-2167,10.15453/0191-5096.2167,A,oai_rule,1.0,match,name,1.0,The Effect of Corporatism on Contemporary Public Attitudes to Welfare
118404,The Journal of Sociology & Social Welfare,1994,oai:scholarworks.wmich.edu:jssw-2168,10.15453/0191-5096.2168,A,oai_rule,1.0,match,name,1.0,Beyond Coping: An Empowerment Perspective on Stressful Life Events
118405,The Journal of Sociology & Social Welfare,1994,oai:scholarworks.wmich.edu:jssw-2169,10.15453/0191-5096.2169,A,oai_rule,1.0,match,name,1.0,"Review of <em>The Economics of the Welfare State.</em> Nicholas Barr and The Welfare State. Assar Lundbeck. Reviewed by Henry J. D'Souza, University of Nebraska at Omaha."
118406,The Journal of Sociology & Social Welfare,1994,oai:scholarworks.wmich.edu:jssw-2170,10.15453/0191-5096.2170,A,oai_rule,1.0,match,name,1.0,"Review of <em>The Welfare State.</em> Assar Lindbeck. Reviewed by Henry J. D'Souza, University of Nebraska at Omaha"
118407,The Journal of Sociology & Social Welfare,1994,oai:scholarworks.wmich.edu:jssw-2171,10.15453/0191-5096.2171,A,oai_rule,1.0,match,name,1.0,"Review of <em>Diverging Pathways: Social Structure and Career Deflections.</em> Alan C. Kerkckhoff. Reviewed by Karl L. Alexander, Johns Hopkins University."
118408,The Journal of Sociology & Social Welfare,1994,oai:scholarworks.wmich.edu:jssw-2172,10.15453/0191-5096.2172,A,oai_rule,1.0,match,name,1.0,"Review of <em>The Pursuit of Equality in American History.</em> J.R. Pole. Reviewed by Joel Blau, State University of New York at Stony Brook."
118409,The Journal of Sociology & Social Welfare,1994,oai:scholarworks.wmich.edu:jssw-2173,10.15453/0191-5096.2173,A,oai_rule,1.0,match,name,1.0,Review of <em>The Principles of Islamic Political Economy.</em> Masudul Alam Choudhury and <em>Comparative Development Studies: In Search of the World View.</em> Masudul Alam Choudhury. Reviewed by Ja
118410,The Journal of Sociology & Social Welfare,1994,oai:scholarworks.wmich.edu:jssw-2174,10.15453/0191-5096.2174,A,oai_rule,1.0,match,name,1.0,"Review of <em>Marx versus Markets.</em> Stanley Moore. Reviewed by Cecil L. Eubanks, Louisiana State University."
118411,The Journal of Sociology & Social Welfare,1994,oai:scholarworks.wmich.edu:jssw-2175,10.15453/0191-5096.2175,A,oai_rule,1.0,match,name,1.0,"Review of <em>Social Corporatism: A Superior Economic System.</em> Hukka Pekkarinen, Matti Pohjola, and Bob Rowthorn. Reviewed by James Midgeley, Louisiana State University."
118412,The Journal of Sociology & Social Welfare,1994,oai:scholarworks.wmich.edu:jssw-2176,10.15453/0191-5096.2176,A,oai_rule,1.0,match,name,1.0,"Review of <em>Inequalities in Labor Market Areas.</em> Joachim Singlemann and Forrest A. Deseran (Eds.). Reviewed by Wayne J. Villemez, University of Connecticut."
118413,The Journal of Sociology & Social Welfare,1994,oai:scholarworks.wmich.edu:jssw-2177,10.15453/0191-5096.2177,A,oai_rule,1.0,match,name,0.0,<em>State Against Development: The Experience of Post-1965 Zaire.</em> Mondonga M. Mokoli.
118414,The Journal of Sociology & Social Welfare,1994,oai:scholarworks.wmich.edu:jssw-2179,10.15453/0191-5096.2179,A,oai_rule,1.0,match,name,0.0,<em>The Greatest of Evils: Urban Poverty and the American Underclass.</em> Joel A. Devine and James D. Wright.
118415,The Journal of Sociology & Social Welfare,1994,oai:scholarworks.wmich.edu:jssw-2180,10.15453/0191-5096.2180,A,oai_rule,1.0,match,name,0.0,"<em>Critical Theories of the State: Marxist, Neo-Marxist, Post-Marxist.</em> Clyde W. Barrow."
118416,The Journal of Sociology & Social Welfare,1994,oai:scholarworks.wmich.edu:jssw-2178,10.15453/0191-5096.2178,A,oai_rule,1.0,match,name,0.0,"<em>Creating Social Democracy: A Century of the Social Democratic Labor Party in Sweden.</em> Klaus Misgeld, Karl Molin, and Klas Amark."
118417,The Journal of Sociology & Social Welfare,1994,oai:scholarworks.wmich.edu:jssw-2183,10.15453/0191-5096.2183,A,oai_rule,1.0,match,name,0.0,<em>Contemporary Political Idealogies.</em> Roger Eatwell and Anthony Wright.
118418,The Journal of Sociology & Social Welfare,1994,oai:scholarworks.wmich.edu:jssw-2184,10.15453/0191-5096.2184,A,oai_rule,1.0,match,name,0.0,<em>Rethinking the Progressive Agenda: The Reform of the American Regulatory State.</em> Susan Rose-Ackerman.
118419,The Journal of Sociology & Social Welfare,1994,oai:scholarworks.wmich.edu:jssw-2182,10.15453/0191-5096.2182,A,oai_rule,1.0,match,name,0.0,<em>Markets and Managers: New Issues in the Livery of Welfare.</em> Peter Taylor-Gooby and Robyn Lawson.
118420,The Journal of Sociology & Social Welfare,1994,oai:scholarworks.wmich.edu:jssw-2181,10.15453/0191-5096.2181,A,oai_rule,1.0,match,name,0.0,<em>Human Development Report 1993.</em> United Nations Development Program.
118421,The Journal of Sociology & Social Welfare,1994,oai:scholarworks.wmich.edu:jssw-2187,10.15453/0191-5096.2187,A,oai_rule,1.0,match,name,1.0,"It's the Budget, Stupid: A Policy Analysis of Clinton's First Budget"
118422,The Journal of Sociology & Social Welfare,1994,oai:scholarworks.wmich.edu:jssw-2189,10.15453/0191-5096.2189,A,oai_rule,1.0,match,name,1.0,"New Opportunities, New Responsibilities: Welfare Reform in Wyoming"
118423,The Journal of Sociology & Social Welfare,1994,oai:scholarworks.wmich.edu:jssw-2188,10.15453/0191-5096.2188,A,oai_rule,1.0,match,name,1.0,State Welfare Reforms: Typology and Analysis
118424,The Journal of Sociology & Social Welfare,1994,oai:scholarworks.wmich.edu:jssw-2192,10.15453/0191-5096.2192,A,oai_rule,1.0,match,name,1.0,Rooms for the Misbegotten: Social Design and Social Deviance
118425,The Journal of Sociology & Social Welfare,1994,oai:scholarworks.wmich.edu:jssw-2193,10.15453/0191-5096.2193,A,oai_rule,1.0,match,name,1.0,Symbolic Violence and Social Control in the Post-Total Institution Era
118426,The Journal of Sociology & Social Welfare,1994,oai:scholarworks.wmich.edu:jssw-2190,10.15453/0191-5096.2190,A,oai_rule,1.0,match,name,1.0,How to Help the Working Poor Develop Assets
118427,The Journal of Sociology & Social Welfare,1994,oai:scholarworks.wmich.edu:jssw-2191,10.15453/0191-5096.2191,A,oai_rule,1.0,match,name,1.0,Assets and Financial Management Among Poor Households in Extreme Poverty Neighborhoods
118428,The Journal of Sociology & Social Welfare,1994,oai:scholarworks.wmich.edu:jssw-2194,10.15453/0191-5096.2194,A,oai_rule,1.0,match,name,1.0,Defining Success: The Politics of Evaluation in Alcohol and Drug Abuse Treatment Programs
118429,The Journal of Sociology & Social Welfare,1994,oai:scholarworks.wmich.edu:jssw-2195,10.15453/0191-5096.2195,A,oai_rule,1.0,match,name,1.0,"Analyzing Administrative Experiences: Feminist, Labor, and Organizational Culture Perspectives"
118430,The Journal of Sociology & Social Welfare,1994,oai:scholarworks.wmich.edu:jssw-2196,10.15453/0191-5096.2196,A,oai_rule,1.0,match,name,1.0,"Review of <em>Community Disorders and Policing.</em> Tony Marshall. Reviewed by William G. Archambeault, Louisiana State University."
118431,The Journal of Sociology & Social Welfare,1994,oai:scholarworks.wmich.edu:jssw-2197,10.15453/0191-5096.2197,A,oai_rule,1.0,match,name,1.0,"Review of <em>Gangs: The Origins and Impact of Contemporary Youth Gangs in the United States.</em> Scott Cummings and Daniel J. Monti. Reviewed by James W. Callicut, The University of Texas at Arlingt"
118432,The Journal of Sociology & Social Welfare,1994,oai:scholarworks.wmich.edu:jssw-2198,10.15453/0191-5096.2198,A,oai_rule,1.0,match,name,1.0,"Review of <em>Juvenile Gangs.</em> Herbert C. Covey, Scott Menard and Robert J. Franzese. Springfield, IL: Charles C. Thomas, 1992."
118433,The Journal of Sociology & Social Welfare,1994,oai:scholarworks.wmich.edu:jssw-2199,10.15453/0191-5096.2199,A,oai_rule,1.0,match,name,1.0,"Review of <em>Policy and Society.</em> Roy R. Roberg and Jack Kuykendall. Reviewed by Margaret M. Severson, Louisiana State University."
118434,The Journal of Sociology & Social Welfare,1994,oai:scholarworks.wmich.edu:jssw-2201,10.15453/0191-5096.2201,A,oai_rule,1.0,match,name,1.0,"Review of <em>Forensic Social Work: Legal Aspects of Professional Practice.</em> Robert L. Baker and Douglas M. Branson. Reviewed by Margaret M. Severson, Louisiana State University."
118435,The Journal of Sociology & Social Welfare,1994,oai:scholarworks.wmich.edu:jssw-2202,10.15453/0191-5096.2202,A,oai_rule,1.0,match,name,1.0,"Review of <em>New Foundations for Scientific Social and Behavioral Research: The Heuristic Paradigm.</em> Katherine Tyson. Reviewed by Gary Mathews, Western Michigan University."
118436,The Journal of Sociology & Social Welfare,1994,oai:scholarworks.wmich.edu:jssw-2200,10.15453/0191-5096.2200,A,oai_rule,1.0,match,name,1.0,"Review of <em>Crime and Punishment in American History.</em> Lawrence M. Friedman. Reviewed by James Midgley, Louisiana State University"
118437,The Journal of Sociology & Social Welfare,1994,oai:scholarworks.wmich.edu:jssw-2203,10.15453/0191-5096.2203,A,oai_rule,1.0,match,name,0.0,<em>Discretion in Criminal Justice: The Tension between Individualization and Uniformity.</em> Lloyd E. Ohlin and Frank J. Remmington.
118438,The Journal of Sociology & Social Welfare,1994,oai:scholarworks.wmich.edu:jssw-2204,10.15453/0191-5096.2204,A,oai_rule,1.0,match,name,0.0,<em>Theories of Deviance.</em> Stuart H. Traub and Craig B. Little.
118439,The Journal of Sociology & Social Welfare,1994,oai:scholarworks.wmich.edu:jssw-2206,10.15453/0191-5096.2206,A,oai_rule,1.0,match,name,0.0,<em>Wheeling and Dealing: An Ethnography of an Upper-level Drug Dealing and Smuggling Community.</em> Patricia A. Adler.
118440,The Journal of Sociology & Social Welfare,1994,oai:scholarworks.wmich.edu:jssw-2205,10.15453/0191-5096.2205,A,oai_rule,1.0,match,name,0.0,"<em>Inequality, Crime and Control.</em> George S. Bridges and Martha Myers."
118441,The Journal of Sociology & Social Welfare,1994,oai:scholarworks.wmich.edu:jssw-2207,10.15453/0191-5096.2207,A,oai_rule,1.0,match,name,0.0,"<em>Women, Violence and Crime Prevention.</em> Jalna Hanmer and Sheila Saunders."
118442,The Journal of Sociology & Social Welfare,1994,oai:scholarworks.wmich.edu:jssw-2208,10.15453/0191-5096.2208,A,oai_rule,1.0,match,name,0.0,<em>The Rise and Fall of California's Radical Prison Movement.</em> Eric Cummins.
118443,The Journal of Sociology & Social Welfare,1994,oai:scholarworks.wmich.edu:jssw-2209,10.15453/0191-5096.2209,A,oai_rule,1.0,match,name,0.0,<em>Confronting Drug Policy: Illicit Drugs in a Free Society.</em> Ronald Bayer and Gerald M. Oppenheimer.
118444,The Journal of Sociology & Social Welfare,1994,oai:scholarworks.wmich.edu:jssw-2210,10.15453/0191-5096.2210,A,oai_rule,1.0,match,name,0.0,<em>Contructionist Controversies.</em> Gale Miller and James A. Holstein.
118448,The Journal of Sociology & Social Welfare,1995,oai:scholarworks.wmich.edu:jssw-2216,10.15453/0191-5096.2216,A,oai_rule,1.0,match,name,1.0,"Is the ""Underclass"" Really a Class?"
118454,The Journal of Sociology & Social Welfare,1995,oai:scholarworks.wmich.edu:jssw-2227,10.15453/0191-5096.2227,A,oai_rule,1.0,match,name,1.0,"Review of <em>Natural Allies: Women's Associations in American History.</em> Anne Firor Scott. Reviewed by Leslie Leighninger, Louisiana State University."
118455,The Journal of Sociology & Social Welfare,1995,oai:scholarworks.wmich.edu:jssw-2226,10.15453/0191-5096.2226,A,oai_rule,1.0,match,name,1.0,"Review of <em>The Man Question: Visions of Subjectivity in the Feminist Theory.</em> Kathy E. Ferguson. Reviewed by Janice Wood Wetzel, Adelphi University."
118456,The Journal of Sociology & Social Welfare,1995,oai:scholarworks.wmich.edu:jssw-2224,10.15453/0191-5096.2224,A,oai_rule,1.0,match,name,1.0,"<em>Feminism and the Politics of Difference.</em> Sneja Gunew and Anna Yeatman. Reviewed by Martin Bombyle, Fordham University."
118457,The Journal of Sociology & Social Welfare,1995,oai:scholarworks.wmich.edu:jssw-2223,10.15453/0191-5096.2223,A,oai_rule,1.0,match,name,1.0,"<em>Motherhood and Modernity.</em> Christine Everingham & <em>Mothering.</em> Evelyn N. Glenn, Grace Chang, and Linda Rennie Forcey (Eds.). Reviewed by Michelle Livermore, Louisiana State University"
118458,The Journal of Sociology & Social Welfare,1995,oai:scholarworks.wmich.edu:jssw-2222,10.15453/0191-5096.2222,A,oai_rule,1.0,match,name,1.0,"Review of <em>The Velvet Glove: Paternalism and Conflict in Gender, Class and Race Relations.</em> Mary R. Jackman. Reviewed by Doreen Elliot, University of Texas at Arlington."
118459,The Journal of Sociology & Social Welfare,1995,oai:scholarworks.wmich.edu:jssw-2225,10.15453/0191-5096.2225,A,oai_rule,1.0,match,name,1.0,"Review of <em>Tell Them Who I Am: The Lives of Homeless Women.</em> Elliot Liebow. Reviewed by Cheryl Hyde, Boston University."
118460,The Journal of Sociology & Social Welfare,1995,oai:scholarworks.wmich.edu:jssw-2228,10.15453/0191-5096.2228,A,oai_rule,1.0,match,name,0.0,<em>Loving to Survive: Sexual Terror and Women's Lives.</em> Dee L. Graham with Edna I. Rawlings and Roberta K. Rigsby.
118461,The Journal of Sociology & Social Welfare,1995,oai:scholarworks.wmich.edu:jssw-2230,10.15453/0191-5096.2230,A,oai_rule,1.0,match,name,0.0,"<em>The Women's Movement: History and Theory.</em> J.G.M. de Bruijn, L.D. Derksen and C.M.J. Hoberichts."
118462,The Journal of Sociology & Social Welfare,1995,oai:scholarworks.wmich.edu:jssw-2229,10.15453/0191-5096.2229,A,oai_rule,1.0,match,name,0.0,<em>Painful Inheritance: Health and the New Generation of Fatherless Families.</em> Ronald J. Angel and Jacqueline L. Angel.
118463,The Journal of Sociology & Social Welfare,1995,oai:scholarworks.wmich.edu:jssw-2231,10.15453/0191-5096.2231,A,oai_rule,1.0,match,name,0.0,"<em>Mother-Work: Women, Child Welfare and the State, 1890-1930.</em> Molly Ladd-Taylor."
118464,The Journal of Sociology & Social Welfare,1995,oai:scholarworks.wmich.edu:jssw-2233,10.15453/0191-5096.2233,A,oai_rule,1.0,match,name,0.0,<em>Companeras: Latina Lesbians.</em> Juanita Ramos.
118465,The Journal of Sociology & Social Welfare,1995,oai:scholarworks.wmich.edu:jssw-2232,10.15453/0191-5096.2232,A,oai_rule,1.0,match,name,0.0,<em>Women Battering as Marital Act: The Construction of a Violent Marriage.</em> Margaret Hyden.
118466,The Journal of Sociology & Social Welfare,1995,oai:scholarworks.wmich.edu:jssw-2234,10.15453/0191-5096.2234,A,oai_rule,1.0,match,name,0.0,<em>Women Who Hurt Themselves.</em> Dusty Miller.
118467,The Journal of Sociology & Social Welfare,1995,oai:scholarworks.wmich.edu:jssw-2235,10.15453/0191-5096.2235,A,oai_rule,1.0,match,name,0.0,<em>Lives on the Edge: Single Mothers and their Children in the Other America.</em> Valerie Polakow.
118473,The Journal of Sociology & Social Welfare,1995,oai:scholarworks.wmich.edu:jssw-2245,10.15453/0191-5096.2245,A,oai_rule,1.0,match,name,1.0,"Review of <em>Unfaithful Angels: How Social Work Has Abandoned its Mission</em> Harry Specht and Mark Courtney. Reviewed by Jeanne Marsh, University of Chicago."
118474,The Journal of Sociology & Social Welfare,1995,oai:scholarworks.wmich.edu:jssw-2246,10.15453/0191-5096.2246,A,oai_rule,1.0,match,name,1.0,"Review of <em>Issues In Social Work: A Critical Analysis.</em> Roland G. Meinert, John T. Pardeck, and William P. Sullivan (Eds.). Reviewed by Joseph Wronka, Springfield College."
118475,The Journal of Sociology & Social Welfare,1995,oai:scholarworks.wmich.edu:jssw-2244,10.15453/0191-5096.2244,A,oai_rule,1.0,match,name,1.0,Second-Order Victim-Blaming
118477,The Journal of Sociology & Social Welfare,1995,oai:scholarworks.wmich.edu:jssw-2247,10.15453/0191-5096.2247,A,oai_rule,1.0,match,name,1.0,"Review of <em>From Child Abuse to Permanency Planning: Child Welfare Services, Pathways and Placements.</em> Richard P. Barth, Mark Courtney, Jill Derr Berrick and Vicky Albert."
118478,The Journal of Sociology & Social Welfare,1995,oai:scholarworks.wmich.edu:jssw-2256,10.15453/0191-5096.2256,A,oai_rule,1.0,match,name,0.0,<em>Children in Poverty.</em> Aletha C. Huston
118479,The Journal of Sociology & Social Welfare,1995,oai:scholarworks.wmich.edu:jssw-2254,10.15453/0191-5096.2254,A,oai_rule,1.0,match,name,0.0,<em>Organizing for Power and Empowerment.</em> Jacqueline B. Mondros and Scott M. Wilson.
118480,The Journal of Sociology & Social Welfare,1995,oai:scholarworks.wmich.edu:jssw-2253,10.15453/0191-5096.2253,A,oai_rule,1.0,match,name,0.0,<em>The Global Environmental Crisis: Implications for Social Welfare and Social Work.</em> Marie D. Hoff and John G. McNutt.
118481,The Journal of Sociology & Social Welfare,1995,oai:scholarworks.wmich.edu:jssw-2250,10.15453/0191-5096.2250,A,oai_rule,1.0,match,name,1.0,"Review of <em>Generalist Practice: A Task-Centered Approach.</em> Eleanor Reardon Tolson, William J. Reid and Charles D. Garvin. Reviewed by Leon H. Ginsberg, University of South Carolina."
118482,The Journal of Sociology & Social Welfare,1995,oai:scholarworks.wmich.edu:jssw-2252,10.15453/0191-5096.2252,A,oai_rule,1.0,match,name,1.0,"Review of <em>Involuntary Clients in Social Work Practice.</em> Andre Ivanoff, Betty J. Blythe and Tony Tripodi. Reviewed by Margaret Severson, Louisiana State University."
118483,The Journal of Sociology & Social Welfare,1995,oai:scholarworks.wmich.edu:jssw-2255,10.15453/0191-5096.2255,A,oai_rule,1.0,match,name,0.0,<em>Social Work in the Netherlands: Current Developments.</em> Karl-Ernst Hesser and Wibo Koole.
118484,The Journal of Sociology & Social Welfare,1995,oai:scholarworks.wmich.edu:jssw-2249,10.15453/0191-5096.2249,A,oai_rule,1.0,match,name,1.0,"Review of <em>Reflection and Controversy: Essays in Social Work.</em> Ann Hartman. Reviewed by Ram A. Cnaan, University of Pennsylvania."
118485,The Journal of Sociology & Social Welfare,1995,oai:scholarworks.wmich.edu:jssw-2251,10.15453/0191-5096.2251,A,oai_rule,1.0,match,name,1.0,"Review of <em>Interprofessional Care and Collaborative Practice.</em> R. Michael Casto and Maria C. Julia. Reviewed by Daniel Harkness, Boise State University."
118486,The Journal of Sociology & Social Welfare,1995,oai:scholarworks.wmich.edu:jssw-2258,10.15453/0191-5096.2258,A,oai_rule,1.0,match,name,0.0,<em>The Welfare of Children.</em> Duncan Lindsey.
118487,The Journal of Sociology & Social Welfare,1995,oai:scholarworks.wmich.edu:jssw-2259,10.15453/0191-5096.2259,A,oai_rule,1.0,match,name,0.0,<em>The Sociology of Social Work.</em> Martin Davies.
118488,The Journal of Sociology & Social Welfare,1995,oai:scholarworks.wmich.edu:jssw-2257,10.15453/0191-5096.2257,A,oai_rule,1.0,match,name,0.0,<em>Performance Review and Quality in Social Care.</em> Anne Connor and Stewart Black.
118489,The Journal of Sociology & Social Welfare,1995,oai:scholarworks.wmich.edu:jssw-2248,10.15453/0191-5096.2248,A,oai_rule,1.0,match,name,1.0,"Review of <em>Critical Issues in Child Welfare.</em> Nora S. Gustavson and Elizabeth A. Segal. Both books reviewed by Terri Combs-Orme, University of Tennessee."
118492,The Journal of Sociology & Social Welfare,1995,oai:scholarworks.wmich.edu:jssw-2262,10.15453/0191-5096.2262,A,oai_rule,1.0,match,name,1.0,Policy Implementation in Social Welfare: A Framework for Analysis
118495,The Journal of Sociology & Social Welfare,1995,oai:scholarworks.wmich.edu:jssw-2265,10.15453/0191-5096.2265,A,oai_rule,1.0,match,name,1.0,Family Functioning and Migration: Considerations for Practice
118496,The Journal of Sociology & Social Welfare,1995,oai:scholarworks.wmich.edu:jssw-2266,10.15453/0191-5096.2266,A,oai_rule,1.0,match,name,1.0,"Review of <em>To Render a Life: Let us Now Praise Famous Men and the Documentary Vision.</em> Reviewed by David R. Simon, U.C. Berkeley & San Diego State University"
118497,The Journal of Sociology & Social Welfare,1995,oai:scholarworks.wmich.edu:jssw-2268,10.15453/0191-5096.2268,A,oai_rule,1.0,match,name,1.0,"Review of <em>Sociological Theory: From the 1950s to the Present.</em> Richard Munch. Reviewed by Michael D. Frimes, Louisiana State University."
118498,The Journal of Sociology & Social Welfare,1995,oai:scholarworks.wmich.edu:jssw-2267,10.15453/0191-5096.2267,A,oai_rule,1.0,match,name,1.0,"Review of <em>The Content of our Character</em>. Shelby Steele. Reviewed by R.L. McNeely, University of Wisconsin-Milwaukee"
118499,The Journal of Sociology & Social Welfare,1995,oai:scholarworks.wmich.edu:jssw-2269,10.15453/0191-5096.2269,A,oai_rule,1.0,match,name,1.0,"Review of <em>The Decomposition of Sociology.</em> Irving Louis Horowitz. Reviewed by William W. Falk, University of Maryland."
118500,The Journal of Sociology & Social Welfare,1995,oai:scholarworks.wmich.edu:jssw-2270,10.15453/0191-5096.2270,A,oai_rule,1.0,match,name,1.0,"Review of <em>Dead Artists Live Theories.</em> Stanley Aronowitz. Reviewed by John W. Murphy, University of Miami."
118501,The Journal of Sociology & Social Welfare,1995,oai:scholarworks.wmich.edu:jssw-2271,10.15453/0191-5096.2271,A,oai_rule,1.0,match,name,1.0,"Review of <em>Kinship with Strangers: Adoption and Interpretations of Kinship in American Culture.</em> Judith S. Modell. Reviewed by Dorina N. Novle, Louisiana State University."
118502,The Journal of Sociology & Social Welfare,1995,oai:scholarworks.wmich.edu:jssw-2273,10.15453/0191-5096.2273,A,oai_rule,1.0,match,name,1.0,"Review of <em>Small Group Research: A Handbook.</em> A. Paul Hare, Herbert H. Blumberg, Martin F. Davies and Valerie Kent. Reviewed by Kenneth E. Reid, Western Michigan University."
118503,The Journal of Sociology & Social Welfare,1995,oai:scholarworks.wmich.edu:jssw-2274,10.15453/0191-5096.2274,A,oai_rule,1.0,match,name,0.0,<em>Families in Troubled Times: Adapting to Change in Rural America.</em> Rand D. Conger and Glen H. Elder.
118504,The Journal of Sociology & Social Welfare,1995,oai:scholarworks.wmich.edu:jssw-2276,10.15453/0191-5096.2276,A,oai_rule,1.0,match,name,0.0,<em>The Concise Oxford Dictionary of Sociology.</em> Gordon Marshall (Ed.).
118505,The Journal of Sociology & Social Welfare,1995,oai:scholarworks.wmich.edu:jssw-2277,10.15453/0191-5096.2277,A,oai_rule,1.0,match,name,0.0,<em>Durkheim's Philosophy of Socience and the Sociology of Knowledge: Creating an Intellectual Niche.</em> Warren Schmaus.
118506,The Journal of Sociology & Social Welfare,1995,oai:scholarworks.wmich.edu:jssw-2278,10.15453/0191-5096.2278,A,oai_rule,1.0,match,name,0.0,"<em>Paths to Homelessness: Extreme Poverty and the Urban Housing Crisis.</em> Doug A. Timmer, D. Stanley Eitzen and Kathryn D. Talley."
118507,The Journal of Sociology & Social Welfare,1995,oai:scholarworks.wmich.edu:jssw-2275,10.15453/0191-5096.2275,A,oai_rule,1.0,match,name,0.0,<em>Contemporary Urban Sociology.</em> William G. Flannagan.
118508,The Journal of Sociology & Social Welfare,1995,oai:scholarworks.wmich.edu:jssw-2272,10.15453/0191-5096.2272,A,oai_rule,1.0,match,name,1.0,"Review of <em>Classical Sociological Theory.</em> Jonathan H. Turner. Reviewed by Valerie A. Haines, The University of Calgary."
118509,The Journal of Sociology & Social Welfare,1995,oai:scholarworks.wmich.edu:jssw-2279,10.15453/0191-5096.2279,A,oai_rule,1.0,match,name,0.0,"<em>The Frankfurt School: Its History, Theories and Political Significance.</em> Rolf Wiggershaus."
118518,The Journal of Sociology & Social Welfare,1995,oai:scholarworks.wmich.edu:jssw-2292,10.15453/0191-5096.2292,A,oai_rule,1.0,match,name,1.0,"<em>Sociology and the Race Problem: Failure of a Perspective.</em> James B. McKee. Reviewed by Charles Jaret, Georgia State University."
118519,The Journal of Sociology & Social Welfare,1995,oai:scholarworks.wmich.edu:jssw-2295,10.15453/0191-5096.2295,A,oai_rule,1.0,match,name,0.0,<em>Equal Employment Opportunity: Labor Market Discrimination and Public Policy.</em> Paul Burstein (Ed.).
118520,The Journal of Sociology & Social Welfare,1995,oai:scholarworks.wmich.edu:jssw-2299,10.15453/0191-5096.2299,A,oai_rule,1.0,match,name,0.0,<em>Negotiators of Change: Historical Perspectives on Native American Women.</em> Nancy Shoemaker.
118521,The Journal of Sociology & Social Welfare,1995,oai:scholarworks.wmich.edu:jssw-2298,10.15453/0191-5096.2298,A,oai_rule,1.0,match,name,0.0,<em>Race and Culture: A World View.</em> Thomas Sowell.
118522,The Journal of Sociology & Social Welfare,1995,oai:scholarworks.wmich.edu:jssw-2291,10.15453/0191-5096.2291,A,oai_rule,1.0,match,name,1.0,"Review of <em>Research on the African-American Family: A Holistic Perspective.</em> Robert B. Hill. Reviewed by Dorcas D. Bowles, University of Texas at Arlington."
118523,The Journal of Sociology & Social Welfare,1995,oai:scholarworks.wmich.edu:jssw-2290,10.15453/0191-5096.2290,A,oai_rule,1.0,match,name,1.0,"Review of <em>New Perspectives on the Northern Ireland Conflict.</em> Adrian Guelke (Ed.). Reviewed by John F. Jones, University of Denver."
118524,The Journal of Sociology & Social Welfare,1995,oai:scholarworks.wmich.edu:jssw-2293,10.15453/0191-5096.2293,A,oai_rule,1.0,match,name,1.0,"Review of <em>The Color of Welfare: How Racism Undermined the War on Poverty.</em> Jill Quadagno. Reviewed by James Midgley, Louisiana State University."
118525,The Journal of Sociology & Social Welfare,1995,oai:scholarworks.wmich.edu:jssw-2296,10.15453/0191-5096.2296,A,oai_rule,1.0,match,name,0.0,<em>Multicultural Clients: A Professional Handbook for Health Care Providers and Social Workers.</em> Sybil M. Lassiter.
118526,The Journal of Sociology & Social Welfare,1995,oai:scholarworks.wmich.edu:jssw-2297,10.15453/0191-5096.2297,A,oai_rule,1.0,match,name,0.0,"<em>Color, Culture, Civilization: Race and Minority Issues in American Society.</em> Stanford M. Lyman."
118527,The Journal of Sociology & Social Welfare,1995,oai:scholarworks.wmich.edu:jssw-2300,10.15453/0191-5096.2300,A,oai_rule,1.0,match,name,0.0,"<em>Experiencing and Counseling Multicultural and Diverse Populations.</em> Nicholas A. Vacc, Susan B. De Vaney and Joe Wittmer (Eds.)."
118528,The Journal of Sociology & Social Welfare,1995,oai:scholarworks.wmich.edu:jssw-2294,10.15453/0191-5096.2294,A,oai_rule,1.0,match,name,1.0,"Review of <em>The Scar of Race.</em> Paul M. Sniderman and Thomas Piazza. Reviewed by Barbara W. White, University of Texas at Austin."
118538,The Journal of Sociology & Social Welfare,1996,oai:scholarworks.wmich.edu:jssw-2310,10.15453/0191-5096.2310,A,oai_rule,1.0,match,name,1.0,The Work-Family Needs of Single Parents: A Comparison of American and Swedish Policy Trends
118541,The Journal of Sociology & Social Welfare,1996,oai:scholarworks.wmich.edu:jssw-2314,10.15453/0191-5096.2314,A,oai_rule,1.0,match,name,1.0,"Review of <em>Comparing Welfare States: Britain in International Context.</em> Allan Cochrane and John Clark. Reviewed by Kwong Leung Tang, University of Northern British Columbia."
118542,The Journal of Sociology & Social Welfare,1996,oai:scholarworks.wmich.edu:jssw-2317,10.15453/0191-5096.2317,A,oai_rule,1.0,match,name,1.0,"Review of <em>Tragedies of Our Own Making: How Private Choices Have Created Public Bankruptcy.</em> Richard Neely. Reviewed by W. Joseph Heffernan, University of Texas, Austin."
118543,The Journal of Sociology & Social Welfare,1996,oai:scholarworks.wmich.edu:jssw-2316,10.15453/0191-5096.2316,A,oai_rule,1.0,match,name,1.0,"Review of <em>Divided Against Itself. A Study of Integration in A Welfare Bureaucracy.</em> Bjorn Hvinden. Reviewed by Sven E. Olsson Hort, Stockholm University, Sweden."
118544,The Journal of Sociology & Social Welfare,1996,oai:scholarworks.wmich.edu:jssw-2315,10.15453/0191-5096.2315,A,oai_rule,1.0,match,name,1.0,"Review of <em>The Politics of Care: Human Services at the Local Level.</em> Alan J. Hahn. Reviewed by Ram A. Cnaan, University of Pennsylvania."
118545,The Journal of Sociology & Social Welfare,1996,oai:scholarworks.wmich.edu:jssw-2318,10.15453/0191-5096.2318,A,oai_rule,1.0,match,name,1.0,"Review of <em>Old and Homeless: Double Jeopardy.</em> Dianne Wiatt Rich, Thomas A. Rich and Larry C. Mullins (Eds.). Reviewed by Martin B. Tracy, Southern Illinois University."
118546,The Journal of Sociology & Social Welfare,1996,oai:scholarworks.wmich.edu:jssw-2319,10.15453/0191-5096.2319,A,oai_rule,1.0,match,name,1.0,"Review of John C. Rife, <em>Employment of the Elderly: An Annotated Bibliography.</em> Reviewed by Martin B. Tracy, Southern Illinois University."
118547,The Journal of Sociology & Social Welfare,1996,oai:scholarworks.wmich.edu:jssw-2321,10.15453/0191-5096.2321,A,oai_rule,1.0,match,name,0.0,<em>New Approaches to Welfare Theory.</em> Glenn Drover and Patrick Kerans (Eds.).
118548,The Journal of Sociology & Social Welfare,1996,oai:scholarworks.wmich.edu:jssw-2322,10.15453/0191-5096.2322,A,oai_rule,1.0,match,name,0.0,<em>Poverty and the Underclass: Changing Perceptions of the Poor in America.</em> William A. Kelso.
118549,The Journal of Sociology & Social Welfare,1996,oai:scholarworks.wmich.edu:jssw-2323,10.15453/0191-5096.2323,A,oai_rule,1.0,match,name,0.0,<em>Partners in Public Services: Government-Nonprofit Relations in the Modern Welfare State.</em> Lester M. Salamon.
118550,The Journal of Sociology & Social Welfare,1996,oai:scholarworks.wmich.edu:jssw-2320,10.15453/0191-5096.2320,A,oai_rule,1.0,match,name,1.0,"Review of <em>Whither Socialism?</em> Joseph E. Stiglitz. Reviewed by Michael Reisch, University of Pennsylvania."
118551,The Journal of Sociology & Social Welfare,1996,oai:scholarworks.wmich.edu:jssw-2324,10.15453/0191-5096.2324,A,oai_rule,1.0,match,name,0.0,<em>Social Welfare: Structure and Practice.</em> David Macarov.
118552,The Journal of Sociology & Social Welfare,1996,oai:scholarworks.wmich.edu:jssw-2325,10.15453/0191-5096.2325,A,oai_rule,1.0,match,name,0.0,<em>The Careless Society: Community and its Counterfeits.</em> John McKnight.
118553,The Journal of Sociology & Social Welfare,1996,oai:scholarworks.wmich.edu:jssw-2326,10.15453/0191-5096.2326,A,oai_rule,1.0,match,name,0.0,<em>Actively Seeking Work: The Politics of Unemployment and Welfare Policy in the United States and Great Britain.</em> Desmond King.
118558,The Journal of Sociology & Social Welfare,1996,oai:scholarworks.wmich.edu:jssw-2335,10.15453/0191-5096.2335,A,oai_rule,1.0,match,name,1.0,"Review of <em>Incapacitation: Penal Confinement and the Restraint of Crime.</em> Franklin E. Zimring and Gordon Hawkins. Reviewed by William G. Archambeault, Louisiana State University."
118562,The Journal of Sociology & Social Welfare,1996,oai:scholarworks.wmich.edu:jssw-2336,10.15453/0191-5096.2336,A,oai_rule,1.0,match,name,1.0,"Review of <em>The Prostitution of Sexuality.</em> Kathleen Barry. Reviewed by Beth Cagan, Cleveland State University."
118564,The Journal of Sociology & Social Welfare,1996,oai:scholarworks.wmich.edu:jssw-2340,10.15453/0191-5096.2340,A,oai_rule,1.0,match,name,1.0,"Review of <em>The New Middle Classes: Life Styles, Status Claims and Political Orientations.</em> Arthur J. Vidich (Ed.) Both books reviewed by Charles M. Tolbert, Louisiana State University"
118565,The Journal of Sociology & Social Welfare,1996,oai:scholarworks.wmich.edu:jssw-2337,10.15453/0191-5096.2337,A,oai_rule,1.0,match,name,1.0,"Review of <em>Individual Voices, Collective Visions: Fifty Years of Women in Sociology.</em> Ann Goetting and Sarah Fenstermaker (Eds). Reviewed by Karen E. Campbell, Vanderbilt University."
118566,The Journal of Sociology & Social Welfare,1996,oai:scholarworks.wmich.edu:jssw-2338,10.15453/0191-5096.2338,A,oai_rule,1.0,match,name,1.0,"Review of <em>The Bell Curve Wars: Race, Intelligence and the Future of America.</em> Steven Fraser (Ed.) Reviewed by David Stoesz, Virginia Commonwealth University."
118567,The Journal of Sociology & Social Welfare,1996,oai:scholarworks.wmich.edu:jssw-2339,10.15453/0191-5096.2339,A,oai_rule,1.0,match,name,1.0,"Review of <em>Politics and the Class Divide: Working People and the Middle Class Left.</em> David Croteau. Reviewed by Charles M. Tolbert, Louisiana State University"
118568,The Journal of Sociology & Social Welfare,1996,oai:scholarworks.wmich.edu:jssw-2341,10.15453/0191-5096.2341,A,oai_rule,1.0,match,name,1.0,"Review of <em>The Neutered Mother, the Sexual Family.</em> Martha Albertson Fineman. Reviewed by Janice Wood Wetzel, Adelphi University."
118569,The Journal of Sociology & Social Welfare,1996,oai:scholarworks.wmich.edu:jssw-2347,10.15453/0191-5096.2347,A,oai_rule,1.0,match,name,0.0,<em>The Economics of Aging.</em> James H. Schultz.
118570,The Journal of Sociology & Social Welfare,1996,oai:scholarworks.wmich.edu:jssw-2343,10.15453/0191-5096.2343,A,oai_rule,1.0,match,name,0.0,<em>Rebuilding the Inner City: A History of Neighborhood Initiatives to Address Poverty in the United States.</em> Robert Halpern.
118571,The Journal of Sociology & Social Welfare,1996,oai:scholarworks.wmich.edu:jssw-2345,10.15453/0191-5096.2345,A,oai_rule,1.0,match,name,0.0,<em>Rights and the Common Good: The Communitarian Perspective.</em> Amitai Etzioni.
118572,The Journal of Sociology & Social Welfare,1996,oai:scholarworks.wmich.edu:jssw-2346,10.15453/0191-5096.2346,A,oai_rule,1.0,match,name,0.0,<em>A Second Chicago School: The Development of a Postwar American Sociology.</em> Gary Alan Fine (Ed.).
118573,The Journal of Sociology & Social Welfare,1996,oai:scholarworks.wmich.edu:jssw-2348,10.15453/0191-5096.2348,A,oai_rule,1.0,match,name,0.0,<em>Race and Ethnicity in America: Meeting the Challenge in the 21st Century.</em> Gail E. Thomas (Ed.).
118574,The Journal of Sociology & Social Welfare,1996,oai:scholarworks.wmich.edu:jssw-2344,10.15453/0191-5096.2344,A,oai_rule,1.0,match,name,0.0,<em>Crime and Inequality.</em> John Hagen and Ruth Patterson (Eds).
118583,The Journal of Sociology & Social Welfare,1996,oai:scholarworks.wmich.edu:jssw-2360,10.15453/0191-5096.2360,A,oai_rule,1.0,match,name,1.0,"Review of <em>Native American Postcolonial Psychology.</em> Eduardo Duran and Bonnie Duran. Reviewed by Dana Wilson Klar, Washington University."
118584,The Journal of Sociology & Social Welfare,1996,oai:scholarworks.wmich.edu:jssw-2361,10.15453/0191-5096.2361,A,oai_rule,1.0,match,name,1.0,"Review of <em>The Civil Rights of Homeless People: Law, Social Policy and Social Work Practice.</em> Madeleine R. Stoner. Reviewed by Larry W. Kreuger, University of Missouri-Columbia."
118585,The Journal of Sociology & Social Welfare,1996,oai:scholarworks.wmich.edu:jssw-2359,10.15453/0191-5096.2359,A,oai_rule,1.0,match,name,1.0,"Review of <em>The Youth Gang Problem: A Community Approach.</em> Irving A. Spergel. Reviewed by James Callicut, University of Texas, Arlington."
118586,The Journal of Sociology & Social Welfare,1996,oai:scholarworks.wmich.edu:jssw-2362,10.15453/0191-5096.2362,A,oai_rule,1.0,match,name,1.0,"Review of <em>Young Men in the Street: Help Seeking Behaviour of Young Male Prostitutes.</em> Cudore L. Snell. Reviewed by Ronald J. Mancoske, Southern University at New Orleans."
118587,The Journal of Sociology & Social Welfare,1996,oai:scholarworks.wmich.edu:jssw-2363,10.15453/0191-5096.2363,A,oai_rule,1.0,match,name,1.0,"Review of <em>Aids in Post-communist Russia and its Successor States.</em> Christopher Williams. Reviewed by Ronald J. Mancoske, Southern University at New Orleans."
118588,The Journal of Sociology & Social Welfare,1996,oai:scholarworks.wmich.edu:jssw-2364,10.15453/0191-5096.2364,A,oai_rule,1.0,match,name,1.0,Review of <em>Supportive Interviewing in Human Service Organizations: Fundamental Skills for Gathering Information and Encouraging Productive Change.</em> Kenneth France and Michelle Kish. Reviewed by
118589,The Journal of Sociology & Social Welfare,1996,oai:scholarworks.wmich.edu:jssw-2365,10.15453/0191-5096.2365,A,oai_rule,1.0,match,name,1.0,"Review of <em>Social Development: The Development Perspective in Social Welfare.</em> James Midgley. Reviewed by Martin B. Tracy, Southern Illinois University at Carbondale"
118590,The Journal of Sociology & Social Welfare,1996,oai:scholarworks.wmich.edu:jssw-2366,10.15453/0191-5096.2366,A,oai_rule,1.0,match,name,1.0,"Review of <em>The Handbook of Children's Rights: Comparative Policy and Practice.</em> Bob Franklin (ed). Reviewed by Joseph Wronka, Springfield College."
118591,The Journal of Sociology & Social Welfare,1996,oai:scholarworks.wmich.edu:jssw-2367,10.15453/0191-5096.2367,A,oai_rule,1.0,match,name,0.0,"<em>Tactics and Techniques of Community Intervention. (Third Edition).</em> John E. Tropman, John L. Erlich and Jack Rothman (Eds.)."
118592,The Journal of Sociology & Social Welfare,1996,oai:scholarworks.wmich.edu:jssw-2370,10.15453/0191-5096.2370,A,oai_rule,1.0,match,name,0.0,<em>British Social Welfare: Past Present and Future.</em> David Gladstone (Ed.).
118594,The Journal of Sociology & Social Welfare,1996,oai:scholarworks.wmich.edu:jssw-2369,10.15453/0191-5096.2369,A,oai_rule,1.0,match,name,0.0,<em>The Legal Environment of Social Work.</em> Leila O. Schroeder.
118595,The Journal of Sociology & Social Welfare,1996,oai:scholarworks.wmich.edu:jssw-2371,10.15453/0191-5096.2371,A,oai_rule,1.0,match,name,0.0,"<em>International Handbook on Social Work Education.</em> Thomas D. Watts, Doreen Elliott and Nazneen Mayadas (Ed.)."
118596,The Journal of Sociology & Social Welfare,1996,oai:scholarworks.wmich.edu:jssw-2372,10.15453/0191-5096.2372,A,oai_rule,1.0,match,name,0.0,<em>Understanding Disability: From Theory to Practice.</em> Michael Oliver.
118597,The Journal of Sociology & Social Welfare,1996,oai:scholarworks.wmich.edu:jssw-2368,10.15453/0191-5096.2368,A,oai_rule,1.0,match,name,0.0,"<em>Strategies of Community Intervention.</em> (Fifth Edition). Jack Rothman, John L. Erlich and John E. Tropman (Eds.)."
118601,The Journal of Sociology & Social Welfare,1996,oai:scholarworks.wmich.edu:jssw-2385,10.15453/0191-5096.2385,A,oai_rule,1.0,match,name,1.0,"Review of <em>Black Wealth. White Wealth.</em> Melvin L. Oliver and Thomas M. Shapiro. Reviewed by Lolita Perkins, Louisiana State University."
118606,The Journal of Sociology & Social Welfare,1996,oai:scholarworks.wmich.edu:jssw-2383,10.15453/0191-5096.2383,A,oai_rule,1.0,match,name,1.0,"Review of <em>Challenges to Social Security: An International Expoloration.</em> James Midgley and Martin B. Tracy (Eds.). Reviewed by Leon Ginsberg, University of South Carolina."
118608,The Journal of Sociology & Social Welfare,1996,oai:scholarworks.wmich.edu:jssw-2384,10.15453/0191-5096.2384,A,oai_rule,1.0,match,name,1.0,"Review of <em>The Poverty of Welfare Reform.</em> Joel F. Handler. Reviewed by Howard Karger, University of Houston."
118609,The Journal of Sociology & Social Welfare,1996,oai:scholarworks.wmich.edu:jssw-2388,10.15453/0191-5096.2388,A,oai_rule,1.0,match,name,0.0,"<em>The New Generational Contract: Intergenerational Relations, Old Age and Welfare.</em> Alan Walker (Ed.)."
118610,The Journal of Sociology & Social Welfare,1996,oai:scholarworks.wmich.edu:jssw-2386,10.15453/0191-5096.2386,A,oai_rule,1.0,match,name,1.0,"Review of <em>Small Change: Domestic Policy under the Clinton Presidency.</em> David Stoesz. Reviewed by James Midgley, Louisiana State University."
118611,The Journal of Sociology & Social Welfare,1996,oai:scholarworks.wmich.edu:jssw-2387,10.15453/0191-5096.2387,A,oai_rule,1.0,match,name,1.0,"Review of <em>Growth Theories in the Light of the East Asian Experience.</em> Takatoshi Ito and Anne 0. Krueger (Eds.). Reviewed by K. L. Tang, University of Northern British Columbia."
118612,The Journal of Sociology & Social Welfare,1996,oai:scholarworks.wmich.edu:jssw-2389,10.15453/0191-5096.2389,A,oai_rule,1.0,match,name,0.0,<em>The Populist Persuasion.</em> Michael Kazin.
118613,The Journal of Sociology & Social Welfare,1996,oai:scholarworks.wmich.edu:jssw-2390,10.15453/0191-5096.2390,A,oai_rule,1.0,match,name,0.0,<em>America Unequal.</em> Sheldon Danziger and Peter Gottscshalk.
118614,The Journal of Sociology & Social Welfare,1996,oai:scholarworks.wmich.edu:jssw-2391,10.15453/0191-5096.2391,A,oai_rule,1.0,match,name,0.0,<em>The Disposable Workforce.</em> Thomas S. Moore.
118615,The Journal of Sociology & Social Welfare,1996,oai:scholarworks.wmich.edu:jssw-2392,10.15453/0191-5096.2392,A,oai_rule,1.0,match,name,0.0,"<em>The Underdevelopment of Development: Essays in Honor of Andre Gunder Frank.</em> Sing C. Chew and Robert A. Denmark, (Eds.)."
118621,The Journal of Sociology & Social Welfare,1997,oai:scholarworks.wmich.edu:jssw-2403,10.15453/0191-5096.2403,A,oai_rule,1.0,match,name,1.0,"Review of <em>Readings in American Health Care: Current Issues in Socio-Historical Perspective.</em> William G. Rothstein (Ed.). Reviewed by Terri Combs-Orme, University of Tennessee."
118622,The Journal of Sociology & Social Welfare,1997,oai:scholarworks.wmich.edu:jssw-2402,10.15453/0191-5096.2402,A,oai_rule,1.0,match,name,1.0,"Review of <em>Individual and Social Responsibility: Child Care, Education, Medical Care and Long Term Care in America.</em> Victor R. Fuchs (Ed.). Reviewed by Ram A. Cnaan, University of Pennsylvania "
118626,The Journal of Sociology & Social Welfare,1997,oai:scholarworks.wmich.edu:jssw-2407,10.15453/0191-5096.2407,A,oai_rule,1.0,match,name,0.0,"<em>Securing Employer-based Pensions: An International Perspective.</em> Zvi Bodie, Olivia S. Mitchell and John A. Turner."
118627,The Journal of Sociology & Social Welfare,1997,oai:scholarworks.wmich.edu:jssw-2406,10.15453/0191-5096.2406,A,oai_rule,1.0,match,name,1.0,"Review of <em>Inequality in Old Age.</em> John A. Vincent. Reviewed by Martin Tracy, Southern Illinois University."
118628,The Journal of Sociology & Social Welfare,1997,oai:scholarworks.wmich.edu:jssw-2404,10.15453/0191-5096.2404,A,oai_rule,1.0,match,name,1.0,"Review of <em>A Kingdom on Earth: Anglo-American Social Christianity 1880-1940.</em> Paul T. Phillips. Reviewed by James Leiby, University of California, Berkeley."
118629,The Journal of Sociology & Social Welfare,1997,oai:scholarworks.wmich.edu:jssw-2405,10.15453/0191-5096.2405,A,oai_rule,1.0,match,name,1.0,"Review of <em>Faces of Poverty: Portraits of Women and Children on Welfare.</em> Jill Duerr Berrick. Reviewed by Tracey Mabrey, Western Michigan University."
118630,The Journal of Sociology & Social Welfare,1997,oai:scholarworks.wmich.edu:jssw-2408,10.15453/0191-5096.2408,A,oai_rule,1.0,match,name,0.0,<em>Approaches to the Welfare State.</em> Pranab Chatterjee.
118631,The Journal of Sociology & Social Welfare,1997,oai:scholarworks.wmich.edu:jssw-2409,10.15453/0191-5096.2409,A,oai_rule,1.0,match,name,0.0,<em>The Economic Impact of the Welfare State and Social Wage: The British Experience.</em> Rafat Fazeli.
118632,The Journal of Sociology & Social Welfare,1997,oai:scholarworks.wmich.edu:jssw-2410,10.15453/0191-5096.2410,A,oai_rule,1.0,match,name,0.0,<em>Community Builders: A Tale of Neighborhood Mobilization in Two Cities.</em> Gordana Rabrenovic.
118633,The Journal of Sociology & Social Welfare,1997,oai:scholarworks.wmich.edu:jssw-2411,10.15453/0191-5096.2411,A,oai_rule,1.0,match,name,0.0,<em>Turning Points in Social Security: From Cruel Hoax to Sacred Entitlement.</em> Sheryl R. Tynes.
118644,The Journal of Sociology & Social Welfare,1997,oai:scholarworks.wmich.edu:jssw-2423,10.15453/0191-5096.2423,A,oai_rule,1.0,match,name,1.0,"Review of <em>Clinical Social Work: Definition, Practice and Vision.</em> Rachelle A. Dorfman. Reviewed by Cynthia Franklin, University of Texas, Austin."
118645,The Journal of Sociology & Social Welfare,1997,oai:scholarworks.wmich.edu:jssw-2427,10.15453/0191-5096.2427,A,oai_rule,1.0,match,name,1.0,"Review of <em>Measuring the Performance of Human Service Programs.</em> Lawrence L. Martin and Peter M. Kettner. Reviewed by Shana Schuyten, Louisiana State University."
118646,The Journal of Sociology & Social Welfare,1997,oai:scholarworks.wmich.edu:jssw-2426,10.15453/0191-5096.2426,A,oai_rule,1.0,match,name,1.0,"Review of <em>Children in Groups: A Social Work Perspective.</em> Marian Fatout. Reviewed by Charles Garvin, University of Michigan."
118647,The Journal of Sociology & Social Welfare,1997,oai:scholarworks.wmich.edu:jssw-2424,10.15453/0191-5096.2424,A,oai_rule,1.0,match,name,1.0,"Review of <em>The Politics of Child Abuse in America.</em> Lela B. Costin, Howard Jacob Karger and David Stoesz. Reviewed by Jill Duerr-Berrick, University of California, Berkeley."
118648,The Journal of Sociology & Social Welfare,1997,oai:scholarworks.wmich.edu:jssw-2425,10.15453/0191-5096.2425,A,oai_rule,1.0,match,name,1.0,"Review of <em>Spirituality in Social Work Practice.</em> Ronald K. Bullis. Reviewed by Lolita Perkins, Louisiana State University."
118649,The Journal of Sociology & Social Welfare,1997,oai:scholarworks.wmich.edu:jssw-2428,10.15453/0191-5096.2428,A,oai_rule,1.0,match,name,0.0,<em>Under Attack: Fighting Back: Women and Welfare in the United States.</em> Mimi Abramovitz.
118650,The Journal of Sociology & Social Welfare,1997,oai:scholarworks.wmich.edu:jssw-2429,10.15453/0191-5096.2429,A,oai_rule,1.0,match,name,0.0,<em>European Welfare Policy: Squaring the Circle.</em> Vic George and Peter Taylor-Gooby (Eds.).
118651,The Journal of Sociology & Social Welfare,1997,oai:scholarworks.wmich.edu:jssw-2431,10.15453/0191-5096.2431,A,oai_rule,1.0,match,name,0.0,<em>Miles to Go: A Personal History of Social Policy.</em> Daniel Patrick Moynihan.
118652,The Journal of Sociology & Social Welfare,1997,oai:scholarworks.wmich.edu:jssw-2430,10.15453/0191-5096.2430,A,oai_rule,1.0,match,name,0.0,<em>Who We Are: A Second Look.</em> Margaret Gibelman and Philip H. Schervish.
118653,The Journal of Sociology & Social Welfare,1997,oai:scholarworks.wmich.edu:jssw-2432,10.15453/0191-5096.2432,A,oai_rule,1.0,match,name,0.0,<em>Building America: The Democratic Promise of Public Work.</em> Harry C. Boyte and Nancy N. Kari.
118671,The Journal of Sociology & Social Welfare,1997,oai:scholarworks.wmich.edu:jssw-2455,10.15453/0191-5096.2455,A,oai_rule,1.0,match,name,1.0,"Review of <em>Feminism and Social Change: Bridging Theory and Practice.</em> Heidi Gottfried (Ed.). Reviewed by Rebecca S. Carter, Louisiana State University."
118673,The Journal of Sociology & Social Welfare,1997,oai:scholarworks.wmich.edu:jssw-2456,10.15453/0191-5096.2456,A,oai_rule,1.0,match,name,1.0,"Review of <em>Reflections on Violence.</em> John Keane. Reviewed by Henry D'Souza, University of Nebraska at Omaha."
118674,The Journal of Sociology & Social Welfare,1997,oai:scholarworks.wmich.edu:jssw-2457,10.15453/0191-5096.2457,A,oai_rule,1.0,match,name,1.0,"Review of <em>Still the Promised City?: African-Americans and New Immigrants in Postindustrial New York.</em> Roger Waldinger. Reviewed by Charles Jaret, Georgia State University"
118675,The Journal of Sociology & Social Welfare,1997,oai:scholarworks.wmich.edu:jssw-2458,10.15453/0191-5096.2458,A,oai_rule,1.0,match,name,1.0,"Review of <em>Rethinking Abortion: Equal Choice, the Constitution and Reproductive Politics.</em> Mark Graber. Reviewed by Margaret Severson, University of Kansas."
118676,The Journal of Sociology & Social Welfare,1997,oai:scholarworks.wmich.edu:jssw-2459,10.15453/0191-5096.2459,A,oai_rule,1.0,match,name,1.0,"Review of <em>Queer Science: The Use and Abuse of Research into Homosexuality.</em> Simon LeVay. Reviewed by Carol Tully, Tulane University."
118678,The Journal of Sociology & Social Welfare,1997,oai:scholarworks.wmich.edu:jssw-2461,10.15453/0191-5096.2461,A,oai_rule,1.0,match,name,0.0,<em>Human Capital or Cultural Capital?</em> George Farkas.
118679,The Journal of Sociology & Social Welfare,1997,oai:scholarworks.wmich.edu:jssw-2462,10.15453/0191-5096.2462,A,oai_rule,1.0,match,name,0.0,"<em>Sociology, Environmentalism, Globalization.</em> Steven Yearley."
118680,The Journal of Sociology & Social Welfare,1997,oai:scholarworks.wmich.edu:jssw-2463,10.15453/0191-5096.2463,A,oai_rule,1.0,match,name,0.0,"<em>Resources, Deprivation and Poverty.</em> Brian Nolan and Christopher T. Whelan."
118681,The Journal of Sociology & Social Welfare,1997,oai:scholarworks.wmich.edu:jssw-2464,10.15453/0191-5096.2464,A,oai_rule,1.0,match,name,0.0,<em>Search and Destroy: African American Males in the Criminal Justice System.</em> Jerome J. Miller
118684,The Journal of Sociology & Social Welfare,1998,oai:scholarworks.wmich.edu:jssw-2470,10.15453/0191-5096.2470,A,oai_rule,1.0,match,name,1.0,Community Organizing and Comprehensive Community Initiatives
118691,The Journal of Sociology & Social Welfare,1998,oai:scholarworks.wmich.edu:jssw-2476,10.15453/0191-5096.2476,A,oai_rule,1.0,match,name,1.0,"Review of <em>Social Welfare in Global Context.</em> James Midgley. Reviewed by Cryl Abrahams, University of Calgary."
118692,The Journal of Sociology & Social Welfare,1998,oai:scholarworks.wmich.edu:jssw-2477,10.15453/0191-5096.2477,A,oai_rule,1.0,match,name,1.0,"Review of <em>Modern Housing for America: Policy Struggles in The New Deal Era.</em> Gail Radford. Reviewed by Robert Leighninger, Louisiana State University."
118693,The Journal of Sociology & Social Welfare,1998,oai:scholarworks.wmich.edu:jssw-2478,10.15453/0191-5096.2478,A,oai_rule,1.0,match,name,1.0,"Review of <em>Social Security in the 21st Century.</em> Eric R. Kingson and James H. Schultz (Eds.). Reviewed by Howard Karger, University of Houston."
118694,The Journal of Sociology & Social Welfare,1998,oai:scholarworks.wmich.edu:jssw-2479,10.15453/0191-5096.2479,A,oai_rule,1.0,match,name,1.0,"Review of <em>Social Work in the 21st Century.</em> Michael Reisch and Eileen Gambrill. Reviewed by Daniel Harkness, Boise State University"
118695,The Journal of Sociology & Social Welfare,1998,oai:scholarworks.wmich.edu:jssw-2480,10.15453/0191-5096.2480,A,oai_rule,1.0,match,name,1.0,"Review of <em>Letters to Christina: Reflections on my Life and Work.</em> Paulo Freire. Reviewed by Arline Prigoff, California State University, Sacramento."
118696,The Journal of Sociology & Social Welfare,1998,oai:scholarworks.wmich.edu:jssw-2483,10.15453/0191-5096.2483,A,oai_rule,1.0,match,name,0.0,"<em>Social Policy: Reform, Research and Practice.</em> Patricia L. Ewalt, Edith M. Freeman, Sturart A. Kirk and Dennis L. Poole (Eds.)."
118697,The Journal of Sociology & Social Welfare,1998,oai:scholarworks.wmich.edu:jssw-2481,10.15453/0191-5096.2481,A,oai_rule,1.0,match,name,0.0,<em>Social Policy in Britain: Themes and Issues.</em> Pete Alcock.
118698,The Journal of Sociology & Social Welfare,1998,oai:scholarworks.wmich.edu:jssw-2482,10.15453/0191-5096.2482,A,oai_rule,1.0,match,name,0.0,<em>Teen Mothers and the Revolving Welfare Door.</em> Kathleen Mullan Harris
118699,The Journal of Sociology & Social Welfare,1998,oai:scholarworks.wmich.edu:jssw-2484,10.15453/0191-5096.2484,A,oai_rule,1.0,match,name,0.0,<em>The Dual Agenda: The African-American Struggle for Civil and Economic Equality.</em> Dona Cooper Hamilton and Charles V. Hamilton.
118708,The Journal of Sociology & Social Welfare,1998,oai:scholarworks.wmich.edu:jssw-2496,10.15453/0191-5096.2496,A,oai_rule,1.0,match,name,1.0,"Review of <em>Alternatives to Social Security: An International Inquiry.</em> James Midgley and Michael Sherraden. Reviewed by Eric Kingson, Boston College."
118709,The Journal of Sociology & Social Welfare,1998,oai:scholarworks.wmich.edu:jssw-2495,10.15453/0191-5096.2495,A,oai_rule,1.0,match,name,1.0,"Review of <em>Children in the Urban Environment: Linking Social Policy and Clinical Practice.</em> Norma K. Phillips and Shulamith L. A. Straussner. Reviewed by Dorinda Noble, Louisiana State Universi"
118710,The Journal of Sociology & Social Welfare,1998,oai:scholarworks.wmich.edu:jssw-2494,10.15453/0191-5096.2494,A,oai_rule,1.0,match,name,1.0,"Review of <em>Adoption, Identity and Kinship: The Debate over Sealed Birth Records.</em> Katarina Wegar. Reviewed by Terri Combs-Orme, University of Tennessee."
118711,The Journal of Sociology & Social Welfare,1998,oai:scholarworks.wmich.edu:jssw-2498,10.15453/0191-5096.2498,A,oai_rule,1.0,match,name,1.0,"Review of <em>The Impact of Managed Care on the Practice of Psychotherapy: Innovation, Implementation and Controversy.</em> Richard M. Alperin and David G. Phillips. Reviewed by Steven Segal, Universi"
118712,The Journal of Sociology & Social Welfare,1998,oai:scholarworks.wmich.edu:jssw-2497,10.15453/0191-5096.2497,A,oai_rule,1.0,match,name,1.0,"Review of <em>Who will Care for Us: Aging and Long Term Care in Multicultural America.</em> Ronald L. Angel and Jacqueline L. Angel. Reviewed by Martin Tracy, University of Southern Illinois."
118713,The Journal of Sociology & Social Welfare,1998,oai:scholarworks.wmich.edu:jssw-2499,10.15453/0191-5096.2499,A,oai_rule,1.0,match,name,0.0,<em>Mental Health Policy and Practice Today.</em> Ted R. Watkins and James W. Calicutt (Eds.).
118714,The Journal of Sociology & Social Welfare,1998,oai:scholarworks.wmich.edu:jssw-2500,10.15453/0191-5096.2500,A,oai_rule,1.0,match,name,0.0,<em>Careers in Social Work.</em> Leon H. Ginsberg.
118715,The Journal of Sociology & Social Welfare,1998,oai:scholarworks.wmich.edu:jssw-2501,10.15453/0191-5096.2501,A,oai_rule,1.0,match,name,0.0,<em>Combating Child Abuse: International Perspectives and Trends.</em> Neil Gilbert (Ed.).
118716,The Journal of Sociology & Social Welfare,1998,oai:scholarworks.wmich.edu:jssw-2502,10.15453/0191-5096.2502,A,oai_rule,1.0,match,name,0.0,<em>Escape from Poverty: What Makes a Difference for Children?</em> P. Lindsay Chase-Lansdale and Jeanne Brooks-Gunn (Eds.).
118723,The Journal of Sociology & Social Welfare,1998,oai:scholarworks.wmich.edu:jssw-2514,10.15453/0191-5096.2514,A,oai_rule,1.0,match,name,1.0,"<em>For Crying Out Loud: Women's Poverty in the United States.</em> Diane Burton and Ann Withorn (Eds.). Reviewed by Tracy Maybrey, Western Michigan University."
118724,The Journal of Sociology & Social Welfare,1998,oai:scholarworks.wmich.edu:jssw-2512,10.15453/0191-5096.2512,A,oai_rule,1.0,match,name,1.0,"Review of <em>Antisemitism and Xonophobia in Germany after Unification.</em> Herman Kurthen, Werner Bergmann and Rainer Erb (Eds.). Reviewed by Frank Hirtz, University of California, Davis."
118725,The Journal of Sociology & Social Welfare,1998,oai:scholarworks.wmich.edu:jssw-2513,10.15453/0191-5096.2513,A,oai_rule,1.0,match,name,1.0,"Review of <em>Immigrants Out: The New Nativism and the Anti-Immigrant Impulse in the United States.</em> Juan E Perea. Reviewed by Robert L. Boyd, Mississippi State University."
118728,The Journal of Sociology & Social Welfare,1998,oai:scholarworks.wmich.edu:jssw-2516,10.15453/0191-5096.2516,A,oai_rule,1.0,match,name,1.0,"Review of <em>Ethnicity, Crime and Immigration: Comparative and Cross National Perspectives.</em> Michael Tonry (Ed.). Reviewed by Jewelle Taylor-Biggs, University of California at Berkeley."
118729,The Journal of Sociology & Social Welfare,1998,oai:scholarworks.wmich.edu:jssw-2515,10.15453/0191-5096.2515,A,oai_rule,1.0,match,name,1.0,"Review of <em>Nothing Happens to Good Girls: Fear of Crime in Women's Lives.</em> Esther Madriz. Reviewed by Deborah Page Adams, University of Kansas."
118730,The Journal of Sociology & Social Welfare,1998,oai:scholarworks.wmich.edu:jssw-2517,10.15453/0191-5096.2517,A,oai_rule,1.0,match,name,0.0,<em>Violent Criminal Acts and Actors Revisited.</em> Lonnie Athens
118731,The Journal of Sociology & Social Welfare,1998,oai:scholarworks.wmich.edu:jssw-2518,10.15453/0191-5096.2518,A,oai_rule,1.0,match,name,0.0,<em>The New Temperance: The American Obsession with Sin and Vice.</em> David Wagner.
118732,The Journal of Sociology & Social Welfare,1998,oai:scholarworks.wmich.edu:jssw-2519,10.15453/0191-5096.2519,A,oai_rule,1.0,match,name,0.0,<em>Postmodern Welfare: Reconstructing an Emancipatory Project.</em> Peter Leonard.
118733,The Journal of Sociology & Social Welfare,1998,oai:scholarworks.wmich.edu:jssw-2520,10.15453/0191-5096.2520,A,oai_rule,1.0,match,name,0.0,"<em>Against the Odds: Social Class and Social Justice in Industrial Societies.</em> Gordon Marshall, Adam Swift and Stephen Roberts."
118734,The Journal of Sociology & Social Welfare,1998,oai:scholarworks.wmich.edu:jssw-2521,10.15453/0191-5096.2521,A,oai_rule,1.0,match,name,0.0,"<em>Welfare Capitalism in Taiwan: State, Economy and Social Policy.</em> Yuen-wen Ku."
118744,The Journal of Sociology & Social Welfare,1998,oai:scholarworks.wmich.edu:jssw-2532,10.15453/0191-5096.2532,A,oai_rule,1.0,match,name,1.0,"Review of <em>Integrating Knowledge and Practice: The Case of Social Work and Social Science.</em> Westport, CT: Praegar Publishers, 1997. David J. Tucker, Charles Garvin and Rosemary Sari (Eds.). Rev"
118745,The Journal of Sociology & Social Welfare,1998,oai:scholarworks.wmich.edu:jssw-2533,10.15453/0191-5096.2533,A,oai_rule,1.0,match,name,1.0,"Review of <em>Issues in International Social Work.</em> Washington, DC: NASW Press, 1997. M. C. Hokenstad and James Midgley (Eds.). Reviewed by Nazneen Mayadas, University of Texas, Arlington."
118746,The Journal of Sociology & Social Welfare,1998,oai:scholarworks.wmich.edu:jssw-2534,10.15453/0191-5096.2534,A,oai_rule,1.0,match,name,1.0,"Review of <em>Person-Environment Practice.</em> Hawthorne, NY: Aldine de Gruyter, 1997. Susan P. Kemp, James K. Whitaker and Elizabeth M. Tracy. Reviewed by Catherine Lemieux, Louisiana State Universi"
118747,The Journal of Sociology & Social Welfare,1998,oai:scholarworks.wmich.edu:jssw-2535,10.15453/0191-5096.2535,A,oai_rule,1.0,match,name,1.0,"Review of <em>Confidentiality and Privacy in Social Work: A Guide to the Law for Practitioners and Students.</em> New York: The Free Press, 1998. Donald T. Dickinson. Reviewed by Margaret Severson, Un"
118748,The Journal of Sociology & Social Welfare,1998,oai:scholarworks.wmich.edu:jssw-2536,10.15453/0191-5096.2536,A,oai_rule,1.0,match,name,1.0,"Review of <em>Social Work Practice: A Critical Thinkers Guide.</em> New York: Oxford University Press, 1997. Eileen Gambrill. Reviewed by Bruce Thyer, University of Georgia."
118749,The Journal of Sociology & Social Welfare,1998,oai:scholarworks.wmich.edu:jssw-2538,10.15453/0191-5096.2538,A,oai_rule,1.0,match,name,0.0,"<em>Creating a National Home: Building the Veteran's Welfare State, 1986-1900.</em> Patrick J. Kelly"
118750,The Journal of Sociology & Social Welfare,1998,oai:scholarworks.wmich.edu:jssw-2537,10.15453/0191-5096.2537,A,oai_rule,1.0,match,name,0.0,<em>Enterprise and the Welfare State.</em> Martin Rein and Eskil Wadensjo
118751,The Journal of Sociology & Social Welfare,1998,oai:scholarworks.wmich.edu:jssw-2539,10.15453/0191-5096.2539,A,oai_rule,1.0,match,name,0.0,<em>Welfare in America: How Social Science Fails the Poor.</em> William Epstein
118752,The Journal of Sociology & Social Welfare,1998,oai:scholarworks.wmich.edu:jssw-2540,10.15453/0191-5096.2540,A,oai_rule,1.0,match,name,0.0,<em>Human Rights and Social Policy in the 21st Century.</em> Joseph Wronka
118762,The Journal of Sociology & Social Welfare,1999,oai:scholarworks.wmich.edu:jssw-2556,10.15453/0191-5096.2556,A,oai_rule,1.0,match,name,1.0,"Review of <em>Double Burden: Black Women and Everyday Racism.</em> Yanick St. Jean and Joe R. Feagin. Reviewed by Wilma Peebles-Wilkins, Boston University."
118763,The Journal of Sociology & Social Welfare,1999,oai:scholarworks.wmich.edu:jssw-2559,10.15453/0191-5096.2559,A,oai_rule,1.0,match,name,1.0,"Review of <em>Community Activism and Feminist Politics.</em> Nancy A. Naples (Ed.). Reviewed by Cheryl Hyde, San Francisco State University"
118764,The Journal of Sociology & Social Welfare,1999,oai:scholarworks.wmich.edu:jssw-2560,10.15453/0191-5096.2560,A,oai_rule,1.0,match,name,1.0,"Review of <em>Critical Gerontology: Perspectives from Political and Moral Economy.</em> Meredith Minkler and Carroll L. Estes (Eds.). Reviewed by Martin Tracy, Southern Illinois University."
118765,The Journal of Sociology & Social Welfare,1999,oai:scholarworks.wmich.edu:jssw-2558,10.15453/0191-5096.2558,A,oai_rule,1.0,match,name,1.0,"Review of <em>Through my Own Eyes: Single Mothers and the Cultures of Poverty.</em> Susan D. Holloway, Bruce Fuller, Marylee F. Rambaud and Constanza Eggers-Pierola. Reviewed by Jill Duerr-Berrick, Un"
118767,The Journal of Sociology & Social Welfare,1999,oai:scholarworks.wmich.edu:jssw-2557,10.15453/0191-5096.2557,A,oai_rule,1.0,match,name,1.0,"Review of <em>Nothing About Us Without Us: Disability, Oppression and Empowerment.</em> James I. Charlton. Reviewed by Stephanie Brzuzy, Arizona State University."
118768,The Journal of Sociology & Social Welfare,1999,oai:scholarworks.wmich.edu:jssw-2564,10.15453/0191-5096.2564,A,oai_rule,1.0,match,name,0.0,<em>Confronting Injustice and Oppression: Concepts and Strategies for Social Workers.</em> David G. Gil.
118769,The Journal of Sociology & Social Welfare,1999,oai:scholarworks.wmich.edu:jssw-2561,10.15453/0191-5096.2561,A,oai_rule,1.0,match,name,0.0,"<em>Community Building: Renewal, Well-being and Shared Responsibility.</em> Patricia L. Ewalt, Edith M. Freeman and Dennis L. Poole (Eds.)."
118770,The Journal of Sociology & Social Welfare,1999,oai:scholarworks.wmich.edu:jssw-2562,10.15453/0191-5096.2562,A,oai_rule,1.0,match,name,0.0,<em>Rural Gays and Lesbians: Building on the Strengths of Communities.</em> James D. Smith and Ronald J. Mancoske (Eds.).
118771,The Journal of Sociology & Social Welfare,1999,oai:scholarworks.wmich.edu:jssw-2563,10.15453/0191-5096.2563,A,oai_rule,1.0,match,name,0.0,<em>Workforce Development Networks: Community Based Organizations and Regional Alliances.</em> Bennett Harrison and Marcus Weiss.
118783,The Journal of Sociology & Social Welfare,1999,oai:scholarworks.wmich.edu:jssw-2578,10.15453/0191-5096.2578,A,oai_rule,1.0,match,name,1.0,"Review of <em>Conservative Social Policy: A Description and Analysis.</em> Leon Ginsberg. Reviewed by David Stoez, Virginia Commonwealth University."
118784,The Journal of Sociology & Social Welfare,1999,oai:scholarworks.wmich.edu:jssw-2582,10.15453/0191-5096.2582,A,oai_rule,1.0,match,name,0.0,<em>Fragile Families: Fragile Solutions.</em> Robert Halpern
118785,The Journal of Sociology & Social Welfare,1999,oai:scholarworks.wmich.edu:jssw-2584,10.15453/0191-5096.2584,A,oai_rule,1.0,match,name,0.0,<em>Does America Hate the Poor? The Other American Dilemma.</em> John Tropman.
118786,The Journal of Sociology & Social Welfare,1999,oai:scholarworks.wmich.edu:jssw-2577,10.15453/0191-5096.2577,A,oai_rule,1.0,match,name,1.0,"Review of <em>Big Cities in the Welfare Transition.</em> Alfred J. Hahn and Sheila B. Kamerman. Reviewed by John R. Graham, University of Calgary."
118787,The Journal of Sociology & Social Welfare,1999,oai:scholarworks.wmich.edu:jssw-2580,10.15453/0191-5096.2580,A,oai_rule,1.0,match,name,1.0,"Review of <em>The Poor Belong to Us: Catholic Charities and American Welfare.</em> Dorothy M. Brown and Elizabeth McKeown. Reviewed by Dorothy van Soest, University of Texas, Austin."
118788,The Journal of Sociology & Social Welfare,1999,oai:scholarworks.wmich.edu:jssw-2581,10.15453/0191-5096.2581,A,oai_rule,1.0,match,name,0.0,"<em>Beside the Golden Door: Policy, Politics and the Homeless.</em> James D. Wright, Beth A. Rubin and Joel A. Devine."
118789,The Journal of Sociology & Social Welfare,1999,oai:scholarworks.wmich.edu:jssw-2579,10.15453/0191-5096.2579,A,oai_rule,1.0,match,name,1.0,"Review of <em>Confronting Racism: The Problem and the Response.</em> Jennifer L. Eberhardt and Susan T. Fiske (Eds.). Reviewed by Eric Swank, Morehead State University."
118790,The Journal of Sociology & Social Welfare,1999,oai:scholarworks.wmich.edu:jssw-2583,10.15453/0191-5096.2583,A,oai_rule,1.0,match,name,0.0,<em>Privatizing Social Security.</em> Martin Feldstein (Ed.).
118798,The Journal of Sociology & Social Welfare,1999,oai:scholarworks.wmich.edu:jssw-2595,10.15453/0191-5096.2595,A,oai_rule,1.0,match,name,1.0,"Review of <em>Paradigms of Clinical Social Work, Volume 2.</em> Rachel Dorfman (ED). Reviewed by Cynthia Franklin, University of Texas, Austin."
118801,The Journal of Sociology & Social Welfare,1999,oai:scholarworks.wmich.edu:jssw-2596,10.15453/0191-5096.2596,A,oai_rule,1.0,match,name,1.0,Review of <em>Clinical and Practice Issues in Adoption: Bridging the Gap Between Adoptees Placed as Infants and as Older Children.</em> Victor Groza and Karen F Rosenberg (Eds.). Reviewed by Richard P
118802,The Journal of Sociology & Social Welfare,1999,oai:scholarworks.wmich.edu:jssw-2599,10.15453/0191-5096.2599,A,oai_rule,1.0,match,name,1.0,"Review of <em>Overcoming Welfare: Expecting More from the Poor and From Ourselves.</em> James L. Payne. Reviewed by James Midgley, University of California at Berkeley."
118803,The Journal of Sociology & Social Welfare,1999,oai:scholarworks.wmich.edu:jssw-2597,10.15453/0191-5096.2597,A,oai_rule,1.0,match,name,1.0,"Review of <em>Social Work in Rural Communities.</em> Leon H. Ginsberg (Ed.). Reviewed by Marie D. Hoff, Boise State University."
118804,The Journal of Sociology & Social Welfare,1999,oai:scholarworks.wmich.edu:jssw-2598,10.15453/0191-5096.2598,A,oai_rule,1.0,match,name,1.0,"Review of <em>Social Work with Children and their Families: Pragmatic Foundations.</em> Christopher G. Petr. Reviewed by Dorinda N. Noble, Louisiana State University."
118805,The Journal of Sociology & Social Welfare,1999,oai:scholarworks.wmich.edu:jssw-2600,10.15453/0191-5096.2600,A,oai_rule,1.0,match,name,0.0,<em>Social Work After the Americans with Disabilities Act: New Challenges and Opportunities for Social Service Professionals.</em> John T. Pardeck.
118806,The Journal of Sociology & Social Welfare,1999,oai:scholarworks.wmich.edu:jssw-2602,10.15453/0191-5096.2602,A,oai_rule,1.0,match,name,0.0,<em>Theorizing Welfare: Enlightenment and Modern Society.</em> Martin O'Brein and Sue Penna.
118807,The Journal of Sociology & Social Welfare,1999,oai:scholarworks.wmich.edu:jssw-2603,10.15453/0191-5096.2603,A,oai_rule,1.0,match,name,0.0,<em>Social Work Practice in Nontraditional Urban Settings.</em> Melvin Delgado.
118808,The Journal of Sociology & Social Welfare,1999,oai:scholarworks.wmich.edu:jssw-2601,10.15453/0191-5096.2601,A,oai_rule,1.0,match,name,0.0,<em>Contemporary Issues in Social Work: Western Europe.</em> Steven Shardlow and Malcolm Payne (Eds.).
118816,The Journal of Sociology & Social Welfare,1999,oai:scholarworks.wmich.edu:jssw-2615,10.15453/0191-5096.2615,A,oai_rule,1.0,match,name,1.0,"Review of <em>Challenges for Work and Family in the Twenty-First Century.</em> Dana Vannoy and Paula J. Dubeck (Eds.). Reviewed by Blanche Grosswald, University of California, Berkeley."
118818,The Journal of Sociology & Social Welfare,1999,oai:scholarworks.wmich.edu:jssw-2616,10.15453/0191-5096.2616,A,oai_rule,1.0,match,name,1.0,"Review of <em>Cultural Awareness in the Human Services: A Multi-Cultural Approach.</em> James Green. Reviewed by Yuhwa Eva Lu, New York University."
118820,The Journal of Sociology & Social Welfare,1999,oai:scholarworks.wmich.edu:jssw-2614,10.15453/0191-5096.2614,A,oai_rule,1.0,match,name,1.0,"Review of <em>Forming Nation: Framing Welfare.</em> Gail Lewis (Ed.). Reviewed by Leslie Leighninger, Louisiana State University"
118821,The Journal of Sociology & Social Welfare,1999,oai:scholarworks.wmich.edu:jssw-2620,10.15453/0191-5096.2620,A,oai_rule,1.0,match,name,0.0,"<em>The Politics of Retirement in Britain, 1878-1948.</em> John Macnicol."
118822,The Journal of Sociology & Social Welfare,1999,oai:scholarworks.wmich.edu:jssw-2617,10.15453/0191-5096.2617,A,oai_rule,1.0,match,name,1.0,"Review of <em>Shifting the Color Line: Race and the American Welfare State.</em> Robert C. Lieberman. Reviewed by Jill Quadagno, Florida State University"
118823,The Journal of Sociology & Social Welfare,1999,oai:scholarworks.wmich.edu:jssw-2618,10.15453/0191-5096.2618,A,oai_rule,1.0,match,name,1.0,"Review of <em>Disaster Hits Home: New Policy for Urban Housing Recovery.</em> Mary C. Comerio. Reviewed by Calvin L. Streeter, The University of Texas, Austin."
118824,The Journal of Sociology & Social Welfare,1999,oai:scholarworks.wmich.edu:jssw-2619,10.15453/0191-5096.2619,A,oai_rule,1.0,match,name,0.0,<em>Rethinking Orphanages for the 21st Century.</em> Richard B. McKenzie (Ed.).
118825,The Journal of Sociology & Social Welfare,1999,oai:scholarworks.wmich.edu:jssw-2621,10.15453/0191-5096.2621,A,oai_rule,1.0,match,name,0.0,<em>Reflections on Community Organizing: Enduring Themes and Critical Issues.</em> Jack Rothman (Ed.).
118826,The Journal of Sociology & Social Welfare,1999,oai:scholarworks.wmich.edu:jssw-2622,10.15453/0191-5096.2622,A,oai_rule,1.0,match,name,0.0,<em>Social Policy and Social Work.</em> David Denny.
118835,The Journal of Sociology & Social Welfare,2000,oai:scholarworks.wmich.edu:jssw-2634,10.15453/0191-5096.2634,A,oai_rule,1.0,match,name,1.0,"Review of <em>The East Asian Welfare Model: Welfare Orientalism and the State.</em> Roger Goodman, Gordon White and Huck-ju Kwon (Eds.). Reviewed by Kwong-leung Tang, University of Northern British Co"
118836,The Journal of Sociology & Social Welfare,2000,oai:scholarworks.wmich.edu:jssw-2637,10.15453/0191-5096.2637,A,oai_rule,1.0,match,name,1.0,"Review of <em>The Future of Child Protection.</em> Jane Waldfogel. Reviewed by Leroy H. Pelton, University of Nevada, Las Vegas."
118837,The Journal of Sociology & Social Welfare,2000,oai:scholarworks.wmich.edu:jssw-2635,10.15453/0191-5096.2635,A,oai_rule,1.0,match,name,1.0,"Review of <em>Social Security and Retirement Around the World.</em> Jonathan Gruber and David A. Wise (Eds.). Reviewed by Martin B. Tracy, Southern Illinois University."
118838,The Journal of Sociology & Social Welfare,2000,oai:scholarworks.wmich.edu:jssw-2636,10.15453/0191-5096.2636,A,oai_rule,1.0,match,name,1.0,"Review of <em>International Development.</em> David Stoesz, Charles Guzetta and Mark Lusk. Reviewed by Anthony Hall, London School of Economics and Political Science."
118839,The Journal of Sociology & Social Welfare,2000,oai:scholarworks.wmich.edu:jssw-2633,10.15453/0191-5096.2633,A,oai_rule,1.0,match,name,1.0,"Review of <em>The Global Emergence of Gay and Lesbian Politics: National Imprints of a Worldwide Movement.</em> Barry D. Adam, Jan Willem Duyvendak and Andre Krouwel (Eds.). Reviewed by Carol T. Tully"
118840,The Journal of Sociology & Social Welfare,2000,oai:scholarworks.wmich.edu:jssw-2638,10.15453/0191-5096.2638,A,oai_rule,1.0,match,name,0.0,"<em>Recasting Egalitarianism: New Rules for Communities, States and Markets.</em> Samuel Bowles and Herbert Gintis."
118841,The Journal of Sociology & Social Welfare,2000,oai:scholarworks.wmich.edu:jssw-2640,10.15453/0191-5096.2640,A,oai_rule,1.0,match,name,0.0,"<em>Society, Work and Welfare in Europe.</em> Christine Cousins."
118842,The Journal of Sociology & Social Welfare,2000,oai:scholarworks.wmich.edu:jssw-2641,10.15453/0191-5096.2641,A,oai_rule,1.0,match,name,0.0,<em>Managed Care in Human Services.</em> Stephen P. Wernet.
118843,The Journal of Sociology & Social Welfare,2000,oai:scholarworks.wmich.edu:jssw-2639,10.15453/0191-5096.2639,A,oai_rule,1.0,match,name,0.0,"<em>Revisioning Gender.</em> Myra Marx Ferree, Judith Lorber and Beth B. Hess (Eds.)."
118852,The Journal of Sociology & Social Welfare,2000,oai:scholarworks.wmich.edu:jssw-2651,10.15453/0191-5096.2651,A,oai_rule,1.0,match,name,1.0,"Review of <em>Social Security in Global Perspective.</em> John Dixon. Reviewed by Paul Terrell, University of California, Berkeley."
118853,The Journal of Sociology & Social Welfare,2000,oai:scholarworks.wmich.edu:jssw-2652,10.15453/0191-5096.2652,A,oai_rule,1.0,match,name,1.0,"Review of <em>Kids Raised by the Government.</em> Ira M. Schwartz and Gideon Fishman. Reviewed by Sherrill Clark, University of California, Berkeley."
118854,The Journal of Sociology & Social Welfare,2000,oai:scholarworks.wmich.edu:jssw-2654,10.15453/0191-5096.2654,A,oai_rule,1.0,match,name,1.0,"Review of <em>Group Work with Overwhelmed Clients.</em> June Gary Hopps and Elaine Pinderhughes. Reviewed by Charles Garvin, University of Michigan."
118855,The Journal of Sociology & Social Welfare,2000,oai:scholarworks.wmich.edu:jssw-2653,10.15453/0191-5096.2653,A,oai_rule,1.0,match,name,1.0,"Review of <em>The Internet and Technology for the Human Services.</em> Howard Karger and Joanne Levine. Reviewed by Sharon Pittman, Andrews University"
118856,The Journal of Sociology & Social Welfare,2000,oai:scholarworks.wmich.edu:jssw-2655,10.15453/0191-5096.2655,A,oai_rule,1.0,match,name,1.0,"Review of <em>Repackaging the Welfare State.</em> Pranab Chatterjee. Reviewed by Larry Nackerud, University of Georgia."
118857,The Journal of Sociology & Social Welfare,2000,oai:scholarworks.wmich.edu:jssw-2656,10.15453/0191-5096.2656,A,oai_rule,1.0,match,name,0.0,<em>So You Think I Drive a Cadillac?</em> Karen Seccombe
118858,The Journal of Sociology & Social Welfare,2000,oai:scholarworks.wmich.edu:jssw-2658,10.15453/0191-5096.2658,A,oai_rule,1.0,match,name,0.0,<em>Illusions of Prosperity: America's Working Families in an Age of Economic Insecurity.</em> Joel Blau.
118859,The Journal of Sociology & Social Welfare,2000,oai:scholarworks.wmich.edu:jssw-2657,10.15453/0191-5096.2657,A,oai_rule,1.0,match,name,0.0,"<em>The Generational Equity Debate.</em> John B. Williamson, Diane M. Watts-Roy and Eric R. Kingson (Eds.)."
118860,The Journal of Sociology & Social Welfare,2000,oai:scholarworks.wmich.edu:jssw-2659,10.15453/0191-5096.2659,A,oai_rule,1.0,match,name,0.0,<em>Why Americans Hate Welfare.</em> Martin Gilens.
118869,The Journal of Sociology & Social Welfare,2000,oai:scholarworks.wmich.edu:jssw-2670,10.15453/0191-5096.2670,A,oai_rule,1.0,match,name,1.0,"Review of <em>Handbook of Social Policy.</em> James Midgley, Martin B. Tracy and Michelle Livermore (Eds.). Reviewed by Shanti Khinduka, Washington University in St. Louis."
118870,The Journal of Sociology & Social Welfare,2000,oai:scholarworks.wmich.edu:jssw-2672,10.15453/0191-5096.2672,A,oai_rule,1.0,match,name,1.0,"Review of <em>Managing to Make it: Urban Families and Adolescent Success.</em> Frank Furstenberg Jr., Thomas D. Cook, Jacquelynne Eccles, Glen H. Elder Jr., and Arnold Sameroff. Reviewed by Deborah Pa"
118871,The Journal of Sociology & Social Welfare,2000,oai:scholarworks.wmich.edu:jssw-2671,10.15453/0191-5096.2671,A,oai_rule,1.0,match,name,1.0,"Review of <em>World's Apart: Why Poverty Persists in Rural America.</em> Cynthia Duncan. Reviewed by William Rainford, University of California, Berkely."
118872,The Journal of Sociology & Social Welfare,2000,oai:scholarworks.wmich.edu:jssw-2673,10.15453/0191-5096.2673,A,oai_rule,1.0,match,name,1.0,"Review of <em>Disposable People: New Slavery in the Global Economy.</em> Kevin Bales. Reviewed by Jo Beall,London School of Economics."
118873,The Journal of Sociology & Social Welfare,2000,oai:scholarworks.wmich.edu:jssw-2674,10.15453/0191-5096.2674,A,oai_rule,1.0,match,name,1.0,"Review of <em>Healing Communities in Conflict: International Assistance in Complex Emergencies.</em> Kimberly A. Maynard. Reviewed by Nancy Farwell, University of Washington."
118874,The Journal of Sociology & Social Welfare,2000,oai:scholarworks.wmich.edu:jssw-2675,10.15453/0191-5096.2675,A,oai_rule,1.0,match,name,1.0,"Review of <em>Doing Justice: Liberalism, Group Constructs and Individual Realities.</em> Leroy H. Pelton. Reviewed by Pranab Chatterjee, Case Western Reserve University."
118875,The Journal of Sociology & Social Welfare,2000,oai:scholarworks.wmich.edu:jssw-2676,10.15453/0191-5096.2676,A,oai_rule,1.0,match,name,0.0,<em>The Strengths of African American Families: 25 Years Later.</em> Robert B. Hill.
118876,The Journal of Sociology & Social Welfare,2000,oai:scholarworks.wmich.edu:jssw-2677,10.15453/0191-5096.2677,A,oai_rule,1.0,match,name,0.0,<em>Moving the Mountain: The Women's Movement in America Since 1960.</em> Flora Davis.
118877,The Journal of Sociology & Social Welfare,2000,oai:scholarworks.wmich.edu:jssw-2678,10.15453/0191-5096.2678,A,oai_rule,1.0,match,name,0.0,"<em>Lives on the Line: American Families and the Struggle to Make Ends Meet.</em> Martha Shirk, Neil G. Bennett and J. Lawrence Aber."
118878,The Journal of Sociology & Social Welfare,2000,oai:scholarworks.wmich.edu:jssw-2679,10.15453/0191-5096.2679,A,oai_rule,1.0,match,name,0.0,<em>Social Policy in a Changing Society.</em> Maurice Mullard and Paul Spicker.
118887,The Journal of Sociology & Social Welfare,2000,oai:scholarworks.wmich.edu:jssw-2691,10.15453/0191-5096.2691,A,oai_rule,1.0,match,name,1.0,"Review of <em>Reading Foucalt for Social Work.</em> Adrienne Chambon, Allan Irving and Laura Epstein (Eds.). Reviewed by Emilia E. Martinez-Brawely."
118888,The Journal of Sociology & Social Welfare,2000,oai:scholarworks.wmich.edu:jssw-2689,10.15453/0191-5096.2689,A,oai_rule,1.0,match,name,1.0,Review of <em>Group Work with Children and Adolescents: Prevention and Intervention in School and Community Systems.</em> Steven R. Rose. Reviewed by Bart Grossman.
118889,The Journal of Sociology & Social Welfare,2000,oai:scholarworks.wmich.edu:jssw-2690,10.15453/0191-5096.2690,A,oai_rule,1.0,match,name,1.0,Review of <em>The Social Edges of Psychoanalysis.</em> Neil J. Smelser. Reviewed by Daniel Coleman.
118890,The Journal of Sociology & Social Welfare,2000,oai:scholarworks.wmich.edu:jssw-2692,10.15453/0191-5096.2692,A,oai_rule,1.0,match,name,1.0,"Review of <em>Social Work with Lesbians, Gays and Bisexuals: A Strengths Perspective.</em> Katherine van Wormer, Joel Wells and Mary Boes. Reviewed by Ronald J. Mancoske."
118891,The Journal of Sociology & Social Welfare,2000,oai:scholarworks.wmich.edu:jssw-2694,10.15453/0191-5096.2694,A,oai_rule,1.0,match,name,0.0,<em>Kidnapped: Child Abduction in America.</em> Paula S. Fass.
118892,The Journal of Sociology & Social Welfare,2000,oai:scholarworks.wmich.edu:jssw-2693,10.15453/0191-5096.2693,A,oai_rule,1.0,match,name,1.0,Review of <em>Counseling and the Therapeutic State.</em> James J. Chriss (Ed.). Reviewed by Daniel Harkness.
118893,The Journal of Sociology & Social Welfare,2000,oai:scholarworks.wmich.edu:jssw-2695,10.15453/0191-5096.2695,A,oai_rule,1.0,match,name,0.0,<em>Adoption and Financial Assistance: Tools for Navigating the Bureaucracy.</em> Rita Laws and Tim O'Hanlon.
118894,The Journal of Sociology & Social Welfare,2000,oai:scholarworks.wmich.edu:jssw-2696,10.15453/0191-5096.2696,A,oai_rule,1.0,match,name,0.0,<em>Taking Stock: American Government in the Twentieth Century.</em> Morton Keller and R. Shep Melnick (Eds.).
118895,The Journal of Sociology & Social Welfare,2000,oai:scholarworks.wmich.edu:jssw-2697,10.15453/0191-5096.2697,A,oai_rule,1.0,match,name,0.0,<em>Policing Urban Poverty.</em> Chris Crowther.
118896,The Journal of Sociology & Social Welfare,2000,oai:scholarworks.wmich.edu:jssw-2698,10.15453/0191-5096.2698,A,oai_rule,1.0,match,name,0.0,<em>True Security: Rethinking American Social Insurance.</em> Michael J. Graetz and Jerry L. Mashaw.
118897,The Journal of Sociology & Social Welfare,2001,oai:scholarworks.wmich.edu:jssw-2702,10.15453/0191-5096.2702,A,oai_rule,1.0,match,name,1.0,Social Work and Labor: A Look at the North American Agreement on Labor Cooperation
118898,The Journal of Sociology & Social Welfare,2001,oai:scholarworks.wmich.edu:jssw-2701,10.15453/0191-5096.2701,A,oai_rule,1.0,match,name,1.0,Defining Human Services
118899,The Journal of Sociology & Social Welfare,2001,oai:scholarworks.wmich.edu:jssw-2703,10.15453/0191-5096.2703,A,oai_rule,1.0,match,name,1.0,"Crime Rates and Confidence in the Police: America's Changing Attitudes toward Crime and Police, 1972-1999"
118900,The Journal of Sociology & Social Welfare,2001,oai:scholarworks.wmich.edu:jssw-2704,10.15453/0191-5096.2704,A,oai_rule,1.0,match,name,1.0,The Effectiveness and Enforcement of a Teen Curfew Law
118901,The Journal of Sociology & Social Welfare,2001,oai:scholarworks.wmich.edu:jssw-2706,10.15453/0191-5096.2706,A,oai_rule,1.0,match,name,1.0,The Transformation of Russian Social Policy in the Transition toward a Market Economy
118902,The Journal of Sociology & Social Welfare,2001,oai:scholarworks.wmich.edu:jssw-2709,10.15453/0191-5096.2709,A,oai_rule,1.0,match,name,1.0,The Financial Vulnerability of People with Disabilities: Assessing Poverty Risks
118903,The Journal of Sociology & Social Welfare,2001,oai:scholarworks.wmich.edu:jssw-2707,10.15453/0191-5096.2707,A,oai_rule,1.0,match,name,1.0,Neighbor's Knowledge and Reaction to Suspected Child Abuse in an Urban Setting
118904,The Journal of Sociology & Social Welfare,2001,oai:scholarworks.wmich.edu:jssw-2710,10.15453/0191-5096.2710,A,oai_rule,1.0,match,name,1.0,"Review of <em>Social Security for the Excluded Majority.</em> Wouter van Ginneken (Ed.). Reviewed by Mizanur Miah, Southern Illinois University at Carbondale."
118905,The Journal of Sociology & Social Welfare,2001,oai:scholarworks.wmich.edu:jssw-2708,10.15453/0191-5096.2708,A,oai_rule,1.0,match,name,1.0,"Residential Mobility and Youth Well-Being: Research, Policy, and Practice Issues"
118906,The Journal of Sociology & Social Welfare,2001,oai:scholarworks.wmich.edu:jssw-2711,10.15453/0191-5096.2711,A,oai_rule,1.0,match,name,1.0,"Review of <em>Adolescents After Divorce.</em> Christy M. Buchanan, Eleonor E. Maccoby and Sanford M. Dornbusch. Reviewed by Dorinda Noble, Louisiana State University."
118907,The Journal of Sociology & Social Welfare,2001,oai:scholarworks.wmich.edu:jssw-2712,10.15453/0191-5096.2712,A,oai_rule,1.0,match,name,1.0,"Review of <em>Independent Practice for the Mental Health Professional: Growing a Private Practice for the 21st Century.</em> Ralph H. Earle and Dorothy J. Barnes. Reviewed by Rafael Herrera, Universit"
118908,The Journal of Sociology & Social Welfare,2001,oai:scholarworks.wmich.edu:jssw-2713,10.15453/0191-5096.2713,A,oai_rule,1.0,match,name,1.0,"Review of <em>Addictions and Native Americans.</em> Lawrence Armand French. Reviewed by Michael Gorman, San Jose State University."
118909,The Journal of Sociology & Social Welfare,2001,oai:scholarworks.wmich.edu:jssw-2714,10.15453/0191-5096.2714,A,oai_rule,1.0,match,name,1.0,"Review of <em>Medicare Reform: Issues and Answers.</em> Andrew J. Rettenmaier and Thomas R. Saving (Eds.). Reviewed by Deborah Schild Wilkinson, University of Michigan."
118910,The Journal of Sociology & Social Welfare,2001,oai:scholarworks.wmich.edu:jssw-2718,10.15453/0191-5096.2718,A,oai_rule,1.0,match,name,0.0,<em>The Newer Deal: Social Work and Religion in Partnership.</em> Raam A. Chaan with Robert J. Wineburg and Stephanie C. Boddie.
118911,The Journal of Sociology & Social Welfare,2001,oai:scholarworks.wmich.edu:jssw-2717,10.15453/0191-5096.2717,A,oai_rule,1.0,match,name,0.0,<em>What's Love Got to Do With it?: A Critical Look at American Charity.</em> David Wagner.
118912,The Journal of Sociology & Social Welfare,2001,oai:scholarworks.wmich.edu:jssw-2716,10.15453/0191-5096.2716,A,oai_rule,1.0,match,name,0.0,"<em>Poverty and Social Assistance in Transition Countries.</em> Jeanine Braithwaite, Christiaan Grootaert and Branko Milanovic."
118913,The Journal of Sociology & Social Welfare,2001,oai:scholarworks.wmich.edu:jssw-2715,10.15453/0191-5096.2715,A,oai_rule,1.0,match,name,0.0,<em>Changing Politics of Canadian Social Policy.</em> James R. Rice and Michael J. Prince.
118914,The Journal of Sociology & Social Welfare,2001,oai:scholarworks.wmich.edu:jssw-2720,10.15453/0191-5096.2720,A,oai_rule,1.0,match,name,1.0,E. Franklin Frazier's Theory of the Black Family: Vindication and Sociological Insight
118915,The Journal of Sociology & Social Welfare,2001,oai:scholarworks.wmich.edu:jssw-2721,10.15453/0191-5096.2721,A,oai_rule,1.0,match,name,1.0,Biracial Sensitive Practice: Expanding Social Services to an Invisible Population
118916,The Journal of Sociology & Social Welfare,2001,oai:scholarworks.wmich.edu:jssw-2723,10.15453/0191-5096.2723,A,oai_rule,1.0,match,name,1.0,From Plant Closure to Reemployment in the New Economy: Risks to Workers Dislocated from the Declining Garment Manufacturing Industry
118917,The Journal of Sociology & Social Welfare,2001,oai:scholarworks.wmich.edu:jssw-2722,10.15453/0191-5096.2722,A,oai_rule,1.0,match,name,1.0,"Work Values of Students and Their Success in Studying at the Study Centre for Social Work in Zagreb, Croatia"
118918,The Journal of Sociology & Social Welfare,2001,oai:scholarworks.wmich.edu:jssw-2730,10.15453/0191-5096.2730,A,oai_rule,1.0,match,name,1.0,Review of <em>Principles of Social Justice.</em> David Miller. Reviewed by Dorothy Van Soest
118919,The Journal of Sociology & Social Welfare,2001,oai:scholarworks.wmich.edu:jssw-2724,10.15453/0191-5096.2724,A,oai_rule,1.0,match,name,1.0,"Beyond the Rank and File Movement: Mary van Kleeck and Social Work Radicalism in the Great Depression, 1931-1942"
118920,The Journal of Sociology & Social Welfare,2001,oai:scholarworks.wmich.edu:jssw-2726,10.15453/0191-5096.2726,A,oai_rule,1.0,match,name,1.0,Managed Care and Social Work: Practice Implications in an Era of Change
118921,The Journal of Sociology & Social Welfare,2001,oai:scholarworks.wmich.edu:jssw-2728,10.15453/0191-5096.2728,A,oai_rule,1.0,match,name,1.0,Review of <em>The Struggle for Control of Public Education: Market Ideology vs. Democratic Values.</em> Michael Engel. Reviewed by Leon Ginsberg
118922,The Journal of Sociology & Social Welfare,2001,oai:scholarworks.wmich.edu:jssw-2729,10.15453/0191-5096.2729,A,oai_rule,1.0,match,name,1.0,Review of <em>Philanthropic Foundations for the Twentieth Century.</em> Joseph C. Kiger. Reviewed by Ralph Kramer
118923,The Journal of Sociology & Social Welfare,2001,oai:scholarworks.wmich.edu:jssw-2727,10.15453/0191-5096.2727,A,oai_rule,1.0,match,name,1.0,Changing Patterns of Acute Psychiatric Hospitalization under a Public Managed Care Program
118924,The Journal of Sociology & Social Welfare,2001,oai:scholarworks.wmich.edu:jssw-2731,10.15453/0191-5096.2731,A,oai_rule,1.0,match,name,1.0,Review of <em>Open Moral Communities.</em> Seymore J. Mandelbaum. Reviewed by Alice K. Johnson
118925,The Journal of Sociology & Social Welfare,2001,oai:scholarworks.wmich.edu:jssw-2725,10.15453/0191-5096.2725,A,oai_rule,1.0,match,name,1.0,Welfare Reform Sanctions and Financial Strain in a Food-Pantry Sample
118926,The Journal of Sociology & Social Welfare,2001,oai:scholarworks.wmich.edu:jssw-2734,10.15453/0191-5096.2734,A,oai_rule,1.0,match,name,0.0,<em>A Short History of Sociological Theory.</em> Alan Swinglewood
118927,The Journal of Sociology & Social Welfare,2001,oai:scholarworks.wmich.edu:jssw-2732,10.15453/0191-5096.2732,A,oai_rule,1.0,match,name,1.0,"Review of <em>Challenges of Urban Education: Sociological Perspectives for the Next Century.</em> Karen A. McClafferty, Carlos Alberto Torres and Theodor R. Mitchell (Eds.). Reviewed by Chad Ellett"
118928,The Journal of Sociology & Social Welfare,2001,oai:scholarworks.wmich.edu:jssw-2733,10.15453/0191-5096.2733,A,oai_rule,1.0,match,name,1.0,Review of <em>Social Work Education: Its Origins in Europe.</em> Katherine Kendall. <em>Creating a New Profession: The Beginnings of Social Work Education in the Unites States.</em> Leslie Leighninger
118929,The Journal of Sociology & Social Welfare,2001,oai:scholarworks.wmich.edu:jssw-2735,10.15453/0191-5096.2735,A,oai_rule,1.0,match,name,0.0,<em>The Female Circumcision Controversy: An Anthropoligical Perspective.</em> Ellen Greunbaum
118930,The Journal of Sociology & Social Welfare,2001,oai:scholarworks.wmich.edu:jssw-2736,10.15453/0191-5096.2736,A,oai_rule,1.0,match,name,0.0,<em>Citizenship and Migration: Globalization and the Politics of Belonging.</em> Stephen Castles and Alastair Davidson.
118931,The Journal of Sociology & Social Welfare,2001,oai:scholarworks.wmich.edu:jssw-2737,10.15453/0191-5096.2737,A,oai_rule,1.0,match,name,0.0,<em>Unemployment and Government: Genealogies of the Social.</em> William Walters
118932,The Journal of Sociology & Social Welfare,2001,oai:scholarworks.wmich.edu:jssw-2738,10.15453/0191-5096.2738,A,oai_rule,1.0,match,name,0.0,<em>The Postmodern Presidency: Bill Clinton's Legacy in U.S. Politics.</em> Steven E. Schier (Ed.)
118933,The Journal of Sociology & Social Welfare,2001,oai:scholarworks.wmich.edu:jssw-2740,10.15453/0191-5096.2740,A,oai_rule,1.0,match,name,1.0,The Impact of the Economy and Welfare Policy on Welfare Accessions: Implications for Future Reforms
118934,The Journal of Sociology & Social Welfare,2001,oai:scholarworks.wmich.edu:jssw-2741,10.15453/0191-5096.2741,A,oai_rule,1.0,match,name,1.0,The Transition from AFDC to PRWORA in Florida; Perceptions of the Role of Case Manager in Welfare Reform
118935,The Journal of Sociology & Social Welfare,2001,oai:scholarworks.wmich.edu:jssw-2742,10.15453/0191-5096.2742,A,oai_rule,1.0,match,name,1.0,A New Perspective on Families that Receive Temporary Assistance for Needy Families (TANF)
118936,The Journal of Sociology & Social Welfare,2001,oai:scholarworks.wmich.edu:jssw-2743,10.15453/0191-5096.2743,A,oai_rule,1.0,match,name,1.0,The Historical Uniqueness of the Clinton Welfare Reforms: A New Level of Social Misery?
118937,The Journal of Sociology & Social Welfare,2001,oai:scholarworks.wmich.edu:jssw-2744,10.15453/0191-5096.2744,A,oai_rule,1.0,match,name,1.0,An Exploration into Individual Development Accounts as an Anti-Poverty Strategy
118938,The Journal of Sociology & Social Welfare,2001,oai:scholarworks.wmich.edu:jssw-2745,10.15453/0191-5096.2745,A,oai_rule,1.0,match,name,1.0,"Assets, Future Orientation, and Well-Being: Exploring and Extending Sherraden's Framework"
118939,The Journal of Sociology & Social Welfare,2001,oai:scholarworks.wmich.edu:jssw-2747,10.15453/0191-5096.2747,A,oai_rule,1.0,match,name,1.0,"The Other Side of the Desk: Former Welfare Recipients Who Now Work for ""The System."""
118940,The Journal of Sociology & Social Welfare,2001,oai:scholarworks.wmich.edu:jssw-2746,10.15453/0191-5096.2746,A,oai_rule,1.0,match,name,1.0,Mental Health Needs of TANF Recipients
118941,The Journal of Sociology & Social Welfare,2001,oai:scholarworks.wmich.edu:jssw-2748,10.15453/0191-5096.2748,A,oai_rule,1.0,match,name,1.0,The Ins and Outs of Welfare-to-Work: Women as They Enter and Exit a Nursing Assistant Employment and Training Program
118942,The Journal of Sociology & Social Welfare,2001,oai:scholarworks.wmich.edu:jssw-2751,10.15453/0191-5096.2751,A,oai_rule,1.0,match,name,1.0,Review of <em>Black Working Wives: Pioneers of the American Family Revolution.</em> Bart Landry. Review by Tracey Mabrey
118943,The Journal of Sociology & Social Welfare,2001,oai:scholarworks.wmich.edu:jssw-2750,10.15453/0191-5096.2750,A,oai_rule,1.0,match,name,1.0,Using TANF Sanctions to Increase High School Graduation
118944,The Journal of Sociology & Social Welfare,2001,oai:scholarworks.wmich.edu:jssw-2749,10.15453/0191-5096.2749,A,oai_rule,1.0,match,name,1.0,Private Food Assistance in a Small Metropolitan Area: Urban Resources and Rural Needs
118945,The Journal of Sociology & Social Welfare,2001,oai:scholarworks.wmich.edu:jssw-2755,10.15453/0191-5096.2755,A,oai_rule,1.0,match,name,1.0,Review of <em>Back to Middletown: Three Generations of Sociological Reflections.</em> Rita Caccamo. Review by Robert D. Leighninger Jr.
118946,The Journal of Sociology & Social Welfare,2001,oai:scholarworks.wmich.edu:jssw-2757,10.15453/0191-5096.2757,A,oai_rule,1.0,match,name,0.0,<em>America's Struggle Against Poverty in the Twentieth Century.</em> James T. Patterson
118947,The Journal of Sociology & Social Welfare,2001,oai:scholarworks.wmich.edu:jssw-2756,10.15453/0191-5096.2756,A,oai_rule,1.0,match,name,1.0,Review of <em>The Task Planner: An Intervention Resource for Human Service Professionals.</em> William J. Reid. Review by Catheleen Jordan
118948,The Journal of Sociology & Social Welfare,2001,oai:scholarworks.wmich.edu:jssw-2758,10.15453/0191-5096.2758,A,oai_rule,1.0,match,name,0.0,<em>Ordering Lives: Family Work and Welfare.</em> Gordon Hughes and Ross Ferguson (Eds.)
118949,The Journal of Sociology & Social Welfare,2001,oai:scholarworks.wmich.edu:jssw-2752,10.15453/0191-5096.2752,A,oai_rule,1.0,match,name,1.0,Review of <em>Children as Partners in Health: A Critical Review of the Child-to-Child Approach.</em> Pat Pridmore and David Stephens. Review by Terri Combs-Orme
118950,The Journal of Sociology & Social Welfare,2001,oai:scholarworks.wmich.edu:jssw-2754,10.15453/0191-5096.2754,A,oai_rule,1.0,match,name,1.0,Review of <em>Loving across the color line: A White Adoptive Mother Learns About Race.</em> Sharon E. Rush. Review by Jill Duerr Berrick
118951,The Journal of Sociology & Social Welfare,2001,oai:scholarworks.wmich.edu:jssw-2753,10.15453/0191-5096.2753,A,oai_rule,1.0,match,name,1.0,"Review of <em>The Politics of Gay Rights.</em> Craig A. Rimmerman, Kenneth D. Wald, Clyde Wilcox (Eds.). Review by John F. Longres"
118952,The Journal of Sociology & Social Welfare,2001,oai:scholarworks.wmich.edu:jssw-2759,10.15453/0191-5096.2759,A,oai_rule,1.0,match,name,0.0,<em>Lost Fathers: The Politics of Fatherlessness in America.</em> Cynthia R. Daniels (Ed.)
118953,The Journal of Sociology & Social Welfare,2001,oai:scholarworks.wmich.edu:jssw-2760,10.15453/0191-5096.2760,A,oai_rule,1.0,match,name,0.0,"<em>A Poverty of Imagination: Bootstrap Capitalism, Sequel to Welfare Reform.</em> David Stoesz"
118954,The Journal of Sociology & Social Welfare,2001,oai:scholarworks.wmich.edu:jssw-2761,10.15453/0191-5096.2761,A,oai_rule,1.0,match,name,0.0,<em>The Juvenile Court and the Progressives.</em> Victoria Getis
118955,The Journal of Sociology & Social Welfare,2001,oai:scholarworks.wmich.edu:jssw-2767,10.15453/0191-5096.2767,A,oai_rule,1.0,match,name,1.0,Serving the Homeless: Evaluating the Effectiveness of Homeless Shelter Services
118956,The Journal of Sociology & Social Welfare,2001,oai:scholarworks.wmich.edu:jssw-2768,10.15453/0191-5096.2768,A,oai_rule,1.0,match,name,1.0,The Role of Social Capital in Reclaiming Human Capital: A Longitudinal Study of Occupational Mobility among Displaced Steelworkers
118957,The Journal of Sociology & Social Welfare,2001,oai:scholarworks.wmich.edu:jssw-2766,10.15453/0191-5096.2766,A,oai_rule,1.0,match,name,1.0,"The Impact of Privatized Management in Urban Public Housing Communities: A Comparative Analysis of Perceived Crime, Neighborhood Problems, and Personal Safety"
118958,The Journal of Sociology & Social Welfare,2001,oai:scholarworks.wmich.edu:jssw-2764,10.15453/0191-5096.2764,A,oai_rule,1.0,match,name,1.0,Family and Community Integrity
118959,The Journal of Sociology & Social Welfare,2001,oai:scholarworks.wmich.edu:jssw-2763,10.15453/0191-5096.2763,A,oai_rule,1.0,match,name,1.0,The Poverty of Hard Work: Multiple Jobs and Low Wages in Family Economies of Rural Utah Households
118960,The Journal of Sociology & Social Welfare,2001,oai:scholarworks.wmich.edu:jssw-2765,10.15453/0191-5096.2765,A,oai_rule,1.0,match,name,1.0,Group Work's Place in Social Work: A Historical Analysis
118961,The Journal of Sociology & Social Welfare,2001,oai:scholarworks.wmich.edu:jssw-2769,10.15453/0191-5096.2769,A,oai_rule,1.0,match,name,1.0,Adolescence and Old Age in Twelve Communities
118962,The Journal of Sociology & Social Welfare,2001,oai:scholarworks.wmich.edu:jssw-2772,10.15453/0191-5096.2772,A,oai_rule,1.0,match,name,1.0,The National Domestic Workers Union and the War on Poverty
118963,The Journal of Sociology & Social Welfare,2001,oai:scholarworks.wmich.edu:jssw-2771,10.15453/0191-5096.2771,A,oai_rule,1.0,match,name,1.0,Connecting Personal Biography and Social History: Women Casino Workers and the Global Economy
118964,The Journal of Sociology & Social Welfare,2001,oai:scholarworks.wmich.edu:jssw-2770,10.15453/0191-5096.2770,A,oai_rule,1.0,match,name,1.0,A Time Series Analysis of the Effect of Welfare Benefits on Earnings
118965,The Journal of Sociology & Social Welfare,2001,oai:scholarworks.wmich.edu:jssw-2773,10.15453/0191-5096.2773,A,oai_rule,1.0,match,name,1.0,Review of <em>Family Experience with Mental Illness.</em> Richard Tessler and Gail Gamache. Reviewed by James W. Callicutt
118966,The Journal of Sociology & Social Welfare,2001,oai:scholarworks.wmich.edu:jssw-2777,10.15453/0191-5096.2777,A,oai_rule,1.0,match,name,1.0,"Review of <em>New Arenas for Community Social Work Practice with Urban Youth: Use of the Arts, Humanities, and Sports.</em> Melvin Douglas. Reviewed by Julian Chow"
118967,The Journal of Sociology & Social Welfare,2001,oai:scholarworks.wmich.edu:jssw-2774,10.15453/0191-5096.2774,A,oai_rule,1.0,match,name,1.0,Review of <em>The Course of Gay and Lesbian Lives: Social and Psychoanalytical Perspectives.</em> Betram J. Cohler and Robert M. Galatzer-Levy. Reviewed by Ronald J. Mancoske 215 The Gender Division o
118968,The Journal of Sociology & Social Welfare,2001,oai:scholarworks.wmich.edu:jssw-2775,10.15453/0191-5096.2775,A,oai_rule,1.0,match,name,1.0,Review of <em>The Gender Division of Welfare: The Impact of British and German Welfare States.</em> Mary Daly. Reviewed by Rebecca A. Van Voorhis
118969,The Journal of Sociology & Social Welfare,2001,oai:scholarworks.wmich.edu:jssw-2776,10.15453/0191-5096.2776,A,oai_rule,1.0,match,name,1.0,"Review of <em>Care Work: Gender, Labour and the Welfare State.</em> Madonna Harrington Meyer (Ed.). Reviewed by Diana M. Johnson"
118970,The Journal of Sociology & Social Welfare,2001,oai:scholarworks.wmich.edu:jssw-2779,10.15453/0191-5096.2779,A,oai_rule,1.0,match,name,0.0,<em>Paths to Success: Beating the Odds in American Society.</em> Charles C. Harrington and Susan K. Boardman
118971,The Journal of Sociology & Social Welfare,2001,oai:scholarworks.wmich.edu:jssw-2778,10.15453/0191-5096.2778,A,oai_rule,1.0,match,name,0.0,"<em>Risk, Trust, and Welfare.</em> Peter Taylor Gooby (Ed.)"
118972,The Journal of Sociology & Social Welfare,2001,oai:scholarworks.wmich.edu:jssw-2781,10.15453/0191-5096.2781,A,oai_rule,1.0,match,name,0.0,<em>Visions of Charity: Volunteer Workers and Moral Community.</em> Rebecca Anne Allahyari
118973,The Journal of Sociology & Social Welfare,2001,oai:scholarworks.wmich.edu:jssw-2780,10.15453/0191-5096.2780,A,oai_rule,1.0,match,name,0.0,<em>Robbing Drug Dealers: Violence Beyond the Law.</em> Bruce A. Jacobs
118974,The Journal of Sociology & Social Welfare,2001,oai:scholarworks.wmich.edu:jssw-2782,10.15453/0191-5096.2782,A,oai_rule,1.0,match,name,0.0,<em>Declarations of Dependency: The Civic Republican Tradition in U.S. Poverty Policy.</em> Alan F. Zundel
118975,The Journal of Sociology & Social Welfare,2002,oai:scholarworks.wmich.edu:jssw-2784,10.15453/0191-5096.2784,A,oai_rule,1.0,match,name,1.0,Perspectives on Wellness: Journeys on the Red Road
118976,The Journal of Sociology & Social Welfare,2002,oai:scholarworks.wmich.edu:jssw-2785,10.15453/0191-5096.2785,A,oai_rule,1.0,match,name,1.0,Native Wellness for the New Millennium: the Impact of Gaming
118977,The Journal of Sociology & Social Welfare,2002,oai:scholarworks.wmich.edu:jssw-2786,10.15453/0191-5096.2786,A,oai_rule,1.0,match,name,1.0,"O'odham Himdag as a Source of Strength and Wellness Among the Tohono O'odham of Southern Arizona and Northern Sonora, Mexico"
118978,The Journal of Sociology & Social Welfare,2002,oai:scholarworks.wmich.edu:jssw-2790,10.15453/0191-5096.2790,A,oai_rule,1.0,match,name,1.0,E.L.D.E.R.S. Gathering for Native American Youth: Continuing Native American Traditions and Curbing Substance Abuse in Native American Youth
118979,The Journal of Sociology & Social Welfare,2002,oai:scholarworks.wmich.edu:jssw-2788,10.15453/0191-5096.2788,A,oai_rule,1.0,match,name,1.0,Envisioning a Healthy Future: A Re-becoming of Native American Men
118980,The Journal of Sociology & Social Welfare,2002,oai:scholarworks.wmich.edu:jssw-2787,10.15453/0191-5096.2787,A,oai_rule,1.0,match,name,1.0,Using Reasons for Living to Connect to American Indian Healing Traditions
118981,The Journal of Sociology & Social Welfare,2002,oai:scholarworks.wmich.edu:jssw-2791,10.15453/0191-5096.2791,A,oai_rule,1.0,match,name,1.0,"Public Voices and Public Policy: Changing the Societal Discourse on ""Welfare"""
118982,The Journal of Sociology & Social Welfare,2002,oai:scholarworks.wmich.edu:jssw-2789,10.15453/0191-5096.2789,A,oai_rule,1.0,match,name,1.0,"The Hoop of Learning: A Holistic, Multisystemic Model for Facilitating Educational Resilience among Indigenous Students"
118983,The Journal of Sociology & Social Welfare,2002,oai:scholarworks.wmich.edu:jssw-2794,10.15453/0191-5096.2794,A,oai_rule,1.0,match,name,1.0,"Review of <em>Social Work Practice with Immigrants and Refugees.</em> Pallassana, R. Balgopal (Ed.). Review by Frederick L. Ahearn, Jr."
118984,The Journal of Sociology & Social Welfare,2002,oai:scholarworks.wmich.edu:jssw-2793,10.15453/0191-5096.2793,A,oai_rule,1.0,match,name,1.0,"Review of <em>The Living Legacy of Marx, Durkheim and Weber.</em> Richard Altschuler (Ed.). Reviewed by Shana Cohen."
118985,The Journal of Sociology & Social Welfare,2002,oai:scholarworks.wmich.edu:jssw-2795,10.15453/0191-5096.2795,A,oai_rule,1.0,match,name,1.0,Review of <em>One Third of a Nation: Lorena Hickok Reports on the Great Depression.</em> Richard Lowitt and Maurine Beasley (Eds.). Review by John M. Herrick
118986,The Journal of Sociology & Social Welfare,2002,oai:scholarworks.wmich.edu:jssw-2792,10.15453/0191-5096.2792,A,oai_rule,1.0,match,name,1.0,"Race, Welfare Reform, and Nonprofit Organizations"
118987,The Journal of Sociology & Social Welfare,2002,oai:scholarworks.wmich.edu:jssw-2796,10.15453/0191-5096.2796,A,oai_rule,1.0,match,name,1.0,Review of <em>A Prelude to the Welfare State: The Origins of Workers' Compensation.</em> Price V. Fishback and Shawn Everett Kantor. Review by Christopher R. Larrison
118988,The Journal of Sociology & Social Welfare,2002,oai:scholarworks.wmich.edu:jssw-2797,10.15453/0191-5096.2797,A,oai_rule,1.0,match,name,1.0,Review of <em>Reforming Social Security for Ourselves and Our Posterity.</em> Charles P. Blahous III. Review by Martin B. Tracy
118989,The Journal of Sociology & Social Welfare,2002,oai:scholarworks.wmich.edu:jssw-2798,10.15453/0191-5096.2798,A,oai_rule,1.0,match,name,1.0,"Review of <em>Social Security and Medicare: Individual vs. Collective Risk and Responsibility.</em> Sheila Burke, Eric Kingson and Uwe Reinhart (Eds.). Review by Rick Hoefer"
118990,The Journal of Sociology & Social Welfare,2002,oai:scholarworks.wmich.edu:jssw-2802,10.15453/0191-5096.2802,A,oai_rule,1.0,match,name,0.0,<em>Liberation Sociology.</em> Joe R. Feegin and Hernan Vera.
118991,The Journal of Sociology & Social Welfare,2002,oai:scholarworks.wmich.edu:jssw-2801,10.15453/0191-5096.2801,A,oai_rule,1.0,match,name,0.0,<em>The Disability Rights Movement: From Charity to Confrontation.</em> Doris Zames Fleischer and Frieda Zames.
118992,The Journal of Sociology & Social Welfare,2002,oai:scholarworks.wmich.edu:jssw-2803,10.15453/0191-5096.2803,A,oai_rule,1.0,match,name,0.0,"<em>Sustaining the New Economy: Work, Family and Community in the Information Age.</em> Martin Carnoy."
118993,The Journal of Sociology & Social Welfare,2002,oai:scholarworks.wmich.edu:jssw-2800,10.15453/0191-5096.2800,A,oai_rule,1.0,match,name,0.0,<em>International Social Work: Professional Action in an Interdependent World.</em> Lynne M. Healy.
118994,The Journal of Sociology & Social Welfare,2002,oai:scholarworks.wmich.edu:jssw-2799,10.15453/0191-5096.2799,A,oai_rule,1.0,match,name,0.0,<em>Tripping on the Color Line: Black-White Multiracial Families in a Racially Divided World.</em> Heather M. Dalmage.
118995,The Journal of Sociology & Social Welfare,2002,oai:scholarworks.wmich.edu:jssw-2807,10.15453/0191-5096.2807,A,oai_rule,1.0,match,name,1.0,"Will Churches Respond to the Call? Religion, Civic Responsibility, and Social Service"
118996,The Journal of Sociology & Social Welfare,2002,oai:scholarworks.wmich.edu:jssw-2805,10.15453/0191-5096.2805,A,oai_rule,1.0,match,name,1.0,Disempowering Minorities: A Critique of Wilkinson's 'Task for Social Scientists and Practitioners'
118997,The Journal of Sociology & Social Welfare,2002,oai:scholarworks.wmich.edu:jssw-2806,10.15453/0191-5096.2806,A,oai_rule,1.0,match,name,1.0,Perceived Effects of Voluntarism on Marital Life in Late Adulthood
118998,The Journal of Sociology & Social Welfare,2002,oai:scholarworks.wmich.edu:jssw-2808,10.15453/0191-5096.2808,A,oai_rule,1.0,match,name,1.0,Child Support Payment and Child Visitation: Perspectives from Nonresident Fathers and Resident Mothers
118999,The Journal of Sociology & Social Welfare,2002,oai:scholarworks.wmich.edu:jssw-2809,10.15453/0191-5096.2809,A,oai_rule,1.0,match,name,1.0,"School Social Work in Hartford, Connecticut: Correcting the Historical Record"
119000,The Journal of Sociology & Social Welfare,2002,oai:scholarworks.wmich.edu:jssw-2811,10.15453/0191-5096.2811,A,oai_rule,1.0,match,name,1.0,The Disease Model of Alcoholism: A Kuhnian Paradigm
119001,The Journal of Sociology & Social Welfare,2002,oai:scholarworks.wmich.edu:jssw-2812,10.15453/0191-5096.2812,A,oai_rule,1.0,match,name,1.0,When Social Program Responsibilities Trickle Down: Impacts of Devolution on Local Human Services Provision
119002,The Journal of Sociology & Social Welfare,2002,oai:scholarworks.wmich.edu:jssw-2816,10.15453/0191-5096.2816,A,oai_rule,1.0,match,name,1.0,Review of <em>The Handbook of Social Work Research Methods.</em> Bruce A. Thyer (Ed.). Review by John G. Orme.
119003,The Journal of Sociology & Social Welfare,2002,oai:scholarworks.wmich.edu:jssw-2817,10.15453/0191-5096.2817,A,oai_rule,1.0,match,name,1.0,Review of <em>The Color of Opportunity: Pathways to Family Welfare and Work.</em> Haya Stier and Marta Tienda. Review by Eric Swank.
119004,The Journal of Sociology & Social Welfare,2002,oai:scholarworks.wmich.edu:jssw-2815,10.15453/0191-5096.2815,A,oai_rule,1.0,match,name,1.0,"Review of <em>Building Community Capacity.</em> Robert J. Chaskin, Prudence Brown, Sudhir Venkatesh and Avis Vidal. Review by Michelle Livermore."
119005,The Journal of Sociology & Social Welfare,2002,oai:scholarworks.wmich.edu:jssw-2813,10.15453/0191-5096.2813,A,oai_rule,1.0,match,name,1.0,Review of <em>Social Policy and Policymaking by the Branches of Government and the Public-at-Large.</em> Theodore J. Stein. Review by Diana M. DiNitto.
119006,The Journal of Sociology & Social Welfare,2002,oai:scholarworks.wmich.edu:jssw-2814,10.15453/0191-5096.2814,A,oai_rule,1.0,match,name,1.0,"Review of <em>Welfare and Employment in a United Europe.</em> Giuseppe Bertola, Tito Boeri and Giuseppe Nicoleti (Eds.). Review by Martin Evans."
119007,The Journal of Sociology & Social Welfare,2002,oai:scholarworks.wmich.edu:jssw-2820,10.15453/0191-5096.2820,A,oai_rule,1.0,match,name,0.0,<em>Challenges to Equality: Poverty and Race in America.</em> Chester Hartman (Ed.).
119008,The Journal of Sociology & Social Welfare,2002,oai:scholarworks.wmich.edu:jssw-2822,10.15453/0191-5096.2822,A,oai_rule,1.0,match,name,0.0,<em>An Offer you Can't Refuse: Workforce in International Perspective.</em> Ivar Lodemal and Heather Trickey (Eds.).
119009,The Journal of Sociology & Social Welfare,2002,oai:scholarworks.wmich.edu:jssw-2819,10.15453/0191-5096.2819,A,oai_rule,1.0,match,name,0.0,<em>Advocacy in the Human Services.</em> Mark Ezell.
119010,The Journal of Sociology & Social Welfare,2002,oai:scholarworks.wmich.edu:jssw-2818,10.15453/0191-5096.2818,A,oai_rule,1.0,match,name,0.0,<em>Social Inclusion: Possibilities and Tensions.</em> Peter Askonas and Angus Stewart (Eds.).
119011,The Journal of Sociology & Social Welfare,2002,oai:scholarworks.wmich.edu:jssw-2821,10.15453/0191-5096.2821,A,oai_rule,1.0,match,name,0.0,<em>Working Families: The Transformation of the American Home.</em> Rosanna Herta and Nancy L. Marshall (Eds.).
119012,The Journal of Sociology & Social Welfare,2002,oai:scholarworks.wmich.edu:jssw-2823,10.15453/0191-5096.2823,A,oai_rule,1.0,match,name,1.0,"The Clinical Irrelevance and Scientific Invalidity of the ""Minority"" Notion: Deleting it from the Social Science Vocabulary"
119013,The Journal of Sociology & Social Welfare,2002,oai:scholarworks.wmich.edu:jssw-2825,10.15453/0191-5096.2825,A,oai_rule,1.0,match,name,1.0,From Henry Street to Contracted Services: Financing the Settlement House
119014,The Journal of Sociology & Social Welfare,2002,oai:scholarworks.wmich.edu:jssw-2826,10.15453/0191-5096.2826,A,oai_rule,1.0,match,name,1.0,"""I Raised My Kids on the Bus"": Transit Shift Workers' Coping Strategies for Parenting"
119015,The Journal of Sociology & Social Welfare,2002,oai:scholarworks.wmich.edu:jssw-2827,10.15453/0191-5096.2827,A,oai_rule,1.0,match,name,1.0,Heterosexual Males: A Group Forgotten by the Profession of Social Work
119016,The Journal of Sociology & Social Welfare,2002,oai:scholarworks.wmich.edu:jssw-2828,10.15453/0191-5096.2828,A,oai_rule,1.0,match,name,1.0,Domestic Violence Law Reforms: Reactions from the Trenches
119017,The Journal of Sociology & Social Welfare,2002,oai:scholarworks.wmich.edu:jssw-2832,10.15453/0191-5096.2832,A,oai_rule,1.0,match,name,1.0,Recruitment and Foster Family Service
119018,The Journal of Sociology & Social Welfare,2002,oai:scholarworks.wmich.edu:jssw-2834,10.15453/0191-5096.2834,A,oai_rule,1.0,match,name,1.0,Review of <em>Family Group Conferencing: New Directions in Community-Centered Child and Family Practice.</em> Gail Buford and Joe Hudson (Eds.). Reviewed by Richard P. Barth.
119019,The Journal of Sociology & Social Welfare,2002,oai:scholarworks.wmich.edu:jssw-2829,10.15453/0191-5096.2829,A,oai_rule,1.0,match,name,1.0,Differential Test Performance in the American Educational System: The Impact of Race and Gender
119020,The Journal of Sociology & Social Welfare,2002,oai:scholarworks.wmich.edu:jssw-2831,10.15453/0191-5096.2831,A,oai_rule,1.0,match,name,1.0,"Beyond Welfare or Work: Teen Mothers, Household Subsistence Strategies, and Child Development Outcomes"
119021,The Journal of Sociology & Social Welfare,2002,oai:scholarworks.wmich.edu:jssw-2830,10.15453/0191-5096.2830,A,oai_rule,1.0,match,name,1.0,Designing Policies that Address the Relationship Between Woman Abuse and Economic Resources
119022,The Journal of Sociology & Social Welfare,2002,oai:scholarworks.wmich.edu:jssw-2833,10.15453/0191-5096.2833,A,oai_rule,1.0,match,name,1.0,The Increase in Incarcerations Among Women and its Impact on the Grandmother Caregiver: Some Racial Considerations
119023,The Journal of Sociology & Social Welfare,2002,oai:scholarworks.wmich.edu:jssw-2837,10.15453/0191-5096.2837,A,oai_rule,1.0,match,name,1.0,Review of <em>The Marketization of Social Security.</em> John Dixon and Mark Hyde (Eds.). Reviewed by Kwong-leung Tang.
119024,The Journal of Sociology & Social Welfare,2002,oai:scholarworks.wmich.edu:jssw-2836,10.15453/0191-5096.2836,A,oai_rule,1.0,match,name,1.0,Review of <em>In the Name of Hate: Understanding Hate Crimes.</em> Barbara Perry. Reviewed by Wilma Peebles-Wilkins.
119025,The Journal of Sociology & Social Welfare,2002,oai:scholarworks.wmich.edu:jssw-2839,10.15453/0191-5096.2839,A,oai_rule,1.0,match,name,0.0,"<em>Exchange, Action, and Social Structure: Elements of Economic Sociology.</em> Zafirovski, Milan."
119026,The Journal of Sociology & Social Welfare,2002,oai:scholarworks.wmich.edu:jssw-2835,10.15453/0191-5096.2835,A,oai_rule,1.0,match,name,1.0,Review of <em>Counseling Female Offenders and Victims: A Strengths-Restorative Approach.</em> Katherine Van Wormer. Reviewed by Elizabeth C. Pomeroy.
119027,The Journal of Sociology & Social Welfare,2002,oai:scholarworks.wmich.edu:jssw-2838,10.15453/0191-5096.2838,A,oai_rule,1.0,match,name,1.0,"Review of <em>Making it in the ""Free World"": Women in Transition from Prison.</em> Patricia O'Brien. Reviewed by Katherine van Wormer."
119028,The Journal of Sociology & Social Welfare,2002,oai:scholarworks.wmich.edu:jssw-2843,10.15453/0191-5096.2843,A,oai_rule,1.0,match,name,0.0,<em>The Promise of the Third Way: Globalization and Social Justice.</em> Otto Newman and Richard de Zoysa.
119029,The Journal of Sociology & Social Welfare,2002,oai:scholarworks.wmich.edu:jssw-2842,10.15453/0191-5096.2842,A,oai_rule,1.0,match,name,0.0,"<em>Productive Aging: Concepts and Challenges.</em> Nancy Morrow- Howell, James Hinterlong and Michael Sherraden (Eds.)."
119030,The Journal of Sociology & Social Welfare,2002,oai:scholarworks.wmich.edu:jssw-2840,10.15453/0191-5096.2840,A,oai_rule,1.0,match,name,0.0,<em>Family Diversity: Continuity and Change in the Contemporary Family.</em> Pauline Irit Erera.
119031,The Journal of Sociology & Social Welfare,2002,oai:scholarworks.wmich.edu:jssw-2841,10.15453/0191-5096.2841,A,oai_rule,1.0,match,name,0.0,"<em>Giving Meaning to Economic, Social and Cultural Rights.</em> Isfahan Merali and Valerie Oosterveld (Eds.)."
119032,The Journal of Sociology & Social Welfare,2002,oai:scholarworks.wmich.edu:jssw-2846,10.15453/0191-5096.2846,A,oai_rule,1.0,match,name,1.0,From Social Work to Human Services
119033,The Journal of Sociology & Social Welfare,2002,oai:scholarworks.wmich.edu:jssw-2845,10.15453/0191-5096.2845,A,oai_rule,1.0,match,name,1.0,Different Types of Welfare States? A Methodological Deconstruction of Comparative Research
119034,The Journal of Sociology & Social Welfare,2002,oai:scholarworks.wmich.edu:jssw-2847,10.15453/0191-5096.2847,A,oai_rule,1.0,match,name,1.0,"""For Their Own Good?"": Sex work, social control and social workers, a historical perspective"
119035,The Journal of Sociology & Social Welfare,2002,oai:scholarworks.wmich.edu:jssw-2848,10.15453/0191-5096.2848,A,oai_rule,1.0,match,name,1.0,Exploratory Research in Public Social Service Agencies: As Assessment of Dissemination and Utilization
119036,The Journal of Sociology & Social Welfare,2002,oai:scholarworks.wmich.edu:jssw-2849,10.15453/0191-5096.2849,A,oai_rule,1.0,match,name,1.0,Health Services Social Workers' Activities with People with Disabilities: Predicters of Community Practice
119037,The Journal of Sociology & Social Welfare,2002,oai:scholarworks.wmich.edu:jssw-2852,10.15453/0191-5096.2852,A,oai_rule,1.0,match,name,1.0,"Not in My Social World: A Cultural Analysis of Media Representations, Contested Spaces, and Sympathy for the Homeless"
119038,The Journal of Sociology & Social Welfare,2002,oai:scholarworks.wmich.edu:jssw-2853,10.15453/0191-5096.2853,A,oai_rule,1.0,match,name,1.0,Review of <em>Love's Revolution: Interracial Marriage.</em> Maria P. Root. Reviewed by Dianne Rush Woods.
119039,The Journal of Sociology & Social Welfare,2002,oai:scholarworks.wmich.edu:jssw-2850,10.15453/0191-5096.2850,A,oai_rule,1.0,match,name,1.0,Open for Business: Exploring the Life Stages of Two Canadian Street Youth Shelters
119040,The Journal of Sociology & Social Welfare,2002,oai:scholarworks.wmich.edu:jssw-2851,10.15453/0191-5096.2851,A,oai_rule,1.0,match,name,1.0,Assets and Neighboring: An Exploration into Household Assets and Efforts to be a Good Neighbor
119041,The Journal of Sociology & Social Welfare,2002,oai:scholarworks.wmich.edu:jssw-2856,10.15453/0191-5096.2856,A,oai_rule,1.0,match,name,1.0,"Review of <em>Children, Family and the State: Decision-making and Child Participation.</em> Nigel Thomas. Reviewed by Eileen Munro."
119042,The Journal of Sociology & Social Welfare,2002,oai:scholarworks.wmich.edu:jssw-2854,10.15453/0191-5096.2854,A,oai_rule,1.0,match,name,1.0,"Review of <em>Preserving Privilege: California Politics, Propositions, and People of Color.</em> Jewelle Taylor Gibbs and Teiahsha Bankhead. Reviewed by Devon Brooks."
119043,The Journal of Sociology & Social Welfare,2002,oai:scholarworks.wmich.edu:jssw-2857,10.15453/0191-5096.2857,A,oai_rule,1.0,match,name,1.0,"Review of <em>HIV, AIDS, and the Law.</em> Donald T. Dickson. Reviewed by Ronald J. Mancoske."
119044,The Journal of Sociology & Social Welfare,2002,oai:scholarworks.wmich.edu:jssw-2855,10.15453/0191-5096.2855,A,oai_rule,1.0,match,name,1.0,"Review of <em>Balancing Family-Centered Services and Child Well-Being: Exploring Issues in Policy, Practice, Theory, and Research.</em> Elaine Walton, Patricia Sandau-Beckler and Marc Mannes (Eds.). R"
119045,The Journal of Sociology & Social Welfare,2002,oai:scholarworks.wmich.edu:jssw-2860,10.15453/0191-5096.2860,A,oai_rule,1.0,match,name,0.0,<em>Welfare Reform: Failures and Remedies.</em> Alvin L. Schorr
119046,The Journal of Sociology & Social Welfare,2002,oai:scholarworks.wmich.edu:jssw-2859,10.15453/0191-5096.2859,A,oai_rule,1.0,match,name,0.0,<em>The Road not Taken: A History of Radical Social Work in the United States.</em> Michael Reisch and Janice Andrews
119047,The Journal of Sociology & Social Welfare,2002,oai:scholarworks.wmich.edu:jssw-2861,10.15453/0191-5096.2861,A,oai_rule,1.0,match,name,0.0,<em>Evaluating Welfare Reform in an Era of Transition.</em> Robert A. Moffitt and Michele Ver Ploeg (Eds.).
119048,The Journal of Sociology & Social Welfare,2002,oai:scholarworks.wmich.edu:jssw-2858,10.15453/0191-5096.2858,A,oai_rule,1.0,match,name,1.0,Review of <em>Consumption and Social Welfare: Living Standards and Their Distribution in the United States.</em> Daniel T. Slesnick. Reviewed by Sondra G. Beverly.
119049,The Journal of Sociology & Social Welfare,2002,oai:scholarworks.wmich.edu:jssw-2862,10.15453/0191-5096.2862,A,oai_rule,1.0,match,name,0.0,"<em>The Principles of Social Policy.</em> Robert E Drake, and Welfare Theory: An Introduction. Tony Fitzpatrick."
119050,The Journal of Sociology & Social Welfare,2002,oai:scholarworks.wmich.edu:jssw-2863,10.15453/0191-5096.2863,A,oai_rule,1.0,match,name,0.0,"<em>The New Poverty Studies: The Ethnography of Power, Politics and Impoverished People in the United States.</em> Judith Goode and Jeff Maskovsky (Eds.)."
119051,The Journal of Sociology & Social Welfare,2016,oai:scholarworks.wmich.edu:jssw-2867,10.15453/0191-5096.2867,A,oai_rule,1.0,match,name,1.0,Friends or Foes: The Impact of Political Ideology and Immigrant Friends on Anti-Immigrant Sentiment
119052,The Journal of Sociology & Social Welfare,2003,oai:scholarworks.wmich.edu:jssw-2871,10.15453/0191-5096.2871,A,oai_rule,1.0,match,name,1.0,Dorothy Smith and Knowing the World We Live In
119053,The Journal of Sociology & Social Welfare,2003,oai:scholarworks.wmich.edu:jssw-2872,10.15453/0191-5096.2872,A,oai_rule,1.0,match,name,1.0,Turning the Kaleidoscope: Telling Stories in Rhetorical Spaces
119054,The Journal of Sociology & Social Welfare,2003,oai:scholarworks.wmich.edu:jssw-2873,10.15453/0191-5096.2873,A,oai_rule,1.0,match,name,1.0,"""Are You Beginning to See A Pattern Here?"" Family and Medical Discourses Shape the Story of Black Infant Mortality"
119055,The Journal of Sociology & Social Welfare,2003,oai:scholarworks.wmich.edu:jssw-2874,10.15453/0191-5096.2874,A,oai_rule,1.0,match,name,1.0,"""For the Family"": Asian Immigrant Women's Triple Day"
119056,The Journal of Sociology & Social Welfare,2003,oai:scholarworks.wmich.edu:jssw-2877,10.15453/0191-5096.2877,A,oai_rule,1.0,match,name,1.0,Antiracism Discourse: The Ideological Circle in a Child World
119057,The Journal of Sociology & Social Welfare,2003,oai:scholarworks.wmich.edu:jssw-2875,10.15453/0191-5096.2875,A,oai_rule,1.0,match,name,1.0,"Chronic Illness and Academic Accommodation: Meeting Disabled Students' ""unique needs"" and Preserving the Institutional Order of the University"
119058,The Journal of Sociology & Social Welfare,2003,oai:scholarworks.wmich.edu:jssw-2876,10.15453/0191-5096.2876,A,oai_rule,1.0,match,name,1.0,A Child's Death: Lessons from Health Care Providers' Texts
119059,The Journal of Sociology & Social Welfare,2003,oai:scholarworks.wmich.edu:jssw-2879,10.15453/0191-5096.2879,A,oai_rule,1.0,match,name,1.0,"Review of <em>Japan's Economic Dilemma: The Institutional Origins of Prosperity and Stagnation,</em> New York: Cambridge University Press, 2001. $ 54.95 hardcover, $ 19.95 papercover. Bai Gao. Reviewe"
119060,The Journal of Sociology & Social Welfare,2003,oai:scholarworks.wmich.edu:jssw-2883,10.15453/0191-5096.2883,A,oai_rule,1.0,match,name,1.0,Review of <em>Theories for Practice: Symbolic Interactionist Translations.</em> James A. Forte. Reviewed by Daniel Coleman.
119061,The Journal of Sociology & Social Welfare,2003,oai:scholarworks.wmich.edu:jssw-2884,10.15453/0191-5096.2884,A,oai_rule,1.0,match,name,1.0,Review of <em>Starting at Home: Caring and Social Policy.</em> Nel Noddings. Reviewed by Diane M. Johnson.
119062,The Journal of Sociology & Social Welfare,2003,oai:scholarworks.wmich.edu:jssw-2880,10.15453/0191-5096.2880,A,oai_rule,1.0,match,name,1.0,Review of <em>Managing to Care: Case Management and Service System Reform.</em> Ann E. P. Dill. Reviewed by Charles D. Cowger.
119063,The Journal of Sociology & Social Welfare,2003,oai:scholarworks.wmich.edu:jssw-2882,10.15453/0191-5096.2882,A,oai_rule,1.0,match,name,1.0,"Review of <em>Developments in Swedish Social Policy: Resisting Dionysus.</em> Arthur Gould. <em>Welfare in Ireland: Actors, Resources and Strategies.</em> Michel Peillon. Reviewed by James Midgley."
119064,The Journal of Sociology & Social Welfare,2003,oai:scholarworks.wmich.edu:jssw-2885,10.15453/0191-5096.2885,A,oai_rule,1.0,match,name,0.0,"<em>Caring and Doing for Others: Social Responsibility in the Domains of Family, Work, and the Community.</em> Alice S. Rossi (Ed.)."
119065,The Journal of Sociology & Social Welfare,2003,oai:scholarworks.wmich.edu:jssw-2881,10.15453/0191-5096.2881,A,oai_rule,1.0,match,name,1.0,Review of <em>Science and Social Work: A Critical Appraisal.</em> Stuart A. Kirk and William J. Reid. Reviewed by Tony Tripodi.
119066,The Journal of Sociology & Social Welfare,2003,oai:scholarworks.wmich.edu:jssw-2886,10.15453/0191-5096.2886,A,oai_rule,1.0,match,name,0.0,<em>Transformation of the Welfare State.</em> Neil Gilbert.
119067,The Journal of Sociology & Social Welfare,2003,oai:scholarworks.wmich.edu:jssw-2888,10.15453/0191-5096.2888,A,oai_rule,1.0,match,name,0.0,<em>Contemporary Asian Communities: Intersections and Divergences.</em> Linda Trinh Vo and Rick Bonus (Eds.).
119068,The Journal of Sociology & Social Welfare,2003,oai:scholarworks.wmich.edu:jssw-2890,10.15453/0191-5096.2890,A,oai_rule,1.0,match,name,0.0,<em>Welfare Racism: Playing the Race Card Against America's Poor.</em> Kenneth J. Neubeck and Noel Cazenave.
119069,The Journal of Sociology & Social Welfare,2003,oai:scholarworks.wmich.edu:jssw-2887,10.15453/0191-5096.2887,A,oai_rule,1.0,match,name,0.0,"<em>What Works? Evidence Based Policy and Practice in Public Services.</em> Huw T.O. Davies, Sandra M. Nutley and Peter C. Smith (Eds.)."
119070,The Journal of Sociology & Social Welfare,2003,oai:scholarworks.wmich.edu:jssw-2889,10.15453/0191-5096.2889,A,oai_rule,1.0,match,name,0.0,<em>Understanding Poverty.</em> Sheldon H. Danziger and Robert H. Haveman (Eds.).
119071,The Journal of Sociology & Social Welfare,2003,oai:scholarworks.wmich.edu:jssw-2892,10.15453/0191-5096.2892,A,oai_rule,1.0,match,name,1.0,The Mommy Track: The Consequences of Gender Ideology and Aspirations on Age At First Motherhood
119072,The Journal of Sociology & Social Welfare,2003,oai:scholarworks.wmich.edu:jssw-2893,10.15453/0191-5096.2893,A,oai_rule,1.0,match,name,1.0,Changing Women: An Ethnographic Study of Homeless Mothers and Popular Education
119073,The Journal of Sociology & Social Welfare,2003,oai:scholarworks.wmich.edu:jssw-2894,10.15453/0191-5096.2894,A,oai_rule,1.0,match,name,1.0,The Settlement House Tradition: Current Trends and Future Concerns
119074,The Journal of Sociology & Social Welfare,2003,oai:scholarworks.wmich.edu:jssw-2895,10.15453/0191-5096.2895,A,oai_rule,1.0,match,name,1.0,"The First Four Months in a New Foster Placement: Psychosocial Adjustment, Parental Contact and Placement Disruption"
119075,The Journal of Sociology & Social Welfare,2003,oai:scholarworks.wmich.edu:jssw-2898,10.15453/0191-5096.2898,A,oai_rule,1.0,match,name,1.0,What's Need Got to Do with It? Barriers to Use of Nonprofit Social Services
119076,The Journal of Sociology & Social Welfare,2003,oai:scholarworks.wmich.edu:jssw-2899,10.15453/0191-5096.2899,A,oai_rule,1.0,match,name,1.0,Why Special Populations Are Not the Target of Family Preservation Services: A Case for Program Reform
119077,The Journal of Sociology & Social Welfare,2003,oai:scholarworks.wmich.edu:jssw-2896,10.15453/0191-5096.2896,A,oai_rule,1.0,match,name,1.0,Linking Welfare Clients to Jobs: Discretionary Use of Worker Social Capital
119078,The Journal of Sociology & Social Welfare,2003,oai:scholarworks.wmich.edu:jssw-2900,10.15453/0191-5096.2900,A,oai_rule,1.0,match,name,1.0,Review of <em>Diminishing Welfare: A Cross National Study of Social Provision.</em> Gertrude Schaffner Goldberg and Marguerite Rosenthal (Eds.). Reviewed by Charles Guzzetta.
119079,The Journal of Sociology & Social Welfare,2003,oai:scholarworks.wmich.edu:jssw-2901,10.15453/0191-5096.2901,A,oai_rule,1.0,match,name,1.0,"Review of <em>Drug War Heresies: Learning from Other Vices, Times & Places.</em> Robert J. MacCoun and Peter Reuter. Reviewed by Lorraine T. Midanik."
119080,The Journal of Sociology & Social Welfare,2003,oai:scholarworks.wmich.edu:jssw-2904,10.15453/0191-5096.2904,A,oai_rule,1.0,match,name,1.0,Review of <em>The Environment: Its Role in Psychosocial Functioning and Psychotherapy.</em> Carolyn Saari. Reviewed by Timothy Page.
119081,The Journal of Sociology & Social Welfare,2003,oai:scholarworks.wmich.edu:jssw-2905,10.15453/0191-5096.2905,A,oai_rule,1.0,match,name,1.0,Review of <em>Ageism: Stereotyping and Prejudice Against Older Persons.</em> Todd Nelson (Ed.). Reviewed by Nancy R. Hooyman.
119082,The Journal of Sociology & Social Welfare,2003,oai:scholarworks.wmich.edu:jssw-2903,10.15453/0191-5096.2903,A,oai_rule,1.0,match,name,1.0,Review of <em>Creating Fear: News and the Construction of a Crisis.</em> David L. Altheide. Reviewed by Allan Brawley.
119083,The Journal of Sociology & Social Welfare,2003,oai:scholarworks.wmich.edu:jssw-2906,10.15453/0191-5096.2906,A,oai_rule,1.0,match,name,1.0,Review of <em>Care Work: The Quest for Security.</em> Mary Daly (Ed.). Reviewed by Katherine van Wormer.
119084,The Journal of Sociology & Social Welfare,2003,oai:scholarworks.wmich.edu:jssw-2908,10.15453/0191-5096.2908,A,oai_rule,1.0,match,name,0.0,<em>The Funding of Scientific Racism: Wickliffe Draper and the Pioneer Fund.</em> William H. Tucker.
119085,The Journal of Sociology & Social Welfare,2003,oai:scholarworks.wmich.edu:jssw-2909,10.15453/0191-5096.2909,A,oai_rule,1.0,match,name,0.0,<em>Council on Social Work Education: Its Antecendents and First Twenty Years.</em> Katherine Kendall.
119086,The Journal of Sociology & Social Welfare,2003,oai:scholarworks.wmich.edu:jssw-2910,10.15453/0191-5096.2910,A,oai_rule,1.0,match,name,0.0,<em>Beyond the New Paternalism: Basic Security as Equality.</em> Guy Standing.
119087,The Journal of Sociology & Social Welfare,2003,oai:scholarworks.wmich.edu:jssw-2911,10.15453/0191-5096.2911,A,oai_rule,1.0,match,name,0.0,"<em>The Invisible Caring Hand: American Congregations and the Provision of Welfare.</em> Ram A. Cnaan with Stephanie C. Boddie, Femida Handy, Gaynor Yancey and Richard Schneider."
119088,The Journal of Sociology & Social Welfare,2003,oai:scholarworks.wmich.edu:jssw-2907,10.15453/0191-5096.2907,A,oai_rule,1.0,match,name,0.0,<em>Children as Pawns: The Politics of Educational Reform.</em> Timothy A. Hacsi.
119089,The Journal of Sociology & Social Welfare,2003,oai:scholarworks.wmich.edu:jssw-2912,10.15453/0191-5096.2912,A,oai_rule,1.0,match,name,0.0,<em>The New World of Welfare.</em> Rebecca Blank and Ron Haskins (Eds.).
119090,The Journal of Sociology & Social Welfare,2003,oai:scholarworks.wmich.edu:jssw-2915,10.15453/0191-5096.2915,A,oai_rule,1.0,match,name,1.0,"The Culture of Race, Class, and Poverty: The Emergence of a Cultural Discourse in Early Cold War Social Work (1946-1963)"
119091,The Journal of Sociology & Social Welfare,2003,oai:scholarworks.wmich.edu:jssw-2914,10.15453/0191-5096.2914,A,oai_rule,1.0,match,name,1.0,"Generational Equity, Generational Interdependence, and the Framing of the Debate Over Social Security Reform"
119093,The Journal of Sociology & Social Welfare,2003,oai:scholarworks.wmich.edu:jssw-2917,10.15453/0191-5096.2917,A,oai_rule,1.0,match,name,1.0,"Serving the ""Hard-to-Serve"": The Use of Clinical Knowledge in Welfare Reform"
119094,The Journal of Sociology & Social Welfare,2003,oai:scholarworks.wmich.edu:jssw-2918,10.15453/0191-5096.2918,A,oai_rule,1.0,match,name,1.0,Prevalence of Child Welfare Services Involvement among Homeless and Low-Income Mothers: A Five-year Birth Cohort Study
119095,The Journal of Sociology & Social Welfare,2003,oai:scholarworks.wmich.edu:jssw-2922,10.15453/0191-5096.2922,A,oai_rule,1.0,match,name,1.0,Review of <em>Emotionally Involved: The Impact of Researching Rape.</em> Rebecca Campbell. Reviewed by Laura S. Abrams.
119096,The Journal of Sociology & Social Welfare,2003,oai:scholarworks.wmich.edu:jssw-2921,10.15453/0191-5096.2921,A,oai_rule,1.0,match,name,1.0,Indicators for Safe Family Reunification: How Professionals Differ
119097,The Journal of Sociology & Social Welfare,2003,oai:scholarworks.wmich.edu:jssw-2920,10.15453/0191-5096.2920,A,oai_rule,1.0,match,name,1.0,The Social Problem of Depression: A Multi-theoretical Analysis
119098,The Journal of Sociology & Social Welfare,2003,oai:scholarworks.wmich.edu:jssw-2919,10.15453/0191-5096.2919,A,oai_rule,1.0,match,name,1.0,Spousal Abuse: Vietnamese Children's Reports of Parental Violence
119099,The Journal of Sociology & Social Welfare,2003,oai:scholarworks.wmich.edu:jssw-2924,10.15453/0191-5096.2924,A,oai_rule,1.0,match,name,1.0,Review of <em>The Assault on Social Policy.</em> William Roth. Reviewed by Larry Nackerud.
119100,The Journal of Sociology & Social Welfare,2003,oai:scholarworks.wmich.edu:jssw-2925,10.15453/0191-5096.2925,A,oai_rule,1.0,match,name,1.0,"Review of <em>The Making of the Chinese Industrial Workplace: State, Revolution and Labor Management.</em> Mark W. Frazier. Reviewed by M. K. Lee."
119101,The Journal of Sociology & Social Welfare,2003,oai:scholarworks.wmich.edu:jssw-2923,10.15453/0191-5096.2923,A,oai_rule,1.0,match,name,1.0,"Review of <em>Sociology of Religion: Contemporary Developments.</em> Kevin J. Christiano, William H. Swatos Jr. and Peter Kivisto. Reviewed by Ram A. Cnaan."
119102,The Journal of Sociology & Social Welfare,2003,oai:scholarworks.wmich.edu:jssw-2927,10.15453/0191-5096.2927,A,oai_rule,1.0,match,name,1.0,Review of <em>Colored White: Transcending the Racial Past.</em> David R. Roediger. Reviewed by Kurt C. Organista
119103,The Journal of Sociology & Social Welfare,2003,oai:scholarworks.wmich.edu:jssw-2926,10.15453/0191-5096.2926,A,oai_rule,1.0,match,name,1.0,"Review of <em>Tramps, Unfit Mothers and Neglected Children: Negotiating the Family in Late Nineteenth Century Philadelphia.</em> Sherri Broder. Reviewed by Leslie Leighninger."
119104,The Journal of Sociology & Social Welfare,2003,oai:scholarworks.wmich.edu:jssw-2928,10.15453/0191-5096.2928,A,oai_rule,1.0,match,name,0.0,<em>Drug Courts in Theory and Practice.</em> James L. Nolan Jr. (Ed.).
119105,The Journal of Sociology & Social Welfare,2003,oai:scholarworks.wmich.edu:jssw-2929,10.15453/0191-5096.2929,A,oai_rule,1.0,match,name,0.0,<em>Fatherhood Arrested: Parenting from Within the Juvenile Justice System.</em> Ann M. Nurse.
119106,The Journal of Sociology & Social Welfare,2003,oai:scholarworks.wmich.edu:jssw-2930,10.15453/0191-5096.2930,A,oai_rule,1.0,match,name,0.0,<em>The Distributional Aspects of Social Security and Social Security Reform.</em> Martin B. Feldstein and Jeffrey B. Liebman (Eds.).
119107,The Journal of Sociology & Social Welfare,2003,oai:scholarworks.wmich.edu:jssw-2931,10.15453/0191-5096.2931,A,oai_rule,1.0,match,name,0.0,<em>Prostitution Policy: Revolutionizing Practice through a Gendered Perspective.</em> Lenore Kuo.
119108,The Journal of Sociology & Social Welfare,2003,oai:scholarworks.wmich.edu:jssw-2932,10.15453/0191-5096.2932,A,oai_rule,1.0,match,name,0.0,<em>Practicing Sociology: Selected Fields.</em> Robert A. Dentler.
119109,The Journal of Sociology & Social Welfare,2003,oai:scholarworks.wmich.edu:jssw-2933,10.15453/0191-5096.2933,A,oai_rule,1.0,match,name,0.0,<em>Strangers and Kin: The American Way of Adoption.</em> Barbara Melosh.
119110,The Journal of Sociology & Social Welfare,2003,oai:scholarworks.wmich.edu:jssw-2936,10.15453/0191-5096.2936,A,oai_rule,1.0,match,name,1.0,American Poverty as a Structural Failing: Evidence and Arguments
119111,The Journal of Sociology & Social Welfare,2003,oai:scholarworks.wmich.edu:jssw-2937,10.15453/0191-5096.2937,A,oai_rule,1.0,match,name,1.0,Shift Work and Negative Work-to-Family Spillover
119112,The Journal of Sociology & Social Welfare,2003,oai:scholarworks.wmich.edu:jssw-2938,10.15453/0191-5096.2938,A,oai_rule,1.0,match,name,1.0,"Because a Better World Is Possible: Women Casino Workers, Union Activism and the Creation of a Just Workplace"
119113,The Journal of Sociology & Social Welfare,2003,oai:scholarworks.wmich.edu:jssw-2940,10.15453/0191-5096.2940,A,oai_rule,1.0,match,name,1.0,A Comprehensive Analysis of Sex and Race Inequities in Unemployment Insurance Benefits
119114,The Journal of Sociology & Social Welfare,2003,oai:scholarworks.wmich.edu:jssw-2939,10.15453/0191-5096.2939,A,oai_rule,1.0,match,name,1.0,Resiliency Factors Related to Substance Use/Resistance: Perceptions of Native Adolescents of the Southwest
119115,The Journal of Sociology & Social Welfare,2003,oai:scholarworks.wmich.edu:jssw-2941,10.15453/0191-5096.2941,A,oai_rule,1.0,match,name,1.0,Finding and Keeping Affordable Housing: Analyzing the Experiences of Single-Mother Families in North Philadelphia
119116,The Journal of Sociology & Social Welfare,2003,oai:scholarworks.wmich.edu:jssw-2943,10.15453/0191-5096.2943,A,oai_rule,1.0,match,name,1.0,Participants' Perceptions of the Childcare Subsidy System
119117,The Journal of Sociology & Social Welfare,2003,oai:scholarworks.wmich.edu:jssw-2944,10.15453/0191-5096.2944,A,oai_rule,1.0,match,name,1.0,Organizational Factors Contributing to Worker Frustration: The Precursor to Burnout
119118,The Journal of Sociology & Social Welfare,2003,oai:scholarworks.wmich.edu:jssw-2946,10.15453/0191-5096.2946,A,oai_rule,1.0,match,name,1.0,"Review of <em>Faithful Angels: Portraits of International Social Work Notables.</em> James O. Billups, (Ed.). Reviewed by Lynne M. Healy."
119119,The Journal of Sociology & Social Welfare,2003,oai:scholarworks.wmich.edu:jssw-2947,10.15453/0191-5096.2947,A,oai_rule,1.0,match,name,1.0,Review of <em>Workfare: Why Good Ideas Go Bad.</em> Maeve Quaid. Reviewed by Colita Nichols Fairfax.
119120,The Journal of Sociology & Social Welfare,2003,oai:scholarworks.wmich.edu:jssw-2948,10.15453/0191-5096.2948,A,oai_rule,1.0,match,name,1.0,Review of <em>A Sealed and Sacred Kinship: The Culture of Policies and Practices in American Adoption.</em> Judith S. Modell. Reviewed by Dorinda N. Noble.
119121,The Journal of Sociology & Social Welfare,2003,oai:scholarworks.wmich.edu:jssw-2945,10.15453/0191-5096.2945,A,oai_rule,1.0,match,name,1.0,Review of <em>Settlement Houses Under Siege: The Struggle to Sustain Community Organizations in New York City.</em> Michael Fabricant and Robert Fisher. Reviewed by Bill Buffum.
119122,The Journal of Sociology & Social Welfare,2003,oai:scholarworks.wmich.edu:jssw-2950,10.15453/0191-5096.2950,A,oai_rule,1.0,match,name,1.0,Review of <em>Working Parents and the Welfare State: Family Change and Policy Reform in Scandinavia.</em> Arnlaug Leira. <em>Inventing the Needy: Gender and the Politics of Welfare in Hungary.</em> Ly
119123,The Journal of Sociology & Social Welfare,2003,oai:scholarworks.wmich.edu:jssw-2951,10.15453/0191-5096.2951,A,oai_rule,1.0,match,name,0.0,<em>Globalization and Human Welfare.</em> Vic George & Paul Wilding.
119124,The Journal of Sociology & Social Welfare,2003,oai:scholarworks.wmich.edu:jssw-2952,10.15453/0191-5096.2952,A,oai_rule,1.0,match,name,0.0,<em>Single Mothers and the State: The Politics of Care in Sweden and the United States.</em> Cecilia Winkler.
119125,The Journal of Sociology & Social Welfare,2003,oai:scholarworks.wmich.edu:jssw-2949,10.15453/0191-5096.2949,A,oai_rule,1.0,match,name,1.0,"Review of <em>From Immigration Controls to Welfare Controls.</em> Steve Cohen, Beth Humphries, & Ed Mynott (Eds.). Reviewed by Miriam Potocky-Tripodi."
119126,The Journal of Sociology & Social Welfare,2003,oai:scholarworks.wmich.edu:jssw-2955,10.15453/0191-5096.2955,A,oai_rule,1.0,match,name,0.0,<em>Financialization of Daily Life.</em> Randy Martin.
119127,The Journal of Sociology & Social Welfare,2003,oai:scholarworks.wmich.edu:jssw-2954,10.15453/0191-5096.2954,A,oai_rule,1.0,match,name,0.0,"<em>Poverty Knowledge: Social Science, Social Policy and the Poor in Twentieth Century U.S. History.</em> Alice O'Connor."
119128,The Journal of Sociology & Social Welfare,2003,oai:scholarworks.wmich.edu:jssw-2953,10.15453/0191-5096.2953,A,oai_rule,1.0,match,name,0.0,<em>Life Support: The Environment and Human Health.</em> Michael McCally.
119129,The Journal of Sociology & Social Welfare,2004,oai:scholarworks.wmich.edu:jssw-2958,10.15453/0191-5096.2958,A,oai_rule,1.0,match,name,1.0,"Restorative Justice, Responsive Regulation and Social Work"
119130,The Journal of Sociology & Social Welfare,2004,oai:scholarworks.wmich.edu:jssw-2960,10.15453/0191-5096.2960,A,oai_rule,1.0,match,name,1.0,Moving Beyond the Criminal Justice Paradigm: A Radical Restorative Justice Approach to Intimate Abuse
119131,The Journal of Sociology & Social Welfare,2004,oai:scholarworks.wmich.edu:jssw-2957,10.15453/0191-5096.2957,A,oai_rule,1.0,match,name,1.0,"Restorative Justice, Responsive Regulation, and Democratic Governance"
119132,The Journal of Sociology & Social Welfare,2004,oai:scholarworks.wmich.edu:jssw-2959,10.15453/0191-5096.2959,A,oai_rule,1.0,match,name,1.0,Working Together to Stop Domestic Violence: State-Community Partnerships and the Changing Meaning of Public and Private
119133,The Journal of Sociology & Social Welfare,2004,oai:scholarworks.wmich.edu:jssw-2963,10.15453/0191-5096.2963,A,oai_rule,1.0,match,name,1.0,Family Group Conferencing in Child Welfare: Responsive and Regulatory Interfaces
119134,The Journal of Sociology & Social Welfare,2004,oai:scholarworks.wmich.edu:jssw-2962,10.15453/0191-5096.2962,A,oai_rule,1.0,match,name,1.0,Responsive Regulation in Child Welfare: Systemic Challenges to Mainstreaming the Family Group Conference
119135,The Journal of Sociology & Social Welfare,2004,oai:scholarworks.wmich.edu:jssw-2961,10.15453/0191-5096.2961,A,oai_rule,1.0,match,name,1.0,Managing Social Conflict - The Evolution of a Practical Theory
119136,The Journal of Sociology & Social Welfare,2004,oai:scholarworks.wmich.edu:jssw-2964,10.15453/0191-5096.2964,A,oai_rule,1.0,match,name,1.0,Achieving Justice in Child Protection
119137,The Journal of Sociology & Social Welfare,2004,oai:scholarworks.wmich.edu:jssw-2967,10.15453/0191-5096.2967,A,oai_rule,1.0,match,name,1.0,Families and the Republic
119138,The Journal of Sociology & Social Welfare,2004,oai:scholarworks.wmich.edu:jssw-2968,10.15453/0191-5096.2968,A,oai_rule,1.0,match,name,1.0,Review of <em>Family Health Social Work Practice: A Macro Level Approach.</em> John T. Pardeck (Ed.) Reviewed by Marsha Blachman
119139,The Journal of Sociology & Social Welfare,2004,oai:scholarworks.wmich.edu:jssw-2965,10.15453/0191-5096.2965,A,oai_rule,1.0,match,name,1.0,Sharing Power with the People: Family Group Conferencing as a Democratic Experiment
119140,The Journal of Sociology & Social Welfare,2004,oai:scholarworks.wmich.edu:jssw-2966,10.15453/0191-5096.2966,A,oai_rule,1.0,match,name,1.0,Family Involvement Interventions in Child Protection: Learning from Contextual Integrated Strategies
119141,The Journal of Sociology & Social Welfare,2004,oai:scholarworks.wmich.edu:jssw-2969,10.15453/0191-5096.2969,A,oai_rule,1.0,match,name,1.0,Review of <em>Growth and Convergence in Metropolitan America.</em> Janet Rothenberg Pack. Reviewed by Joseph A. Deering.
119142,The Journal of Sociology & Social Welfare,2004,oai:scholarworks.wmich.edu:jssw-2977,10.15453/0191-5096.2977,A,oai_rule,1.0,match,name,0.0,"<em>Rethinking Welfare: A Critical Perspective.</em> Ian Ferguson, Michael Lavalette, & Gerry Mooney."
119143,The Journal of Sociology & Social Welfare,2004,oai:scholarworks.wmich.edu:jssw-2970,10.15453/0191-5096.2970,A,oai_rule,1.0,match,name,1.0,"Review of <em>Meds, Money, and Manners: The Case Management of Severe Mental Illness.</em> Jerry Floersch Reviewed by Rafael Herrera"
119144,The Journal of Sociology & Social Welfare,2004,oai:scholarworks.wmich.edu:jssw-2975,10.15453/0191-5096.2975,A,oai_rule,1.0,match,name,0.0,"<em>From Children's Services to Children's Spaces: Public Policy, Children, and Childhood.</em> Peter Moss & Patt Petrie"
119145,The Journal of Sociology & Social Welfare,2004,oai:scholarworks.wmich.edu:jssw-2971,10.15453/0191-5096.2971,A,oai_rule,1.0,match,name,1.0,"Review of <em>Controversial Issues in Social Policy.</em> Howard Jacob Karger, James Midgley, & C Brene Brown (Eds.). Reviewed by Mizanur R. Miah."
119146,The Journal of Sociology & Social Welfare,2004,oai:scholarworks.wmich.edu:jssw-2973,10.15453/0191-5096.2973,A,oai_rule,1.0,match,name,1.0,Review of <em>Addiction Treatment: A Strengths Perspective.</em> Katherine van Wormer & Diane Rae Davis. Reviewed by Mike Gorman.
119147,The Journal of Sociology & Social Welfare,2004,oai:scholarworks.wmich.edu:jssw-2976,10.15453/0191-5096.2976,A,oai_rule,1.0,match,name,0.0,<em>Restructuring the Welfare State: Political Institutions and Policy Change.</em> Bo Rothstein & Sven Steinmo (Eds.).
119148,The Journal of Sociology & Social Welfare,2004,oai:scholarworks.wmich.edu:jssw-2972,10.15453/0191-5096.2972,A,oai_rule,1.0,match,name,1.0,"Review of <em>Engendering International Health: The Challenge of Equity.</em> Gita Sen, Asha George and Piroska Osltin (Eds.). Reviewed by Deborah Schild Wilkinson."
119149,The Journal of Sociology & Social Welfare,2004,oai:scholarworks.wmich.edu:jssw-2978,10.15453/0191-5096.2978,A,oai_rule,1.0,match,name,0.0,<em>Reaching Higher: The Power of Expectations in Schooling.</em> Rhona Weinstein.
119150,The Journal of Sociology & Social Welfare,2004,oai:scholarworks.wmich.edu:jssw-2974,10.15453/0191-5096.2974,A,oai_rule,1.0,match,name,0.0,"<em>Making Men into Fathers. Men Masculinities, and the Social Policies of Fatherhood.</em> Barbara Hobson (Ed.)."
119151,The Journal of Sociology & Social Welfare,2004,oai:scholarworks.wmich.edu:jssw-2979,10.15453/0191-5096.2979,A,oai_rule,1.0,match,name,0.0,<em>The Quiet Hand of God: Faith-based Activism and the Public Role of Mainline Protestantism.</em> Robert Wunthrow & John Evans.
119152,The Journal of Sociology & Social Welfare,2004,oai:scholarworks.wmich.edu:jssw-2982,10.15453/0191-5096.2982,A,oai_rule,1.0,match,name,1.0,"Making TANF Work: Organizational Restructuring, Staff Buy-In, and Performance Monitoring in Local Implementation"
119153,The Journal of Sociology & Social Welfare,2004,oai:scholarworks.wmich.edu:jssw-2983,10.15453/0191-5096.2983,A,oai_rule,1.0,match,name,1.0,Legislative Casework: Where Policy and Practice Intersect
119154,The Journal of Sociology & Social Welfare,2004,oai:scholarworks.wmich.edu:jssw-2981,10.15453/0191-5096.2981,A,oai_rule,1.0,match,name,1.0,Work-based Welfare as a Ritual: Understanding Marginalization in Post-Independence Lithuania
119155,The Journal of Sociology & Social Welfare,2004,oai:scholarworks.wmich.edu:jssw-2984,10.15453/0191-5096.2984,A,oai_rule,1.0,match,name,1.0,"""Won't be weighted down:"" Richard R. Wright, Jr.'s contributions to social work and social welfare"
119156,The Journal of Sociology & Social Welfare,2004,oai:scholarworks.wmich.edu:jssw-2989,10.15453/0191-5096.2989,A,oai_rule,1.0,match,name,1.0,"The Sound of Silence: Social Work, the Academy, and Iraq"
119157,The Journal of Sociology & Social Welfare,2004,oai:scholarworks.wmich.edu:jssw-2988,10.15453/0191-5096.2988,A,oai_rule,1.0,match,name,1.0,Private Food Assistance in the Deep South: Assessing Agency Directors' Knowledge of Charitable Choice
119158,The Journal of Sociology & Social Welfare,2004,oai:scholarworks.wmich.edu:jssw-2985,10.15453/0191-5096.2985,A,oai_rule,1.0,match,name,1.0,Digital Divide in Computer Access and Use Between Poor and Non-Poor Youth
119159,The Journal of Sociology & Social Welfare,2004,oai:scholarworks.wmich.edu:jssw-2986,10.15453/0191-5096.2986,A,oai_rule,1.0,match,name,1.0,Battered and on Welfare: The Experiences of Women with the Family Violence Option
119160,The Journal of Sociology & Social Welfare,2004,oai:scholarworks.wmich.edu:jssw-2987,10.15453/0191-5096.2987,A,oai_rule,1.0,match,name,1.0,"Voices from the Middle: How Performance Funding Impacts Workforce Organizations, Professionals and Customers"
119161,The Journal of Sociology & Social Welfare,2004,oai:scholarworks.wmich.edu:jssw-2994,10.15453/0191-5096.2994,A,oai_rule,1.0,match,name,1.0,"Review of <em>The Origins of Justice: The Evolution of Morality, Human Rights, and Law.</em> John O' Manique. Reviewed by Dorothy Van Soest."
119162,The Journal of Sociology & Social Welfare,2004,oai:scholarworks.wmich.edu:jssw-2995,10.15453/0191-5096.2995,A,oai_rule,1.0,match,name,1.0,Review of <em>Situational Prison Control: Crime Prevention in Correctional Institutions.</em> Richard Wortley. Reviewed by Margaret Severson.
119163,The Journal of Sociology & Social Welfare,2004,oai:scholarworks.wmich.edu:jssw-2991,10.15453/0191-5096.2991,A,oai_rule,1.0,match,name,1.0,Review of <em>Realizing Rights: Transforming Approaches to Sexual & Reproductive Well-Being.</em> Andrea Cornwall and Alice Welbourn (Eds.) Reviewed by Carol Tully.
119164,The Journal of Sociology & Social Welfare,2004,oai:scholarworks.wmich.edu:jssw-2993,10.15453/0191-5096.2993,A,oai_rule,1.0,match,name,1.0,Review of <em>Handbook of Drug Abuse Prevention: Theory Science and Practice.</em> Zili Sloboda & William J. Bukowski (Eds). Reviewed by Sean R. Hogan.
119165,The Journal of Sociology & Social Welfare,2004,oai:scholarworks.wmich.edu:jssw-2996,10.15453/0191-5096.2996,A,oai_rule,1.0,match,name,0.0,<em>The Call to Social Work: Life Stories.</em> Craig Winston LeCroy
119166,The Journal of Sociology & Social Welfare,2004,oai:scholarworks.wmich.edu:jssw-2990,10.15453/0191-5096.2990,A,oai_rule,1.0,match,name,1.0,Review of <em>The Loss of a Life Partner: Narratives of the Bereaved.</em> Carolyn Ambler Walter. Reviewed by Amanda Smith Barusch.
119167,The Journal of Sociology & Social Welfare,2004,oai:scholarworks.wmich.edu:jssw-2992,10.15453/0191-5096.2992,A,oai_rule,1.0,match,name,1.0,Review of <em>Refusing Care: Forced Treatment and the Rights of the Mentally Ill.</em> Elyn R. Saks. Reviewed by Kai J. Bentley.
119168,The Journal of Sociology & Social Welfare,2004,oai:scholarworks.wmich.edu:jssw-2999,10.15453/0191-5096.2999,A,oai_rule,1.0,match,name,0.0,<em>Aging in the New Millenium: A Global View.</em> Terry Tirrito.
119169,The Journal of Sociology & Social Welfare,2004,oai:scholarworks.wmich.edu:jssw-2997,10.15453/0191-5096.2997,A,oai_rule,1.0,match,name,0.0,<em>Pluralism at Yale: The Culture of Political Science in America.</em> Richard M. Merelman.
119170,The Journal of Sociology & Social Welfare,2004,oai:scholarworks.wmich.edu:jssw-2998,10.15453/0191-5096.2998,A,oai_rule,1.0,match,name,0.0,<em>The Welfare Marketplace: Privatization and Welfare Reform.</em> M. Byrna Sanger.
119171,The Journal of Sociology & Social Welfare,2004,oai:scholarworks.wmich.edu:jssw-3000,10.15453/0191-5096.3000,A,oai_rule,1.0,match,name,0.0,<em>The Difference Disability Makes.</em> Rod Michalko.
119172,The Journal of Sociology & Social Welfare,2004,oai:scholarworks.wmich.edu:jssw-3003,10.15453/0191-5096.3003,A,oai_rule,1.0,match,name,1.0,"Losing the ""Eyes in the Back of Our Heads"": Social Service Skills, Lean Caring, and Violence"
119173,The Journal of Sociology & Social Welfare,2004,oai:scholarworks.wmich.edu:jssw-3004,10.15453/0191-5096.3004,A,oai_rule,1.0,match,name,1.0,The Decline of the Public Intellectual in Social Work
119174,The Journal of Sociology & Social Welfare,2004,oai:scholarworks.wmich.edu:jssw-3008,10.15453/0191-5096.3008,A,oai_rule,1.0,match,name,1.0,"Supportive Communities, an Optimum Arrangement for the Older Population?"
119175,The Journal of Sociology & Social Welfare,2004,oai:scholarworks.wmich.edu:jssw-3007,10.15453/0191-5096.3007,A,oai_rule,1.0,match,name,1.0,What Mothers Want: Welfare Reform and Maternal Desire
119176,The Journal of Sociology & Social Welfare,2004,oai:scholarworks.wmich.edu:jssw-3005,10.15453/0191-5096.3005,A,oai_rule,1.0,match,name,1.0,Informal care-two-tiered care? The work of family members and friends in hospitals and cancer centres
119177,The Journal of Sociology & Social Welfare,2004,oai:scholarworks.wmich.edu:jssw-3006,10.15453/0191-5096.3006,A,oai_rule,1.0,match,name,1.0,Economic Well-being of Single Mothers: Work First or Postsecondary Education?
119178,The Journal of Sociology & Social Welfare,2004,oai:scholarworks.wmich.edu:jssw-3009,10.15453/0191-5096.3009,A,oai_rule,1.0,match,name,1.0,Self-help Group Participation and Empowerment in Hong Kong
119179,The Journal of Sociology & Social Welfare,2004,oai:scholarworks.wmich.edu:jssw-3014,10.15453/0191-5096.3014,A,oai_rule,1.0,match,name,1.0,<em>Social Work and Human Rights: A Foundation for Policy and Practice.</em> Elizabeth Reichert. Reviewed by Mel Gray.
119180,The Journal of Sociology & Social Welfare,2004,oai:scholarworks.wmich.edu:jssw-3010,10.15453/0191-5096.3010,A,oai_rule,1.0,match,name,1.0,"Review of <em>Global Decisions, Local Collisions: Urban Life in the New World Order.</em> David Ranney. Reviewed by Robert L. Boyd."
119181,The Journal of Sociology & Social Welfare,2004,oai:scholarworks.wmich.edu:jssw-3011,10.15453/0191-5096.3011,A,oai_rule,1.0,match,name,1.0,"Review of <em>The Color of Credit: Mortgage Discrimination, Research Methodology and Fair Lending Enforcement.</em> Stephen L. Ross and John Yinger. Reviewed by Howard Jacob Karger."
119182,The Journal of Sociology & Social Welfare,2004,oai:scholarworks.wmich.edu:jssw-3012,10.15453/0191-5096.3012,A,oai_rule,1.0,match,name,1.0,"Review of <em>Evaluation in Child and Family Services: Comparative Client and Program Perspectives.</em> Tiziano Vecchiato, Anthony N. Malucchio and Cinzia Canali (Eds.). Reviewed by Victor Groza."
119183,The Journal of Sociology & Social Welfare,2004,oai:scholarworks.wmich.edu:jssw-3015,10.15453/0191-5096.3015,A,oai_rule,1.0,match,name,1.0,Review of <em>Social Identities Across the Life Course.</em> Jenny Hockey and Alison James. Reviewed by Marvin D. Feit.
119184,The Journal of Sociology & Social Welfare,2004,oai:scholarworks.wmich.edu:jssw-3013,10.15453/0191-5096.3013,A,oai_rule,1.0,match,name,1.0,Review of <em>Men Who Believe in Feminism.</em> Amanda Goldrick Jones. Reviewed by Cheryl A. Hyde.
119185,The Journal of Sociology & Social Welfare,2004,oai:scholarworks.wmich.edu:jssw-3018,10.15453/0191-5096.3018,A,oai_rule,1.0,match,name,1.0,<em>The Commercialization of Intimate Life: Notes from Home and Work.</em> Arlie Russel Hochschild.
119186,The Journal of Sociology & Social Welfare,2004,oai:scholarworks.wmich.edu:jssw-3019,10.15453/0191-5096.3019,A,oai_rule,1.0,match,name,1.0,<em>Diversity Perspectives for Social Work Practice.</em> Joseph Anderson and Robin Wiggins Carter (Ed.).
119187,The Journal of Sociology & Social Welfare,2004,oai:scholarworks.wmich.edu:jssw-3017,10.15453/0191-5096.3017,A,oai_rule,1.0,match,name,1.0,<em>Remaking America's School Systems: Now Separate and Unequal.</em> Milton Schwebel.
119188,The Journal of Sociology & Social Welfare,2004,oai:scholarworks.wmich.edu:jssw-3016,10.15453/0191-5096.3016,A,oai_rule,1.0,match,name,1.0,"Review of <em>Protecting Participants and Facilitating Social and Behavioral Sciences Research.</em> Constance F Citro, Daniel R. Iglen and Cora B. Marrett (Eds.)."
119189,The Journal of Sociology & Social Welfare,2004,oai:scholarworks.wmich.edu:jssw-3020,10.15453/0191-5096.3020,A,oai_rule,1.0,match,name,1.0,"<em>Charitable Choices: Religion, Race and Poverty in the Post-Welfare Era.</em> John P. Bartkowski and Helen Regis."
119190,The Journal of Sociology & Social Welfare,2004,oai:scholarworks.wmich.edu:jssw-3021,10.15453/0191-5096.3021,A,oai_rule,1.0,match,name,1.0,<em>Rationalizing Capitalist Democracy: The Cold War Origins of Rational Choice Liberalism.</em> S. M. Amadae.
119191,The Journal of Sociology & Social Welfare,2004,oai:scholarworks.wmich.edu:jssw-3024,10.15453/0191-5096.3024,A,oai_rule,1.0,match,name,1.0,Legislating the Family: Heterosexist Bias in Social Welfare Policy Frameworks
119192,The Journal of Sociology & Social Welfare,2004,oai:scholarworks.wmich.edu:jssw-3023,10.15453/0191-5096.3023,A,oai_rule,1.0,match,name,1.0,"""Curiously Uninvolved"": Social Work and Protest against the War in Vietnam"
119193,The Journal of Sociology & Social Welfare,2004,oai:scholarworks.wmich.edu:jssw-3026,10.15453/0191-5096.3026,A,oai_rule,1.0,match,name,1.0,Examining the Relationship between Community Residents' Economic Status and the Outcomes of Community Development Programs
119194,The Journal of Sociology & Social Welfare,2004,oai:scholarworks.wmich.edu:jssw-3030,10.15453/0191-5096.3030,A,oai_rule,1.0,match,name,1.0,Adoption in the U.S.: The Emergence of a Social Movement
119195,The Journal of Sociology & Social Welfare,2004,oai:scholarworks.wmich.edu:jssw-3029,10.15453/0191-5096.3029,A,oai_rule,1.0,match,name,1.0,The Welfare Myth: Disentangling the Long-Term Effects of Poverty and Welfare Receipt for Young Single Mothers
119196,The Journal of Sociology & Social Welfare,2004,oai:scholarworks.wmich.edu:jssw-3027,10.15453/0191-5096.3027,A,oai_rule,1.0,match,name,1.0,The Benefits of Marriage Reconsidered
119197,The Journal of Sociology & Social Welfare,2004,oai:scholarworks.wmich.edu:jssw-3031,10.15453/0191-5096.3031,A,oai_rule,1.0,match,name,1.0,Intimate Partner Violence and Use of Welfare Services Among California Women
119198,The Journal of Sociology & Social Welfare,2004,oai:scholarworks.wmich.edu:jssw-3032,10.15453/0191-5096.3032,A,oai_rule,1.0,match,name,1.0,Cleavage in American Attitudes toward Social Welfare
119199,The Journal of Sociology & Social Welfare,2004,oai:scholarworks.wmich.edu:jssw-3028,10.15453/0191-5096.3028,A,oai_rule,1.0,match,name,1.0,Measuring and indigenizing social capital in relation to children's street work in Mexico: The role of culture in shaping social capital indicators
119200,The Journal of Sociology & Social Welfare,2004,oai:scholarworks.wmich.edu:jssw-3033,10.15453/0191-5096.3033,A,oai_rule,1.0,match,name,1.0,"Review of <em>Assessing Outcomes in Child and Family Services: Comparative Design and Policy Issues.</em> Anthony N. Malucchio, Cinzia Canali and Tiziano Vecchiato (Eds.) Reviewed by Sherill Clark."
119201,The Journal of Sociology & Social Welfare,2004,oai:scholarworks.wmich.edu:jssw-3034,10.15453/0191-5096.3034,A,oai_rule,1.0,match,name,1.0,Review of <em>Why I Burned My Book and Other Essays on Disability.</em> Paul K. Longmore. Reviewed by Juliet Rothman.
119202,The Journal of Sociology & Social Welfare,2004,oai:scholarworks.wmich.edu:jssw-3036,10.15453/0191-5096.3036,A,oai_rule,1.0,match,name,1.0,Review of <em>Newcomers to Old Towns: Suburbanization of the Heartland.</em> Sonya Salamon. Reviewed by Joseph Deering.
119203,The Journal of Sociology & Social Welfare,2004,oai:scholarworks.wmich.edu:jssw-3035,10.15453/0191-5096.3035,A,oai_rule,1.0,match,name,1.0,Review of <em>Western Welfare in Decline: Globalization and Women's Poverty.</em> Catherine Kingfisher. Reviewed by Silvia Borzutsky.
119204,The Journal of Sociology & Social Welfare,2004,oai:scholarworks.wmich.edu:jssw-3037,10.15453/0191-5096.3037,A,oai_rule,1.0,match,name,1.0,"Review of <em>Crime, Control and Social Justice: A Delicate Balance.</em> Darnell F Hawkins, Samuel L. Meyers, Jr. and Randolph N. Stone (Eds.). Reviewed by Elizabeth Pomeroy."
119205,The Journal of Sociology & Social Welfare,2004,oai:scholarworks.wmich.edu:jssw-3039,10.15453/0191-5096.3039,A,oai_rule,1.0,match,name,1.0,<em>Seasons Such as These: How Homelessness Took Shape in America.</em> Cynthia J. Bogard.
119206,The Journal of Sociology & Social Welfare,2004,oai:scholarworks.wmich.edu:jssw-3038,10.15453/0191-5096.3038,A,oai_rule,1.0,match,name,1.0,"Review of <em>The Persistence of Poverty in the United States.</em> Garth L. Mangum, Stephen L. Mangum and Andrew M. Sum. </em>The Two-income Trap: Why Middle Class Mothers and Fathers are Going Broke"
119207,The Journal of Sociology & Social Welfare,2004,oai:scholarworks.wmich.edu:jssw-3041,10.15453/0191-5096.3041,A,oai_rule,1.0,match,name,1.0,"<em>Drugs, Alcohol and Social Problems.</em> James D. Orcut and David R. Rudy (Eds.)."
119208,The Journal of Sociology & Social Welfare,2004,oai:scholarworks.wmich.edu:jssw-3040,10.15453/0191-5096.3040,A,oai_rule,1.0,match,name,1.0,"<em>Social Work and Aging in an Aging Society: Education, Policy, Practice and Research.</em> Barbara Berkman and Linda Harootyan (Eds.)."
119209,The Journal of Sociology & Social Welfare,2004,oai:scholarworks.wmich.edu:jssw-3042,10.15453/0191-5096.3042,A,oai_rule,1.0,match,name,1.0,<em>Regressive Taxation and the Welfare State: Path Dependence and Policy Diffusion.</em> Junko Kato.
119210,The Journal of Sociology & Social Welfare,2004,oai:scholarworks.wmich.edu:jssw-3043,10.15453/0191-5096.3043,A,oai_rule,1.0,match,name,1.0,"<em>Public Pensions: Gender and Civic Service in the States, 1850-1937.</em> Susan M. Sterett."
119211,The Journal of Sociology & Social Welfare,2005,oai:scholarworks.wmich.edu:jssw-3048,10.15453/0191-5096.3048,A,oai_rule,1.0,match,name,1.0,Grandfathers and The Impact of Raising Grandchildren
119212,The Journal of Sociology & Social Welfare,2005,oai:scholarworks.wmich.edu:jssw-3046,10.15453/0191-5096.3046,A,oai_rule,1.0,match,name,1.0,Meeting the Needs of Older Men: Challenges for Those in Helping Professions
119213,The Journal of Sociology & Social Welfare,2005,oai:scholarworks.wmich.edu:jssw-3045,10.15453/0191-5096.3045,A,oai_rule,1.0,match,name,1.0,"Aging and Older Men: Thoughts, Reflections and Issues: Introduction"
119214,The Journal of Sociology & Social Welfare,2005,oai:scholarworks.wmich.edu:jssw-3049,10.15453/0191-5096.3049,A,oai_rule,1.0,match,name,1.0,The Peculiarities of Men Aging: A Collection of Anecdotes
119215,The Journal of Sociology & Social Welfare,2005,oai:scholarworks.wmich.edu:jssw-3047,10.15453/0191-5096.3047,A,oai_rule,1.0,match,name,1.0,Shifting Identity: Process and Change in Identity of Aging Mexican-American Males
119216,The Journal of Sociology & Social Welfare,2005,oai:scholarworks.wmich.edu:jssw-3050,10.15453/0191-5096.3050,A,oai_rule,1.0,match,name,1.0,Social Security and the African American Male (A Cash Transfer System)
119217,The Journal of Sociology & Social Welfare,2005,oai:scholarworks.wmich.edu:jssw-3051,10.15453/0191-5096.3051,A,oai_rule,1.0,match,name,1.0,Viagra: Medical Technology Constructing Aging Masculinity
119218,The Journal of Sociology & Social Welfare,2005,oai:scholarworks.wmich.edu:jssw-3053,10.15453/0191-5096.3053,A,oai_rule,1.0,match,name,1.0,Honoring the Elders: Interviews with Two Lakota Men
119219,The Journal of Sociology & Social Welfare,2005,oai:scholarworks.wmich.edu:jssw-3052,10.15453/0191-5096.3052,A,oai_rule,1.0,match,name,1.0,Principles of Clinical Practice with Older Men
119220,The Journal of Sociology & Social Welfare,2005,oai:scholarworks.wmich.edu:jssw-3055,10.15453/0191-5096.3055,A,oai_rule,1.0,match,name,1.0,Review of <em>Gender and the Social Gospel.</em> Wendy J. Deichman Edwards and Carolyn De Swarte Giffors (Eds.). Reviewed by John Herrick.
119221,The Journal of Sociology & Social Welfare,2005,oai:scholarworks.wmich.edu:jssw-3056,10.15453/0191-5096.3056,A,oai_rule,1.0,match,name,1.0,"Review of <em>The Changing of the Guard: Lesbian and Gay Elders, Identity and Social Change.</em> Dana Rosenfeld. Reviewed by John F. Longres."
119222,The Journal of Sociology & Social Welfare,2005,oai:scholarworks.wmich.edu:jssw-3054,10.15453/0191-5096.3054,A,oai_rule,1.0,match,name,1.0,The Contemporary Older Man: Summary and Discussion
119223,The Journal of Sociology & Social Welfare,2005,oai:scholarworks.wmich.edu:jssw-3057,10.15453/0191-5096.3057,A,oai_rule,1.0,match,name,1.0,"Review of <em>Health Policy in a Globalising World.</em> Kelley Lee, Kent Buse and Suzanne Fustukian (Eds.). Reviewed by Mizanur R. Miah."
119224,The Journal of Sociology & Social Welfare,2005,oai:scholarworks.wmich.edu:jssw-3058,10.15453/0191-5096.3058,A,oai_rule,1.0,match,name,1.0,"Review of <em>Gangs and Society: Alternative Perspectives.</em> Louis Kontos, David Brotherton and Luis Barrios (Eds.). Reviewed by Matthew T. Theriot."
119225,The Journal of Sociology & Social Welfare,2005,oai:scholarworks.wmich.edu:jssw-3061,10.15453/0191-5096.3061,A,oai_rule,1.0,match,name,0.0,"<em>A History of Public Sector Pensions in the United States.</em> Robert L. Clark, Lee A. Craig and Jack W. Wilson."
119226,The Journal of Sociology & Social Welfare,2005,oai:scholarworks.wmich.edu:jssw-3062,10.15453/0191-5096.3062,A,oai_rule,1.0,match,name,0.0,<em>Adopting Maternity: White Women who Adopt Transracially and Transnationally.</em> Nora Rose Moosnick.
119227,The Journal of Sociology & Social Welfare,2005,oai:scholarworks.wmich.edu:jssw-3063,10.15453/0191-5096.3063,A,oai_rule,1.0,match,name,0.0,<em>A Short History of Distributive Justice.</em> Samuel Fleischacker.
119228,The Journal of Sociology & Social Welfare,2005,oai:scholarworks.wmich.edu:jssw-3064,10.15453/0191-5096.3064,A,oai_rule,1.0,match,name,0.0,"<em>Reflecting on Social Work: Discipline and Profession.</em> Robin Lovelock, Karen Lyons and Jackie Powell (Eds.)."
119229,The Journal of Sociology & Social Welfare,2005,oai:scholarworks.wmich.edu:jssw-3065,10.15453/0191-5096.3065,A,oai_rule,1.0,match,name,0.0,<em>Globalization: Culture and Education in the New Millenium.</em> Marcelo M. Suarez-Orozco and Desiree Baolian Qin-Hilliard (Eds.).
119230,The Journal of Sociology & Social Welfare,2005,oai:scholarworks.wmich.edu:jssw-3066,10.15453/0191-5096.3066,A,oai_rule,1.0,match,name,0.0,<em>The Practicum Companion for Social Work: Integrating Class and Field Work.</em> Marla Berg-Weger and Julie Birkenmaier.
119231,The Journal of Sociology & Social Welfare,2005,oai:scholarworks.wmich.edu:jssw-3059,10.15453/0191-5096.3059,A,oai_rule,1.0,match,name,1.0,Review of <em>At Work in the Iron Cage: The Prison as Gendered Organization.</em> Dana M. Britton. Reviewed by Katherine van Wormer.
119232,The Journal of Sociology & Social Welfare,2005,oai:scholarworks.wmich.edu:jssw-3060,10.15453/0191-5096.3060,A,oai_rule,1.0,match,name,1.0,Review of <em>Being Homeless: Textual and Narrative Constructions.</em> Amir B. Marvasti. Reviewed by John Q. Hodges.
119233,The Journal of Sociology & Social Welfare,2005,oai:scholarworks.wmich.edu:jssw-3069,10.15453/0191-5096.3069,A,oai_rule,1.0,match,name,1.0,Family Structure Effects on Parenting Stress and Practices in the African American Family
119234,The Journal of Sociology & Social Welfare,2005,oai:scholarworks.wmich.edu:jssw-3072,10.15453/0191-5096.3072,A,oai_rule,1.0,match,name,1.0,Gender Poverty Disparity in US Cities: Evidence Exonerating Female-Headed Families
119235,The Journal of Sociology & Social Welfare,2005,oai:scholarworks.wmich.edu:jssw-3070,10.15453/0191-5096.3070,A,oai_rule,1.0,match,name,1.0,The Poverty of Unattached Senior Women and the Canadian Retirement Income System: A Matter of Blame or Contradiction?
119236,The Journal of Sociology & Social Welfare,2005,oai:scholarworks.wmich.edu:jssw-3071,10.15453/0191-5096.3071,A,oai_rule,1.0,match,name,1.0,Aging and Family Policy: A Sociological Excursion
119237,The Journal of Sociology & Social Welfare,2005,oai:scholarworks.wmich.edu:jssw-3073,10.15453/0191-5096.3073,A,oai_rule,1.0,match,name,1.0,Theories of Urban Poverty and Implications for Public Housing Policy
119238,The Journal of Sociology & Social Welfare,2005,oai:scholarworks.wmich.edu:jssw-3074,10.15453/0191-5096.3074,A,oai_rule,1.0,match,name,1.0,Taking a Juvenile into Custody: Situational Factors that Influence Police Officers' Decisions
119239,The Journal of Sociology & Social Welfare,2005,oai:scholarworks.wmich.edu:jssw-3075,10.15453/0191-5096.3075,A,oai_rule,1.0,match,name,1.0,For the Children: Accounting for Careers in Child Protective Services
119240,The Journal of Sociology & Social Welfare,2005,oai:scholarworks.wmich.edu:jssw-3081,10.15453/0191-5096.3081,A,oai_rule,1.0,match,name,1.0,Review of <em>Social Security Programs and Retirement Around the World: Micro Estimation.</em> Jonathan Gruber and David A. Wise (Eds.). Reviewed by John B. Williamson.
119241,The Journal of Sociology & Social Welfare,2005,oai:scholarworks.wmich.edu:jssw-3077,10.15453/0191-5096.3077,A,oai_rule,1.0,match,name,1.0,Review of <em>Kids and Media in America.</em> Donald F. Roberts and Ulla G. Foehr. Reviewed Allan Brawley.
119242,The Journal of Sociology & Social Welfare,2005,oai:scholarworks.wmich.edu:jssw-3076,10.15453/0191-5096.3076,A,oai_rule,1.0,match,name,1.0,Engendering Citizenship? A Critical Feminist Analysis of Canadian Welfare-to-Work Policies and the Employment Experiences of Lone Mothers
119243,The Journal of Sociology & Social Welfare,2005,oai:scholarworks.wmich.edu:jssw-3082,10.15453/0191-5096.3082,A,oai_rule,1.0,match,name,1.0,Review of <em>Home Bound: Growing Up with a Disability in America.</em> Cass Irvin. Reviewed by Elizabeth Lightfoot.
119244,The Journal of Sociology & Social Welfare,2005,oai:scholarworks.wmich.edu:jssw-3079,10.15453/0191-5096.3079,A,oai_rule,1.0,match,name,1.0,Review of <em>Inequality in America: What Role for Human Capital Policies.</em> James J. Hechman and Alan B. Krueger. Reviewed by Sondra Beverly.
119245,The Journal of Sociology & Social Welfare,2005,oai:scholarworks.wmich.edu:jssw-3078,10.15453/0191-5096.3078,A,oai_rule,1.0,match,name,1.0,"Review of <em>Coming Home? Refugees, Migrants and Those Who Stayed at Home.</em> Lynellyn D. Long and Ellen Oxfeld (Eds.). Reviewed by Miriam Potocky-Tripodi."
119246,The Journal of Sociology & Social Welfare,2005,oai:scholarworks.wmich.edu:jssw-3080,10.15453/0191-5096.3080,A,oai_rule,1.0,match,name,1.0,Review of <em>Developing Practice Guidelines for Social Work Intervention.</em> Aaron Rosen and Enola K. Proctor (Eds.). Reviewed by Eric R. Hardiman.
119247,The Journal of Sociology & Social Welfare,2005,oai:scholarworks.wmich.edu:jssw-3084,10.15453/0191-5096.3084,A,oai_rule,1.0,match,name,0.0,"<em>Global Environmentalism and Local Politics: Transnational Advocacy Networks in Brazil, Ecuador, and India.</em> Maria Guadalupe Moog Rodrigues."
119248,The Journal of Sociology & Social Welfare,2005,oai:scholarworks.wmich.edu:jssw-3085,10.15453/0191-5096.3085,A,oai_rule,1.0,match,name,0.0,<em>Partnering for Change: Unions and Community Groups Build Coalitions for Economic Justice.</em> David B. Reynolds (Ed.).
119249,The Journal of Sociology & Social Welfare,2005,oai:scholarworks.wmich.edu:jssw-3083,10.15453/0191-5096.3083,A,oai_rule,1.0,match,name,0.0,"<em>Fatherhood Politics in the United States: Masculinity, Sexuality, Race and Marriage.</em> Anna Gavanas."
119250,The Journal of Sociology & Social Welfare,2005,oai:scholarworks.wmich.edu:jssw-3086,10.15453/0191-5096.3086,A,oai_rule,1.0,match,name,0.0,<em>The Mystery of Economic Growth.</em> Elhanan Helpman.
119251,The Journal of Sociology & Social Welfare,2005,oai:scholarworks.wmich.edu:jssw-3087,10.15453/0191-5096.3087,A,oai_rule,1.0,match,name,0.0,<em>The Welfare Experiments: Politics and Policy Evaluation.</em> Robin H. Rogers-Dillon.
119252,The Journal of Sociology & Social Welfare,2005,oai:scholarworks.wmich.edu:jssw-3090,10.15453/0191-5096.3090,A,oai_rule,1.0,match,name,1.0,Culture as Deficit: A Critical Discourse Analysis of the Concept of Culture in Contemporary Social Work Discourse
119253,The Journal of Sociology & Social Welfare,2005,oai:scholarworks.wmich.edu:jssw-3089,10.15453/0191-5096.3089,A,oai_rule,1.0,match,name,1.0,Education Problems with Urban Migratory Children in China
119254,The Journal of Sociology & Social Welfare,2005,oai:scholarworks.wmich.edu:jssw-3091,10.15453/0191-5096.3091,A,oai_rule,1.0,match,name,1.0,Applying Rawlsian Social Justice to Welfare Reform: An Unexpected Finding for Social Work
119255,The Journal of Sociology & Social Welfare,2005,oai:scholarworks.wmich.edu:jssw-3092,10.15453/0191-5096.3092,A,oai_rule,1.0,match,name,1.0,English Non-Fluency and Income Penalty for Hispanic Workers
119256,The Journal of Sociology & Social Welfare,2005,oai:scholarworks.wmich.edu:jssw-3096,10.15453/0191-5096.3096,A,oai_rule,1.0,match,name,1.0,Saving for Post-Secondary Education in Individual Development Accounts
119257,The Journal of Sociology & Social Welfare,2005,oai:scholarworks.wmich.edu:jssw-3095,10.15453/0191-5096.3095,A,oai_rule,1.0,match,name,1.0,Is Inter-Organizational Collaboration Always a Good Thing?
119258,The Journal of Sociology & Social Welfare,2005,oai:scholarworks.wmich.edu:jssw-3093,10.15453/0191-5096.3093,A,oai_rule,1.0,match,name,1.0,"Reforming Welfare Reform Postsecondary Education Policy: Two State Case Studies in Political Culture, Organizing, and Advocacy"
119259,The Journal of Sociology & Social Welfare,2005,oai:scholarworks.wmich.edu:jssw-3094,10.15453/0191-5096.3094,A,oai_rule,1.0,match,name,1.0,Implications of Media Scrutiny for a Child Protection Agency
119260,The Journal of Sociology & Social Welfare,2005,oai:scholarworks.wmich.edu:jssw-3097,10.15453/0191-5096.3097,A,oai_rule,1.0,match,name,1.0,Welfare Recipients Attending College: The Interplay of Oppression and Resistance
119261,The Journal of Sociology & Social Welfare,2005,oai:scholarworks.wmich.edu:jssw-3099,10.15453/0191-5096.3099,A,oai_rule,1.0,match,name,1.0,Review of <em>Voices from the Edge: Narratives about the Americans with Disabilities Act.</em> Ruth O'Brien. Reviewed by Juliet C. Rothman.
119262,The Journal of Sociology & Social Welfare,2005,oai:scholarworks.wmich.edu:jssw-3105,10.15453/0191-5096.3105,A,oai_rule,1.0,match,name,0.0,<em>A Handbook of Comparative Social Policy.</em> Patricia Kennett (Ed.).
119263,The Journal of Sociology & Social Welfare,2005,oai:scholarworks.wmich.edu:jssw-3098,10.15453/0191-5096.3098,A,oai_rule,1.0,match,name,1.0,Review of Social Work: Theory and Practice for a Changing Profession. Lena Dominelli. Reviewed by Mel Gray.
119264,The Journal of Sociology & Social Welfare,2005,oai:scholarworks.wmich.edu:jssw-3101,10.15453/0191-5096.3101,A,oai_rule,1.0,match,name,1.0,Review of <em>Technology and the African American Experience: Needs and Opportunities for Study.</em> Bruce Sinclair (Ed.). Reviewed by John McNutt.
119265,The Journal of Sociology & Social Welfare,2005,oai:scholarworks.wmich.edu:jssw-3103,10.15453/0191-5096.3103,A,oai_rule,1.0,match,name,1.0,Review of <em>Lessons from Abroad: Adapting International Social Welfare Innovations.</em> M. C. Hokenstad and James Midgley (Eds.). Reviewed by Doreen Elliott.
119266,The Journal of Sociology & Social Welfare,2005,oai:scholarworks.wmich.edu:jssw-3100,10.15453/0191-5096.3100,A,oai_rule,1.0,match,name,1.0,Review of <em>The Decline of Life: Old Age in Eighteenth-Century England.</em> Susannah R. Ottaway. Reviewed by John M. Herrick.
119267,The Journal of Sociology & Social Welfare,2005,oai:scholarworks.wmich.edu:jssw-3104,10.15453/0191-5096.3104,A,oai_rule,1.0,match,name,1.0,<em>Migration and Immigration.</em> Maura I. Toro-Morn.
119268,The Journal of Sociology & Social Welfare,2005,oai:scholarworks.wmich.edu:jssw-3102,10.15453/0191-5096.3102,A,oai_rule,1.0,match,name,1.0,Review of <em>An American Travesty: Legal Responsibility to Adolescent Sexual Offending.</em> Franklin Zimring. Reviewed by Matthew T. Theriot.
119269,The Journal of Sociology & Social Welfare,2005,oai:scholarworks.wmich.edu:jssw-3106,10.15453/0191-5096.3106,A,oai_rule,1.0,match,name,0.0,<em>Social Theory: The Multicultural and Classical Readings.</em> Charles Lemert.
119270,The Journal of Sociology & Social Welfare,2005,oai:scholarworks.wmich.edu:jssw-3107,10.15453/0191-5096.3107,A,oai_rule,1.0,match,name,1.0,"<em>Shut Out: Low Income Mothers and Higher Education in Post-Welfare America.</em> Valerie Polakow, Sandra Butler, Luisa Stormer Deprez and Peggy Kahn (Eds.)."
119271,The Journal of Sociology & Social Welfare,2005,oai:scholarworks.wmich.edu:jssw-3109,10.15453/0191-5096.3109,A,oai_rule,1.0,match,name,0.0,"<em>Social Policy Analysis and Practice.</em> Thomas M. Meenaghan, Keith M. Kilty, and John G. McNutt."
119272,The Journal of Sociology & Social Welfare,2005,oai:scholarworks.wmich.edu:jssw-3108,10.15453/0191-5096.3108,A,oai_rule,1.0,match,name,1.0,<em>Inheritance Law and the Evolving Family.</em> Ralph C. Brashier.
119273,The Journal of Sociology & Social Welfare,2005,oai:scholarworks.wmich.edu:jssw-3111,10.15453/0191-5096.3111,A,oai_rule,1.0,match,name,1.0,The Roles of Buddhist Temples in the Treatment of HIV/AIDS in Thailand
119274,The Journal of Sociology & Social Welfare,2005,oai:scholarworks.wmich.edu:jssw-3112,10.15453/0191-5096.3112,A,oai_rule,1.0,match,name,1.0,Quantifying Social Entities: An Historical-Sociological Critique
119275,The Journal of Sociology & Social Welfare,2005,oai:scholarworks.wmich.edu:jssw-3113,10.15453/0191-5096.3113,A,oai_rule,1.0,match,name,1.0,Lone Mothers and Welfare-to-Work Policies in Japan and the United States: Towards an Alternative Perspective
119276,The Journal of Sociology & Social Welfare,2005,oai:scholarworks.wmich.edu:jssw-3114,10.15453/0191-5096.3114,A,oai_rule,1.0,match,name,1.0,Workfare in Toronto: More of the Same?
119277,The Journal of Sociology & Social Welfare,2005,oai:scholarworks.wmich.edu:jssw-3115,10.15453/0191-5096.3115,A,oai_rule,1.0,match,name,1.0,From Self-Sufficiency to Personal and Family Sustainability: A New Paradigm for Social Policy
119278,The Journal of Sociology & Social Welfare,2005,oai:scholarworks.wmich.edu:jssw-3117,10.15453/0191-5096.3117,A,oai_rule,1.0,match,name,1.0,Language Barriers & Perceptions of Bias: Ethnic Differences in Immigrant Encounters with the Welfare System
119279,The Journal of Sociology & Social Welfare,2005,oai:scholarworks.wmich.edu:jssw-3116,10.15453/0191-5096.3116,A,oai_rule,1.0,match,name,1.0,"An Exploratory Study of Neighborhood Choices Among Moving to Opportunity Participants in Baltimore, Maryland: The Influence of Housing Search Assistance"
119280,The Journal of Sociology & Social Welfare,2005,oai:scholarworks.wmich.edu:jssw-3119,10.15453/0191-5096.3119,A,oai_rule,1.0,match,name,1.0,Hate Crimes Against the Homeless: Warning-Out New England Style
119281,The Journal of Sociology & Social Welfare,2005,oai:scholarworks.wmich.edu:jssw-3118,10.15453/0191-5096.3118,A,oai_rule,1.0,match,name,1.0,How Has the Violence Against Women Act Affected the Response of the Criminal Justice System to Domestic Violence?
119282,The Journal of Sociology & Social Welfare,2005,oai:scholarworks.wmich.edu:jssw-3121,10.15453/0191-5096.3121,A,oai_rule,1.0,match,name,1.0,"Review of <em>Handbook of Social Work with Groups.</em> Charles D. Garvin, Lorraine M. Gutierrez and Maeda J. Galinsky (Eds.). Reviewed by Steven Rose."
119283,The Journal of Sociology & Social Welfare,2005,oai:scholarworks.wmich.edu:jssw-3120,10.15453/0191-5096.3120,A,oai_rule,1.0,match,name,1.0,"Review of <em>One Nation, Underprivileged: Why American Poverty Affects us All.</em> Mark Robert Rank. Reviewed by Joel Blau."
119284,The Journal of Sociology & Social Welfare,2005,oai:scholarworks.wmich.edu:jssw-3131,10.15453/0191-5096.3131,A,oai_rule,1.0,match,name,0.0,<em>A Future for Everyone: Innovative Social Responsibility and Community Partnerships.</em> David Maurrasse.
119285,The Journal of Sociology & Social Welfare,2005,oai:scholarworks.wmich.edu:jssw-3122,10.15453/0191-5096.3122,A,oai_rule,1.0,match,name,1.0,Review of <em>Perspectives on the Economics of Aging.</em> David A. Wise (Ed.). Reviewed by Martin B. Tracy.
119286,The Journal of Sociology & Social Welfare,2005,oai:scholarworks.wmich.edu:jssw-3124,10.15453/0191-5096.3124,A,oai_rule,1.0,match,name,1.0,"Review of <em>Insecurity and Welfare Regimes in Asia, Africa and Latin America.</em> Ian Gough and Geof Wood with Armando Barrientos, Philipa Bevan, Peer Davis, and Graham Room. Reviewed by Kwong-leun"
119287,The Journal of Sociology & Social Welfare,2005,oai:scholarworks.wmich.edu:jssw-3125,10.15453/0191-5096.3125,A,oai_rule,1.0,match,name,1.0,Review of <em>Changing Welfare Services: Case Studies of Local Welfare Reform Programs.</em> Michael J. Austin (Ed.) and Welfare Reform in West Virginia. Robert Jay Dilger (Ed.). Reviewed by James Mid
119288,The Journal of Sociology & Social Welfare,2005,oai:scholarworks.wmich.edu:jssw-3129,10.15453/0191-5096.3129,A,oai_rule,1.0,match,name,1.0,<em>America's Environmental Report Card: Are We Making the Grade.</em> Harvey Blatt.
119289,The Journal of Sociology & Social Welfare,2005,oai:scholarworks.wmich.edu:jssw-3123,10.15453/0191-5096.3123,A,oai_rule,1.0,match,name,1.0,Review of <em>Practice Issues in HIV/AIDS Services.</em> Ronald J. Mancoske and James Donald Smith (Eds.). Reviewed by Vijayan K. Pillay.
119290,The Journal of Sociology & Social Welfare,2005,oai:scholarworks.wmich.edu:jssw-3127,10.15453/0191-5096.3127,A,oai_rule,1.0,match,name,1.0,"<em>Child Welfare Revisited: An Africentric Perspective.</em> Joyce E. Everett, Sandra P. Chipungu and Bogart R. Leashore (Eds.)."
119291,The Journal of Sociology & Social Welfare,2005,oai:scholarworks.wmich.edu:jssw-3128,10.15453/0191-5096.3128,A,oai_rule,1.0,match,name,1.0,<em>On Their Own: What Happens to Kids When they Age Out of the Foster Care System?</em> Martha Shirk and Gary Strangler.
119292,The Journal of Sociology & Social Welfare,2005,oai:scholarworks.wmich.edu:jssw-3130,10.15453/0191-5096.3130,A,oai_rule,1.0,match,name,1.0,<em>Mobilizing an Asian American Community.</em> Linda Trinh Vo.
119293,The Journal of Sociology & Social Welfare,2005,oai:scholarworks.wmich.edu:jssw-3126,10.15453/0191-5096.3126,A,oai_rule,1.0,match,name,0.0,<em>Designing for the Homeless.</em> Sam Davis.
119294,The Journal of Sociology & Social Welfare,2006,oai:scholarworks.wmich.edu:jssw-3134,10.15453/0191-5096.3134,A,oai_rule,1.0,match,name,1.0,When Policy Meets Practice: The Untested Effects of Permanency Reforms in Child Welfare
119295,The Journal of Sociology & Social Welfare,2006,oai:scholarworks.wmich.edu:jssw-3135,10.15453/0191-5096.3135,A,oai_rule,1.0,match,name,1.0,Financial Knowledge of the Low-income Population: Effects of a Financial Education Program
119296,The Journal of Sociology & Social Welfare,2006,oai:scholarworks.wmich.edu:jssw-3136,10.15453/0191-5096.3136,A,oai_rule,1.0,match,name,1.0,Patient Insurance Status and Do-not-resuscitate Orders: Survival of the richest?
119298,The Journal of Sociology & Social Welfare,2006,oai:scholarworks.wmich.edu:jssw-3143,10.15453/0191-5096.3143,A,oai_rule,1.0,match,name,1.0,The Sequential Costs of Poverty: What Traditional Measures Overlook
119299,The Journal of Sociology & Social Welfare,2006,oai:scholarworks.wmich.edu:jssw-3140,10.15453/0191-5096.3140,A,oai_rule,1.0,match,name,1.0,"From ""Poor"" to ""Not Poor"": Improved Understandings and the Advantage of the Qualitative Approach"
119300,The Journal of Sociology & Social Welfare,2006,oai:scholarworks.wmich.edu:jssw-3141,10.15453/0191-5096.3141,A,oai_rule,1.0,match,name,1.0,Citizen Participation in Neighborhood Organizations in Poor Communities and its Relationship to Neighborhood and Organizational Collective Efficacy
119302,The Journal of Sociology & Social Welfare,2006,oai:scholarworks.wmich.edu:jssw-3142,10.15453/0191-5096.3142,A,oai_rule,1.0,match,name,1.0,"Social Assistance and the Challenges of Poverty and Inequality in Azerbaijan, a low-income country in transition"
119303,The Journal of Sociology & Social Welfare,2006,oai:scholarworks.wmich.edu:jssw-3139,10.15453/0191-5096.3139,A,oai_rule,1.0,match,name,1.0,The Effect of Parental Work History and Public Assistance Use on the Transition to Adulthood
119304,The Journal of Sociology & Social Welfare,2006,oai:scholarworks.wmich.edu:jssw-3144,10.15453/0191-5096.3144,A,oai_rule,1.0,match,name,1.0,Welfare to Web to Work: Internet Job Searching Among Former Welfare Clients in Florida
119305,The Journal of Sociology & Social Welfare,2006,oai:scholarworks.wmich.edu:jssw-3146,10.15453/0191-5096.3146,A,oai_rule,1.0,match,name,1.0,Review of <em>Legalizing Gay Marriage.</em> Michael Mello. Reviewed by Ronald J. Mancoske.
119306,The Journal of Sociology & Social Welfare,2006,oai:scholarworks.wmich.edu:jssw-3145,10.15453/0191-5096.3145,A,oai_rule,1.0,match,name,1.0,Review of <em>Home Ownership and Social Inequality in Comparative Perspective.</em> Karen Kurtz and Hans-Peter Blossfeld (Eds.). Reviewed by James Lee.
119307,The Journal of Sociology & Social Welfare,2006,oai:scholarworks.wmich.edu:jssw-3148,10.15453/0191-5096.3148,A,oai_rule,1.0,match,name,1.0,Review of <em>The Politics of Multiracialism: Challenging Racial Thinking.</em> Heather M. Dalmage (Ed.). Reviewed by Wilma Peebles-Wilkins.
119308,The Journal of Sociology & Social Welfare,2006,oai:scholarworks.wmich.edu:jssw-3147,10.15453/0191-5096.3147,A,oai_rule,1.0,match,name,1.0,Review of <em>Double Jeopardy: Adolescent Offenders with Mental Disorders.</em> Thomas Grisso. Reviewed by James W. Callicutt.
119309,The Journal of Sociology & Social Welfare,2006,oai:scholarworks.wmich.edu:jssw-3151,10.15453/0191-5096.3151,A,oai_rule,1.0,match,name,1.0,<em>Social Policy for Development.</em> Anthony Hall and James Midgley.
119310,The Journal of Sociology & Social Welfare,2006,oai:scholarworks.wmich.edu:jssw-3154,10.15453/0191-5096.3154,A,oai_rule,1.0,match,name,0.0,<em>Concepts and Strategies for Combating Social Exclusion: An Overview.</em> Jordi Estivill.
119311,The Journal of Sociology & Social Welfare,2006,oai:scholarworks.wmich.edu:jssw-3150,10.15453/0191-5096.3150,A,oai_rule,1.0,match,name,1.0,Review of <em>Healing from the Trauma of Childhood Sexual Abuse: The Journey for Women.</em> Karen A. Duncan. Reviewed by Carol T. Tully.
119312,The Journal of Sociology & Social Welfare,2006,oai:scholarworks.wmich.edu:jssw-3152,10.15453/0191-5096.3152,A,oai_rule,1.0,match,name,0.0,<em>Democracy in Action: Community Organizing and Urban Change.</em> Kristina Smock.
119313,The Journal of Sociology & Social Welfare,2006,oai:scholarworks.wmich.edu:jssw-3149,10.15453/0191-5096.3149,A,oai_rule,1.0,match,name,1.0,Review of <em>The Future of the Welfare State: Crisis Myths and Crisis Realities.</em> Francis G. Castels. Reviewed by Charles Guzetta.
119314,The Journal of Sociology & Social Welfare,2006,oai:scholarworks.wmich.edu:jssw-3153,10.15453/0191-5096.3153,A,oai_rule,1.0,match,name,0.0,"<em>Residential Care: Horizons for a Neu, Century.</em> Hans Goran Eriksson and Torill Tjelflaat (Eds.)."
119315,The Journal of Sociology & Social Welfare,2006,oai:scholarworks.wmich.edu:jssw-3155,10.15453/0191-5096.3155,A,oai_rule,1.0,match,name,1.0,"<em>Choice and Coercion: Birth Control, Sterilization and Abortion in Public Health and Welfare.</em> Johanna Schoen."
119316,The Journal of Sociology & Social Welfare,2006,oai:scholarworks.wmich.edu:jssw-3156,10.15453/0191-5096.3156,A,oai_rule,1.0,match,name,1.0,<em>The Curious Feminist: Searching for Women in a New Age of Empire.</em> Cynthia Enloe.
119317,The Journal of Sociology & Social Welfare,2006,oai:scholarworks.wmich.edu:jssw-3158,10.15453/0191-5096.3158,A,oai_rule,1.0,match,name,1.0,"Americans' Attitudes Toward Euthanasia and Physician-Assisted Suicide, 1936-2002"
119318,The Journal of Sociology & Social Welfare,2006,oai:scholarworks.wmich.edu:jssw-3159,10.15453/0191-5096.3159,A,oai_rule,1.0,match,name,1.0,Professional Hope in Working with Older Adults
119319,The Journal of Sociology & Social Welfare,2006,oai:scholarworks.wmich.edu:jssw-3165,10.15453/0191-5096.3165,A,oai_rule,1.0,match,name,1.0,Welfare Reform and Post-Secondary Education in Maine: A Supplemental Bibliography
119320,The Journal of Sociology & Social Welfare,2006,oai:scholarworks.wmich.edu:jssw-3160,10.15453/0191-5096.3160,A,oai_rule,1.0,match,name,1.0,Program Development During Fiscal Crisis: A Community/University Response
119321,The Journal of Sociology & Social Welfare,2006,oai:scholarworks.wmich.edu:jssw-3164,10.15453/0191-5096.3164,A,oai_rule,1.0,match,name,1.0,Acculturative Stress and Social Support among Korean and Indian Immigrant Adolescents in the United States
119322,The Journal of Sociology & Social Welfare,2006,oai:scholarworks.wmich.edu:jssw-3167,10.15453/0191-5096.3167,A,oai_rule,1.0,match,name,1.0,"Review of <em>School Violence in Context: Culture, Neighborhood, Family, School and Gender.</em> Rami Benbenishty and Ron Avu Astor. Reviewed by Susan Stone."
119323,The Journal of Sociology & Social Welfare,2006,oai:scholarworks.wmich.edu:jssw-3161,10.15453/0191-5096.3161,A,oai_rule,1.0,match,name,1.0,The Politics of Indigenization: A Case Study of Development of Social Work in China
119324,The Journal of Sociology & Social Welfare,2006,oai:scholarworks.wmich.edu:jssw-3162,10.15453/0191-5096.3162,A,oai_rule,1.0,match,name,1.0,Reshaping Retirement Policies in Post-Industrial Nations: The Need for Flexibility
119325,The Journal of Sociology & Social Welfare,2006,oai:scholarworks.wmich.edu:jssw-3166,10.15453/0191-5096.3166,A,oai_rule,1.0,match,name,1.0,"Review of <em>Troubled Fields: Men, Emotions and the Crisis in American Farming.</em> Eric Ramirez-Ferrero. Reviewed by Leon Ginsberg."
119326,The Journal of Sociology & Social Welfare,2006,oai:scholarworks.wmich.edu:jssw-3163,10.15453/0191-5096.3163,A,oai_rule,1.0,match,name,1.0,"Social Welfare before the Elizabethan Poor Laws: The Early Christian Tradition, AD 33 to 313"
119327,The Journal of Sociology & Social Welfare,2006,oai:scholarworks.wmich.edu:jssw-3168,10.15453/0191-5096.3168,A,oai_rule,1.0,match,name,1.0,Review of <em>From Welfare to Workfare: The Unintended Consequences of Liberal Reform 1945-1965.</em> Jennifer Mittelstadt. Reviewed by Margaret Sharrard Sherraden.
119328,The Journal of Sociology & Social Welfare,2006,oai:scholarworks.wmich.edu:jssw-3169,10.15453/0191-5096.3169,A,oai_rule,1.0,match,name,1.0,Review of <em>The SAGE Handbook of Quantitative Methodology for the Social Sciences.</em> David Kaplan (Ed.). Reviewed by John G. Orme.
119329,The Journal of Sociology & Social Welfare,2006,oai:scholarworks.wmich.edu:jssw-3170,10.15453/0191-5096.3170,A,oai_rule,1.0,match,name,1.0,"Review of <em>AIDS, Rhetoric and Medical Knowledge.</em> Alex Preda. Reviewed by Cudore L. Snell."
119330,The Journal of Sociology & Social Welfare,2006,oai:scholarworks.wmich.edu:jssw-3175,10.15453/0191-5096.3175,A,oai_rule,1.0,match,name,1.0,"<em>Illicit Drug Policies, Trafficking and Use the World Over.</em> Cathrina Gouvis Roman, Heather Ahn-Redding and Rita J. Simon."
119331,The Journal of Sociology & Social Welfare,2006,oai:scholarworks.wmich.edu:jssw-3172,10.15453/0191-5096.3172,A,oai_rule,1.0,match,name,1.0,<em>Promises I Can Keep: Why Poor Women put Motherhood before Marriage.</em> Kathryn Edin and Maria Kefalas.
119332,The Journal of Sociology & Social Welfare,2006,oai:scholarworks.wmich.edu:jssw-3171,10.15453/0191-5096.3171,A,oai_rule,1.0,match,name,1.0,Review of <em>Queer Wars: The New Gay Right and Its Critics.</em> Paul Robinson. Reviewed by Greg Mallon.
119333,The Journal of Sociology & Social Welfare,2006,oai:scholarworks.wmich.edu:jssw-3173,10.15453/0191-5096.3173,A,oai_rule,1.0,match,name,0.0,<em>What We Know About Child Care.</em> Alison Clarke- Steward and Virginia D. Allhusen.
119334,The Journal of Sociology & Social Welfare,2006,oai:scholarworks.wmich.edu:jssw-3174,10.15453/0191-5096.3174,A,oai_rule,1.0,match,name,0.0,<em>Just Around the Corner: The Paradox of the Jobless Recovery.</em> Stanley Aronowitz.
119335,The Journal of Sociology & Social Welfare,2006,oai:scholarworks.wmich.edu:jssw-3176,10.15453/0191-5096.3176,A,oai_rule,1.0,match,name,0.0,"<em>Perspectives on Health and Human Rights.</em> Sofia Gruskin, Michael A. Grodin, George J. Annas and Stephen P. Marks (Eds.)."
119336,The Journal of Sociology & Social Welfare,2006,oai:scholarworks.wmich.edu:jssw-3177,10.15453/0191-5096.3177,A,oai_rule,1.0,match,name,1.0,"<em>Industrial Ruins: Space, Aesthetics and Materiality.</em> Tim Edensor."
119337,The Journal of Sociology & Social Welfare,2006,oai:scholarworks.wmich.edu:jssw-3179,10.15453/0191-5096.3179,A,oai_rule,1.0,match,name,1.0,The Effects of Prolonged Job Insecurity on the Psychological Well-Being of Workers
119338,The Journal of Sociology & Social Welfare,2006,oai:scholarworks.wmich.edu:jssw-3181,10.15453/0191-5096.3181,A,oai_rule,1.0,match,name,1.0,"""Put Up"" on Platforms: A History of Twentieth Century Adoption Policy in the United States"
119339,The Journal of Sociology & Social Welfare,2006,oai:scholarworks.wmich.edu:jssw-3180,10.15453/0191-5096.3180,A,oai_rule,1.0,match,name,1.0,The Poet/Practitioner: A Paradigm for the Profession
119340,The Journal of Sociology & Social Welfare,2006,oai:scholarworks.wmich.edu:jssw-3183,10.15453/0191-5096.3183,A,oai_rule,1.0,match,name,1.0,Economic Well-Being and Intimate Partner Violence: New Findings about the Informal Economy
119341,The Journal of Sociology & Social Welfare,2006,oai:scholarworks.wmich.edu:jssw-3184,10.15453/0191-5096.3184,A,oai_rule,1.0,match,name,1.0,Job Satisfaction Among TANF Leavers
119342,The Journal of Sociology & Social Welfare,2006,oai:scholarworks.wmich.edu:jssw-3182,10.15453/0191-5096.3182,A,oai_rule,1.0,match,name,1.0,Altruism or Self-interest? Social Spending and the Life Course
119343,The Journal of Sociology & Social Welfare,2006,oai:scholarworks.wmich.edu:jssw-3190,10.15453/0191-5096.3190,A,oai_rule,1.0,match,name,1.0,Review of <em>Mental Disorders in the Social Environment.</em> Stuart A. Kirk (Ed.). Reviewed by Kia J. Bentley.
119344,The Journal of Sociology & Social Welfare,2006,oai:scholarworks.wmich.edu:jssw-3186,10.15453/0191-5096.3186,A,oai_rule,1.0,match,name,1.0,Review of <em>One Nation Uninsured: Why the U.S. Has No National Health Insurance.</em> Jill Quadagno. Reviewed by Stephen Pimpare.
119345,The Journal of Sociology & Social Welfare,2006,oai:scholarworks.wmich.edu:jssw-3188,10.15453/0191-5096.3188,A,oai_rule,1.0,match,name,1.0,"Review of <em>Unequal Chances: Family Background and Economic Success.</em> Samuel Bowles, Herbert Gintis and Melissa Osborne Groves. (Eds.). Reviewed by Larry Nackerud."
119346,The Journal of Sociology & Social Welfare,2006,oai:scholarworks.wmich.edu:jssw-3187,10.15453/0191-5096.3187,A,oai_rule,1.0,match,name,1.0,Review of <em>When Public Housing Was Paradise: Building Community in Chicago.</em> J. S. Fuerst. Reviewed by John Q. Hodges.
119347,The Journal of Sociology & Social Welfare,2006,oai:scholarworks.wmich.edu:jssw-3185,10.15453/0191-5096.3185,A,oai_rule,1.0,match,name,1.0,Searching for Social Capital in U.S. Microenterprise Development Programs
119348,The Journal of Sociology & Social Welfare,2006,oai:scholarworks.wmich.edu:jssw-3189,10.15453/0191-5096.3189,A,oai_rule,1.0,match,name,1.0,Review of <em>The Poorhouse: America's Forgotten Institution.</em> David Wagner. Reviewed by Paul H. Stuart.
119349,The Journal of Sociology & Social Welfare,2006,oai:scholarworks.wmich.edu:jssw-3193,10.15453/0191-5096.3193,A,oai_rule,1.0,match,name,1.0,<em>Uninsured in America: Life and Death in the Land of Opportunity.</em> Susan Starr Sered and Rushika Fernandopulle.
119350,The Journal of Sociology & Social Welfare,2006,oai:scholarworks.wmich.edu:jssw-3191,10.15453/0191-5096.3191,A,oai_rule,1.0,match,name,1.0,Review of <em>Discovering Successful Pathways in Children's Development: Mixed Methods in the Study of Childhood and Family Life.</em> Thomas S. Weisner (Ed.). Reviewed by Victor Groza.
119351,The Journal of Sociology & Social Welfare,2006,oai:scholarworks.wmich.edu:jssw-3192,10.15453/0191-5096.3192,A,oai_rule,1.0,match,name,1.0,<em>The Practice of Research in Social Work.</em> Rafael J. Engel and Russell K. Schutt.
119352,The Journal of Sociology & Social Welfare,2006,oai:scholarworks.wmich.edu:jssw-3195,10.15453/0191-5096.3195,A,oai_rule,1.0,match,name,0.0,<em>White Backlash and the Politics of Multiculturalism.</em> Roger Hewitt.
119353,The Journal of Sociology & Social Welfare,2006,oai:scholarworks.wmich.edu:jssw-3194,10.15453/0191-5096.3194,A,oai_rule,1.0,match,name,0.0,<em>Irresistible Empire: America's Advance Through 20th Century Europe.</em> Victoria de Grazia.
119354,The Journal of Sociology & Social Welfare,2006,oai:scholarworks.wmich.edu:jssw-3196,10.15453/0191-5096.3196,A,oai_rule,1.0,match,name,1.0,<em>War on the Family: Mothers in Prison and the Families They Leave Behind.</em> Renny Golden.
119355,The Journal of Sociology & Social Welfare,2006,oai:scholarworks.wmich.edu:jssw-3197,10.15453/0191-5096.3197,A,oai_rule,1.0,match,name,1.0,"<em>Child Abuse and Neglect: Attachment, Development and Intervention.</em> David Howe."
119356,The Journal of Sociology & Social Welfare,2006,oai:scholarworks.wmich.edu:jssw-3200,10.15453/0191-5096.3200,A,oai_rule,1.0,match,name,1.0,"International Social Work, Globalization and the Challenge of a Unipolar World"
119357,The Journal of Sociology & Social Welfare,2006,oai:scholarworks.wmich.edu:jssw-3201,10.15453/0191-5096.3201,A,oai_rule,1.0,match,name,1.0,Letters to the Editor Regarding NASW Press Censorship Issue
119358,The Journal of Sociology & Social Welfare,2006,oai:scholarworks.wmich.edu:jssw-3203,10.15453/0191-5096.3203,A,oai_rule,1.0,match,name,1.0,"""Seen and Not Heard"" Sociological Approaches to Childhood: Black Children, Agency and Implications for Child Welfare"
119359,The Journal of Sociology & Social Welfare,2006,oai:scholarworks.wmich.edu:jssw-3205,10.15453/0191-5096.3205,A,oai_rule,1.0,match,name,1.0,Health Care Poverty
119360,The Journal of Sociology & Social Welfare,2006,oai:scholarworks.wmich.edu:jssw-3206,10.15453/0191-5096.3206,A,oai_rule,1.0,match,name,1.0,Foster Parents' Reasons for Fostering and Foster Family Utilization
119361,The Journal of Sociology & Social Welfare,2006,oai:scholarworks.wmich.edu:jssw-3204,10.15453/0191-5096.3204,A,oai_rule,1.0,match,name,1.0,Ethiopian Language Policy and Health Promotion in Oromia
119362,The Journal of Sociology & Social Welfare,2006,oai:scholarworks.wmich.edu:jssw-3202,10.15453/0191-5096.3202,A,oai_rule,1.0,match,name,1.0,Nineteenth Century Review of Mental Health Care for African Americans: A Legacy of Service and Policy Barriers
119363,The Journal of Sociology & Social Welfare,2006,oai:scholarworks.wmich.edu:jssw-3208,10.15453/0191-5096.3208,A,oai_rule,1.0,match,name,1.0,Fairness Issues in Law and Mental Health: Directions for Future Social Work Research
119364,The Journal of Sociology & Social Welfare,2006,oai:scholarworks.wmich.edu:jssw-3210,10.15453/0191-5096.3210,A,oai_rule,1.0,match,name,1.0,Review of <em>Social Work Diagnosis in Contemporary Practice.</em> Francis J. Turner (Ed.). Reviewed by William M. Maesen.
119365,The Journal of Sociology & Social Welfare,2006,oai:scholarworks.wmich.edu:jssw-3207,10.15453/0191-5096.3207,A,oai_rule,1.0,match,name,1.0,Economic Mobility of Single Mothers: The Role of Assets and Human Capital Development
119366,The Journal of Sociology & Social Welfare,2006,oai:scholarworks.wmich.edu:jssw-3211,10.15453/0191-5096.3211,A,oai_rule,1.0,match,name,1.0,Review of <em>Beyond Segregation: Multiracial and Multiethnic Neighborhoods in the United States.</em> Michael T. Maly. Reviewed by Christopher R. Larrison.
119367,The Journal of Sociology & Social Welfare,2006,oai:scholarworks.wmich.edu:jssw-3209,10.15453/0191-5096.3209,A,oai_rule,1.0,match,name,1.0,The Use of Critical Ethnography in Managed Mental Health Care Settings
119368,The Journal of Sociology & Social Welfare,2006,oai:scholarworks.wmich.edu:jssw-3213,10.15453/0191-5096.3213,A,oai_rule,1.0,match,name,1.0,Review of <em>What's Wrong with Children's Rights.</em> Martin Guggenheim. Reviewed by Dorinda N. Noble.
119369,The Journal of Sociology & Social Welfare,2006,oai:scholarworks.wmich.edu:jssw-3212,10.15453/0191-5096.3212,A,oai_rule,1.0,match,name,1.0,"Review of <em>Freud's Free Clinics: Psychoanalysis and Social Justice, 1918-1938.</em> Elizabeth Ann Danto. Reviewed by Leslie Leighninger."
119370,The Journal of Sociology & Social Welfare,2006,oai:scholarworks.wmich.edu:jssw-3214,10.15453/0191-5096.3214,A,oai_rule,1.0,match,name,1.0,Review of <em>The Rise and Fall of HMOs: An American Health Care Revolution.</em> Jan Gregoire Coombs. Reviewed by Lisa S. Patchner.
119371,The Journal of Sociology & Social Welfare,2006,oai:scholarworks.wmich.edu:jssw-3219,10.15453/0191-5096.3219,A,oai_rule,1.0,match,name,0.0,<em>Rural Social Work Practice.</em> Nancy Lohman and Roger A. Lohman.
119372,The Journal of Sociology & Social Welfare,2006,oai:scholarworks.wmich.edu:jssw-3216,10.15453/0191-5096.3216,A,oai_rule,1.0,match,name,1.0,"<em>Multiracial America: A Resource Guide on the History and Literature of Interracial Issues.</em> Karen Downing, Darlene Nichols, and Kelly Webster."
119373,The Journal of Sociology & Social Welfare,2006,oai:scholarworks.wmich.edu:jssw-3218,10.15453/0191-5096.3218,A,oai_rule,1.0,match,name,0.0,<em>The Origins of Social Work.</em> Malcolm Payne.
119374,The Journal of Sociology & Social Welfare,2006,oai:scholarworks.wmich.edu:jssw-3220,10.15453/0191-5096.3220,A,oai_rule,1.0,match,name,0.0,<em>Advocacy Practice for Social Justice.</em> Richard Hoefer.
119375,The Journal of Sociology & Social Welfare,2006,oai:scholarworks.wmich.edu:jssw-3215,10.15453/0191-5096.3215,A,oai_rule,1.0,match,name,1.0,Review of <em>Disease and Democracy: The Industrialized World Faces AIDS.</em> Peter Baldwin. Reviewed by Ronald J. Mancoske.
119376,The Journal of Sociology & Social Welfare,2006,oai:scholarworks.wmich.edu:jssw-3217,10.15453/0191-5096.3217,A,oai_rule,1.0,match,name,0.0,<em>Paths to a Green World: The Political Economy of the Global Environment.</em> Jennifer Clapp and Peter Dauvergne.
119377,The Journal of Sociology & Social Welfare,2006,oai:scholarworks.wmich.edu:jssw-3221,10.15453/0191-5096.3221,A,oai_rule,1.0,match,name,1.0,<em>Introduction to Social Welfare and Social Work: The U.S. in Global Perspective.</em> Katherine Van Wormer.
119378,The Journal of Sociology & Social Welfare,2007,oai:scholarworks.wmich.edu:jssw-3226,10.15453/0191-5096.3226,A,oai_rule,1.0,match,name,1.0,"Outsiders-Within: Critical Race Theory, Graduate Education and Barriers to Professionalization"
119379,The Journal of Sociology & Social Welfare,2007,oai:scholarworks.wmich.edu:jssw-3229,10.15453/0191-5096.3229,A,oai_rule,1.0,match,name,1.0,Controlling the Levers of Power: How Advocacy Organizations Affect the Regulation Writing Process
119380,The Journal of Sociology & Social Welfare,2007,oai:scholarworks.wmich.edu:jssw-3230,10.15453/0191-5096.3230,A,oai_rule,1.0,match,name,1.0,Domestic Violence and Human Rights: Local Challenges to a Universal Framework
119381,The Journal of Sociology & Social Welfare,2007,oai:scholarworks.wmich.edu:jssw-3231,10.15453/0191-5096.3231,A,oai_rule,1.0,match,name,1.0,Undermining Progress in Early 20th Century North Carolina: General Attitudes Towards Delinquent African American Girls
119382,The Journal of Sociology & Social Welfare,2007,oai:scholarworks.wmich.edu:jssw-3228,10.15453/0191-5096.3228,A,oai_rule,1.0,match,name,1.0,American Identity and Attitudes Toward English Language Policy Initiatives
119383,The Journal of Sociology & Social Welfare,2007,oai:scholarworks.wmich.edu:jssw-3234,10.15453/0191-5096.3234,A,oai_rule,1.0,match,name,1.0,Review of <em>The Logic of Social Research.</em> Arthur L. Stinchcombe. Reviewed by Marvin D. Feit.
119384,The Journal of Sociology & Social Welfare,2007,oai:scholarworks.wmich.edu:jssw-3232,10.15453/0191-5096.3232,A,oai_rule,1.0,match,name,1.0,Sex Panic and the Welfare State
119385,The Journal of Sociology & Social Welfare,2007,oai:scholarworks.wmich.edu:jssw-3233,10.15453/0191-5096.3233,A,oai_rule,1.0,match,name,1.0,"Review of <em>Culture, Capitalism and Democracy in the New America.</em> Richard Harvey Brown. Reviewed by Shanti S. Khinduka."
119386,The Journal of Sociology & Social Welfare,2007,oai:scholarworks.wmich.edu:jssw-3235,10.15453/0191-5096.3235,A,oai_rule,1.0,match,name,1.0,"Review of <em>Quixote's Ghost: The Right, the Liberati and the Future of Social Policy.</em> David Stoesz. Reviewed by Stephen Pimpare."
119387,The Journal of Sociology & Social Welfare,2007,oai:scholarworks.wmich.edu:jssw-3236,10.15453/0191-5096.3236,A,oai_rule,1.0,match,name,1.0,Review of <em>Work and the Workplace: A Resource for Innovative Policy and Practice.</em> Sheila H. Akabas and Paul A. Kurzman. Reviewed by Michalle Mor Barak.
119388,The Journal of Sociology & Social Welfare,2007,oai:scholarworks.wmich.edu:jssw-3237,10.15453/0191-5096.3237,A,oai_rule,1.0,match,name,1.0,Review of <em>Tending the Gardens of Citizenship: Child Saving in Toronto 1880s-1920s.</em> Xiaobei Chen. Reviewed by John M. Herrick.
119389,The Journal of Sociology & Social Welfare,2007,oai:scholarworks.wmich.edu:jssw-3239,10.15453/0191-5096.3239,A,oai_rule,1.0,match,name,1.0,<em>Good Parents or Good Workers: How Policy Shapes Families' Daily Lives.</em> Jill Duerr Berrick and Bruce Fuller (Eds.).
119390,The Journal of Sociology & Social Welfare,2007,oai:scholarworks.wmich.edu:jssw-3238,10.15453/0191-5096.3238,A,oai_rule,1.0,match,name,1.0,Review of <em>Managing Diversity: Towards a Globally Inclusive Workplace.</em> Michalle Mor Barak. Reviewed by Susan J. Lambert.
119391,The Journal of Sociology & Social Welfare,2007,oai:scholarworks.wmich.edu:jssw-3241,10.15453/0191-5096.3241,A,oai_rule,1.0,match,name,1.0,<em>Thriving in the Wake of Trauma: A Multicultural Guide.</em> Thema Bryant-Davis.
119392,The Journal of Sociology & Social Welfare,2007,oai:scholarworks.wmich.edu:jssw-3240,10.15453/0191-5096.3240,A,oai_rule,1.0,match,name,1.0,<em>Backlash Against Welfare Mothers Past and Present.</em> Ellen Reese
119393,The Journal of Sociology & Social Welfare,2007,oai:scholarworks.wmich.edu:jssw-3242,10.15453/0191-5096.3242,A,oai_rule,1.0,match,name,0.0,<em>The Immigrant Threat.</em> Leo Lucassen.
119394,The Journal of Sociology & Social Welfare,2007,oai:scholarworks.wmich.edu:jssw-3243,10.15453/0191-5096.3243,A,oai_rule,1.0,match,name,1.0,<em>The Experience of Retirement.</em> Robert S. Weiss.
119395,The Journal of Sociology & Social Welfare,2007,oai:scholarworks.wmich.edu:jssw-3244,10.15453/0191-5096.3244,A,oai_rule,1.0,match,name,1.0,"<em>Widening the Circle: The Practice and Evaluation of Family Group Conferencing with Children, Youths, and their Families.</em> Joon Pennell and Gary Anderson (Eds.)."
119396,The Journal of Sociology & Social Welfare,2007,oai:scholarworks.wmich.edu:jssw-3250,10.15453/0191-5096.3250,A,oai_rule,1.0,match,name,1.0,The Challenge of Community Work in a Global Economy
119397,The Journal of Sociology & Social Welfare,2007,oai:scholarworks.wmich.edu:jssw-3248,10.15453/0191-5096.3248,A,oai_rule,1.0,match,name,1.0,Globalization and Drug and Alcohol Use in Rural Communities in Nigeria: A Case Study
119398,The Journal of Sociology & Social Welfare,2007,oai:scholarworks.wmich.edu:jssw-3247,10.15453/0191-5096.3247,A,oai_rule,1.0,match,name,1.0,"Perspectives on Globalization, Social Justice and Welfare"
119399,The Journal of Sociology & Social Welfare,2007,oai:scholarworks.wmich.edu:jssw-3251,10.15453/0191-5096.3251,A,oai_rule,1.0,match,name,1.0,"Globalization, Immigration and the Welfare State: A Cross-National Comparison"
119400,The Journal of Sociology & Social Welfare,2007,oai:scholarworks.wmich.edu:jssw-3252,10.15453/0191-5096.3252,A,oai_rule,1.0,match,name,1.0,Globalization and Human Trafficking
119401,The Journal of Sociology & Social Welfare,2007,oai:scholarworks.wmich.edu:jssw-3249,10.15453/0191-5096.3249,A,oai_rule,1.0,match,name,1.0,"Color-blind Individualism, Intercountry Adoption and Public Policy"
119402,The Journal of Sociology & Social Welfare,2007,oai:scholarworks.wmich.edu:jssw-3253,10.15453/0191-5096.3253,A,oai_rule,1.0,match,name,1.0,Globalization and Social Work Education and Practice: Exploring Australian Practitioners' Views
119403,The Journal of Sociology & Social Welfare,2007,oai:scholarworks.wmich.edu:jssw-3255,10.15453/0191-5096.3255,A,oai_rule,1.0,match,name,1.0,Integrating Globalization into the Social Work Curriculum
119404,The Journal of Sociology & Social Welfare,2007,oai:scholarworks.wmich.edu:jssw-3256,10.15453/0191-5096.3256,A,oai_rule,1.0,match,name,1.0,"Globalization, Welfare Reform and the Social Economy: Developing an Alternative Approach to Analyzing Social Welfare Systems in the Post-Industrial Era"
119405,The Journal of Sociology & Social Welfare,2007,oai:scholarworks.wmich.edu:jssw-3258,10.15453/0191-5096.3258,A,oai_rule,1.0,match,name,1.0,Review of <em>Republican Women: Feminism and Conservatism from Suffrage Through the Rise of the New Right.</em> Catherine E. Rymph. Reviewed by Leon Ginsberg.
119406,The Journal of Sociology & Social Welfare,2007,oai:scholarworks.wmich.edu:jssw-3254,10.15453/0191-5096.3254,A,oai_rule,1.0,match,name,1.0,"Toward Global Welfare State Convergence?: Family Policy and Health Care in Sweden, Canada and the United States"
119407,The Journal of Sociology & Social Welfare,2007,oai:scholarworks.wmich.edu:jssw-3259,10.15453/0191-5096.3259,A,oai_rule,1.0,match,name,1.0,Review of <em>Changing Lives: Delinquency Prevention as Crime Control Policy.</em> Peter W. Greenwood. Reviewed by Matthew T. Theriot.
119408,The Journal of Sociology & Social Welfare,2007,oai:scholarworks.wmich.edu:jssw-3261,10.15453/0191-5096.3261,A,oai_rule,1.0,match,name,1.0,"Review of <em>Empire of Scrounge: Inside the Urban Underground of Dumpster Diving, Trash Picking, and Street Scavenging.</em> Jeff Ferrell. Reviewed by Robert D. Leighninger, Jr."
119409,The Journal of Sociology & Social Welfare,2007,oai:scholarworks.wmich.edu:jssw-3260,10.15453/0191-5096.3260,A,oai_rule,1.0,match,name,1.0,"Review of <em>Children and Youth in Adoption, Orphanages and Foster Care: A Historical Handbook and Guide.</em> Lori Askeland (Ed.). Reviewed by Albert J. Ellett."
119410,The Journal of Sociology & Social Welfare,2007,oai:scholarworks.wmich.edu:jssw-3263,10.15453/0191-5096.3263,A,oai_rule,1.0,match,name,1.0,"Review of <em>White Slave Crusades: Race, Gender and Anti-vice Activism, 1887-1917.</em> Brian Donovan. Reviewed by Leslie Leighninger."
119411,The Journal of Sociology & Social Welfare,2007,oai:scholarworks.wmich.edu:jssw-3264,10.15453/0191-5096.3264,A,oai_rule,1.0,match,name,1.0,<em>Taxes are a Woman's Issue: Reframing the Debate.</em> Mimi Abramovitz and Sandra Morgen.
119412,The Journal of Sociology & Social Welfare,2007,oai:scholarworks.wmich.edu:jssw-3265,10.15453/0191-5096.3265,A,oai_rule,1.0,match,name,0.0,<em>Among Empires: American Ascendancy and its Predecessors.</em> Charles S. Maier.
119413,The Journal of Sociology & Social Welfare,2007,oai:scholarworks.wmich.edu:jssw-3262,10.15453/0191-5096.3262,A,oai_rule,1.0,match,name,1.0,"Review of <em>Black, Brown, Yellow and Left: Radical Activism in Los Angeles.</em> Laura Pulido. Reviewed by Cheryl A. Hyde."
119414,The Journal of Sociology & Social Welfare,2007,oai:scholarworks.wmich.edu:jssw-3267,10.15453/0191-5096.3267,A,oai_rule,1.0,match,name,0.0,"<em>The Citizen's Stake: Exploring the Future of Universal Asset Policies.</em> Will Paxton and Stuart White, with Dominic Maxwell."
119415,The Journal of Sociology & Social Welfare,2007,oai:scholarworks.wmich.edu:jssw-3266,10.15453/0191-5096.3266,A,oai_rule,1.0,match,name,1.0,<em>Global Energy Shifts: Fostering Stability in a Turbulent Age.</em> Bruce Podobnik.
119416,The Journal of Sociology & Social Welfare,2007,oai:scholarworks.wmich.edu:jssw-3269,10.15453/0191-5096.3269,A,oai_rule,1.0,match,name,0.0,<em>Differences that Matter: Social Policy and the Working Poor in the United States and Canada.</em> Dan Zuberi.
119417,The Journal of Sociology & Social Welfare,2007,oai:scholarworks.wmich.edu:jssw-3268,10.15453/0191-5096.3268,A,oai_rule,1.0,match,name,1.0,<em>Pharmaceutical Reason: Knowledge and Value in Global Psychiatry.</em> Andrew Lakoff.
119418,The Journal of Sociology & Social Welfare,2007,oai:scholarworks.wmich.edu:jssw-3272,10.15453/0191-5096.3272,A,oai_rule,1.0,match,name,1.0,The Role of Informal Social Networks in Micro-Savings Mobilization
119419,The Journal of Sociology & Social Welfare,2007,oai:scholarworks.wmich.edu:jssw-3271,10.15453/0191-5096.3271,A,oai_rule,1.0,match,name,1.0,Community Development Corporations and Public Participation: Lessons from a Case Study in the Arkansas Delta
119420,The Journal of Sociology & Social Welfare,2007,oai:scholarworks.wmich.edu:jssw-3274,10.15453/0191-5096.3274,A,oai_rule,1.0,match,name,1.0,Incarceration and Unwed Fathers in Fragile Families
119421,The Journal of Sociology & Social Welfare,2007,oai:scholarworks.wmich.edu:jssw-3273,10.15453/0191-5096.3273,A,oai_rule,1.0,match,name,1.0,Advice and Help-seeking Intentions Among Youth in Israel: Ethnic and Gender Differences
119422,The Journal of Sociology & Social Welfare,2007,oai:scholarworks.wmich.edu:jssw-3277,10.15453/0191-5096.3277,A,oai_rule,1.0,match,name,1.0,Interpersonal Violence and Animals: Mandated Cross-Sector Reporting
119423,The Journal of Sociology & Social Welfare,2007,oai:scholarworks.wmich.edu:jssw-3275,10.15453/0191-5096.3275,A,oai_rule,1.0,match,name,1.0,Greek-Letter Membership and College Graduation: Does Race Matter?
119424,The Journal of Sociology & Social Welfare,2007,oai:scholarworks.wmich.edu:jssw-3276,10.15453/0191-5096.3276,A,oai_rule,1.0,match,name,1.0,From Financial Literacy to Financial Capability Among Youth
119425,The Journal of Sociology & Social Welfare,2007,oai:scholarworks.wmich.edu:jssw-3278,10.15453/0191-5096.3278,A,oai_rule,1.0,match,name,1.0,"Astroturf, Technology and the Future of Community Mobilization: Implications for Nonprofit Theory"
119426,The Journal of Sociology & Social Welfare,2007,oai:scholarworks.wmich.edu:jssw-3280,10.15453/0191-5096.3280,A,oai_rule,1.0,match,name,1.0,Review of <em>The Quest for Environmental Justice: Human Rights and the Politics of Pollution.</em> Robert D. Bullard (Ed.). Reviewed by John G. McNutt.
119427,The Journal of Sociology & Social Welfare,2007,oai:scholarworks.wmich.edu:jssw-3279,10.15453/0191-5096.3279,A,oai_rule,1.0,match,name,1.0,Review of <em>Inequality and Prosperity: Social Europe vs. Liberal America.</em> Jonas Pontusson. Reviewed by Martin Evans.
119428,The Journal of Sociology & Social Welfare,2007,oai:scholarworks.wmich.edu:jssw-3282,10.15453/0191-5096.3282,A,oai_rule,1.0,match,name,1.0,Review of <em>Foundations of Evidence Based Social Work Practice.</em> Albert R. Roberts and Kenneth R. Yeager. Reviewed by Daniel Coleman.
119429,The Journal of Sociology & Social Welfare,2007,oai:scholarworks.wmich.edu:jssw-3281,10.15453/0191-5096.3281,A,oai_rule,1.0,match,name,1.0,"Review of <em>A Right to Housing: Foundations for a New Social Agenda.</em> Rachel G. Bratt, Michael E. Stone, and Chester Hartman. Reviewed by John Q. Hodges."
119430,The Journal of Sociology & Social Welfare,2007,oai:scholarworks.wmich.edu:jssw-3283,10.15453/0191-5096.3283,A,oai_rule,1.0,match,name,1.0,"Review of <em>Poor Families in America's Health Care Crisis.</em> Ronald J. Angel, Laura Lein and Jane Henrici. Reviewed by Amy Lapan."
119431,The Journal of Sociology & Social Welfare,2007,oai:scholarworks.wmich.edu:jssw-3284,10.15453/0191-5096.3284,A,oai_rule,1.0,match,name,1.0,"<em>American Taxation, American Slavery.</em> Robin Einhorn. Reviewed by Paul H. Stuart."
119432,The Journal of Sociology & Social Welfare,2007,oai:scholarworks.wmich.edu:jssw-3285,10.15453/0191-5096.3285,A,oai_rule,1.0,match,name,0.0,<em>Social Work in the Twenty-first Century: Challenges and Opportunities.</em> John T. Pardeck and Francis K. O. Yuen.
119433,The Journal of Sociology & Social Welfare,2007,oai:scholarworks.wmich.edu:jssw-3287,10.15453/0191-5096.3287,A,oai_rule,1.0,match,name,1.0,<em>The Segregated Origins of Social Security: African Americans and the Welfare State.</em> Mary Poole.
119434,The Journal of Sociology & Social Welfare,2007,oai:scholarworks.wmich.edu:jssw-3286,10.15453/0191-5096.3286,A,oai_rule,1.0,match,name,1.0,"<em>Social Capital and Welfare Reform: Organizations, Congregations and Community.</em> Jo Ann Schneider."
119435,The Journal of Sociology & Social Welfare,2007,oai:scholarworks.wmich.edu:jssw-3288,10.15453/0191-5096.3288,A,oai_rule,1.0,match,name,1.0,"<em>Not Working: Latina Immigrants, Low-wage Jobs and the Failure of Welfare Reform.<em> Alejandra Marchevsky and Jeanne Theorharis."
119436,The Journal of Sociology & Social Welfare,2007,oai:scholarworks.wmich.edu:jssw-3289,10.15453/0191-5096.3289,A,oai_rule,1.0,match,name,0.0,<em>When Work is Not Enough: State and Federal Policies to Support Needy Workers.</em> Robert P. Stoker and Laura A. Wilson.
119437,The Journal of Sociology & Social Welfare,2007,oai:scholarworks.wmich.edu:jssw-3290,10.15453/0191-5096.3290,A,oai_rule,1.0,match,name,1.0,<em>Racism in Metropolitan Areas.</em> Rik Pinxten and Ellen Preckler.
119438,The Journal of Sociology & Social Welfare,2007,oai:scholarworks.wmich.edu:jssw-3292,10.15453/0191-5096.3292,A,oai_rule,1.0,match,name,1.0,Two Decades After McMartin: A Follow-up of 22 Convicted Day Care Employees
119439,The Journal of Sociology & Social Welfare,2007,oai:scholarworks.wmich.edu:jssw-3294,10.15453/0191-5096.3294,A,oai_rule,1.0,match,name,1.0,A Critique of the Global Trafficking Discourse and U.S. Policy
119440,The Journal of Sociology & Social Welfare,2007,oai:scholarworks.wmich.edu:jssw-3295,10.15453/0191-5096.3295,A,oai_rule,1.0,match,name,1.0,A Qualitative Study of Letters to President Kennedy from Persons with Mental Illness and Their Families: Using the Research Poem in Policy Oriented Research
119441,The Journal of Sociology & Social Welfare,2007,oai:scholarworks.wmich.edu:jssw-3293,10.15453/0191-5096.3293,A,oai_rule,1.0,match,name,1.0,Negotiating 'Professional Agency': Social Work and Decision-Making within the Ontario Child Welfare System
119442,The Journal of Sociology & Social Welfare,2007,oai:scholarworks.wmich.edu:jssw-3296,10.15453/0191-5096.3296,A,oai_rule,1.0,match,name,1.0,The Research Practices and Needs of Non-Profit Organizations in an Urban Center
119443,The Journal of Sociology & Social Welfare,2007,oai:scholarworks.wmich.edu:jssw-3297,10.15453/0191-5096.3297,A,oai_rule,1.0,match,name,1.0,Public and Private Sources of Assistance for Low-Income Households
119444,The Journal of Sociology & Social Welfare,2007,oai:scholarworks.wmich.edu:jssw-3299,10.15453/0191-5096.3299,A,oai_rule,1.0,match,name,1.0,Review of <em>International Social Work Research: Issues and Prospects.</em> Tony Tripodi and Miriam Potoky-Tripodi. Reviewed by Teresa Morris.
119445,The Journal of Sociology & Social Welfare,2007,oai:scholarworks.wmich.edu:jssw-3298,10.15453/0191-5096.3298,A,oai_rule,1.0,match,name,1.0,Social Functioning: A Sociological Common Base for Social Work Practice
119446,The Journal of Sociology & Social Welfare,2007,oai:scholarworks.wmich.edu:jssw-3300,10.15453/0191-5096.3300,A,oai_rule,1.0,match,name,1.0,Review of <em>Strategic Giving: The Art and Science' of Philanthropy.</em> Peter Frumkin. Reviewed by Ram Cnaan.
119447,The Journal of Sociology & Social Welfare,2007,oai:scholarworks.wmich.edu:jssw-3302,10.15453/0191-5096.3302,A,oai_rule,1.0,match,name,1.0,Review of <em>Human Behavior for Social Work Practice: A Developmental-Ecological Framework.</em> Wendy Haight and Edward H. Taylor. Reviewed by Marvin D. Feit.
119448,The Journal of Sociology & Social Welfare,2007,oai:scholarworks.wmich.edu:jssw-3304,10.15453/0191-5096.3304,A,oai_rule,1.0,match,name,1.0,Review of <em>The Future of Europe: Reform or Decline.</em> Alberto Alesina and Francesco Gianvassi. Reviewed by James Midgley.
119449,The Journal of Sociology & Social Welfare,2007,oai:scholarworks.wmich.edu:jssw-3301,10.15453/0191-5096.3301,A,oai_rule,1.0,match,name,1.0,"Review of <em>Welfare Discipline: Discourse, Governance and Globalization.</em> Sanford F. Schram. Reviewed by Pranab Chatterjee and Kathleen M. Alman."
119450,The Journal of Sociology & Social Welfare,2007,oai:scholarworks.wmich.edu:jssw-3303,10.15453/0191-5096.3303,A,oai_rule,1.0,match,name,1.0,Review of <em>The Relationship Rights of Children.</em> James G. Dwyer. Reviewed by Mary Ann Mason.
119451,The Journal of Sociology & Social Welfare,2007,oai:scholarworks.wmich.edu:jssw-3305,10.15453/0191-5096.3305,A,oai_rule,1.0,match,name,0.0,<em>Social Theory: Central Issues in Sociology.</em> John Scott.
119452,The Journal of Sociology & Social Welfare,2007,oai:scholarworks.wmich.edu:jssw-3306,10.15453/0191-5096.3306,A,oai_rule,1.0,match,name,1.0,<em>Humanitarian Aid Work: A Critical Approach.</em> Carlos Martin Beristain.
119453,The Journal of Sociology & Social Welfare,2007,oai:scholarworks.wmich.edu:jssw-3307,10.15453/0191-5096.3307,A,oai_rule,1.0,match,name,0.0,<em>Unsung Heroines: Single Mothers and the American Dream.</em> Ruth Sidel.
119454,The Journal of Sociology & Social Welfare,2007,oai:scholarworks.wmich.edu:jssw-3308,10.15453/0191-5096.3308,A,oai_rule,1.0,match,name,0.0,<em>Deadly Worlds: The Emotional Costs of Globalization.</em> Charles Lemert and Anthony Elliott.
119455,The Journal of Sociology & Social Welfare,2007,oai:scholarworks.wmich.edu:jssw-3310,10.15453/0191-5096.3310,A,oai_rule,1.0,match,name,1.0,"<em>American Families: Past and Present.</em> Susan M. Ross, Editor."
119456,The Journal of Sociology & Social Welfare,2007,oai:scholarworks.wmich.edu:jssw-3309,10.15453/0191-5096.3309,A,oai_rule,1.0,match,name,1.0,<em>Solving the Health Care Problem: How Other Nations Succeeded and Why the United States Has Not.</em> Pamela Behan.
119457,The Journal of Sociology & Social Welfare,2008,oai:scholarworks.wmich.edu:jssw-3317,10.15453/0191-5096.3317,A,oai_rule,1.0,match,name,1.0,"The Illusion of Change, The Politics of Illusion: Evolution of the Family Support Act of 1988"
119458,The Journal of Sociology & Social Welfare,2008,oai:scholarworks.wmich.edu:jssw-3316,10.15453/0191-5096.3316,A,oai_rule,1.0,match,name,1.0,Social Security Privatization: An Ideologically Structured Movement
119459,The Journal of Sociology & Social Welfare,2008,oai:scholarworks.wmich.edu:jssw-3319,10.15453/0191-5096.3319,A,oai_rule,1.0,match,name,1.0,"Political Economy, Moral Economy and the Medicare Modernization Act of 2003"
119460,The Journal of Sociology & Social Welfare,2008,oai:scholarworks.wmich.edu:jssw-3318,10.15453/0191-5096.3318,A,oai_rule,1.0,match,name,1.0,When Does Public Opinion Matter?
119461,The Journal of Sociology & Social Welfare,2008,oai:scholarworks.wmich.edu:jssw-3315,10.15453/0191-5096.3315,A,oai_rule,1.0,match,name,1.0,Social Work in the Workfare Regime: A Comparison of the U.S. and Australia
119462,The Journal of Sociology & Social Welfare,2008,oai:scholarworks.wmich.edu:jssw-3314,10.15453/0191-5096.3314,A,oai_rule,1.0,match,name,1.0,Leveling the Playing Field: Epitomizing Devolution through Faith-Based Organizations
119463,The Journal of Sociology & Social Welfare,2008,oai:scholarworks.wmich.edu:jssw-3320,10.15453/0191-5096.3320,A,oai_rule,1.0,match,name,1.0,A Decent Home for Every Family? Housing Policy Initiatives Since the 1980s
119464,The Journal of Sociology & Social Welfare,2008,oai:scholarworks.wmich.edu:jssw-3321,10.15453/0191-5096.3321,A,oai_rule,1.0,match,name,1.0,Does Belief Matter? Social Psychological Characteristics and the Likelihood of Welfare Use and Exit
119466,The Journal of Sociology & Social Welfare,2008,oai:scholarworks.wmich.edu:jssw-3323,10.15453/0191-5096.3323,A,oai_rule,1.0,match,name,1.0,Tracing the History of Medicare Home Health Care: The Impact of Policy on Benefit Use
119467,The Journal of Sociology & Social Welfare,2016,oai:scholarworks.wmich.edu:jssw-3326,10.15453/0191-5096.3326,A,oai_rule,1.0,match,name,1.0,Value Discretion in a People-Changing Environment: Taking the Long View
119468,The Journal of Sociology & Social Welfare,2008,oai:scholarworks.wmich.edu:jssw-3329,10.15453/0191-5096.3329,A,oai_rule,1.0,match,name,1.0,"Globalization, Precarious Work, and the Food Bank"
119469,The Journal of Sociology & Social Welfare,2008,oai:scholarworks.wmich.edu:jssw-3330,10.15453/0191-5096.3330,A,oai_rule,1.0,match,name,1.0,Family Foster Care for Abandoned Children in Egypt
119470,The Journal of Sociology & Social Welfare,2008,oai:scholarworks.wmich.edu:jssw-3331,10.15453/0191-5096.3331,A,oai_rule,1.0,match,name,1.0,Potential Impact of EITC Adjustments on Financial Self-Sufficiency among Low-Income Families: A Simulation Model
119471,The Journal of Sociology & Social Welfare,2008,oai:scholarworks.wmich.edu:jssw-3332,10.15453/0191-5096.3332,A,oai_rule,1.0,match,name,1.0,Transforming Caregiving: African American Custodial Grandmothers and the Child Welfare System
119472,The Journal of Sociology & Social Welfare,2008,oai:scholarworks.wmich.edu:jssw-3333,10.15453/0191-5096.3333,A,oai_rule,1.0,match,name,1.0,Documentary Photography in American Social Welfare History: 1897-1943
119473,The Journal of Sociology & Social Welfare,2008,oai:scholarworks.wmich.edu:jssw-3334,10.15453/0191-5096.3334,A,oai_rule,1.0,match,name,1.0,Using Social Construction Theory as a Foundation for Macro-Level Interventions in Communities Impacted by HIV and Addictions
119475,The Journal of Sociology & Social Welfare,2008,oai:scholarworks.wmich.edu:jssw-3336,10.15453/0191-5096.3336,A,oai_rule,1.0,match,name,1.0,Review of <em>Working Mothers and the Welfare State: Religion and the Politics of Work-Family Policies in Western Europe and the United States.</em> Kimberly J. Morgan. Reviewed by Katherine Van Worme
119476,The Journal of Sociology & Social Welfare,2008,oai:scholarworks.wmich.edu:jssw-3337,10.15453/0191-5096.3337,A,oai_rule,1.0,match,name,1.0,"Review of <em>Good Kids from Bad Neighborhoods: Successful Development in Social Context.</em> Delbert S. Elliott, Scott Menard, Bruce Rankin, Amanda Elliott, William Julius Wilson and David Huizinga."
119477,The Journal of Sociology & Social Welfare,2008,oai:scholarworks.wmich.edu:jssw-3338,10.15453/0191-5096.3338,A,oai_rule,1.0,match,name,1.0,"Review of <em>Polarized America: The Dance of Ideology and Unequal Riches.</em> Nolan McCarty, Keith T. Poole and Howard Rosenthal. Reviewed by Joel Blau"
119478,The Journal of Sociology & Social Welfare,2008,oai:scholarworks.wmich.edu:jssw-3340,10.15453/0191-5096.3340,A,oai_rule,1.0,match,name,1.0,Review of <em>Biomedicalization of Alcohol Studies: Ideological Shifts and Institutional Challenges.</em> Lorraine T. Midanik. Reviewed by E. Michael Gorman.
119480,The Journal of Sociology & Social Welfare,2008,oai:scholarworks.wmich.edu:jssw-3341,10.15453/0191-5096.3341,A,oai_rule,1.0,match,name,1.0,Review of <em>California: America's High Stakes Experiment.</em> Peter Schrag. Reviewed by Bart Grossman.
119481,The Journal of Sociology & Social Welfare,2008,oai:scholarworks.wmich.edu:jssw-3342,10.15453/0191-5096.3342,A,oai_rule,1.0,match,name,1.0,Review of <em>Long Range Public Investment: The Forgotten Legacy of the New Deal.</em> Robert D. Leighninger. Reviewed by James Midgley.
119482,The Journal of Sociology & Social Welfare,2008,oai:scholarworks.wmich.edu:jssw-3344,10.15453/0191-5096.3344,A,oai_rule,1.0,match,name,1.0,<em>Restructuring Family Policies: Convergences and Divergences.</em> Maureen Baker.
119483,The Journal of Sociology & Social Welfare,2008,oai:scholarworks.wmich.edu:jssw-3343,10.15453/0191-5096.3343,A,oai_rule,1.0,match,name,1.0,Review of <em>Social Work with Latinos: A Cultural Assets Paradigm.</em> Melvin Delgado. Reviewed by Barbara J. Robles.
119484,The Journal of Sociology & Social Welfare,2008,oai:scholarworks.wmich.edu:jssw-3346,10.15453/0191-5096.3346,A,oai_rule,1.0,match,name,1.0,"<em>The Other Philadelphia Story: How Local Congregations Support Quality of Life in Urban America.</em> Ram A. Cnaan with Stephanie C. Boddie, Charlene C. McGrew and Jennifer Kang."
119485,The Journal of Sociology & Social Welfare,2008,oai:scholarworks.wmich.edu:jssw-3345,10.15453/0191-5096.3345,A,oai_rule,1.0,match,name,1.0,<em>Jobs Aren't Enough: Towards a New Economic Mobility for Low-Income Families.</em> Roberta Rehner Iverson and Annie Laurie Armstrong.
119486,The Journal of Sociology & Social Welfare,2008,oai:scholarworks.wmich.edu:jssw-3347,10.15453/0191-5096.3347,A,oai_rule,1.0,match,name,1.0,<em>When Welfare Disappears: The Case for Economic Human Rights.</em> Kenneth J. Neubeck.
119487,The Journal of Sociology & Social Welfare,2008,oai:scholarworks.wmich.edu:jssw-3348,10.15453/0191-5096.3348,A,oai_rule,1.0,match,name,1.0,"<em>The State after Statism: New State Activities in the Age of Liberalization.</em> Jonah D. Levy, Editor."
119488,The Journal of Sociology & Social Welfare,2008,oai:scholarworks.wmich.edu:jssw-3349,10.15453/0191-5096.3349,A,oai_rule,1.0,match,name,1.0,<em>Contesting Communities: The Transformation of Workplace Charity.</em> Emily Barman.
119489,The Journal of Sociology & Social Welfare,2008,oai:scholarworks.wmich.edu:jssw-3350,10.15453/0191-5096.3350,A,oai_rule,1.0,match,name,1.0,<em>Child Soldiers: From Violence to Protection.</em> Michael Wessells.
119490,The Journal of Sociology & Social Welfare,2008,oai:scholarworks.wmich.edu:jssw-3351,10.15453/0191-5096.3351,A,oai_rule,1.0,match,name,0.0,"<em>Health and Work Productivity: Making the Business Case for Quality Health Care.</em> Ronald C. Kessler and Paul E. Stang, Editors."
119491,The Journal of Sociology & Social Welfare,2008,oai:scholarworks.wmich.edu:jssw-3352,10.15453/0191-5096.3352,A,oai_rule,1.0,match,name,0.0,"<em>Paradigm Wars: Indigenous Peoples' Resistance to Globalization.</em> Jerry Mander and Victoria Tauli-Corpuz, Editors."
119492,The Journal of Sociology & Social Welfare,2008,oai:scholarworks.wmich.edu:jssw-3355,10.15453/0191-5096.3355,A,oai_rule,1.0,match,name,1.0,Women's Lives and Poverty: Developing a Framework of Real Reform for Welfare
119493,The Journal of Sociology & Social Welfare,2008,oai:scholarworks.wmich.edu:jssw-3356,10.15453/0191-5096.3356,A,oai_rule,1.0,match,name,1.0,Long-Term TANF Participants and Barriers to Employment: A Qualitative Study in Maine
119494,The Journal of Sociology & Social Welfare,2008,oai:scholarworks.wmich.edu:jssw-3357,10.15453/0191-5096.3357,A,oai_rule,1.0,match,name,1.0,"Dropped From the Rolls: Mexican Immigrants, Race, and Rights in the Era of Welfare Reform"
119495,The Journal of Sociology & Social Welfare,2008,oai:scholarworks.wmich.edu:jssw-3358,10.15453/0191-5096.3358,A,oai_rule,1.0,match,name,1.0,Welfare and Family Economic Security: Toward a Place-Based Poverty Knowledge
119496,The Journal of Sociology & Social Welfare,2008,oai:scholarworks.wmich.edu:jssw-3359,10.15453/0191-5096.3359,A,oai_rule,1.0,match,name,1.0,Tracking the Transition from Welfare to Work
119497,The Journal of Sociology & Social Welfare,2008,oai:scholarworks.wmich.edu:jssw-3361,10.15453/0191-5096.3361,A,oai_rule,1.0,match,name,1.0,Lost in Appalachia: The Unexpected Impact of Welfare Reform on Older Women in Rural Communities
119498,The Journal of Sociology & Social Welfare,2008,oai:scholarworks.wmich.edu:jssw-3360,10.15453/0191-5096.3360,A,oai_rule,1.0,match,name,1.0,The Untold Story of Welfare Fraud
119499,The Journal of Sociology & Social Welfare,2008,oai:scholarworks.wmich.edu:jssw-3363,10.15453/0191-5096.3363,A,oai_rule,1.0,match,name,1.0,"Review of <em>Gangs in the Global City: Alternatives to Traditional Criminology.</em> John M. Hagedorn, Editor. Reviewed by Matthew T. Theriot."
119500,The Journal of Sociology & Social Welfare,2008,oai:scholarworks.wmich.edu:jssw-3364,10.15453/0191-5096.3364,A,oai_rule,1.0,match,name,1.0,Review of <em>Civic Engagement: Social Science and Progressive Era Reform in New York City.</em> John Louis Recchiuti. Reviewed by John M. Herrick.
119501,The Journal of Sociology & Social Welfare,2008,oai:scholarworks.wmich.edu:jssw-3362,10.15453/0191-5096.3362,A,oai_rule,1.0,match,name,1.0,"""It's All One Big Circle"": Welfare Discourse and the Everyday Lives of Urban Adolescents"
119502,The Journal of Sociology & Social Welfare,2008,oai:scholarworks.wmich.edu:jssw-3367,10.15453/0191-5096.3367,A,oai_rule,1.0,match,name,1.0,"Review of <em>Citizenship and Those Who Leave: The Politics of Emigration and Expatriation.</em> Nancy L. Green and Francois Weil, Editors. Reviewed by Miriam Potocky."
119503,The Journal of Sociology & Social Welfare,2008,oai:scholarworks.wmich.edu:jssw-3366,10.15453/0191-5096.3366,A,oai_rule,1.0,match,name,1.0,"Review of <em>Civic Service Worldwide: Impacts and Inquiry.</em> Amanda Moore McBride & Michael W. Sherraden, Editors. Reviewed by Barbara J. Robles."
119504,The Journal of Sociology & Social Welfare,2008,oai:scholarworks.wmich.edu:jssw-3368,10.15453/0191-5096.3368,A,oai_rule,1.0,match,name,1.0,Review of <em>Ask & Tell: Gay & Lesbian Veterans Speak Out.</em> Steve Estes. Reviewed by John F. Longres.
119505,The Journal of Sociology & Social Welfare,2008,oai:scholarworks.wmich.edu:jssw-3369,10.15453/0191-5096.3369,A,oai_rule,1.0,match,name,1.0,Review of <em>Drugs and Drug Policy: The Control of Consciousness Alteration.</em> Clayton J. Mosher and Scott M. Akins. Reviewed by Sean R. Hogan.
119506,The Journal of Sociology & Social Welfare,2008,oai:scholarworks.wmich.edu:jssw-3372,10.15453/0191-5096.3372,A,oai_rule,1.0,match,name,0.0,<em>Understanding Social Inequality.</em> Tim Butler and Paul Watt.
119507,The Journal of Sociology & Social Welfare,2008,oai:scholarworks.wmich.edu:jssw-3370,10.15453/0191-5096.3370,A,oai_rule,1.0,match,name,0.0,<em>The Promise of Welfare Reform.</em> Keith M. Kilty and Elizabeth Segal.
119508,The Journal of Sociology & Social Welfare,2008,oai:scholarworks.wmich.edu:jssw-3371,10.15453/0191-5096.3371,A,oai_rule,1.0,match,name,0.0,"<em>Human Behavior and the Social Environment: Models, Metaphors, and Maps for Applying Theoretical Perspectives to Practice.</em> James Forte."
119509,The Journal of Sociology & Social Welfare,2008,oai:scholarworks.wmich.edu:jssw-3373,10.15453/0191-5096.3373,A,oai_rule,1.0,match,name,0.0,<em>Tearing Down the Gates: Confronting the Class Divide in American Education.</em> Peter Sacks.
119510,The Journal of Sociology & Social Welfare,2008,oai:scholarworks.wmich.edu:jssw-3374,10.15453/0191-5096.3374,A,oai_rule,1.0,match,name,0.0,<em>The First Year Out: Understanding American Teens After High School.</em> Tim Clydesdale.
119511,The Journal of Sociology & Social Welfare,2008,oai:scholarworks.wmich.edu:jssw-3379,10.15453/0191-5096.3379,A,oai_rule,1.0,match,name,0.0,"<em>Busier Than Ever: Why American Families Can't Slow Down.</em> Charles N. Darrah, James M. Freeman and J. A. English-Leuck."
119512,The Journal of Sociology & Social Welfare,2008,oai:scholarworks.wmich.edu:jssw-3376,10.15453/0191-5096.3376,A,oai_rule,1.0,match,name,0.0,"<em>Blame Welfare, Ignore Poverty and Inequality.</em> Joel F. Handler and Yeheskel Hasenfeld."
119513,The Journal of Sociology & Social Welfare,2008,oai:scholarworks.wmich.edu:jssw-3375,10.15453/0191-5096.3375,A,oai_rule,1.0,match,name,0.0,"<em>America Transformed: Globalization, Inequality and Power.</em> Gary Hytrek and Kristine M. Zentgraf."
119514,The Journal of Sociology & Social Welfare,2008,oai:scholarworks.wmich.edu:jssw-3378,10.15453/0191-5096.3378,A,oai_rule,1.0,match,name,0.0,"<em>The Europeanization of Social Protection.</em> Jon Kvist and Juho Saari, Editors."
119515,The Journal of Sociology & Social Welfare,2008,oai:scholarworks.wmich.edu:jssw-3377,10.15453/0191-5096.3377,A,oai_rule,1.0,match,name,0.0,<em>Social Security between Past and Future: Ambonese Networks of Care and Support.</em> Franz von Benda-Beckmann and Kebeet von Benda-Beckmann.
119516,The Journal of Sociology & Social Welfare,2008,oai:scholarworks.wmich.edu:jssw-3383,10.15453/0191-5096.3383,A,oai_rule,1.0,match,name,1.0,Establishing a Basis for Multi-System Collaboration: Systemic Team Development
119517,The Journal of Sociology & Social Welfare,2008,oai:scholarworks.wmich.edu:jssw-3384,10.15453/0191-5096.3384,A,oai_rule,1.0,match,name,1.0,African American Grandmothers Providing Extensive Care to their Grandchildren: Socio-demographic and Health Determinants of Life Satisfaction
119518,The Journal of Sociology & Social Welfare,2008,oai:scholarworks.wmich.edu:jssw-3390,10.15453/0191-5096.3390,A,oai_rule,1.0,match,name,1.0,Review of <em>Saving Children from a Life of Crime: Early Risk Factors and Effective Interventions.</em> David P. Farrington and Brandon C. Welsh. Reviewed by Stephanie Cosner Berzin.
119519,The Journal of Sociology & Social Welfare,2008,oai:scholarworks.wmich.edu:jssw-3386,10.15453/0191-5096.3386,A,oai_rule,1.0,match,name,1.0,Rethinking Social Work's Role in Public Assistance
119520,The Journal of Sociology & Social Welfare,2008,oai:scholarworks.wmich.edu:jssw-3385,10.15453/0191-5096.3385,A,oai_rule,1.0,match,name,1.0,Policy Mandated Collaboration
119521,The Journal of Sociology & Social Welfare,2008,oai:scholarworks.wmich.edu:jssw-3388,10.15453/0191-5096.3388,A,oai_rule,1.0,match,name,1.0,A Boiling Pot of Animosity or an Alliance of Kindred Spirits? Exploring Connections Between Native Americans and African Americans
119522,The Journal of Sociology & Social Welfare,2008,oai:scholarworks.wmich.edu:jssw-3387,10.15453/0191-5096.3387,A,oai_rule,1.0,match,name,1.0,Racial/Ethnic Differences in Religious Congregation-based Social Service Delivery Efforts
119523,The Journal of Sociology & Social Welfare,2008,oai:scholarworks.wmich.edu:jssw-3389,10.15453/0191-5096.3389,A,oai_rule,1.0,match,name,1.0,"""I'm Glad you Asked"": Homeless Clients with Severe Mental Illness Evaluate Their Residential Care"
119524,The Journal of Sociology & Social Welfare,2008,oai:scholarworks.wmich.edu:jssw-3391,10.15453/0191-5096.3391,A,oai_rule,1.0,match,name,1.0,Review of <em>Why Welfare States Persist: The Importance of Public Opinion in Democracies.</em> Clem Brooks and Jeff Manza. Reviewed by Allan Brawley.
119525,The Journal of Sociology & Social Welfare,2008,oai:scholarworks.wmich.edu:jssw-3392,10.15453/0191-5096.3392,A,oai_rule,1.0,match,name,1.0,Review of <em>Survival of the Knitted: Immigrant Social Networks in a Stratified World.</em> Vilna Francine Bashi. Reviewed by Qingwen Xu.
119526,The Journal of Sociology & Social Welfare,2008,oai:scholarworks.wmich.edu:jssw-3394,10.15453/0191-5096.3394,A,oai_rule,1.0,match,name,1.0,Review of <em>Citizen Lobbyists: Local Efforts to Influence Public Policy.</em> Brian Adams. Reviewed by Michael Woodford.
119527,The Journal of Sociology & Social Welfare,2008,oai:scholarworks.wmich.edu:jssw-3393,10.15453/0191-5096.3393,A,oai_rule,1.0,match,name,1.0,Review of <em>The Lost Promise of Civil Rights.</em> Risa L. Goluboff. Reviewed by Wilma Peebles-Wilkins.
119528,The Journal of Sociology & Social Welfare,2008,oai:scholarworks.wmich.edu:jssw-3395,10.15453/0191-5096.3395,A,oai_rule,1.0,match,name,1.0,"Review of <em>Wives without Husbands: Marriage, Desertion and Welfare in New York, 1900-1935.</em> Anna R. Igra. Reviewed by Laura Curran."
119529,The Journal of Sociology & Social Welfare,2008,oai:scholarworks.wmich.edu:jssw-3398,10.15453/0191-5096.3398,A,oai_rule,1.0,match,name,1.0,"<em>Dynamics of Social Welfare Policy: Right versus Left.</em> Gardenia Harris, Bernard Ivan Tamas, and Nancy S. Lind"
119530,The Journal of Sociology & Social Welfare,2008,oai:scholarworks.wmich.edu:jssw-3400,10.15453/0191-5096.3400,A,oai_rule,1.0,match,name,1.0,"<em>Social Security in Ireland, 1939-1952: The Limits to Solidarity.</em> Sophia Carey."
119531,The Journal of Sociology & Social Welfare,2008,oai:scholarworks.wmich.edu:jssw-3402,10.15453/0191-5096.3402,A,oai_rule,1.0,match,name,1.0,"<em>The Politics, Economics, and Culture of Mexican-US Migration: Both Sides of the Border.</em> Edward Ashbee, Helene Balsev Clausen, and Carl Pedersen, Editors."
119532,The Journal of Sociology & Social Welfare,2008,oai:scholarworks.wmich.edu:jssw-3397,10.15453/0191-5096.3397,A,oai_rule,1.0,match,name,1.0,"<em>Revitalising Communities in a Globalising World.</em> Lena Dominelli, Editor."
119533,The Journal of Sociology & Social Welfare,2008,oai:scholarworks.wmich.edu:jssw-3399,10.15453/0191-5096.3399,A,oai_rule,1.0,match,name,1.0,<em>Racial Diversity and Social Capital: Equality and Community in America.</em> Rodney E. Hero.
119534,The Journal of Sociology & Social Welfare,2008,oai:scholarworks.wmich.edu:jssw-3401,10.15453/0191-5096.3401,A,oai_rule,1.0,match,name,1.0,<em>Opting Out? Why Women Really Quit Careers and Head Home.</em> Pamela Stone.
119535,The Journal of Sociology & Social Welfare,2008,oai:scholarworks.wmich.edu:jssw-3396,10.15453/0191-5096.3396,A,oai_rule,1.0,match,name,1.0,"<em>Contested Lands: Israel-Palestine, Kashmir, Bosnia, Cyprus and Sri Lanka.</em> Sumantra Bose."
119536,The Journal of Sociology & Social Welfare,2009,oai:scholarworks.wmich.edu:jssw-3404,10.15453/0191-5096.3404,A,oai_rule,1.0,match,name,1.0,"Prevalence and Correlates of Adolescent Dating Violence in Bangkok, Thailand"
119537,The Journal of Sociology & Social Welfare,2009,oai:scholarworks.wmich.edu:jssw-3405,10.15453/0191-5096.3405,A,oai_rule,1.0,match,name,1.0,Child Care and Development Fund: A Policy Analysis
119538,The Journal of Sociology & Social Welfare,2009,oai:scholarworks.wmich.edu:jssw-3406,10.15453/0191-5096.3406,A,oai_rule,1.0,match,name,1.0,Parental Assets: A Pathway to Positive Child Educational Outcomes
119539,The Journal of Sociology & Social Welfare,2009,oai:scholarworks.wmich.edu:jssw-3409,10.15453/0191-5096.3409,A,oai_rule,1.0,match,name,1.0,Structuration Theory and Critical Consciousness: Potential Applications for Social Work Practice
119540,The Journal of Sociology & Social Welfare,2009,oai:scholarworks.wmich.edu:jssw-3408,10.15453/0191-5096.3408,A,oai_rule,1.0,match,name,1.0,The Failures of American Poverty Measures
119541,The Journal of Sociology & Social Welfare,2009,oai:scholarworks.wmich.edu:jssw-3407,10.15453/0191-5096.3407,A,oai_rule,1.0,match,name,1.0,Promoting Positive Outcomes for Healthy Youth Development: Utilizing Social Capital Theory
119542,The Journal of Sociology & Social Welfare,2009,oai:scholarworks.wmich.edu:jssw-3410,10.15453/0191-5096.3410,A,oai_rule,1.0,match,name,1.0,"Welcome to the Neighborhood: Does Where you Live Affect the Use of Nutrition, Health, and Welfare Programs?"
119543,The Journal of Sociology & Social Welfare,2009,oai:scholarworks.wmich.edu:jssw-3413,10.15453/0191-5096.3413,A,oai_rule,1.0,match,name,1.0,Review of <em>Differential Diagnosis: A Comparative History of Health Care Problems and Solutions in the United States and France.</em> Paul V. Dutton. Reviewed by Krista Drescher Burke.
119544,The Journal of Sociology & Social Welfare,2009,oai:scholarworks.wmich.edu:jssw-3412,10.15453/0191-5096.3412,A,oai_rule,1.0,match,name,1.0,"Review of <em>The Political Sociology of the Welfare State: Institutions, Social Cleavages and Orientation.</em> Stefan Svallfors, Editor. Reviewed by Richard J. Smith."
119545,The Journal of Sociology & Social Welfare,2009,oai:scholarworks.wmich.edu:jssw-3411,10.15453/0191-5096.3411,A,oai_rule,1.0,match,name,1.0,"Testing the Relationship of Formal Bonding, Informal Bonding, and Formal Bridging Social Capital on Key Outcomes for Families in Low-Income Neighborhoods"
119546,The Journal of Sociology & Social Welfare,2009,oai:scholarworks.wmich.edu:jssw-3415,10.15453/0191-5096.3415,A,oai_rule,1.0,match,name,1.0,Review of <em>The Battle for Welfare Rights: Politics and Poverty in Modern America.</em> Felicia Kornbluh. Reviewed by James Midgley.
119547,The Journal of Sociology & Social Welfare,2009,oai:scholarworks.wmich.edu:jssw-3416,10.15453/0191-5096.3416,A,oai_rule,1.0,match,name,1.0,Review of <em>Why America Lost the War on Poverty-And How to Win It.</em> Frank Stricker. Reviewed by Mary Ager Caplan.
119548,The Journal of Sociology & Social Welfare,2009,oai:scholarworks.wmich.edu:jssw-3417,10.15453/0191-5096.3417,A,oai_rule,1.0,match,name,1.0,"Review of <em>The Origins of the Welfare State: Women, Work, and the French Revolution.</em> Lisa DiCaprio. Reviewed by James Midgley."
119549,The Journal of Sociology & Social Welfare,2009,oai:scholarworks.wmich.edu:jssw-3418,10.15453/0191-5096.3418,A,oai_rule,1.0,match,name,1.0,"Review of <em>Challenges of an Aging Society; Ethical Dilemmas, Political Issues.</em> Rachel A. Pruchno and Michael Smyer, Editors. Reviewed by Erica Yoonkyung Auh."
119550,The Journal of Sociology & Social Welfare,2009,oai:scholarworks.wmich.edu:jssw-3419,10.15453/0191-5096.3419,A,oai_rule,1.0,match,name,1.0,Review of <em>The Other Invisible Hand: Delivery Public Services through Choice and Competition.</em> Julian Le Grand. Reviewed by James Midgley.
119551,The Journal of Sociology & Social Welfare,2009,oai:scholarworks.wmich.edu:jssw-3420,10.15453/0191-5096.3420,A,oai_rule,1.0,match,name,1.0,Review of <em>Grassroots Struggles for Sustainability in Central America.</em> Lynn R. Horton. Reviewed by Ian W. Holloway.
119552,The Journal of Sociology & Social Welfare,2009,oai:scholarworks.wmich.edu:jssw-3421,10.15453/0191-5096.3421,A,oai_rule,1.0,match,name,1.0,"Review of <em>Mexican Immigration to the United States.</em> George J. Borjas, Editor. Reviewed by Michelle Johnson."
119553,The Journal of Sociology & Social Welfare,2009,oai:scholarworks.wmich.edu:jssw-3422,10.15453/0191-5096.3422,A,oai_rule,1.0,match,name,1.0,Review of <em>The Sandbox Investment: The Preschool Movement and Kids-First Politics.</em> David L. Kirp. Reviewed by James Midgley.
119554,The Journal of Sociology & Social Welfare,2009,oai:scholarworks.wmich.edu:jssw-3423,10.15453/0191-5096.3423,A,oai_rule,1.0,match,name,1.0,"Review of <em>Blue-Chip Black: Race, Class, and Status in the New Black Middle Class.</em> Karyn R. Lacy. Reviewed by Paul G. Wright."
119555,The Journal of Sociology & Social Welfare,2009,oai:scholarworks.wmich.edu:jssw-3424,10.15453/0191-5096.3424,A,oai_rule,1.0,match,name,1.0,Review of <em>The Great American Crime Decline.</em> Franklin E. Zimring. Reviewed by Matthew T. Theriot.
119556,The Journal of Sociology & Social Welfare,2009,oai:scholarworks.wmich.edu:jssw-3427,10.15453/0191-5096.3427,A,oai_rule,1.0,match,name,1.0,Getting to the Grassroots: Feminist Standpoints Within the Welfare Rights Movement
119557,The Journal of Sociology & Social Welfare,2009,oai:scholarworks.wmich.edu:jssw-3430,10.15453/0191-5096.3430,A,oai_rule,1.0,match,name,1.0,"Building Their Readiness For Economic ""Freedom"": The New Poor Law and Emancipation"
119558,The Journal of Sociology & Social Welfare,2009,oai:scholarworks.wmich.edu:jssw-3432,10.15453/0191-5096.3432,A,oai_rule,1.0,match,name,1.0,Ethnicity Matters: The Socioeconomic Gradient in Health among Asian Americans
119559,The Journal of Sociology & Social Welfare,2009,oai:scholarworks.wmich.edu:jssw-3438,10.15453/0191-5096.3438,A,oai_rule,1.0,match,name,1.0,Review of <em>Unequal Under Law: Race in the War on Drugs.</em> Doris Marie Provine. Reviewed by Christine Lou.
119560,The Journal of Sociology & Social Welfare,2009,oai:scholarworks.wmich.edu:jssw-3428,10.15453/0191-5096.3428,A,oai_rule,1.0,match,name,1.0,The Social Construction of Client Participation: The Evolution and Transformation of the Role of Service Recipients in Child Welfare and Mental Disabilities
119561,The Journal of Sociology & Social Welfare,2009,oai:scholarworks.wmich.edu:jssw-3433,10.15453/0191-5096.3433,A,oai_rule,1.0,match,name,1.0,Women's Experiences of Victimization and Survival
119562,The Journal of Sociology & Social Welfare,2009,oai:scholarworks.wmich.edu:jssw-3434,10.15453/0191-5096.3434,A,oai_rule,1.0,match,name,1.0,Expectations of the Consequences of New International Adoption Policy in the U.S.
119563,The Journal of Sociology & Social Welfare,2009,oai:scholarworks.wmich.edu:jssw-3435,10.15453/0191-5096.3435,A,oai_rule,1.0,match,name,1.0,Review of <em>Reclaiming Social Work: Challenging Neoliberalism and Promoting Social Justice.</em> Ian Ferguson. Reviewed by James Midgley.
119564,The Journal of Sociology & Social Welfare,2009,oai:scholarworks.wmich.edu:jssw-3436,10.15453/0191-5096.3436,A,oai_rule,1.0,match,name,1.0,Review of <em>Youth-Led Community Organizing: Theory and Action.</em> Melvin Delgado and Lee Staples. Reviewed by Wilma Peebles-Wilkins.
119565,The Journal of Sociology & Social Welfare,2009,oai:scholarworks.wmich.edu:jssw-3439,10.15453/0191-5096.3439,A,oai_rule,1.0,match,name,1.0,Review of <em>Ordinary People: In and Out of Poverty in the Gilded Age.</em> David Wagner. Reviewed by John M. Herrick.
119566,The Journal of Sociology & Social Welfare,2009,oai:scholarworks.wmich.edu:jssw-3431,10.15453/0191-5096.3431,A,oai_rule,1.0,match,name,1.0,Racial/Ethnic Differences in the Provision of Health-related Programs among American Religious Congregations
119567,The Journal of Sociology & Social Welfare,2009,oai:scholarworks.wmich.edu:jssw-3437,10.15453/0191-5096.3437,A,oai_rule,1.0,match,name,1.0,"Review of <em>Low Income, Social Growth and Good Health: A History of Twelve Countries.</em> James C. Riley. Reviewed by Kristen Gustavson."
119568,The Journal of Sociology & Social Welfare,2009,oai:scholarworks.wmich.edu:jssw-3429,10.15453/0191-5096.3429,A,oai_rule,1.0,match,name,1.0,Chat-Room Voices of Divorced Non-Residential Fathers
119569,The Journal of Sociology & Social Welfare,2009,oai:scholarworks.wmich.edu:jssw-3440,10.15453/0191-5096.3440,A,oai_rule,1.0,match,name,1.0,Review of <em>Social Welfare in Japan: Principles and Applications.</em> Kojun Furukawa. Reviewed by Christina Miyawaki.
119570,The Journal of Sociology & Social Welfare,2009,oai:scholarworks.wmich.edu:jssw-3441,10.15453/0191-5096.3441,A,oai_rule,1.0,match,name,1.0,Review of <em>Empowering Vulnerable Populations: Cognitive-Behavioral Interventions.</em> Mary Keegan Eamon. Reviewed Maria Y. Hernandez.
119571,The Journal of Sociology & Social Welfare,2009,oai:scholarworks.wmich.edu:jssw-3446,10.15453/0191-5096.3446,A,oai_rule,1.0,match,name,1.0,Review of <em>The Failed Welfare Revolution: America's Struggle over the Guaranteed Income Policy.</em> Brian Steensland. Reviewed by James Midgley.
119572,The Journal of Sociology & Social Welfare,2009,oai:scholarworks.wmich.edu:jssw-3442,10.15453/0191-5096.3442,A,oai_rule,1.0,match,name,1.0,Review of <em>Valuing Children: Rethinking the Economics of the Family.</em> Nancy Folbre. Reviewed by Lorelei Mitchell
119573,The Journal of Sociology & Social Welfare,2009,oai:scholarworks.wmich.edu:jssw-3443,10.15453/0191-5096.3443,A,oai_rule,1.0,match,name,1.0,Review of <em>Drug Smugglers on Drug Smuggling: Lessons from the Inside.</em> Scott H. Decker and Margaret Townsend Chapman. Reviewed by E. Michael (Mike) Gorman.
119574,The Journal of Sociology & Social Welfare,2009,oai:scholarworks.wmich.edu:jssw-3444,10.15453/0191-5096.3444,A,oai_rule,1.0,match,name,1.0,Review of <em>Rural Communities: Legacy and Change.</em> Cornelia Butler Flora and Jan L. Flora. Reviewed by James Midgley.
119575,The Journal of Sociology & Social Welfare,2009,oai:scholarworks.wmich.edu:jssw-3449,10.15453/0191-5096.3449,A,oai_rule,1.0,match,name,1.0,Rescuing Children and Punishing Poor Families: Housing Related Decisions
119576,The Journal of Sociology & Social Welfare,2009,oai:scholarworks.wmich.edu:jssw-3448,10.15453/0191-5096.3448,A,oai_rule,1.0,match,name,1.0,Institutions and Savings in Low-Income Households
119577,The Journal of Sociology & Social Welfare,2009,oai:scholarworks.wmich.edu:jssw-3451,10.15453/0191-5096.3451,A,oai_rule,1.0,match,name,1.0,Ethics with Character: Virtues and the Ethical Social Worker
119578,The Journal of Sociology & Social Welfare,2009,oai:scholarworks.wmich.edu:jssw-3453,10.15453/0191-5096.3453,A,oai_rule,1.0,match,name,1.0,Pregnant and Poor in the Suburb: The Experiences of Economically Disadvantaged Women of Color with Prenatal Services in a Wealthy Suburban County
119579,The Journal of Sociology & Social Welfare,2009,oai:scholarworks.wmich.edu:jssw-3452,10.15453/0191-5096.3452,A,oai_rule,1.0,match,name,1.0,The Limits of Paternalism: A Case Study of Welfare Reform in Wisconsin
119580,The Journal of Sociology & Social Welfare,2009,oai:scholarworks.wmich.edu:jssw-3450,10.15453/0191-5096.3450,A,oai_rule,1.0,match,name,1.0,A Mixed Methods Analysis of Social Capital of Liberian Refugee Women in Ghana
119581,The Journal of Sociology & Social Welfare,2009,oai:scholarworks.wmich.edu:jssw-3454,10.15453/0191-5096.3454,A,oai_rule,1.0,match,name,1.0,Factors Predicting Residential Mobility Among the Recipients of the Section 8 Housing Choice Voucher Program
119582,The Journal of Sociology & Social Welfare,2009,oai:scholarworks.wmich.edu:jssw-3455,10.15453/0191-5096.3455,A,oai_rule,1.0,match,name,1.0,The Development of an Unequal Social Safety Net: A Case Study of the Employer-based Health Insurance (Non) System
119583,The Journal of Sociology & Social Welfare,2009,oai:scholarworks.wmich.edu:jssw-3457,10.15453/0191-5096.3457,A,oai_rule,1.0,match,name,1.0,"Review of <em>People at Work: Life, Power, and Social Inclusion in the New Economy.</em> Marjorie L. DeVault, Editor. Reviewed by James Midgley."
119584,The Journal of Sociology & Social Welfare,2009,oai:scholarworks.wmich.edu:jssw-3458,10.15453/0191-5096.3458,A,oai_rule,1.0,match,name,1.0,"Review of <em>Research for Action: Cross-National Perspectives on Connecting Knowledge, Policy, and Practice for Children.</em> Robert Chaskin and Jona M. Rosenfeld, Editors. Reviewed by Ann Reyes Rob"
119585,The Journal of Sociology & Social Welfare,2009,oai:scholarworks.wmich.edu:jssw-3460,10.15453/0191-5096.3460,A,oai_rule,1.0,match,name,1.0,Review of <em>The Activation Dilemma: Reconciling the Fairness and Effectiveness of Minimum Income Schemes in Europe.</em> Amilcar Moreira. Reviewed by James Midgley.
119586,The Journal of Sociology & Social Welfare,2009,oai:scholarworks.wmich.edu:jssw-3459,10.15453/0191-5096.3459,A,oai_rule,1.0,match,name,1.0,Review of <em>The Revival of Labor Liberalism.</em> Andrew Battista. Reviewed by Larry Nackerud.
119587,The Journal of Sociology & Social Welfare,2009,oai:scholarworks.wmich.edu:jssw-3462,10.15453/0191-5096.3462,A,oai_rule,1.0,match,name,1.0,Review of <em>The Dismal Science: How Thinking like an Economist Undermines Community.</em> Stephen A. Margin. Reviewed by Christopher R. Larrison.
119588,The Journal of Sociology & Social Welfare,2009,oai:scholarworks.wmich.edu:jssw-3463,10.15453/0191-5096.3463,A,oai_rule,1.0,match,name,1.0,Review of <em>Seven Rules for Social Research.</em> Glenn Firebaugh. Reviewed by Yasuki Motoyoma.
119589,The Journal of Sociology & Social Welfare,2009,oai:scholarworks.wmich.edu:jssw-3461,10.15453/0191-5096.3461,A,oai_rule,1.0,match,name,1.0,"Review of <em>On the Frontier of Adulthood: Theory, Research, and Public Policy.</em> Richard A. Settersten, Frank Furstenberg Jr. and Ruben G. Rumbaut. Reviewed by Sarah Taylor."
119590,The Journal of Sociology & Social Welfare,2009,oai:scholarworks.wmich.edu:jssw-3464,10.15453/0191-5096.3464,A,oai_rule,1.0,match,name,1.0,"Review of <em>Diversity, Oppression and Change.</em> Flavio Francisco Marsiglia and Stephen Kulis. Reviewed by Qiaobing Wu."
119591,The Journal of Sociology & Social Welfare,2009,oai:scholarworks.wmich.edu:jssw-3465,10.15453/0191-5096.3465,A,oai_rule,1.0,match,name,1.0,Review of <em>A People's History of Poverty in America.</em> Stephen Pimpare. Reviewed by James Midgley.
119592,The Journal of Sociology & Social Welfare,2009,oai:scholarworks.wmich.edu:jssw-3467,10.15453/0191-5096.3467,A,oai_rule,1.0,match,name,1.0,Review of <em>For the People: American Popular Movements from the Revolution to the 1850s.</em> Ronald P. Formisano. Reviewed by James Midgley.
119593,The Journal of Sociology & Social Welfare,2009,oai:scholarworks.wmich.edu:jssw-3466,10.15453/0191-5096.3466,A,oai_rule,1.0,match,name,1.0,"Review of <em>A Mother's Work: How Feminism, the Market and Policy Shape Family Life.</em> Neil Gilbert. Reviewed by Cheryl Hyde."
119594,The Journal of Sociology & Social Welfare,2009,oai:scholarworks.wmich.edu:jssw-3470,10.15453/0191-5096.3470,A,oai_rule,1.0,match,name,1.0,"Dreams Deferred: Disability Definitions, Data, Models, and Perspectives"
119595,The Journal of Sociology & Social Welfare,2009,oai:scholarworks.wmich.edu:jssw-3471,10.15453/0191-5096.3471,A,oai_rule,1.0,match,name,1.0,Dimensions of Loss from Mental Illness
119596,The Journal of Sociology & Social Welfare,2009,oai:scholarworks.wmich.edu:jssw-3472,10.15453/0191-5096.3472,A,oai_rule,1.0,match,name,1.0,Influences on Job Retention Among Homeless Persons with Substance Abuse or Psychiatric Disabilities
119597,The Journal of Sociology & Social Welfare,2009,oai:scholarworks.wmich.edu:jssw-3473,10.15453/0191-5096.3473,A,oai_rule,1.0,match,name,1.0,E-therapy as a Means for Addressing Barriers to Substance Use Disorder Treatment for Persons who are Deaf
119598,The Journal of Sociology & Social Welfare,2009,oai:scholarworks.wmich.edu:jssw-3474,10.15453/0191-5096.3474,A,oai_rule,1.0,match,name,1.0,Connecting Youth and Communities: Customized Career Planning for Youth with Psychiatric Disabilities
119599,The Journal of Sociology & Social Welfare,2009,oai:scholarworks.wmich.edu:jssw-3478,10.15453/0191-5096.3478,A,oai_rule,1.0,match,name,1.0,Review of <em>Human Rights and Social Justice in a Global Perspective: An Introduction to International Social Work.</em> Susan C. Mapp. Reviewed by Jani Nairruti.
119600,The Journal of Sociology & Social Welfare,2009,oai:scholarworks.wmich.edu:jssw-3475,10.15453/0191-5096.3475,A,oai_rule,1.0,match,name,1.0,Does the GI Bill Support Educational Attainment for Veterans with Disabilities? Implications for Current Veterans in Resuming Civilian Life
119601,The Journal of Sociology & Social Welfare,2009,oai:scholarworks.wmich.edu:jssw-3479,10.15453/0191-5096.3479,A,oai_rule,1.0,match,name,1.0,Review of <em>Theory and Practice with Adolescents: An Applied Approach.</em> Fred R. McKenzie. Reviewed by Nila Ricks.
119602,The Journal of Sociology & Social Welfare,2009,oai:scholarworks.wmich.edu:jssw-3480,10.15453/0191-5096.3480,A,oai_rule,1.0,match,name,1.0,"Review of <em>Autobiography and Decolonization: Modernity, Masculinity and the Nation State.</em> Philip Holden. Reviewed by James Midgley."
119603,The Journal of Sociology & Social Welfare,2009,oai:scholarworks.wmich.edu:jssw-3481,10.15453/0191-5096.3481,A,oai_rule,1.0,match,name,1.0,Review of <em>Left and Right and Global Politics.</em> Alain Noel and Jean- Philippe Therien. Reviewed by Josephine Chaumba.
119604,The Journal of Sociology & Social Welfare,2009,oai:scholarworks.wmich.edu:jssw-3483,10.15453/0191-5096.3483,A,oai_rule,1.0,match,name,1.0,Review of <em>Cracks in the Pavement: Social Change and Resilience in Poor Neighborhoods.</em> Martin Sdnchez-Jankowski. Reviewed by James Midgley.
119605,The Journal of Sociology & Social Welfare,2009,oai:scholarworks.wmich.edu:jssw-3477,10.15453/0191-5096.3477,A,oai_rule,1.0,match,name,1.0,"Reaching Beyond the ""Moron"": Eugenic Control of Secondary Disability Groups"
119606,The Journal of Sociology & Social Welfare,2009,oai:scholarworks.wmich.edu:jssw-3482,10.15453/0191-5096.3482,A,oai_rule,1.0,match,name,1.0,Review of <em>Men on a Mission: Valuing Youth Work in our Communities.</em> William Mardiglio. Reviewed by Will Rainford.
119607,The Journal of Sociology & Social Welfare,2009,oai:scholarworks.wmich.edu:jssw-3476,10.15453/0191-5096.3476,A,oai_rule,1.0,match,name,1.0,Parental Cognitive Disabilities and Child Protection Services: The Need for Human Capacity Building
119608,The Journal of Sociology & Social Welfare,2009,oai:scholarworks.wmich.edu:jssw-3484,10.15453/0191-5096.3484,A,oai_rule,1.0,match,name,1.0,"Review of <em>Social Security, the Economy and Development.</em> James Midgley and Kwong Leung Tang (Eds.). Reviewed by Martin B. Tracy."
119609,The Journal of Sociology & Social Welfare,2009,oai:scholarworks.wmich.edu:jssw-3487,10.15453/0191-5096.3487,A,oai_rule,1.0,match,name,1.0,Review of <em>City of Disorder: How the Quality of Life Campaign Transformed New York Politics.</em> Alex Vitale. Reviewed by Stephen Pimpare.
119610,The Journal of Sociology & Social Welfare,2009,oai:scholarworks.wmich.edu:jssw-3486,10.15453/0191-5096.3486,A,oai_rule,1.0,match,name,1.0,Review of <em>Chinese Americans and the Politics of Race and Culture.</em> Sucheng Chan and Madeline Y Hsu (Eds). Reviewed by Julian Chun-Chung Chow.
119611,The Journal of Sociology & Social Welfare,2009,oai:scholarworks.wmich.edu:jssw-3485,10.15453/0191-5096.3485,A,oai_rule,1.0,match,name,1.0,Review of <em>Globalization and International Social Work: Postmodern Change and Challenge.</em> Malcolm Payne and Gurid Aga Askeland. Reviewed by James Midgley.
119612,The Journal of Sociology & Social Welfare,2009,oai:scholarworks.wmich.edu:jssw-3488,10.15453/0191-5096.3488,A,oai_rule,1.0,match,name,1.0,Review of <em>Rightward Bound: Making America Conservative in the 1970s.</em> Bruce J. Schulman and Julian E. Zeliger. Reviewed by James Midgley.
119613,The Journal of Sociology & Social Welfare,2009,oai:scholarworks.wmich.edu:jssw-3489,10.15453/0191-5096.3489,A,oai_rule,1.0,match,name,1.0,"Review of <em>The Gender Impact of Social Security Reform.</em> Estelle James, Alejandra Cox Edwards and Rebecca Wong. Reviewed by Silvia Borzutsky."
119614,The Journal of Sociology & Social Welfare,2010,oai:scholarworks.wmich.edu:jssw-3491,10.15453/0191-5096.3491,A,oai_rule,1.0,match,name,1.0,The President's Emergency Plan for AIDS Relief (PEPFAR): A Social Work Ethical Analysis and Recommendations
119615,The Journal of Sociology & Social Welfare,2010,oai:scholarworks.wmich.edu:jssw-3493,10.15453/0191-5096.3493,A,oai_rule,1.0,match,name,1.0,Exploring Homeowner Opposition to Public Housing Developments
119616,The Journal of Sociology & Social Welfare,2010,oai:scholarworks.wmich.edu:jssw-3492,10.15453/0191-5096.3492,A,oai_rule,1.0,match,name,1.0,Confronting Oppression not Enhancing Functioning: The Role of Social Workers within Postmodern Practice
119617,The Journal of Sociology & Social Welfare,2010,oai:scholarworks.wmich.edu:jssw-3494,10.15453/0191-5096.3494,A,oai_rule,1.0,match,name,1.0,Evaluation of the House of Healing: An Alternative to Female Incarceration
119618,The Journal of Sociology & Social Welfare,2010,oai:scholarworks.wmich.edu:jssw-3495,10.15453/0191-5096.3495,A,oai_rule,1.0,match,name,1.0,Social Justice Implications of the Organism Metaphor
119619,The Journal of Sociology & Social Welfare,2010,oai:scholarworks.wmich.edu:jssw-3496,10.15453/0191-5096.3496,A,oai_rule,1.0,match,name,1.0,"""Like a Prison!"": Homeless Women's Narratives of Surviving Shelter"
119620,The Journal of Sociology & Social Welfare,2010,oai:scholarworks.wmich.edu:jssw-3498,10.15453/0191-5096.3498,A,oai_rule,1.0,match,name,1.0,"Institutional Structures of Opportunity in Refugee Resettlement: Gender, Race/ethnicity, and Refugee NGOs"
119621,The Journal of Sociology & Social Welfare,2010,oai:scholarworks.wmich.edu:jssw-3497,10.15453/0191-5096.3497,A,oai_rule,1.0,match,name,1.0,The Changing Nature of Accountability in Administrative Practice
119622,The Journal of Sociology & Social Welfare,2010,oai:scholarworks.wmich.edu:jssw-3499,10.15453/0191-5096.3499,A,oai_rule,1.0,match,name,1.0,"Review of <em>Inheriting the City: The Children of Immigrants Come of Age.</em> Philip Kasinitz, John H. Mollenkopf, Mary C. Waters and Jennifer Holdaway. Reviewed by Joanna Doran."
119623,The Journal of Sociology & Social Welfare,2010,oai:scholarworks.wmich.edu:jssw-3502,10.15453/0191-5096.3502,A,oai_rule,1.0,match,name,1.0,"Review of <em>Health Disparities in the United States: Social Class, Race, Ethnicity, and Health.</em> Donald A. Barr. Reviewed by Krista Drescher-Burke."
119624,The Journal of Sociology & Social Welfare,2010,oai:scholarworks.wmich.edu:jssw-3500,10.15453/0191-5096.3500,A,oai_rule,1.0,match,name,1.0,"Review of <em>Culture and the Welfare State.</em> Wim van Oorschot, Michael Opielka and Birgit Pfau-Effinger (Eds.). Reviewed by James Midgley."
119625,The Journal of Sociology & Social Welfare,2010,oai:scholarworks.wmich.edu:jssw-3501,10.15453/0191-5096.3501,A,oai_rule,1.0,match,name,1.0,Review of <em>God's Heart has No Borders: How Religious Activists are Working for Immigrant Rights.</em> Pierrette Hondagneu-Sotelo. Reviewed by Jennifer Morazes.
119626,The Journal of Sociology & Social Welfare,2010,oai:scholarworks.wmich.edu:jssw-3503,10.15453/0191-5096.3503,A,oai_rule,1.0,match,name,1.0,"Review of <em>Adoption in the United States: A Reference for Families, Professionals, and Students.</em> Martha J. Henry and Daniel Pollack. Reviewed by Dorinda N. Noble."
119627,The Journal of Sociology & Social Welfare,2010,oai:scholarworks.wmich.edu:jssw-3506,10.15453/0191-5096.3506,A,oai_rule,1.0,match,name,1.0,"Review of <em>The Latino Threat: Constructing Immigrants, Citizens, and the Nation.</em> Leo R. Chavez. Reviewed by Barbara Robles."
119628,The Journal of Sociology & Social Welfare,2010,oai:scholarworks.wmich.edu:jssw-3509,10.15453/0191-5096.3509,A,oai_rule,1.0,match,name,1.0,Review of <em>The Nordic Model: Scandinavia Since 1945.</em> Mary Hilson. Reviewed by Anupama Jacob.
119629,The Journal of Sociology & Social Welfare,2010,oai:scholarworks.wmich.edu:jssw-3505,10.15453/0191-5096.3505,A,oai_rule,1.0,match,name,1.0,Review of <em>When Mothers Kill: Interviews from Prison.</em> Michelle Oberman and Cheryl Meyer. Reviewed by Mary Ann Kanieski.
119630,The Journal of Sociology & Social Welfare,2010,oai:scholarworks.wmich.edu:jssw-3507,10.15453/0191-5096.3507,A,oai_rule,1.0,match,name,1.0,Review of <em>The Politics of Identity: Solidarity Building Among America's Working Poor.</em> Erin E. O'Brien. Reviewed by Robert D. Weaver.
119631,The Journal of Sociology & Social Welfare,2010,oai:scholarworks.wmich.edu:jssw-3510,10.15453/0191-5096.3510,A,oai_rule,1.0,match,name,1.0,"Review of <em>Against the Wall: Poor, Young, Black and Male. Elijah Anderson.</em> Reviewed by Paul G. Wright."
119632,The Journal of Sociology & Social Welfare,2010,oai:scholarworks.wmich.edu:jssw-3508,10.15453/0191-5096.3508,A,oai_rule,1.0,match,name,1.0,"Review of <em>Citizens and Paupers: Relief, Rights, and Race, from the Freedmen's Bureau to Workfare.</em> Chad Alan Goldberg. Reviewed by James Midgley."
119633,The Journal of Sociology & Social Welfare,2010,oai:scholarworks.wmich.edu:jssw-3504,10.15453/0191-5096.3504,A,oai_rule,1.0,match,name,1.0,Review of <em>Reassembling Social Security: A Survey of Pensions and Health Care Reforms in Latin America.</em> Carmelo Mesa-Lago. Reviewed by James Midgley
119634,The Journal of Sociology & Social Welfare,2010,oai:scholarworks.wmich.edu:jssw-3512,10.15453/0191-5096.3512,A,oai_rule,1.0,match,name,1.0,"Liminal Living at an Extended Stay Hotel: Feeling ""Stuck"" in a Housing Solution"
119635,The Journal of Sociology & Social Welfare,2010,oai:scholarworks.wmich.edu:jssw-3514,10.15453/0191-5096.3514,A,oai_rule,1.0,match,name,1.0,Reconstructing Citizenship in a Global Economy: How Restricting Immigrants from Welfare Undermines Social Rights for U.S. Citizens
119636,The Journal of Sociology & Social Welfare,2010,oai:scholarworks.wmich.edu:jssw-3515,10.15453/0191-5096.3515,A,oai_rule,1.0,match,name,1.0,Why You Should Care About the Threatened Middle Class
119637,The Journal of Sociology & Social Welfare,2010,oai:scholarworks.wmich.edu:jssw-3516,10.15453/0191-5096.3516,A,oai_rule,1.0,match,name,1.0,Skew Selection Theory Applied to the Wealth and Welfare of Nations
119638,The Journal of Sociology & Social Welfare,2010,oai:scholarworks.wmich.edu:jssw-3519,10.15453/0191-5096.3519,A,oai_rule,1.0,match,name,1.0,"Review of <em>Both Sides Now: The Story of School Desegregation's Graduates.</em> Amy Stuart Wells, Jennifer Jellison Holme, Anita Revilla, and Awo Korantemaa Ayamda. Reviewed by Kala Chakradher."
119639,The Journal of Sociology & Social Welfare,2010,oai:scholarworks.wmich.edu:jssw-3518,10.15453/0191-5096.3518,A,oai_rule,1.0,match,name,1.0,Preventing Violence in Low-Income Communities: Facilitating Residents' Ability to Intervene in Neighborhood Problems
119640,The Journal of Sociology & Social Welfare,2010,oai:scholarworks.wmich.edu:jssw-3517,10.15453/0191-5096.3517,A,oai_rule,1.0,match,name,1.0,Women's Rights=Human Rights: Pakistani Women against Gender Violence
119641,The Journal of Sociology & Social Welfare,2010,oai:scholarworks.wmich.edu:jssw-3522,10.15453/0191-5096.3522,A,oai_rule,1.0,match,name,1.0,Review of <em>The Politics of Exclusion: The Failure of Race-Neutral Policies in Urban America.</em> Leland T. Saito. Reviewed by Jaehee Yi.
119642,The Journal of Sociology & Social Welfare,2010,oai:scholarworks.wmich.edu:jssw-3521,10.15453/0191-5096.3521,A,oai_rule,1.0,match,name,1.0,"Review of <em>Indigenous Social Work Around the World: Towards Culturally Relevant Education and Practice.</em> Mel Gray, John Coates, and Michael Yellowbird (Eds.). Reviewed by Jon K. Matsuoka."
119643,The Journal of Sociology & Social Welfare,2010,oai:scholarworks.wmich.edu:jssw-3523,10.15453/0191-5096.3523,A,oai_rule,1.0,match,name,1.0,"Review of <em>Our Bodies, Our Crimes: The Policing of Women's Reproduction in America.</em> Jeanne Flavin. Reviewed by Debra Durham."
119644,The Journal of Sociology & Social Welfare,2010,oai:scholarworks.wmich.edu:jssw-3520,10.15453/0191-5096.3520,A,oai_rule,1.0,match,name,1.0,Review of <em>Towards Positive Youth Development: Transforming Schools and Community Programs.</em> Marybeth Shinn and Hirokazu Yoshikawa (Eds.). Reviewed by Amy D. Benton.
119645,The Journal of Sociology & Social Welfare,2010,oai:scholarworks.wmich.edu:jssw-3524,10.15453/0191-5096.3524,A,oai_rule,1.0,match,name,1.0,Review of <em>Women's Health and Social Change.</em> Ellen Annandale. Reviewed by Marcia Russell.
119646,The Journal of Sociology & Social Welfare,2010,oai:scholarworks.wmich.edu:jssw-3525,10.15453/0191-5096.3525,A,oai_rule,1.0,match,name,1.0,Review of <em>Homelessness in America (3 volumes).</em> Robert Hartman McNamara. Reviewed by John Q. Hodges.
119647,The Journal of Sociology & Social Welfare,2010,oai:scholarworks.wmich.edu:jssw-3528,10.15453/0191-5096.3528,A,oai_rule,1.0,match,name,1.0,Review of <em>The Delinquent Girl.</em> Margaret A. Zahn (Ed.). Reviewed by Cara Pohle.
119648,The Journal of Sociology & Social Welfare,2010,oai:scholarworks.wmich.edu:jssw-3529,10.15453/0191-5096.3529,A,oai_rule,1.0,match,name,1.0,Review of <em>The Legacy of Edward W. Said.</em> William Spanos. Reviewed by James Midgley.
119649,The Journal of Sociology & Social Welfare,2010,oai:scholarworks.wmich.edu:jssw-3527,10.15453/0191-5096.3527,A,oai_rule,1.0,match,name,1.0,"Review of <em>Childhood, Youth and Social Work in Transformation: Implications for Policy and Practice.</em> Lynne M. Nebell, Jeffrey J. Shook, and Janet L. Finn. Reviewed by Ann Reyes Robbins."
119650,The Journal of Sociology & Social Welfare,2010,oai:scholarworks.wmich.edu:jssw-3526,10.15453/0191-5096.3526,A,oai_rule,1.0,match,name,1.0,"Review of <em>Children Families and Social Exclusion: New Approaches to Prevention.</em> Kate Morris, Marian Barnes, and Paul Mason. Reviewed by James Midgley."
119651,The Journal of Sociology & Social Welfare,2010,oai:scholarworks.wmich.edu:jssw-3532,10.15453/0191-5096.3532,A,oai_rule,1.0,match,name,1.0,Dereliction of Duty: Training Schools for Delinquent Parents in the 1940s
119652,The Journal of Sociology & Social Welfare,2016,oai:scholarworks.wmich.edu:jssw-3533,10.15453/0191-5096.3533,A,oai_rule,1.0,match,name,1.0,The Burden of Colonial Debt and Indebtedness in Second Generation Filipino American Families
119653,The Journal of Sociology & Social Welfare,2010,oai:scholarworks.wmich.edu:jssw-3534,10.15453/0191-5096.3534,A,oai_rule,1.0,match,name,1.0,Life History and Narrative Analysis: Feminist Methodologies Contextualizing Black Women's Experiences with Severe Mental Illness
119654,The Journal of Sociology & Social Welfare,2010,oai:scholarworks.wmich.edu:jssw-3537,10.15453/0191-5096.3537,A,oai_rule,1.0,match,name,1.0,Work Characteristics and Family Routines in Low-Wage Families
119655,The Journal of Sociology & Social Welfare,2010,oai:scholarworks.wmich.edu:jssw-3540,10.15453/0191-5096.3540,A,oai_rule,1.0,match,name,1.0,"""Everything has Changed"": Narratives of the Vietnamese American community in Post-Katrina Mississippi"
119656,The Journal of Sociology & Social Welfare,2010,oai:scholarworks.wmich.edu:jssw-3541,10.15453/0191-5096.3541,A,oai_rule,1.0,match,name,1.0,Social Work and Civic Engagement: The Political Participation of Professional Social Workers
119657,The Journal of Sociology & Social Welfare,2010,oai:scholarworks.wmich.edu:jssw-3544,10.15453/0191-5096.3544,A,oai_rule,1.0,match,name,1.0,Volunteer Patterns of Mid- and Later Life American Couples
119658,The Journal of Sociology & Social Welfare,2010,oai:scholarworks.wmich.edu:jssw-3545,10.15453/0191-5096.3545,A,oai_rule,1.0,match,name,1.0,Bringing the Organization Back In: The Role of Bureaucratic Churning in Early TANF Caseload Declines in Illinois
119659,The Journal of Sociology & Social Welfare,2010,oai:scholarworks.wmich.edu:jssw-3546,10.15453/0191-5096.3546,A,oai_rule,1.0,match,name,1.0,Review of <em>Lineages of Despotism and Development: British Colonialism and State Power.</em> Matthew Lange. Reviewed by James Midgley.
119660,The Journal of Sociology & Social Welfare,2010,oai:scholarworks.wmich.edu:jssw-3549,10.15453/0191-5096.3549,A,oai_rule,1.0,match,name,1.0,Review of <em>Reforming Child Welfare.</em> Olivia Golden. Reviewed by Leroy H. Pelton.
119661,The Journal of Sociology & Social Welfare,2010,oai:scholarworks.wmich.edu:jssw-3548,10.15453/0191-5096.3548,A,oai_rule,1.0,match,name,1.0,Review of <em>More than Just Race: Being Black and Poor in the Inner City.</em> William Julius Wilson. Reviewed by Marguerite G. Rosenthal.
119662,The Journal of Sociology & Social Welfare,2010,oai:scholarworks.wmich.edu:jssw-3547,10.15453/0191-5096.3547,A,oai_rule,1.0,match,name,1.0,Review of <em>Rebuild America: Solving the Economic Crisis Through Civic Works.</em> Scott Myers-Lipton. Reviewed by Frank Stricker.
119663,The Journal of Sociology & Social Welfare,2010,oai:scholarworks.wmich.edu:jssw-3550,10.15453/0191-5096.3550,A,oai_rule,1.0,match,name,1.0,Review of <em>Remembering our Childhood: How Memory Betrays Us.</em> Karl Sabbagh. Reviewed by Susan P. Robbins.
119664,The Journal of Sociology & Social Welfare,2010,oai:scholarworks.wmich.edu:jssw-3551,10.15453/0191-5096.3551,A,oai_rule,1.0,match,name,1.0,"Review of <em>How it Works: Recovering Citizens in Post-Welfare Philadelphia.</em> Robert P. Fairbanks, II. Reviewed by Jennifer R. Zelnick."
119665,The Journal of Sociology & Social Welfare,2010,oai:scholarworks.wmich.edu:jssw-3552,10.15453/0191-5096.3552,A,oai_rule,1.0,match,name,1.0,Review of <em>Why David Sometimes Wins.</em> Marshall Ganz. Reviewed by Ed Marakovitz.
119666,The Journal of Sociology & Social Welfare,2010,oai:scholarworks.wmich.edu:jssw-3553,10.15453/0191-5096.3553,A,oai_rule,1.0,match,name,1.0,"Review of <em>Negotiating Justice: Progressive Lawyering, Low Income Clients, and the Quest for Social Change.</em> Corey S. Shdaimah. Reviewed by Lolita Buckner Inniss."
119667,The Journal of Sociology & Social Welfare,2010,oai:scholarworks.wmich.edu:jssw-3554,10.15453/0191-5096.3554,A,oai_rule,1.0,match,name,1.0,"Review of <em>Contemporary Chinese America: Immigration, Ethnicity, and Community Transformation.</em> Min Zhou. Reviewed by Shehong Chen."
119668,The Journal of Sociology & Social Welfare,2010,oai:scholarworks.wmich.edu:jssw-3555,10.15453/0191-5096.3555,A,oai_rule,1.0,match,name,1.0,"Review of <em>Longing and Belonging: Parents, Children, and Consumer Culture.</em> Allison J. Pugh. Reviewed by Cheryl Najarian Souza."
119669,The Journal of Sociology & Social Welfare,2010,oai:scholarworks.wmich.edu:jssw-3556,10.15453/0191-5096.3556,A,oai_rule,1.0,match,name,1.0,"Review of <em>Essential Skills of Social Work Practice: Assessment, Intervention, and Evaluation.</em> Thomas O'Hare. Reviewed by Karen M. VanDeusen."
119670,The Journal of Sociology & Social Welfare,2010,oai:scholarworks.wmich.edu:jssw-3559,10.15453/0191-5096.3559,A,oai_rule,1.0,match,name,1.0,Perspectives of Employed People Experiencing Homelessness of Self and Being Homeless: Challenging Socially Constructed Perceptions and Stereotypes
119671,The Journal of Sociology & Social Welfare,2010,oai:scholarworks.wmich.edu:jssw-3561,10.15453/0191-5096.3561,A,oai_rule,1.0,match,name,1.0,"Out of the Frying Pan, Into the Fire: Trauma in the Lives of Homeless Youth Prior to and During Homelessness"
119672,The Journal of Sociology & Social Welfare,2010,oai:scholarworks.wmich.edu:jssw-3560,10.15453/0191-5096.3560,A,oai_rule,1.0,match,name,1.0,The Economics of Being Young and Poor: How Homeless Youth Survive in Neo-liberal Times
119673,The Journal of Sociology & Social Welfare,2010,oai:scholarworks.wmich.edu:jssw-3563,10.15453/0191-5096.3563,A,oai_rule,1.0,match,name,1.0,"Housing for People with Serious Mental Illness: Approaches, Evidence, and Transformative Change"
119674,The Journal of Sociology & Social Welfare,2010,oai:scholarworks.wmich.edu:jssw-3562,10.15453/0191-5096.3562,A,oai_rule,1.0,match,name,1.0,The Limits of Social Capital: An Examination of Immigrants' Housing Challenges in Calgary
119675,The Journal of Sociology & Social Welfare,2010,oai:scholarworks.wmich.edu:jssw-3566,10.15453/0191-5096.3566,A,oai_rule,1.0,match,name,1.0,Review of <em>The Idea of Justice.</em> Amartia Sen. Reviewed by David G. Gil
119676,The Journal of Sociology & Social Welfare,2010,oai:scholarworks.wmich.edu:jssw-3565,10.15453/0191-5096.3565,A,oai_rule,1.0,match,name,1.0,Progressive Housing Policy in the 21st Century: A Contrarian View
119677,The Journal of Sociology & Social Welfare,2010,oai:scholarworks.wmich.edu:jssw-3564,10.15453/0191-5096.3564,A,oai_rule,1.0,match,name,1.0,"Representations of Homelessness in Four Canadian Newspapers: Regulation, Control, and Social Order"
119678,The Journal of Sociology & Social Welfare,2010,oai:scholarworks.wmich.edu:jssw-3567,10.15453/0191-5096.3567,A,oai_rule,1.0,match,name,1.0,"Review of <em>Freefall: America, Markets and the Sinking of the World Economy.</em> Joseph E. Stiglitz. Reviewed by Helen Lachs Ginsburg."
119679,The Journal of Sociology & Social Welfare,2010,oai:scholarworks.wmich.edu:jssw-3568,10.15453/0191-5096.3568,A,oai_rule,1.0,match,name,1.0,"Review of <em>Race, Place, and Environmental Justice after Hurricane Katrina: Struggles to Reclaim, Rebuild, and Revitalize New Orleans and the Gulf Coast.</em> Robert Bullard and Beverly Wright, Eds."
119680,The Journal of Sociology & Social Welfare,2010,oai:scholarworks.wmich.edu:jssw-3569,10.15453/0191-5096.3569,A,oai_rule,1.0,match,name,1.0,"Review of <em>The War on Welfare: Family, Poverty, and Politics in Modern America.</em> Marisa Chappell. Reviewed by John M. Herrick."
119681,The Journal of Sociology & Social Welfare,2010,oai:scholarworks.wmich.edu:jssw-3571,10.15453/0191-5096.3571,A,oai_rule,1.0,match,name,1.0,"Review of <em>Work-Life Policies.</em> Ann C. Crouter and Alan Booth, Eds. Reviewed by Marguerite G. Rosenthal."
119682,The Journal of Sociology & Social Welfare,2010,oai:scholarworks.wmich.edu:jssw-3570,10.15453/0191-5096.3570,A,oai_rule,1.0,match,name,1.0,"Review of <em>Formal and Informal Work: The Hidden Work Regime in Europe.</em> Birgit Pfau-Effinger, Lluis Flaquer and Per H. Jensen, Eds. Reviewed by James Midgley."
119683,The Journal of Sociology & Social Welfare,2010,oai:scholarworks.wmich.edu:jssw-3572,10.15453/0191-5096.3572,A,oai_rule,1.0,match,name,1.0,Review of <em>The Housing Policy Revolution: Networks and Neighborhoods.</em> David J. Erickson. Reviewed by Corianne P. Scally.
119684,The Journal of Sociology & Social Welfare,2010,oai:scholarworks.wmich.edu:jssw-3573,10.15453/0191-5096.3573,A,oai_rule,1.0,match,name,1.0,Review of <em>Needed by Nobody: Homelessness and Humanness in Post-Socialist Russia.</em> Tova Hojdestrand. Reviewed by Sviatlana Smashnaya.
119685,The Journal of Sociology & Social Welfare,2010,oai:scholarworks.wmich.edu:jssw-3575,10.15453/0191-5096.3575,A,oai_rule,1.0,match,name,1.0,Review of <em>'Til Death or Distance Do Us Part: Love and Marriage in African America.</em> Frances Smith Foster. Reviewed by Shannon Butler-Mokoro.
119686,The Journal of Sociology & Social Welfare,2010,oai:scholarworks.wmich.edu:jssw-3574,10.15453/0191-5096.3574,A,oai_rule,1.0,match,name,1.0,"Review of <em>The People Shall Rule: ACORN, Community Organizing, and the Struggle for Economic Justice.</em> Robert Fisher, Ed. Reviewed by Elizabeth Beck."
119687,The Journal of Sociology & Social Welfare,2010,oai:scholarworks.wmich.edu:jssw-3576,10.15453/0191-5096.3576,A,oai_rule,1.0,match,name,1.0,Review of <em>Doing Time Together: Love and Family in the Shadow of the Prison. Megan Comfort.</em> Reviewed by Jonah A. Siegel.
119688,The Journal of Sociology & Social Welfare,2016,oai:scholarworks.wmich.edu:jssw-3578,10.15453/0191-5096.3578,A,oai_rule,1.0,match,name,1.0,Assessing Access to Social Services in Emerging Systems: A Conceptual Approach
119689,The Journal of Sociology & Social Welfare,2011,oai:scholarworks.wmich.edu:jssw-3584,10.15453/0191-5096.3584,A,oai_rule,1.0,match,name,1.0,Should I Stay or Should I Go? Why Applicants Leave the Extended Welfare Application Process
119690,The Journal of Sociology & Social Welfare,2011,oai:scholarworks.wmich.edu:jssw-3582,10.15453/0191-5096.3582,A,oai_rule,1.0,match,name,1.0,Protecting Older Workers: The Failure of the Age Discrimination in Employment Act of 1967
119691,The Journal of Sociology & Social Welfare,2011,oai:scholarworks.wmich.edu:jssw-3583,10.15453/0191-5096.3583,A,oai_rule,1.0,match,name,1.0,"Attitudes, Behavior, and Social Practice"
119692,The Journal of Sociology & Social Welfare,2011,oai:scholarworks.wmich.edu:jssw-3585,10.15453/0191-5096.3585,A,oai_rule,1.0,match,name,1.0,U.S. Immigration Policy and Immigrant Children's Well-being: The Impact of Policy Shifts
119693,The Journal of Sociology & Social Welfare,2011,oai:scholarworks.wmich.edu:jssw-3586,10.15453/0191-5096.3586,A,oai_rule,1.0,match,name,1.0,Analyzing the Poverty Reduction Effectiveness of the Canadian Provinces: Do Political Parties Matter?
119694,The Journal of Sociology & Social Welfare,2011,oai:scholarworks.wmich.edu:jssw-3587,10.15453/0191-5096.3587,A,oai_rule,1.0,match,name,1.0,The Differentiated Impact of Bridging and Bonding Social Capital on Economic Well-Being: An Individual Level Perspective
119695,The Journal of Sociology & Social Welfare,2011,oai:scholarworks.wmich.edu:jssw-3588,10.15453/0191-5096.3588,A,oai_rule,1.0,match,name,1.0,Inabel Burns Lindsay: Social Work Pioneer Contributor to Practice and Education through a Socio-cultural Perspective
119696,The Journal of Sociology & Social Welfare,2011,oai:scholarworks.wmich.edu:jssw-3589,10.15453/0191-5096.3589,A,oai_rule,1.0,match,name,1.0,Surviving the Early Years of the Personal Responsibility and Work Opportunity Reconciliation Act
119697,The Journal of Sociology & Social Welfare,2011,oai:scholarworks.wmich.edu:jssw-3590,10.15453/0191-5096.3590,A,oai_rule,1.0,match,name,1.0,Review of The Uses of Pessimism: A Review Essay. <em>The Uses of Pessimism and the Danger of False Hope.</em> Roger Scruton. Reviewed by Paul Adams.
119698,The Journal of Sociology & Social Welfare,2011,oai:scholarworks.wmich.edu:jssw-3591,10.15453/0191-5096.3591,A,oai_rule,1.0,match,name,1.0,"Review of <em>Social Work and Social Development: Theories and Skills for Developmental Social Work.</em> James Midgley & Amy Conley, Eds. Reviewed by Margaret Lombe."
119699,The Journal of Sociology & Social Welfare,2011,oai:scholarworks.wmich.edu:jssw-3594,10.15453/0191-5096.3594,A,oai_rule,1.0,match,name,1.0,Review of <em>Myth of the Social Volcano: Perceptions of Inequality and Distributive Injustice in Contemporary China.</em> Martin King Whyte. Reviewed by Richard Levy.
119700,The Journal of Sociology & Social Welfare,2011,oai:scholarworks.wmich.edu:jssw-3595,10.15453/0191-5096.3595,A,oai_rule,1.0,match,name,1.0,"Review of <em>Contesting Development: Critical Struggles for Social Change.</em> Philip McMichael, Ed. Reviewed by Andrew Gibbs."
119701,The Journal of Sociology & Social Welfare,2011,oai:scholarworks.wmich.edu:jssw-3592,10.15453/0191-5096.3592,A,oai_rule,1.0,match,name,1.0,"Review of <em>A Dream Deferred: How Social Work Lost its Way and What Can Be Done.</em> David Stoesz, Howard Jacob Karger, and Terry Carrilio. Reviewed by Michael Reisch."
119702,The Journal of Sociology & Social Welfare,2011,oai:scholarworks.wmich.edu:jssw-3593,10.15453/0191-5096.3593,A,oai_rule,1.0,match,name,1.0,Review of <em>The New Jim Crow in the Age of Colorblindness.</em> Michelle Alexander. Reviewed by Marguerite G. Rosenthal.
119703,The Journal of Sociology & Social Welfare,2011,oai:scholarworks.wmich.edu:jssw-3596,10.15453/0191-5096.3596,A,oai_rule,1.0,match,name,1.0,Review of <em>Economic Sociology: A Systematic Inquiry.</em> Alejandro Portes. Reviewed by Eric Cheney.
119704,The Journal of Sociology & Social Welfare,2011,oai:scholarworks.wmich.edu:jssw-3600,10.15453/0191-5096.3600,A,oai_rule,1.0,match,name,1.0,Humanitarian Aid and the Struggle for Peace and Justice: Organizational Innovation after a Blind Date
119705,The Journal of Sociology & Social Welfare,2011,oai:scholarworks.wmich.edu:jssw-3601,10.15453/0191-5096.3601,A,oai_rule,1.0,match,name,1.0,Civil Resistance and the Corruption-Violence Nexus
119706,The Journal of Sociology & Social Welfare,2011,oai:scholarworks.wmich.edu:jssw-3599,10.15453/0191-5096.3599,A,oai_rule,1.0,match,name,1.0,Thinking about Peace Today
119707,The Journal of Sociology & Social Welfare,2011,oai:scholarworks.wmich.edu:jssw-3603,10.15453/0191-5096.3603,A,oai_rule,1.0,match,name,1.0,Students for Peace: Contextual and Framing Motivations of Antiwar Activism
119708,The Journal of Sociology & Social Welfare,2011,oai:scholarworks.wmich.edu:jssw-3602,10.15453/0191-5096.3602,A,oai_rule,1.0,match,name,1.0,"""Just say No"": Organizing Against Militarism in Public Schools"
119709,The Journal of Sociology & Social Welfare,2011,oai:scholarworks.wmich.edu:jssw-3604,10.15453/0191-5096.3604,A,oai_rule,1.0,match,name,1.0,Peace and War in the Qur'an and Juridical Literature: A Comparative Perspective
119710,The Journal of Sociology & Social Welfare,2011,oai:scholarworks.wmich.edu:jssw-3605,10.15453/0191-5096.3605,A,oai_rule,1.0,match,name,1.0,Contesting Buddhisms on Conflicted Land: Sarvodaya Shramadana and Buddhist Peacemaking
119711,The Journal of Sociology & Social Welfare,2011,oai:scholarworks.wmich.edu:jssw-3606,10.15453/0191-5096.3606,A,oai_rule,1.0,match,name,1.0,Possibilities for Peace: Germany's Transformation of a Culture of War
119712,The Journal of Sociology & Social Welfare,2011,oai:scholarworks.wmich.edu:jssw-3607,10.15453/0191-5096.3607,A,oai_rule,1.0,match,name,1.0,"World Peace: A First Step <em>Commentary for the Special Issue on Peace, Conflict and War</em>"
119713,The Journal of Sociology & Social Welfare,2011,oai:scholarworks.wmich.edu:jssw-3610,10.15453/0191-5096.3610,A,oai_rule,1.0,match,name,1.0,Foster Care Workers' Emotional Responses to Their Work
119714,The Journal of Sociology & Social Welfare,2011,oai:scholarworks.wmich.edu:jssw-3609,10.15453/0191-5096.3609,A,oai_rule,1.0,match,name,1.0,Net Worth Accumulation by Different Quintiles of Older Adults Approaching Retirement Age and 10 Years Later
119715,The Journal of Sociology & Social Welfare,2011,oai:scholarworks.wmich.edu:jssw-3611,10.15453/0191-5096.3611,A,oai_rule,1.0,match,name,1.0,Social Work and Conditional Cash Transfers in Latin America.
119716,The Journal of Sociology & Social Welfare,2011,oai:scholarworks.wmich.edu:jssw-3612,10.15453/0191-5096.3612,A,oai_rule,1.0,match,name,1.0,Child Support as Labor Regulation
119717,The Journal of Sociology & Social Welfare,2011,oai:scholarworks.wmich.edu:jssw-3613,10.15453/0191-5096.3613,A,oai_rule,1.0,match,name,1.0,Anything Goes? Science and Social Constructions in Competing Discourses
119718,The Journal of Sociology & Social Welfare,2011,oai:scholarworks.wmich.edu:jssw-3614,10.15453/0191-5096.3614,A,oai_rule,1.0,match,name,1.0,The Role of the Neighborhood in Making Welfare Reform Possible
119719,The Journal of Sociology & Social Welfare,2011,oai:scholarworks.wmich.edu:jssw-3615,10.15453/0191-5096.3615,A,oai_rule,1.0,match,name,1.0,"Sanctioning Policies-Australian, American and British Cross-National Reflections and Comparisons"
119720,The Journal of Sociology & Social Welfare,2011,oai:scholarworks.wmich.edu:jssw-3616,10.15453/0191-5096.3616,A,oai_rule,1.0,match,name,1.0,Review of <em>Invisible Hands: The Businessmen's Crusade Against the New Deal.</em> Kim Phillips-Fein. Reviewed by Robert Leighninger.
119721,The Journal of Sociology & Social Welfare,2011,oai:scholarworks.wmich.edu:jssw-3618,10.15453/0191-5096.3618,A,oai_rule,1.0,match,name,1.0,Review of <em>Organizing for Educational Justice: The Campaign for Public School Reform in the South Bronx.</em> Michael B. Fabricant. Reviewed by Eva Gold.
119722,The Journal of Sociology & Social Welfare,2011,oai:scholarworks.wmich.edu:jssw-3619,10.15453/0191-5096.3619,A,oai_rule,1.0,match,name,1.0,Review of <em>Remaking Citizenship: Latina Immigrants and New American Politics.</em> Kathleen M. Coll. Reviewed by Lirio K. Negroni.
119723,The Journal of Sociology & Social Welfare,2011,oai:scholarworks.wmich.edu:jssw-3617,10.15453/0191-5096.3617,A,oai_rule,1.0,match,name,1.0,Review of <em>Democracy without Decency: Good Citizenship and the War on Poverty.</em> William M. Epstein. Reviewed by Gertrude Schaffner Goldberg.
119724,The Journal of Sociology & Social Welfare,2011,oai:scholarworks.wmich.edu:jssw-3621,10.15453/0191-5096.3621,A,oai_rule,1.0,match,name,1.0,Review of <em>The Warmth of Other Suns: The Epic Story of America's Great Migration.</em> Isabel Wilkerson. Reviewed by Richard Sherman.
119725,The Journal of Sociology & Social Welfare,2011,oai:scholarworks.wmich.edu:jssw-3620,10.15453/0191-5096.3620,A,oai_rule,1.0,match,name,1.0,Review of <em>American Uprising: The Untold Story of America's Largest Slave Revolt.</em> Daniel Rasmussen. Reviewed by Phillip Seitz.
119726,The Journal of Sociology & Social Welfare,2011,oai:scholarworks.wmich.edu:jssw-3623,10.15453/0191-5096.3623,A,oai_rule,1.0,match,name,1.0,"<em>Moving to Opportunity: The Story of an American Experiment to Fight Ghetto Poverty.</em> Xavier de Souza Briggs, Susan J. Popkin & John Goering. Reviewed by Margeurite Rosenthal."
119727,The Journal of Sociology & Social Welfare,2011,oai:scholarworks.wmich.edu:jssw-3622,10.15453/0191-5096.3622,A,oai_rule,1.0,match,name,1.0,"Review of <em>Living the Drama: Community, Conflict, and Culture among Inner-City Boys.</em> David J. Harding. Reviewed by Wilma Peebles-Wilkins."
119728,The Journal of Sociology & Social Welfare,2011,oai:scholarworks.wmich.edu:jssw-3627,10.15453/0191-5096.3627,A,oai_rule,1.0,match,name,1.0,"Review of <em>Suicide: Foucault, History and Truth. Ian Marsh.</em> Reviewed by Oona Morrow."
119729,The Journal of Sociology & Social Welfare,2011,oai:scholarworks.wmich.edu:jssw-3625,10.15453/0191-5096.3625,A,oai_rule,1.0,match,name,1.0,Review of <em>World Crisis Effects on Social Security in Latin America and the Caribbean: Lessons and Policies.</em> Carmelo Mesa-Lago. Reviewed by Vladimir Rys.
119730,The Journal of Sociology & Social Welfare,2011,oai:scholarworks.wmich.edu:jssw-3626,10.15453/0191-5096.3626,A,oai_rule,1.0,match,name,1.0,Review of <em>From Madness to Mental Health: Psychiatric Disorder and its Treatment in Western Civilization.</em> Greg Eghigian (Ed.). Reviewed by Christopher Hudson.
119731,The Journal of Sociology & Social Welfare,2011,oai:scholarworks.wmich.edu:jssw-3624,10.15453/0191-5096.3624,A,oai_rule,1.0,match,name,1.0,"Review of <em>Democratic Insecurities: Violence, Trauma, and Intervention in Haiti.</em> Erica Caple James. Reviewed by Amy Wilentz."
119732,The Journal of Sociology & Social Welfare,2011,oai:scholarworks.wmich.edu:jssw-3629,10.15453/0191-5096.3629,A,oai_rule,1.0,match,name,1.0,Impact of Social Capital on Employment and Marriage among Low Income Single Mothers
119733,The Journal of Sociology & Social Welfare,2011,oai:scholarworks.wmich.edu:jssw-3630,10.15453/0191-5096.3630,A,oai_rule,1.0,match,name,1.0,Emergency Room Use by Undocumented Mexican Immigrants
119734,The Journal of Sociology & Social Welfare,2011,oai:scholarworks.wmich.edu:jssw-3632,10.15453/0191-5096.3632,A,oai_rule,1.0,match,name,1.0,Health Service Access for Rural People Living with HIV/AIDS in China: A Critical Evaluation
119735,The Journal of Sociology & Social Welfare,2011,oai:scholarworks.wmich.edu:jssw-3631,10.15453/0191-5096.3631,A,oai_rule,1.0,match,name,1.0,"If Not Welfare, Then What?: How Single Mothers Finance College Post-Welfare Reform"
119736,The Journal of Sociology & Social Welfare,2011,oai:scholarworks.wmich.edu:jssw-3633,10.15453/0191-5096.3633,A,oai_rule,1.0,match,name,1.0,Food Stamps and Dependency: Disentangling the Short-term and Long-term Economic Effects of Food Stamp Receipt and Low Income for Young Mothers
119737,The Journal of Sociology & Social Welfare,2011,oai:scholarworks.wmich.edu:jssw-3634,10.15453/0191-5096.3634,A,oai_rule,1.0,match,name,1.0,Doing a Little More for the Poor? Social Assistance in Shanghai
119738,The Journal of Sociology & Social Welfare,2011,oai:scholarworks.wmich.edu:jssw-3637,10.15453/0191-5096.3637,A,oai_rule,1.0,match,name,1.0,"Review of The Study of Well-being, Social Policy and the Welfare State: A Review Essay"
119739,The Journal of Sociology & Social Welfare,2011,oai:scholarworks.wmich.edu:jssw-3635,10.15453/0191-5096.3635,A,oai_rule,1.0,match,name,1.0,Clinical Social Work and the Biomedical Industrial Complex
119740,The Journal of Sociology & Social Welfare,2011,oai:scholarworks.wmich.edu:jssw-3639,10.15453/0191-5096.3639,A,oai_rule,1.0,match,name,1.0,"Review of <em>Child Protection Systems: International Trends and Orientations.</em> Neil Gilbert, Nigel Parton, & Marit Skivenes, (Eds.). Reviewed by Dorinda N. Noble."
119741,The Journal of Sociology & Social Welfare,2011,oai:scholarworks.wmich.edu:jssw-3640,10.15453/0191-5096.3640,A,oai_rule,1.0,match,name,1.0,<em>Ill Fares the Land.</em> Tony Judt. Reviewed by Marguerite G. Rosenthal.
119742,The Journal of Sociology & Social Welfare,2011,oai:scholarworks.wmich.edu:jssw-3638,10.15453/0191-5096.3638,A,oai_rule,1.0,match,name,1.0,Review of <em>Poor Women in Rich Countries: The Feminization of Poverty over the Life Course.</em> Gertrude Schaffner Goldberg (Ed.). Reviewed by Jennifer R. Zelnick.
119743,The Journal of Sociology & Social Welfare,2011,oai:scholarworks.wmich.edu:jssw-3642,10.15453/0191-5096.3642,A,oai_rule,1.0,match,name,1.0,"Review of <em>Social Work & Restorative Justice: Skills for Dialogue, Peacemaking, and Reconciliation.</em> Elizabeth Beck, Nancy P. Kropf & Pamela Blume Leonard (Eds.). Reviewed by Robert McAndrews."
119744,The Journal of Sociology & Social Welfare,2011,oai:scholarworks.wmich.edu:jssw-3641,10.15453/0191-5096.3641,A,oai_rule,1.0,match,name,1.0,"Review of <em>Contesting Community: The Limits and Potential of Local Organizing.</em> James DeFilippis, Robert Fisher, & Eric Shragge. Reviewed by Nancy Giunta."
119745,The Journal of Sociology & Social Welfare,2011,oai:scholarworks.wmich.edu:jssw-3644,10.15453/0191-5096.3644,A,oai_rule,1.0,match,name,1.0,Review of <em>Mexican Voices of the Border Region.</em> Laura Velasco Ortiz & Oscar E Contreras (Eds.). Reviewed by Aviva Chomsky.
119746,The Journal of Sociology & Social Welfare,2011,oai:scholarworks.wmich.edu:jssw-3643,10.15453/0191-5096.3643,A,oai_rule,1.0,match,name,1.0,Review of <em>Politics and Partnerships: The Role of Voluntary Associations in America's Political Past and Present.</em> Elisabeth Clemens & Doug Guthrie (Eds.). Reviewed by John G. McNutt.
119747,The Journal of Sociology & Social Welfare,2012,oai:scholarworks.wmich.edu:jssw-3651,10.15453/0191-5096.3651,A,oai_rule,1.0,match,name,1.0,The Significance of Race for Neighborhood Social Cohesion: Perceived Difficulty of Collective Action in Majority Black Neighborhoods
119748,The Journal of Sociology & Social Welfare,2012,oai:scholarworks.wmich.edu:jssw-3650,10.15453/0191-5096.3650,A,oai_rule,1.0,match,name,1.0,Racial Attitudes in the New Millennium: Cool Feelings in Hot Times
119749,The Journal of Sociology & Social Welfare,2012,oai:scholarworks.wmich.edu:jssw-3648,10.15453/0191-5096.3648,A,oai_rule,1.0,match,name,1.0,"Moving Beyond Dichotomies: How the Intersection of Race, Class and Place Impacts High School Graduation Rates for African American Students"
119750,The Journal of Sociology & Social Welfare,2012,oai:scholarworks.wmich.edu:jssw-3649,10.15453/0191-5096.3649,A,oai_rule,1.0,match,name,1.0,"Young, Jobless, and Black: Young Black Women and Economic Downturns"
119751,The Journal of Sociology & Social Welfare,2012,oai:scholarworks.wmich.edu:jssw-3652,10.15453/0191-5096.3652,A,oai_rule,1.0,match,name,1.0,"""Waiting for the White Man to Fix Things:"" Rebuilding Black Poverty in New Orleans"
119752,The Journal of Sociology & Social Welfare,2012,oai:scholarworks.wmich.edu:jssw-3653,10.15453/0191-5096.3653,A,oai_rule,1.0,match,name,1.0,Towards a Practice-based Model for Community Practice: Linking Theory and Practice
119754,The Journal of Sociology & Social Welfare,2012,oai:scholarworks.wmich.edu:jssw-3655,10.15453/0191-5096.3655,A,oai_rule,1.0,match,name,1.0,"Review of <em>Family, Kinship and State in Contemporary Europe (3 Vols.) The Century of Welfare: Eight Countries (Vol. 1). </em> Hannes Grandits, Editor. <em>The View from Below: Nineteen Localities ("
119755,The Journal of Sociology & Social Welfare,2012,oai:scholarworks.wmich.edu:jssw-3657,10.15453/0191-5096.3657,A,oai_rule,1.0,match,name,1.0,"Review of <em>Homelessness, Housing, and Mental Illness: Broadening our Understanding of Wellness.</em> Russell K. Schutt with Stephen M. Goldfinger. Reviewed by Geoffrey Nelson."
119756,The Journal of Sociology & Social Welfare,2012,oai:scholarworks.wmich.edu:jssw-3656,10.15453/0191-5096.3656,A,oai_rule,1.0,match,name,1.0,Review of <em>Colonialism and Welfare: Social Policy and the British Imperial Legacy.</em> James Midgley and David Piachaud (Eds.). Reviewed by Melinda Williams Moore.
119757,The Journal of Sociology & Social Welfare,2012,oai:scholarworks.wmich.edu:jssw-3658,10.15453/0191-5096.3658,A,oai_rule,1.0,match,name,1.0,Review of <em>What Every Environmentalist Needs to Know About Capitalism: A Citizen's Guide to Capitalism and the Environment.</em> Fred Magdoff and John Bellamy Foster. Reviewed by Paul Saba.
119758,The Journal of Sociology & Social Welfare,2012,oai:scholarworks.wmich.edu:jssw-3659,10.15453/0191-5096.3659,A,oai_rule,1.0,match,name,1.0,"Review of <em>New Deal, New Landscape: The Civilian Conservation Corps & South Carolina's State Parks.</em> Tara Mitchel Mielnik. Reviewed by Marguerite G. Rosenthal."
119759,The Journal of Sociology & Social Welfare,2012,oai:scholarworks.wmich.edu:jssw-3660,10.15453/0191-5096.3660,A,oai_rule,1.0,match,name,1.0,Review of <em>Citizenship Social Work with Older People.</em> Malcolm Payne. Reviewed by Edward J. Gurnz.
119760,The Journal of Sociology & Social Welfare,2012,oai:scholarworks.wmich.edu:jssw-3665,10.15453/0191-5096.3665,A,oai_rule,1.0,match,name,1.0,"Social Capital, Human Capital, and Economic Well-Being in the Knowledge Economy: Results from Canada's General Social Survey"
119761,The Journal of Sociology & Social Welfare,2012,oai:scholarworks.wmich.edu:jssw-3666,10.15453/0191-5096.3666,A,oai_rule,1.0,match,name,1.0,"Neoliberalism, Piven and Cloward's Bargaining Theory, and Wages in the United States, 1965-2006"
119762,The Journal of Sociology & Social Welfare,2012,oai:scholarworks.wmich.edu:jssw-3669,10.15453/0191-5096.3669,A,oai_rule,1.0,match,name,1.0,Clean Needles and Bad Blood: Needle Exchange as Morality Policy
119763,The Journal of Sociology & Social Welfare,2012,oai:scholarworks.wmich.edu:jssw-3668,10.15453/0191-5096.3668,A,oai_rule,1.0,match,name,1.0,"Predictors of Time Volunteering, Religious Giving, and Secular Giving: Implications for Nonprofit Organizations"
119764,The Journal of Sociology & Social Welfare,2012,oai:scholarworks.wmich.edu:jssw-3667,10.15453/0191-5096.3667,A,oai_rule,1.0,match,name,1.0,Child and Family Teams Building Social Capital for At-Risk Students: A Research Note
119765,The Journal of Sociology & Social Welfare,2012,oai:scholarworks.wmich.edu:jssw-3671,10.15453/0191-5096.3671,A,oai_rule,1.0,match,name,1.0,Public Attitudes and Gender Policy Regimes: Coherence and Stability in Hard Times
119766,The Journal of Sociology & Social Welfare,2012,oai:scholarworks.wmich.edu:jssw-3670,10.15453/0191-5096.3670,A,oai_rule,1.0,match,name,1.0,Exploring Barriers to Inclusion of Widowed and Abandoned Women through Microcredit Self-Help Groups: The Case of Rural South India
119767,The Journal of Sociology & Social Welfare,2012,oai:scholarworks.wmich.edu:jssw-3673,10.15453/0191-5096.3673,A,oai_rule,1.0,match,name,1.0,Review of <em>American Dreamers: How the Left Changed a Nation.</em> Michael Kazin. Reviewed by Kim Phillips-Fein.
119768,The Journal of Sociology & Social Welfare,2012,oai:scholarworks.wmich.edu:jssw-3674,10.15453/0191-5096.3674,A,oai_rule,1.0,match,name,1.0,"Review of <em>Patterns of Protest: Trajectories of Participation in Social Movements.</em> Catherine Corrigall-Brown. <em>Written Out of History: Memoirs of Ordinary Activists.</em> Bette Steinmuller,"
119769,The Journal of Sociology & Social Welfare,2012,oai:scholarworks.wmich.edu:jssw-3672,10.15453/0191-5096.3672,A,oai_rule,1.0,match,name,1.0,Review of <em>Good Jobs America: Making Work Better for Everyone.</em> Paul Osterman and Beth Shulman. Reviewed by Mary Huff Stevenson.
119770,The Journal of Sociology & Social Welfare,2012,oai:scholarworks.wmich.edu:jssw-3676,10.15453/0191-5096.3676,A,oai_rule,1.0,match,name,1.0,Review of <em>Rights Gone Wrong: How Law Corrupts the Struggle for Equality.</em> Richard Thompson Ford. Reviewed by Robert Costello.
119771,The Journal of Sociology & Social Welfare,2012,oai:scholarworks.wmich.edu:jssw-3675,10.15453/0191-5096.3675,A,oai_rule,1.0,match,name,1.0,Review of <em>Banished: The New Social Control in Urban America.</em> Katherine Beckett and Steve Herbert. Reviewed by Lucia Trimbur.
119772,The Journal of Sociology & Social Welfare,2012,oai:scholarworks.wmich.edu:jssw-3677,10.15453/0191-5096.3677,A,oai_rule,1.0,match,name,1.0,Review of <em>Guest Workers and Resistance to U.S. Corporate Despotism.</em> Immanuel Ness. Reviewed by Barbara Franz.
119773,The Journal of Sociology & Social Welfare,2012,oai:scholarworks.wmich.edu:jssw-3678,10.15453/0191-5096.3678,A,oai_rule,1.0,match,name,1.0,Review of <em>Aging Our Way: Lessons Learned for Living from 85 and Beyond.</em> Meika Loe. Reviewed by Donna Wang.
119774,The Journal of Sociology & Social Welfare,2012,oai:scholarworks.wmich.edu:jssw-3679,10.15453/0191-5096.3679,A,oai_rule,1.0,match,name,1.0,Review of <em>The Better Angels of Our Nature: Why Violence Has Declined.</em> Steven Pinker. Reviewed by Edward U. Murphy.
119775,The Journal of Sociology & Social Welfare,2012,oai:scholarworks.wmich.edu:jssw-3681,10.15453/0191-5096.3681,A,oai_rule,1.0,match,name,1.0,The Feminization of Social Welfare: Implications of Cultural Tradition vis-à-vis Male Victims of Domestic Violence
119776,The Journal of Sociology & Social Welfare,2012,oai:scholarworks.wmich.edu:jssw-3682,10.15453/0191-5096.3682,A,oai_rule,1.0,match,name,1.0,A Social Justice Perspective on Medicare Part D in an Age of Reform: Critical Implications of Trends in Health Care Policy and Advocacy
119777,The Journal of Sociology & Social Welfare,2012,oai:scholarworks.wmich.edu:jssw-3683,10.15453/0191-5096.3683,A,oai_rule,1.0,match,name,1.0,Competency and Voters with Psychiatric Disabilities: Considerations for Social Workers
119778,The Journal of Sociology & Social Welfare,2012,oai:scholarworks.wmich.edu:jssw-3687,10.15453/0191-5096.3687,A,oai_rule,1.0,match,name,1.0,Employee Benefits and Policies: Do They Make a Difference for Work/Family Conflict?
119779,The Journal of Sociology & Social Welfare,2012,oai:scholarworks.wmich.edu:jssw-3689,10.15453/0191-5096.3689,A,oai_rule,1.0,match,name,1.0,"Review of <em>Coming Apart: The State of White America, 1960-2010.</em> Charles Murray. Reviewed by Rebecca Joyce Kissane."
119780,The Journal of Sociology & Social Welfare,2012,oai:scholarworks.wmich.edu:jssw-3688,10.15453/0191-5096.3688,A,oai_rule,1.0,match,name,1.0,Patterns of Residential Mobility of People with Schizophrenia: Multi-level Tests of Downward Geographic Drift
119781,The Journal of Sociology & Social Welfare,2012,oai:scholarworks.wmich.edu:jssw-3684,10.15453/0191-5096.3684,A,oai_rule,1.0,match,name,1.0,"Zones of Exclusion: Urban Spatial Policies, Social Justice, and Social Services"
119782,The Journal of Sociology & Social Welfare,2012,oai:scholarworks.wmich.edu:jssw-3685,10.15453/0191-5096.3685,A,oai_rule,1.0,match,name,1.0,Long Term Care Insurance Beyond the CLASS Program
119783,The Journal of Sociology & Social Welfare,2012,oai:scholarworks.wmich.edu:jssw-3686,10.15453/0191-5096.3686,A,oai_rule,1.0,match,name,1.0,Capacity Building Legacies: Boards of the Richmond Male Orphan Asylum for Destitute Boys & the Protestant Episcopal Church Home for Infirm Ladies 1870-1900
119784,The Journal of Sociology & Social Welfare,2012,oai:scholarworks.wmich.edu:jssw-3690,10.15453/0191-5096.3690,A,oai_rule,1.0,match,name,1.0,"Review of <em>Human Rights in the United States: Beyond Exceptionalism.</em> Shareen Hertel & Kathryn Libal, (Eds). Reviewed by Judith Blau."
119785,The Journal of Sociology & Social Welfare,2012,oai:scholarworks.wmich.edu:jssw-3692,10.15453/0191-5096.3692,A,oai_rule,1.0,match,name,1.0,"Review of <em>Reimagining Equality: Stories of Gender, Race, and Finding Home.</em> Anita Hill. Reviewed by Wilma Peebles-Wilkins."
119786,The Journal of Sociology & Social Welfare,2012,oai:scholarworks.wmich.edu:jssw-3691,10.15453/0191-5096.3691,A,oai_rule,1.0,match,name,1.0,"Review of <em>Whither Opportunity: Rising Inequality, Schools and Children's Life Chances.</em> Greg J. Duncan & Richard Murname, (Eds.). Reviewed by Catherine Kramarczuk Voulgarides."
119787,The Journal of Sociology & Social Welfare,2012,oai:scholarworks.wmich.edu:jssw-3694,10.15453/0191-5096.3694,A,oai_rule,1.0,match,name,1.0,Review of <em>With Liberty and Justice for Some: How the Law is Used to Destroy Equality and Protect the Powerful.</em> Glenn Greenwald. Reviewed by Marguerite G. Rosenthal.
119788,The Journal of Sociology & Social Welfare,2012,oai:scholarworks.wmich.edu:jssw-3693,10.15453/0191-5096.3693,A,oai_rule,1.0,match,name,1.0,Review of <em>Gendered Hate: Exploring Gender in Hate Crime Law.</em> Jessica P. Hodge. Reviewed by Twila L. Perry.
119789,The Journal of Sociology & Social Welfare,2012,oai:scholarworks.wmich.edu:jssw-3695,10.15453/0191-5096.3695,A,oai_rule,1.0,match,name,1.0,"Review of <em>Accounting for Hunger: The Right to Food in the Era of Globilisation.</em> Olivier De Schutter & Caitlin Y. Cordes, (Eds.). Reviewed by Christina Schiavoni."
119791,The Journal of Sociology & Social Welfare,2012,oai:scholarworks.wmich.edu:jssw-3697,10.15453/0191-5096.3697,A,oai_rule,1.0,match,name,1.0,Dating Violence Policy: Making the Grade
119792,The Journal of Sociology & Social Welfare,2012,oai:scholarworks.wmich.edu:jssw-3700,10.15453/0191-5096.3700,A,oai_rule,1.0,match,name,1.0,Reconciliation in a Community-Based Restorative Justice Intervention
119793,The Journal of Sociology & Social Welfare,2012,oai:scholarworks.wmich.edu:jssw-3701,10.15453/0191-5096.3701,A,oai_rule,1.0,match,name,1.0,"""Where Are My Rights?"" Compromised Citizenship in Mixed-Status Marriage A Research Note"
119794,The Journal of Sociology & Social Welfare,2012,oai:scholarworks.wmich.edu:jssw-3699,10.15453/0191-5096.3699,A,oai_rule,1.0,match,name,1.0,Private Pension Protections since ERISA: The Expanded Role of the Individual
119795,The Journal of Sociology & Social Welfare,2012,oai:scholarworks.wmich.edu:jssw-3702,10.15453/0191-5096.3702,A,oai_rule,1.0,match,name,1.0,Fear vs. Facts: Examining the Economic Impact of Undocumented Immigrants in the U.S.
119796,The Journal of Sociology & Social Welfare,2012,oai:scholarworks.wmich.edu:jssw-3703,10.15453/0191-5096.3703,A,oai_rule,1.0,match,name,1.0,Perceived Neighborhood Safety and Psychological Distress: Exploring Protective Factors
119797,The Journal of Sociology & Social Welfare,2012,oai:scholarworks.wmich.edu:jssw-3704,10.15453/0191-5096.3704,A,oai_rule,1.0,match,name,1.0,"Social Ties, Social Support, and Collective Efficacy among Families from Public Housing in Chicago and Baltimore"
119798,The Journal of Sociology & Social Welfare,2012,oai:scholarworks.wmich.edu:jssw-3705,10.15453/0191-5096.3705,A,oai_rule,1.0,match,name,1.0,"Review of <em>Public Mental Health.</em> William W. Eaton, Ed. Reviewed by David Mechanic."
119799,The Journal of Sociology & Social Welfare,2012,oai:scholarworks.wmich.edu:jssw-3708,10.15453/0191-5096.3708,A,oai_rule,1.0,match,name,1.0,Review of <em>Great American City: Chicago and the Enduring Neighborhood Effect.</em> Robert Sampson. Reviewed by Gwendolyn Y. Purifoye.
119800,The Journal of Sociology & Social Welfare,2012,oai:scholarworks.wmich.edu:jssw-3707,10.15453/0191-5096.3707,A,oai_rule,1.0,match,name,1.0,Review of <em>Racial Beachhead: Diversity and Democracy in a Military Town.</em> Carol Lynn McKibben. Reviewed by Laura S. Abrams.
119801,The Journal of Sociology & Social Welfare,2012,oai:scholarworks.wmich.edu:jssw-3709,10.15453/0191-5096.3709,A,oai_rule,1.0,match,name,1.0,Review of <em>Prisoner Reentry at Work: Adding Business to the Mix.</em> Melvin Delgado. Reviewed by Marguerite G. Rosenthal.
119802,The Journal of Sociology & Social Welfare,2012,oai:scholarworks.wmich.edu:jssw-3706,10.15453/0191-5096.3706,A,oai_rule,1.0,match,name,1.0,Review of <em>Casino Women: Courage in Unexpected Places.</em> Susan Chandler and Jill B. Jones. Reviewed by Jennifer Zelnick
119803,The Journal of Sociology & Social Welfare,2013,oai:scholarworks.wmich.edu:jssw-3712,10.15453/0191-5096.3712,A,oai_rule,1.0,match,name,1.0,"Paperwork First, not Work First: How Caseworkers Use Paperwork to Feel Effective"
119804,The Journal of Sociology & Social Welfare,2013,oai:scholarworks.wmich.edu:jssw-3716,10.15453/0191-5096.3716,A,oai_rule,1.0,match,name,1.0,"The First and the Last: A Confluence of Factors Leading to the Integration of Carver School of Missions and Social Work, 1955"
119805,The Journal of Sociology & Social Welfare,2013,oai:scholarworks.wmich.edu:jssw-3714,10.15453/0191-5096.3714,A,oai_rule,1.0,match,name,1.0,Are Housing First Programs Effective? A Research Note
119806,The Journal of Sociology & Social Welfare,2013,oai:scholarworks.wmich.edu:jssw-3719,10.15453/0191-5096.3719,A,oai_rule,1.0,match,name,1.0,'We Are Radical': The Right to the City Alliance and the Future of Community Organizing
119807,The Journal of Sociology & Social Welfare,2013,oai:scholarworks.wmich.edu:jssw-3713,10.15453/0191-5096.3713,A,oai_rule,1.0,match,name,1.0,Influences of Environmental Factors on the Physical Functioning of Older Adults in Urban China
119808,The Journal of Sociology & Social Welfare,2013,oai:scholarworks.wmich.edu:jssw-3715,10.15453/0191-5096.3715,A,oai_rule,1.0,match,name,1.0,Phenomenology and HBSE: Making the Connection
119809,The Journal of Sociology & Social Welfare,2013,oai:scholarworks.wmich.edu:jssw-3718,10.15453/0191-5096.3718,A,oai_rule,1.0,match,name,1.0,Perceived Discrimination and Subjective Well-being among Rural-to-Urban Migrants in China
119810,The Journal of Sociology & Social Welfare,2013,oai:scholarworks.wmich.edu:jssw-3717,10.15453/0191-5096.3717,A,oai_rule,1.0,match,name,1.0,Health Inequalities and the Welfare State in European Families
119811,The Journal of Sociology & Social Welfare,2013,oai:scholarworks.wmich.edu:jssw-3720,10.15453/0191-5096.3720,A,oai_rule,1.0,match,name,1.0,Review of <em>The Price of Inequality: How Today's Divided Society Endangers Our Future.</em> Joseph E. Stiglitz. Reviewed by Mary Huff Stevenson.
119812,The Journal of Sociology & Social Welfare,2013,oai:scholarworks.wmich.edu:jssw-3721,10.15453/0191-5096.3721,A,oai_rule,1.0,match,name,1.0,"Review of <em>Behind the Beautiful Forevers: Life, Death, and Hope in a Mumbai Undercity.</em> Katherine Boo. Reviewed by Edward U. Murphy."
119813,The Journal of Sociology & Social Welfare,2013,oai:scholarworks.wmich.edu:jssw-3725,10.15453/0191-5096.3725,A,oai_rule,1.0,match,name,1.0,Review of <em>The New Religious Intolerance.</em> Martha C. Nussbaum. Reviewed by John Tropman.
119814,The Journal of Sociology & Social Welfare,2013,oai:scholarworks.wmich.edu:jssw-3724,10.15453/0191-5096.3724,A,oai_rule,1.0,match,name,1.0,"Review of <em>The Future of the Welfare State: Social Policy Attitudes and Social Capital in Europe.</em> Heikki Ervasti, Jorgen Goul Andersen, Torben Fridberg and Kristen Ringdal (Eds.). Reviewed by "
119815,The Journal of Sociology & Social Welfare,2013,oai:scholarworks.wmich.edu:jssw-3726,10.15453/0191-5096.3726,A,oai_rule,1.0,match,name,1.0,Review of <em>Mother-Talk: Conversations with Mothers of Lesbian Daughters and FTM Transgender Children.</em> Sarah E Pearlman. Reviewed by Melinda McCormick.
119816,The Journal of Sociology & Social Welfare,2013,oai:scholarworks.wmich.edu:jssw-3722,10.15453/0191-5096.3722,A,oai_rule,1.0,match,name,1.0,Review of <em>To Promote the General Welfare: The Case for Big Government.</em> Steven Conn (Ed.). Reviewed by Sheila D. Collins
119817,The Journal of Sociology & Social Welfare,2013,oai:scholarworks.wmich.edu:jssw-3723,10.15453/0191-5096.3723,A,oai_rule,1.0,match,name,1.0,"Review of <em>Three Worlds of Relief: Race, Immigration, and the American Welfare State from the Progressive Era to the New Deal.</em> Cybelle Fox. Reviewed byMarguerite G. Rosenthal."
119818,The Journal of Sociology & Social Welfare,2013,oai:scholarworks.wmich.edu:jssw-3728,10.15453/0191-5096.3728,A,oai_rule,1.0,match,name,1.0,Review of <em>Taking It Big: C. Wright Mills and the Making of Political Intellectuals.</em> Stanley Aronowitz. Reviewed by Gordon Fellman.
119819,The Journal of Sociology & Social Welfare,2013,oai:scholarworks.wmich.edu:jssw-3727,10.15453/0191-5096.3727,A,oai_rule,1.0,match,name,1.0,"Review of <em>Shattering Culture: American Medicine Responds to Cultural Diversity.</em> Mary-Jo DelVecchio Good, Sarah S. Willen, Seth Donal Hannah, Ken Vickery, & Lawrence Taeseng Park (Eds.). Revie"
119820,The Journal of Sociology & Social Welfare,2013,oai:scholarworks.wmich.edu:jssw-3730,10.15453/0191-5096.3730,A,oai_rule,1.0,match,name,1.0,A Half-Century of California Poverty
119821,The Journal of Sociology & Social Welfare,2013,oai:scholarworks.wmich.edu:jssw-3732,10.15453/0191-5096.3732,A,oai_rule,1.0,match,name,1.0,"The Masaryks of Czechoslovakia: Contributions in Sociology, Social Welfare and Politics"
119822,The Journal of Sociology & Social Welfare,2013,oai:scholarworks.wmich.edu:jssw-3734,10.15453/0191-5096.3734,A,oai_rule,1.0,match,name,1.0,"Remarital Chances, Choices, and Economic Consequences: Issues of Social and Personal Welfare"
119823,The Journal of Sociology & Social Welfare,2013,oai:scholarworks.wmich.edu:jssw-3733,10.15453/0191-5096.3733,A,oai_rule,1.0,match,name,1.0,Sweden's Parental Leave Insurance: A Policy Analysis of Strategies to Increase Gender Equality
119824,The Journal of Sociology & Social Welfare,2013,oai:scholarworks.wmich.edu:jssw-3731,10.15453/0191-5096.3731,A,oai_rule,1.0,match,name,1.0,"The Potential of Youth Savings Accounts in Three East African Countries: Kenya, Tanzania, and Uganda"
119825,The Journal of Sociology & Social Welfare,2013,oai:scholarworks.wmich.edu:jssw-3735,10.15453/0191-5096.3735,A,oai_rule,1.0,match,name,1.0,"Black Women in the ""Black Metropolis"" of the Early Twentieth Century: The Case of Professional Occupations"
119826,The Journal of Sociology & Social Welfare,2013,oai:scholarworks.wmich.edu:jssw-3737,10.15453/0191-5096.3737,A,oai_rule,1.0,match,name,1.0,"The ""L"" Word: Nonprofits, Language, and Lobbying"
119827,The Journal of Sociology & Social Welfare,2013,oai:scholarworks.wmich.edu:jssw-3738,10.15453/0191-5096.3738,A,oai_rule,1.0,match,name,1.0,"Review of <em>Making Care Count: A Century of Gender, Race, and Paid Care Work.</em> Mignon Duffy. Reviewed by Jennifer R. Zelnick."
119828,The Journal of Sociology & Social Welfare,2013,oai:scholarworks.wmich.edu:jssw-3739,10.15453/0191-5096.3739,A,oai_rule,1.0,match,name,1.0,Review of <em>For Love and Money: Care Provision in the United States.</em> Nancy Folbre (Ed.). Reviewed by Jill B. Jones.
119829,The Journal of Sociology & Social Welfare,2013,oai:scholarworks.wmich.edu:jssw-3736,10.15453/0191-5096.3736,A,oai_rule,1.0,match,name,1.0,"Specialists, Generalists, and Policy Advocacy by Charitable Nonprofit Organizations"
119830,The Journal of Sociology & Social Welfare,2013,oai:scholarworks.wmich.edu:jssw-3740,10.15453/0191-5096.3740,A,oai_rule,1.0,match,name,1.0,"Review of <em>Striving to Save: Creating Policies for Financial Security of Low-Income Families.</em> Margaret Sherrard Sherraden & Amanda Moor McBride, with Sondra G. Beverly. Reviewed by Carol B. St"
119831,The Journal of Sociology & Social Welfare,2013,oai:scholarworks.wmich.edu:jssw-3741,10.15453/0191-5096.3741,A,oai_rule,1.0,match,name,1.0,Review of <em>Stayin' Alive: The 1970s and the Last Days of the Working Class.</em> Jefferson Cowie. Reviewed by Robert Forrant.
119832,The Journal of Sociology & Social Welfare,2013,oai:scholarworks.wmich.edu:jssw-3744,10.15453/0191-5096.3744,A,oai_rule,1.0,match,name,1.0,Suicide Within United States Jails: A Qualitative Interpretive Meta-synthesis
119833,The Journal of Sociology & Social Welfare,2013,oai:scholarworks.wmich.edu:jssw-3746,10.15453/0191-5096.3746,A,oai_rule,1.0,match,name,1.0,Social Security: Strengthen Not Dismantle
119834,The Journal of Sociology & Social Welfare,2013,oai:scholarworks.wmich.edu:jssw-3743,10.15453/0191-5096.3743,A,oai_rule,1.0,match,name,1.0,Housing Assistance and Disconnection from Welfare and Work: Assessing the Impacts of Public Housing and Tenant-based Rental Subsidies
119835,The Journal of Sociology & Social Welfare,2013,oai:scholarworks.wmich.edu:jssw-3745,10.15453/0191-5096.3745,A,oai_rule,1.0,match,name,1.0,Welfare Reform in the States: Does the Percentage of Female Legislators in State Legislatures Affect Welfare Reform Policies?
119836,The Journal of Sociology & Social Welfare,2013,oai:scholarworks.wmich.edu:jssw-3747,10.15453/0191-5096.3747,A,oai_rule,1.0,match,name,1.0,"Trading the Picket Fence: Perceptions of Childbirth, Marriage, and Career"
119837,The Journal of Sociology & Social Welfare,2013,oai:scholarworks.wmich.edu:jssw-3748,10.15453/0191-5096.3748,A,oai_rule,1.0,match,name,1.0,Beyond Professional Emergencies: Patterns of Mistakes in Social Work and Their Implications for Remediation
119838,The Journal of Sociology & Social Welfare,2013,oai:scholarworks.wmich.edu:jssw-3750,10.15453/0191-5096.3750,A,oai_rule,1.0,match,name,1.0,Between Stonewall and AIDS: Initial Efforts to Establish Gay and Lesbian Social Services
119839,The Journal of Sociology & Social Welfare,2013,oai:scholarworks.wmich.edu:jssw-3751,10.15453/0191-5096.3751,A,oai_rule,1.0,match,name,1.0,Review of <em>Fear Itself: The New Deal and the Origins of Our Time.</em> Ira Katznelson. Reviewed by Marguerite Rosenthal.
119840,The Journal of Sociology & Social Welfare,2013,oai:scholarworks.wmich.edu:jssw-3749,10.15453/0191-5096.3749,A,oai_rule,1.0,match,name,1.0,"Women's Work Attitudes, Aspirations, and Workforce Participation Before and After Relocation from Public Housing"
119841,The Journal of Sociology & Social Welfare,2013,oai:scholarworks.wmich.edu:jssw-3752,10.15453/0191-5096.3752,A,oai_rule,1.0,match,name,1.0,Review of <em>Free Time: The Forgotten American Dream.</em> Benjamin Kline Hunnicutt. Reviewed by Anders Hayden.
119842,The Journal of Sociology & Social Welfare,2013,oai:scholarworks.wmich.edu:jssw-3753,10.15453/0191-5096.3753,A,oai_rule,1.0,match,name,1.0,Review of <em>Social Welfare in East Asia and the Pacific.</em> Sharlene B. C. L. Furuto (Ed.). Reviewed by James Midgley.
119843,The Journal of Sociology & Social Welfare,2013,oai:scholarworks.wmich.edu:jssw-3754,10.15453/0191-5096.3754,A,oai_rule,1.0,match,name,1.0,Review of <em>Barrios to Burbs: The Making of the Mexican American Middle Class.</em> Jody A. Vallejo. Reviewed by Celestino Fernandez.
119844,The Journal of Sociology & Social Welfare,2013,oai:scholarworks.wmich.edu:jssw-3757,10.15453/0191-5096.3757,A,oai_rule,1.0,match,name,1.0,Review of <em>Plutocrats: The Rise of the New Super-Rich and the Fall of Everyone Else.</em> Chrystia Freeland. Reviewed by Edward U. Murphy.
119845,The Journal of Sociology & Social Welfare,2013,oai:scholarworks.wmich.edu:jssw-3756,10.15453/0191-5096.3756,A,oai_rule,1.0,match,name,1.0,Review of <em>Doing the Best I Can: Fatherhood in the Inner City.</em> Kathryn Edin and Timothy J. Nelson. Reviewed by Helen Glikman.
119846,The Journal of Sociology & Social Welfare,2013,oai:scholarworks.wmich.edu:jssw-3755,10.15453/0191-5096.3755,A,oai_rule,1.0,match,name,1.0,"Review of <em>Informal Labor, Formal Politics, and Dignified Discontent in India.</em> Rina Agarwala. Reviewed by Jennifer R. Zelnick."
119847,The Journal of Sociology & Social Welfare,2013,oai:scholarworks.wmich.edu:jssw-3759,10.15453/0191-5096.3759,A,oai_rule,1.0,match,name,1.0,Human Consequences of Animal Exploitation: Needs for Redefining Social Welfare
119848,The Journal of Sociology & Social Welfare,2013,oai:scholarworks.wmich.edu:jssw-3763,10.15453/0191-5096.3763,A,oai_rule,1.0,match,name,1.0,Expanding the Ecological Lens in Child Welfare Practice to Include Other Animals
119849,The Journal of Sociology & Social Welfare,2013,oai:scholarworks.wmich.edu:jssw-3760,10.15453/0191-5096.3760,A,oai_rule,1.0,match,name,1.0,"The Impact of Companion Animals on Social Capital and Community Violence: Setting Research, Policy and Program Agendas"
119850,The Journal of Sociology & Social Welfare,2013,oai:scholarworks.wmich.edu:jssw-3761,10.15453/0191-5096.3761,A,oai_rule,1.0,match,name,1.0,Relational Ecology: A Theoretical Framework for Understanding the Human-Animal Bond
119851,The Journal of Sociology & Social Welfare,2013,oai:scholarworks.wmich.edu:jssw-3762,10.15453/0191-5096.3762,A,oai_rule,1.0,match,name,1.0,Children's Ideas about the Moral Standing and Social Welfare of Non-human Species
119852,The Journal of Sociology & Social Welfare,2013,oai:scholarworks.wmich.edu:jssw-3766,10.15453/0191-5096.3766,A,oai_rule,1.0,match,name,1.0,Institutionalizing Harm in Tennessee: The Right of the People to Hunt and Fish
119853,The Journal of Sociology & Social Welfare,2013,oai:scholarworks.wmich.edu:jssw-3765,10.15453/0191-5096.3765,A,oai_rule,1.0,match,name,1.0,Environmental Beliefs and Concern about Animal Welfare: Exploring the Connections
119854,The Journal of Sociology & Social Welfare,2013,oai:scholarworks.wmich.edu:jssw-3767,10.15453/0191-5096.3767,A,oai_rule,1.0,match,name,1.0,Shelter from the Storm: Companion Animal Emergency Planning in Nine States
119855,The Journal of Sociology & Social Welfare,2013,oai:scholarworks.wmich.edu:jssw-3764,10.15453/0191-5096.3764,A,oai_rule,1.0,match,name,1.0,Cross-reporting of Interpersonal Violence and Animal Cruelty: The Charlotte Project
119856,The Journal of Sociology & Social Welfare,2013,oai:scholarworks.wmich.edu:jssw-3768,10.15453/0191-5096.3768,A,oai_rule,1.0,match,name,1.0,"""Leads"" to Expanded Social Networks, Increased Civic Engagement and Divisions Within a Community: The Role of Dogs"
119857,The Journal of Sociology & Social Welfare,2013,oai:scholarworks.wmich.edu:jssw-3769,10.15453/0191-5096.3769,A,oai_rule,1.0,match,name,1.0,Humans' Bonding with their Companion Dogs: Cardiovascular Benefits during and after Stress
119858,The Journal of Sociology & Social Welfare,2013,oai:scholarworks.wmich.edu:jssw-3770,10.15453/0191-5096.3770,A,oai_rule,1.0,match,name,1.0,"Attachment, Social Support, and Perceived Mental Health of Adult Dog Walkers: What Does Age Have to Do With It?"
119859,The Journal of Sociology & Social Welfare,2013,oai:scholarworks.wmich.edu:jssw-3771,10.15453/0191-5096.3771,A,oai_rule,1.0,match,name,1.0,Effects of Companion Animal Ownership among Canadian Street-involved Youth: A Qualitative Analysis
119860,The Journal of Sociology & Social Welfare,2013,oai:scholarworks.wmich.edu:jssw-3772,10.15453/0191-5096.3772,A,oai_rule,1.0,match,name,1.0,Staff Views on the Involvement of Animals in Care Home Life: An Exploratory Study
119883,The Journal of Sociology & Social Welfare,2017,oai:scholarworks.wmich.edu:jssw-3805,10.15453/0191-5096.3805,A,oai_rule,1.0,match,name,1.0,Congregations in the Community: A Case Study of Social Welfare Provision
119884,The Journal of Sociology & Social Welfare,2016,oai:scholarworks.wmich.edu:jssw-3811,10.15453/0191-5096.3811,A,oai_rule,1.0,match,name,1.0,The Construction of a Class with a Sense of Entitlement: A Case Study on Political Rhetoric as Symbolic Violence in Denmark
119885,The Journal of Sociology & Social Welfare,2017,oai:scholarworks.wmich.edu:jssw-3813,10.15453/0191-5096.3813,A,oai_rule,1.0,match,name,1.0,Barriers to Food Security Experienced by Families Living in Extended Stay Motels
119886,The Journal of Sociology & Social Welfare,2017,oai:scholarworks.wmich.edu:jssw-3815,10.15453/0191-5096.3815,A,oai_rule,1.0,match,name,1.0,"Habitus, Symbolic Violence, and Reflexivity: Applying Bourdieu’s Theories to Social Work"
119887,The Journal of Sociology & Social Welfare,2016,oai:scholarworks.wmich.edu:jssw-3816,10.15453/0191-5096.3816,A,oai_rule,1.0,match,name,1.0,Grand Challenges: Social Justice and the Need for Evidence-Based Sex Offender Registry Reform
119888,The Journal of Sociology & Social Welfare,2017,oai:scholarworks.wmich.edu:jssw-3819,10.15453/0191-5096.3819,A,oai_rule,1.0,match,name,1.0,Social Work in the Black Community: A Collective Response to Contemporary Unrest
119889,The Journal of Sociology & Social Welfare,2016,oai:scholarworks.wmich.edu:jssw-3823,10.15453/0191-5096.3823,A,oai_rule,1.0,match,name,1.0,Susu: Capitalizing Development from the Bottom Up
119890,The Journal of Sociology & Social Welfare,2014,oai:scholarworks.wmich.edu:jssw-3831,10.15453/0191-5096.3831,A,oai_rule,1.0,match,name,1.0,Pathologies of the Poor: What do the War on Drugs and Welfare Reform Have in Common?
119891,The Journal of Sociology & Social Welfare,2014,oai:scholarworks.wmich.edu:jssw-3832,10.15453/0191-5096.3832,A,oai_rule,1.0,match,name,1.0,Gender Differences in Self-employment of Older Workers in the United States and New Zealand
119892,The Journal of Sociology & Social Welfare,2014,oai:scholarworks.wmich.edu:jssw-3833,10.15453/0191-5096.3833,A,oai_rule,1.0,match,name,1.0,Institutionalization of Children in the Czech Republic: A Case of Path Dependency
119893,The Journal of Sociology & Social Welfare,2014,oai:scholarworks.wmich.edu:jssw-3834,10.15453/0191-5096.3834,A,oai_rule,1.0,match,name,1.0,The First Faith-Based Movement: The Religious Roots of Social Progressivism in America (1880-1912) in Historical Perspective
119894,The Journal of Sociology & Social Welfare,2014,oai:scholarworks.wmich.edu:jssw-3835,10.15453/0191-5096.3835,A,oai_rule,1.0,match,name,1.0,Mass Shootings and Mental Health Policy
119895,The Journal of Sociology & Social Welfare,2014,oai:scholarworks.wmich.edu:jssw-3836,10.15453/0191-5096.3836,A,oai_rule,1.0,match,name,1.0,The Neglect of Network Theory in Practice with Immigrants in the Southwest
119896,The Journal of Sociology & Social Welfare,2014,oai:scholarworks.wmich.edu:jssw-3838,10.15453/0191-5096.3838,A,oai_rule,1.0,match,name,1.0,Information and Communication Technology in Child Welfare: The Need for Culture-Centered Computing
119897,The Journal of Sociology & Social Welfare,2014,oai:scholarworks.wmich.edu:jssw-3839,10.15453/0191-5096.3839,A,oai_rule,1.0,match,name,1.0,"Review of <i>The Creation of Inequality: How Our Prehistoric Ancestors Set the Stage for Monarchy, Slavery, and Empire.</i> Kent Flannery and Joyce Marcus. Reviewed by Kelly McKowen."
119898,The Journal of Sociology & Social Welfare,2014,oai:scholarworks.wmich.edu:jssw-3840,10.15453/0191-5096.3840,A,oai_rule,1.0,match,name,1.0,Review of <i>Changing Welfare States.</i> Anton Hemerijck. Reviewed by James Midgley.
119899,The Journal of Sociology & Social Welfare,2014,oai:scholarworks.wmich.edu:jssw-3841,10.15453/0191-5096.3841,A,oai_rule,1.0,match,name,1.0,Review of <i>Coming Up Short: Working-Class Adulthood in an Age of Uncertainty.</i> Jennifer M. Silva. Reviewed by Marguerite G. Rosenthal.
119900,The Journal of Sociology & Social Welfare,2014,oai:scholarworks.wmich.edu:jssw-3845,10.15453/0191-5096.3845,A,oai_rule,1.0,match,name,1.0,"Review of <i>The Allure of Order: High Hopes, Dashed Expectations, and the Troubled Quest to Remake American Schooling.</i> Jal Mehta. Reviewed by Eva Gold."
119901,The Journal of Sociology & Social Welfare,2014,oai:scholarworks.wmich.edu:jssw-3844,10.15453/0191-5096.3844,A,oai_rule,1.0,match,name,1.0,Review of <i>The Good News Club: The Christian Right’s Stealth Assault on America’s Children.</i> Katherine Stewart. Reviewed by John E. Tropman.
119902,The Journal of Sociology & Social Welfare,2014,oai:scholarworks.wmich.edu:jssw-3842,10.15453/0191-5096.3842,A,oai_rule,1.0,match,name,1.0,Review of <i>To the End of June: The Intimate Life of American Foster Care.</i> Cris Beam. <i>From Pariahs to Partners: How Parents and Their Allies Changed New York City’s Child Welfare System.</i> D
119903,The Journal of Sociology & Social Welfare,2014,oai:scholarworks.wmich.edu:jssw-3843,10.15453/0191-5096.3843,A,oai_rule,1.0,match,name,1.0,"Review of <i>The Latino Threat: Constructing Immigrants, Citizens and the Nation.</i> Leo R. Chavez. Reviewed by Catherine Carballeira."
119904,The Journal of Sociology & Social Welfare,2017,oai:scholarworks.wmich.edu:jssw-3846,10.15453/0191-5096.3846,A,oai_rule,1.0,match,name,1.0,The Association between Neighborhood Factors and Mexican Americans’ Mental Health Outcomes: A Systematic Review
119905,The Journal of Sociology & Social Welfare,2017,oai:scholarworks.wmich.edu:jssw-3849,10.15453/0191-5096.3849,A,oai_rule,1.0,match,name,1.0,Serving No One Well: TANF Nearly Twenty Years Later
119906,The Journal of Sociology & Social Welfare,2017,oai:scholarworks.wmich.edu:jssw-3851,10.15453/0191-5096.3851,A,oai_rule,1.0,match,name,1.0,"The Impact of Dysfunctional Families and Sexual Abuse on the Psychological Well-being of Adolescent Females in Eastern Cape, South Africa: A Research Note"
119907,The Journal of Sociology & Social Welfare,2017,oai:scholarworks.wmich.edu:jssw-3852,10.15453/0191-5096.3852,A,oai_rule,1.0,match,name,1.0,Impact of Short Lifetime Limits on Child Neglect
119908,The Journal of Sociology & Social Welfare,2017,oai:scholarworks.wmich.edu:jssw-3853,10.15453/0191-5096.3853,A,oai_rule,1.0,match,name,1.0,Career Development Wellbeing and Coping Strategies of Zimbabwean Immigrants in the United States
119909,The Journal of Sociology & Social Welfare,2017,oai:scholarworks.wmich.edu:jssw-3854,10.15453/0191-5096.3854,A,oai_rule,1.0,match,name,1.0,"Community Partnerships for the Prevention of the Worst Forms of Child Labor among Migrant Children in Samut Sakhon, Thailand"
119910,The Journal of Sociology & Social Welfare,2017,oai:scholarworks.wmich.edu:jssw-3855,10.15453/0191-5096.3855,A,oai_rule,1.0,match,name,1.0,Experiences and Responses to Microaggressions on Historically White Campuses: A Qualitative Interpretive Meta-Synthesis
119911,The Journal of Sociology & Social Welfare,2017,oai:scholarworks.wmich.edu:jssw-3856,10.15453/0191-5096.3856,A,oai_rule,1.0,match,name,1.0,The Social Exclusion of Dually-Involved Youth: Toward a Sense of Belonging
119912,The Journal of Sociology & Social Welfare,2017,oai:scholarworks.wmich.edu:jssw-3857,10.15453/0191-5096.3857,A,oai_rule,1.0,match,name,1.0,"The Policy Nexus: Panhandling, Social Capital and Policy Failure"
119913,The Journal of Sociology & Social Welfare,2017,oai:scholarworks.wmich.edu:jssw-3861,10.15453/0191-5096.3861,A,oai_rule,1.0,match,name,1.0,The Impact of Concentrations of African Americans and Latinos/Latinas on Neighborhood Social Cohesion in High Poverty United States Neighborhoods
119914,The Journal of Sociology & Social Welfare,2017,oai:scholarworks.wmich.edu:jssw-3862,10.15453/0191-5096.3862,A,oai_rule,1.0,match,name,1.0,"A Right to Motherhood? Race, Class, and Reproductive Services in the Jim Crow South"
119915,The Journal of Sociology & Social Welfare,2017,oai:scholarworks.wmich.edu:jssw-3863,10.15453/0191-5096.3863,A,oai_rule,1.0,match,name,1.0,Blurring Professional Borders in Service of Anti-Poverty Collaboration: Combining Social Work Skills and an Anti-Oppressive Feminist Lens with Legal Aid
119916,The Journal of Sociology & Social Welfare,2017,oai:scholarworks.wmich.edu:jssw-3864,10.15453/0191-5096.3864,A,oai_rule,1.0,match,name,1.0,Mixed-Status Families and the Threat of Deportation
119917,The Journal of Sociology & Social Welfare,2017,oai:scholarworks.wmich.edu:jssw-3872,10.15453/0191-5096.3872,A,oai_rule,1.0,match,name,1.0,Immigrant Health Disparities: Does Neighborliness Improve Health?
119918,The Journal of Sociology & Social Welfare,2017,oai:scholarworks.wmich.edu:jssw-3874,10.15453/0191-5096.3874,A,oai_rule,1.0,match,name,1.0,"Power, Deviance, Stigma, and Control: A Sociological Reconceptualization of Sexuality within Social Work Services"
119919,The Journal of Sociology & Social Welfare,2017,oai:scholarworks.wmich.edu:jssw-3875,10.15453/0191-5096.3875,A,oai_rule,1.0,match,name,1.0,When ‘Places’ Include Pets: Broadening the Scope of Relational Approaches to Promoting Aging-in-Place
119920,The Journal of Sociology & Social Welfare,2017,oai:scholarworks.wmich.edu:jssw-3877,10.15453/0191-5096.3877,A,oai_rule,1.0,match,name,1.0,"""I Play Golf With My Kids, Not My Colleagues"": Politicians, Parenting, and Unpaid Work as a Choice?"
119921,The Journal of Sociology & Social Welfare,2017,oai:scholarworks.wmich.edu:jssw-3878,10.15453/0191-5096.3878,A,oai_rule,1.0,match,name,1.0,Civic Engagement and Institutional Trust among South Africans
119922,The Journal of Sociology & Social Welfare,2017,oai:scholarworks.wmich.edu:jssw-3880,10.15453/0191-5096.3880,A,oai_rule,1.0,match,name,1.0,How the Immigration and Deportation Systems Work: A Social Workers Guide
119923,The Journal of Sociology & Social Welfare,2017,oai:scholarworks.wmich.edu:jssw-3881,10.15453/0191-5096.3881,A,oai_rule,1.0,match,name,1.0,Social Networks in the Context of Microfinance and Intimate Partner Violence in Bangladesh: A Mixed-Methods Study
119924,The Journal of Sociology & Social Welfare,2017,oai:scholarworks.wmich.edu:jssw-3882,10.15453/0191-5096.3882,A,oai_rule,1.0,match,name,1.0,Are Older Adults Who Participate in the Supplemental Nutrition Assistance Program Healthier than Eligible Nonparticipants? Evidence from the Health and Retirement Study
119925,The Journal of Sociology & Social Welfare,2017,oai:scholarworks.wmich.edu:jssw-3883,10.15453/0191-5096.3883,A,oai_rule,1.0,match,name,1.0,“Children Can’t Learn on an Empty Stomach”: The Black Panther Party’s Free Breakfast Program
119926,The Journal of Sociology & Social Welfare,2015,oai:scholarworks.wmich.edu:jssw-3884,10.15453/0191-5096.3884,A,oai_rule,1.0,match,name,1.0,Successful Approaches to Ending Female Genital Cutting
119927,The Journal of Sociology & Social Welfare,2015,oai:scholarworks.wmich.edu:jssw-3886,10.15453/0191-5096.3886,A,oai_rule,1.0,match,name,1.0,"The 47 Percent: U.S. Trends in Income Maintenance and Medicaid Spending, 1990-2011"
119929,The Journal of Sociology & Social Welfare,2015,oai:scholarworks.wmich.edu:jssw-3888,10.15453/0191-5096.3888,A,oai_rule,1.0,match,name,1.0,Tactical Decision-Making: Community Organizers Describe Ethical Considerations in Social Action Campaigns
119930,The Journal of Sociology & Social Welfare,2015,oai:scholarworks.wmich.edu:jssw-3890,10.15453/0191-5096.3890,A,oai_rule,1.0,match,name,1.0,Self-employment and Public Emergency Work in Urban Labor Markets during the Great Depression: The Case of Industrial Cities
119931,The Journal of Sociology & Social Welfare,2015,oai:scholarworks.wmich.edu:jssw-3892,10.15453/0191-5096.3892,A,oai_rule,1.0,match,name,1.0,"Health Status, Medicare Part D Enrollment, and Prescription Drug Use Among Older Adults"
119932,The Journal of Sociology & Social Welfare,2015,oai:scholarworks.wmich.edu:jssw-3889,10.15453/0191-5096.3889,A,oai_rule,1.0,match,name,1.0,Relieving Human Suffering: Compassion in Social Policy
119933,The Journal of Sociology & Social Welfare,2015,oai:scholarworks.wmich.edu:jssw-3891,10.15453/0191-5096.3891,A,oai_rule,1.0,match,name,1.0,"Differences in Experiences of Racial and Ethnic Microaggression among Asian, Latino/Hispanic, Black, and White Young Adults"
119934,The Journal of Sociology & Social Welfare,2015,oai:scholarworks.wmich.edu:jssw-3893,10.15453/0191-5096.3893,A,oai_rule,1.0,match,name,1.0,Review of <em>Social Development Theory & Practice</em>. James Midgley. Reviewed by Lynne M. Healy.
119935,The Journal of Sociology & Social Welfare,2015,oai:scholarworks.wmich.edu:jssw-3894,10.15453/0191-5096.3894,A,oai_rule,1.0,match,name,1.0,"Review of <em>Social Protection, Economic Growth and Social Change: Goals, Issues and Trajectories in China, India, Brazil and South Africa</em>. James Midgley and David Piachaud (Eds.). Reviewed by T"
119936,The Journal of Sociology & Social Welfare,2015,oai:scholarworks.wmich.edu:jssw-3896,10.15453/0191-5096.3896,A,oai_rule,1.0,match,name,1.0,Review of <em>Youth Work: An Institutional Ethnography of Youth Homelessness</em>. Naomi Nichols. Reviewed by Melinda McCormick.
119937,The Journal of Sociology & Social Welfare,2015,oai:scholarworks.wmich.edu:jssw-3897,10.15453/0191-5096.3897,A,oai_rule,1.0,match,name,1.0,"Review of <em>Creating Positive Systems of Child and Family Welfare: Congruence with the Everyday Lives of Children and Parents</em>. Gary Cameron, Marshall Fine, Sarah Maiter, Karen Frensch, and Nanc"
119938,The Journal of Sociology & Social Welfare,2015,oai:scholarworks.wmich.edu:jssw-3895,10.15453/0191-5096.3895,A,oai_rule,1.0,match,name,1.0,Review of <em>Social Justice in Clinical Practice: A Liberation Health Framework for Social Work</em>. Dawn Belkin Martinez and Ann Fleck-Henderson (Eds.). Reviewed by Nancy Feldman.
119939,The Journal of Sociology & Social Welfare,2015,oai:scholarworks.wmich.edu:jssw-3898,10.15453/0191-5096.3898,A,oai_rule,1.0,match,name,1.0,"Review of <em>Migrant Youth, Transnational Families, and the State</em>. Lauren Heidbrink. Reviewed by Laurie Melrood"
119940,The Journal of Sociology & Social Welfare,2015,oai:scholarworks.wmich.edu:jssw-3902,10.15453/0191-5096.3902,A,oai_rule,1.0,match,name,1.0,Captured by Care: An Institutional Ethnography on the Work of Being in a Rehabilitation Process in Norway
119941,The Journal of Sociology & Social Welfare,2015,oai:scholarworks.wmich.edu:jssw-3899,10.15453/0191-5096.3899,A,oai_rule,1.0,match,name,1.0,Review of <em>Uncertain Justice: The Roberts Court and the Constitution</em>. Laurence Tribe and Joshua Matz. Reviewed by Margaret Burnham
119942,The Journal of Sociology & Social Welfare,2015,oai:scholarworks.wmich.edu:jssw-3900,10.15453/0191-5096.3900,A,oai_rule,1.0,match,name,1.0,Introduction to the Special Issue: New Scholarship in Institutional Ethnography
119943,The Journal of Sociology & Social Welfare,2015,oai:scholarworks.wmich.edu:jssw-3903,10.15453/0191-5096.3903,A,oai_rule,1.0,match,name,1.0,A Service Disparity for Rural Youth: The Organization of Social Services Across the Urban Youth Centre and its Rural Branch
119944,The Journal of Sociology & Social Welfare,2015,oai:scholarworks.wmich.edu:jssw-3904,10.15453/0191-5096.3904,A,oai_rule,1.0,match,name,1.0,Categories of Exclusion: The Transformation of Formerly Incarcerated Women into “Able-Bodied Adults Without Dependents” in Welfare Processing
119945,The Journal of Sociology & Social Welfare,2015,oai:scholarworks.wmich.edu:jssw-3908,10.15453/0191-5096.3908,A,oai_rule,1.0,match,name,1.0,Review of <em>This Changes Everything: Capitalism vs. the Climate</em>. Naomi Klein. Reviewed by Sheila D. Collins.
119946,The Journal of Sociology & Social Welfare,2015,oai:scholarworks.wmich.edu:jssw-3906,10.15453/0191-5096.3906,A,oai_rule,1.0,match,name,1.0,(Un)safe at School: Parents' Work of Securing Nursing Care and Coordinating School Health Support Services Delivery for Children with Diabetes in Ontario Schools
119947,The Journal of Sociology & Social Welfare,2015,oai:scholarworks.wmich.edu:jssw-3907,10.15453/0191-5096.3907,A,oai_rule,1.0,match,name,1.0,Towards an Institutional Counter-Cartography of Nurses’ Wound Work
119948,The Journal of Sociology & Social Welfare,2015,oai:scholarworks.wmich.edu:jssw-3905,10.15453/0191-5096.3905,A,oai_rule,1.0,match,name,1.0,Interrogating the Ruling Relations of Thailand’s Post-tsunami Reconstruction: Empirically Tracking Social Relations in the Absence of Conventional Texts
119949,The Journal of Sociology & Social Welfare,2015,oai:scholarworks.wmich.edu:jssw-3910,10.15453/0191-5096.3910,A,oai_rule,1.0,match,name,1.0,"Review of <em>Inequality in the Promised Land: Race, Resources, and Suburban Schooling</em>. R. L'Heureux Lewis-McCoy. Reviewed by Paul L. Tractenberg"
119950,The Journal of Sociology & Social Welfare,2015,oai:scholarworks.wmich.edu:jssw-3909,10.15453/0191-5096.3909,A,oai_rule,1.0,match,name,1.0,Review of <em>The Black Power Movement and American Social Work</em>. Joyce Bell. Reviewed by Wilma Peebles-Wilkins.
119951,The Journal of Sociology & Social Welfare,2015,oai:scholarworks.wmich.edu:jssw-3911,10.15453/0191-5096.3911,A,oai_rule,1.0,match,name,1.0,"Review of <em>It's Not Like I'm Poor: How Working Families Make Ends Meet in a Post-Welfare World</em>. Sarah Halpern-Meekin, Kathryn Edin, Laura Tach, & Jennifer Sykes. Reviewed by Vanessa D. Wells"
119952,The Journal of Sociology & Social Welfare,2015,oai:scholarworks.wmich.edu:jssw-3912,10.15453/0191-5096.3912,A,oai_rule,1.0,match,name,1.0,Review of <em>Flawed System/Flawed Self: Job Searching and Unemployment Experiences</em>. Ofer Sharone. Reviewed by Randall P. Wilson
119953,The Journal of Sociology & Social Welfare,2015,oai:scholarworks.wmich.edu:jssw-3913,10.15453/0191-5096.3913,A,oai_rule,1.0,match,name,1.0,Review of <em>Becoming Bureaucrats: Socialization at the Front Lines of Government Service</em>. Zachary W. Oberfield. Reviewed by Edward U. Murphy
119954,The Journal of Sociology & Social Welfare,2015,oai:scholarworks.wmich.edu:jssw-3914,10.15453/0191-5096.3914,A,oai_rule,1.0,match,name,1.0,Review of <em>Out in the Union: A Labor History of Queer America</em>. Miriam Frank. Reviewed by Ann S. Holder.
119955,The Journal of Sociology & Social Welfare,2015,oai:scholarworks.wmich.edu:jssw-3916,10.15453/0191-5096.3916,A,oai_rule,1.0,match,name,1.0,An Examination of the New York State Workers' Compensation Reform Act of 2007
119956,The Journal of Sociology & Social Welfare,2015,oai:scholarworks.wmich.edu:jssw-3919,10.15453/0191-5096.3919,A,oai_rule,1.0,match,name,1.0,Social Work Advocacy: Professional Self-Interest and Social Justice
119957,The Journal of Sociology & Social Welfare,2015,oai:scholarworks.wmich.edu:jssw-3918,10.15453/0191-5096.3918,A,oai_rule,1.0,match,name,1.0,Reframing New Frontiers for Indigenous Peoples
119958,The Journal of Sociology & Social Welfare,2015,oai:scholarworks.wmich.edu:jssw-3927,10.15453/0191-5096.3927,A,oai_rule,1.0,match,name,1.0,Review of <em>The Power of the Past: Understanding Cross-Class Marriages</em>. Jessi Streib. Reviewed by Mary Ann Kanieski
119959,The Journal of Sociology & Social Welfare,2015,oai:scholarworks.wmich.edu:jssw-3922,10.15453/0191-5096.3922,A,oai_rule,1.0,match,name,1.0,Relationship-Based Justice for Gender Responsive Specialty Courts
119960,The Journal of Sociology & Social Welfare,2015,oai:scholarworks.wmich.edu:jssw-3923,10.15453/0191-5096.3923,A,oai_rule,1.0,match,name,1.0,Race–Gender Differences in the Impact of History of Heavy Drinking on Current Alcohol Consumption during the Transition to Adulthood
119961,The Journal of Sociology & Social Welfare,2015,oai:scholarworks.wmich.edu:jssw-3925,10.15453/0191-5096.3925,A,oai_rule,1.0,match,name,1.0,Review of <em>All I Want is a Job: Unemployed Women Navigating the Public Workforce System</em>. Mary Gatta. Reviewed by Joyce Bialik.
119962,The Journal of Sociology & Social Welfare,2015,oai:scholarworks.wmich.edu:jssw-3920,10.15453/0191-5096.3920,A,oai_rule,1.0,match,name,1.0,Who's Left Out: Characteristics of Households in Economic Need Not Receiving Public Support
119963,The Journal of Sociology & Social Welfare,2015,oai:scholarworks.wmich.edu:jssw-3921,10.15453/0191-5096.3921,A,oai_rule,1.0,match,name,1.0,Applying Sen's Capability Approach to Understand Work and Income among Poor People in India
119964,The Journal of Sociology & Social Welfare,2015,oai:scholarworks.wmich.edu:jssw-3924,10.15453/0191-5096.3924,A,oai_rule,1.0,match,name,1.0,"Review of <em>Reconciling Work and Poverty Reduction: How Successful are European Welfare States?</em> Bea Cantillon and Franz Vandenbroucke (Eds.), and <em>Activation or Workfare? Governance and the "
119965,The Journal of Sociology & Social Welfare,2015,oai:scholarworks.wmich.edu:jssw-3926,10.15453/0191-5096.3926,A,oai_rule,1.0,match,name,1.0,Review of <em>The Other Welfare: Supplemental Security Income and U.S. Social Policy</em>. Edward D. Berkowitz and Larry DeWitt. Reviewed by Benjamin W. Veghte
119966,The Journal of Sociology & Social Welfare,2015,oai:scholarworks.wmich.edu:jssw-3928,10.15453/0191-5096.3928,A,oai_rule,1.0,match,name,1.0,Review of <em>Failure to Flourish: How Law Undermines Family Relationships</em>. Clare Huntington. Reviewed by Mark E. Courtney
119967,The Journal of Sociology & Social Welfare,2015,oai:scholarworks.wmich.edu:jssw-3931,10.15453/0191-5096.3931,A,oai_rule,1.0,match,name,1.0,Review of <em>Ghettoside: A True Story of Murder in America</em>. Jill Leovy. Reviewed by John DeCarlo.
119968,The Journal of Sociology & Social Welfare,2015,oai:scholarworks.wmich.edu:jssw-3929,10.15453/0191-5096.3929,A,oai_rule,1.0,match,name,1.0,"Review of <em>Human Rights and Adolescence</em>. Jacqueline Bhabha, Ed. Reviewed by David Tobis"
119969,The Journal of Sociology & Social Welfare,2015,oai:scholarworks.wmich.edu:jssw-3930,10.15453/0191-5096.3930,A,oai_rule,1.0,match,name,1.0,"Review of <em>Can’t Catch a Break: Gender, Jail, Drugs, and the Limits of Personal Responsibility</em>. Susan Starr Sered and Maureen Norton-Hawk. Reviewed by Brandy Henry"
119970,The Journal of Sociology & Social Welfare,2015,oai:scholarworks.wmich.edu:jssw-3932,10.15453/0191-5096.3932,A,oai_rule,1.0,match,name,1.0,Review of <em>Café Culture in Pune: Being Young and Middle Class in Urban India</em>. Teresa Platz Robinson. Reviewed by Michael Gilbert
119971,The Journal of Sociology & Social Welfare,2015,oai:scholarworks.wmich.edu:jssw-3934,10.15453/0191-5096.3934,A,oai_rule,1.0,match,name,1.0,Is Community-based Work Compatible with Data Collection?
119972,The Journal of Sociology & Social Welfare,2015,oai:scholarworks.wmich.edu:jssw-3935,10.15453/0191-5096.3935,A,oai_rule,1.0,match,name,1.0,Impact of Community Investment in Safety Net Services on Rates of Unsheltered Homelessness Among Veterans
119973,The Journal of Sociology & Social Welfare,2015,oai:scholarworks.wmich.edu:jssw-3936,10.15453/0191-5096.3936,A,oai_rule,1.0,match,name,1.0,Ebb and Flow: A Multiple Streams Analysis of Change in Kansas Domestic Violence Policy
119974,The Journal of Sociology & Social Welfare,2015,oai:scholarworks.wmich.edu:jssw-3937,10.15453/0191-5096.3937,A,oai_rule,1.0,match,name,1.0,Can People Experiencing Homelessness Acquire Financial Assets?
119976,The Journal of Sociology & Social Welfare,2015,oai:scholarworks.wmich.edu:jssw-3939,10.15453/0191-5096.3939,A,oai_rule,1.0,match,name,1.0,"Roles of Government and Community Support, Flood Experience, and Flood Education in Livelihood Resilience"
119977,The Journal of Sociology & Social Welfare,2015,oai:scholarworks.wmich.edu:jssw-3940,10.15453/0191-5096.3940,A,oai_rule,1.0,match,name,1.0,"Separation, Visitation and Reunification: Michigan Child Welfare Reform and Its Implications for Siblings"
119978,The Journal of Sociology & Social Welfare,2015,oai:scholarworks.wmich.edu:jssw-3941,10.15453/0191-5096.3941,A,oai_rule,1.0,match,name,1.0,Review of <em>Social Security Works! Why Social Security Isn't Going Broke & How Expanding It Will Help Us All</em>. Nancy J. Altman & Eric R. Kingson. 135 Reviewed by Helen Lachs Ginsburg
119979,The Journal of Sociology & Social Welfare,2015,oai:scholarworks.wmich.edu:jssw-3943,10.15453/0191-5096.3943,A,oai_rule,1.0,match,name,1.0,"Review of <em>Our Kids: The American Dream in Crisis</em>. Robert D. Putnam, and <em>Labor's Love Lost: The Rise and Fall of the Working-Class Family in America</em>. Andrew J. Cherlin. Reviewed by Ed"
119980,The Journal of Sociology & Social Welfare,2015,oai:scholarworks.wmich.edu:jssw-3942,10.15453/0191-5096.3942,A,oai_rule,1.0,match,name,1.0,Review of <em>The Age of Acquiescence: The Life and Death of American Resistance to Organized Wealth and Power. Steve Fraser. Reviewed by Gertrude Schaffner Goldberg
119981,The Journal of Sociology & Social Welfare,2015,oai:scholarworks.wmich.edu:jssw-3944,10.15453/0191-5096.3944,A,oai_rule,1.0,match,name,1.0,"Review of <em>Climbing Mount Laurel: The Struggle for Affordable Housing and Social Mobility in an American Suburb</em>. DouglasS. Massey, Len Albright, Rebecca Casciano, Elizabeth Derickson, and Davi"
119982,The Journal of Sociology & Social Welfare,2015,oai:scholarworks.wmich.edu:jssw-3946,10.15453/0191-5096.3946,A,oai_rule,1.0,match,name,1.0,Review of <em>The End of Normal: The Great Crisis and the Future of Growth</em>. James K. Galbraith. Reviewed by Charles Levenstein
119983,The Journal of Sociology & Social Welfare,2015,oai:scholarworks.wmich.edu:jssw-3945,10.15453/0191-5096.3945,A,oai_rule,1.0,match,name,1.0,"Review of <em>Some Men: Feminist Allies and the Movement to End Violence Against Women</em>. Michael A. Messner, Max A. Greenberg, and Tal Peretz Reviewed by Deborah Mullin"
119984,The Journal of Sociology & Social Welfare,2014,oai:scholarworks.wmich.edu:jssw-3949,10.15453/0191-5096.3949,A,oai_rule,1.0,match,name,1.0,"The Bitter Pill: Austerity, Debt, and the Attack on Europe's Welfare States"
119985,The Journal of Sociology & Social Welfare,2014,oai:scholarworks.wmich.edu:jssw-3948,10.15453/0191-5096.3948,A,oai_rule,1.0,match,name,1.0,Austerity Versus Stimulus: Theoretical Perspectives and Policy Implications
119986,The Journal of Sociology & Social Welfare,2014,oai:scholarworks.wmich.edu:jssw-3957,10.15453/0191-5096.3957,A,oai_rule,1.0,match,name,1.0,Review of <em>Sustainable Failures: Environmental Policy and Democracy in a Petro-Dependent World</em>. Sherry Cable. Reviewed by Chris Williams
119987,The Journal of Sociology & Social Welfare,2014,oai:scholarworks.wmich.edu:jssw-3950,10.15453/0191-5096.3950,A,oai_rule,1.0,match,name,1.0,Between Retrenchment and Recalibration: The Impact of Austerity on the Irish Social Protection System
119988,The Journal of Sociology & Social Welfare,2014,oai:scholarworks.wmich.edu:jssw-3954,10.15453/0191-5096.3954,A,oai_rule,1.0,match,name,1.0,Considering Post-Crisis Stimulus Measures: Welfare Policy and Social Inclusion in Brazil
119989,The Journal of Sociology & Social Welfare,2014,oai:scholarworks.wmich.edu:jssw-3962,10.15453/0191-5096.3962,A,oai_rule,1.0,match,name,1.0,Review of <em>The Idealist: Jeffrey Sachs and the Quest to End Poverty</em>. Nina Munk. Reviewed by Edward U. Murphy
119990,The Journal of Sociology & Social Welfare,2014,oai:scholarworks.wmich.edu:jssw-3958,10.15453/0191-5096.3958,A,oai_rule,1.0,match,name,1.0,"Review of <em>Mental Health and Social Policy. Beyond Managed Care</em> (6th ed.). David Mechanic, Donna D. McAlpine, and David A. Rochefort. Reviewed by Christopher G. Hudson"
119991,The Journal of Sociology & Social Welfare,2014,oai:scholarworks.wmich.edu:jssw-3953,10.15453/0191-5096.3953,A,oai_rule,1.0,match,name,1.0,Weathering the Storm: Botswana's Culture of Care
119992,The Journal of Sociology & Social Welfare,2014,oai:scholarworks.wmich.edu:jssw-3956,10.15453/0191-5096.3956,A,oai_rule,1.0,match,name,1.0,Review of <em>The Origins of Active Social Policy: Labour Market and Childcare Policies in a Comparative Perspective</em>. Giuliano Bonoli. Reviewed by James Midgley
119993,The Journal of Sociology & Social Welfare,2014,oai:scholarworks.wmich.edu:jssw-3960,10.15453/0191-5096.3960,A,oai_rule,1.0,match,name,1.0,Review of <em>The New Black: What Has Changed – and What Has Not – with Race in America</em>. Kenneth W. Mack & Charles Guy-Uriel (Eds.). Reviewed by Johnnie Hamilton-Mason.
119994,The Journal of Sociology & Social Welfare,2014,oai:scholarworks.wmich.edu:jssw-3961,10.15453/0191-5096.3961,A,oai_rule,1.0,match,name,1.0,Review of <em>The Globalization of Supermax Prisons</em>. Jeffrey Ian Ross (Ed.). Reviewed by Ann Marie Rocheleau.
119995,The Journal of Sociology & Social Welfare,2014,oai:scholarworks.wmich.edu:jssw-3963,10.15453/0191-5096.3963,A,oai_rule,1.0,match,name,1.0,Review of <em>Ethics</em>. Sarah Banks (Ed.). Reviewed by Jennifer R. Zelnick
119996,The Journal of Sociology & Social Welfare,2014,oai:scholarworks.wmich.edu:jssw-3951,10.15453/0191-5096.3951,A,oai_rule,1.0,match,name,1.0,Italian Welfare in the Aftermath of the Economic Crisis: Neoliberal Reforms and Limits to the Path Dependency Approach
119997,The Journal of Sociology & Social Welfare,2014,oai:scholarworks.wmich.edu:jssw-3952,10.15453/0191-5096.3952,A,oai_rule,1.0,match,name,1.0,Rolling Downhill: Effects of Austerity on Local Government Social Services in the United States
119998,The Journal of Sociology & Social Welfare,2014,oai:scholarworks.wmich.edu:jssw-3955,10.15453/0191-5096.3955,A,oai_rule,1.0,match,name,1.0,Queensland's Budget Austerity and Its Impact on Social Welfare: Is the Cure Worse than the Disease?
119999,The Journal of Sociology & Social Welfare,2014,oai:scholarworks.wmich.edu:jssw-3959,10.15453/0191-5096.3959,A,oai_rule,1.0,match,name,1.0,Review of <em>Family Policy and the American Safety Net</em>. Janet Zollinger Giele. Reviewed by Mary Ann Kanieski
120000,The Journal of Sociology & Social Welfare,2014,oai:scholarworks.wmich.edu:jssw-3966,10.15453/0191-5096.3966,A,oai_rule,1.0,match,name,1.0,"Latino Migration to Protestantism: A Historical, Socio-cultural, Ecclesiastical Analysis"
120001,The Journal of Sociology & Social Welfare,2014,oai:scholarworks.wmich.edu:jssw-3965,10.15453/0191-5096.3965,A,oai_rule,1.0,match,name,1.0,Resident Perceptions of Redevelopment and Gentrification in the Heartside Neighborhood: Lessons for the Social Work Profession
120002,The Journal of Sociology & Social Welfare,2014,oai:scholarworks.wmich.edu:jssw-3967,10.15453/0191-5096.3967,A,oai_rule,1.0,match,name,1.0,The Impact of Gender and Social Networks on Microenterprise Business Performance
120003,The Journal of Sociology & Social Welfare,2014,oai:scholarworks.wmich.edu:jssw-3968,10.15453/0191-5096.3968,A,oai_rule,1.0,match,name,1.0,Social Policy and State Capacity in Iran: Health and Education Policy from 1981-2009
120004,The Journal of Sociology & Social Welfare,2014,oai:scholarworks.wmich.edu:jssw-3969,10.15453/0191-5096.3969,A,oai_rule,1.0,match,name,1.0,Income Packaging Strategies of Economically Disconnected Women and the Implications for Social Policy and Practice
120005,The Journal of Sociology & Social Welfare,2014,oai:scholarworks.wmich.edu:jssw-3972,10.15453/0191-5096.3972,A,oai_rule,1.0,match,name,1.0,Deputized Brokers: A Technique for a Case Study of Conservative Think Tanks in 1990s Welfare Reform
120006,The Journal of Sociology & Social Welfare,2014,oai:scholarworks.wmich.edu:jssw-3970,10.15453/0191-5096.3970,A,oai_rule,1.0,match,name,1.0,The Consolidation of the Secondary Financial Services Market
120007,The Journal of Sociology & Social Welfare,2014,oai:scholarworks.wmich.edu:jssw-3971,10.15453/0191-5096.3971,A,oai_rule,1.0,match,name,1.0,The Impact of Youth Debt on College Graduation
120008,The Journal of Sociology & Social Welfare,2014,oai:scholarworks.wmich.edu:jssw-3974,10.15453/0191-5096.3974,A,oai_rule,1.0,match,name,1.0,"<em>When Government Helped: Learning from the Successes and Failures of the New Deal</em>. Sheila D. Collins and Gertrude Schaffner Goldberg (Eds.). Reviewed by Robert D. Leighninger, Jr."
120009,The Journal of Sociology & Social Welfare,2014,oai:scholarworks.wmich.edu:jssw-3973,10.15453/0191-5096.3973,A,oai_rule,1.0,match,name,1.0,Review of <em>Capital in the Twenty-First Century</em>. Thomas Piketty. Reviewed by Charles Levenstein
120010,The Journal of Sociology & Social Welfare,2014,oai:scholarworks.wmich.edu:jssw-3981,10.15453/0191-5096.3981,A,oai_rule,1.0,match,name,1.0,Individual and Country-level Institutional Trust and Public Attitude to Welfare Expenditures in 24 Transitional Countries
120011,The Journal of Sociology & Social Welfare,2014,oai:scholarworks.wmich.edu:jssw-3977,10.15453/0191-5096.3977,A,oai_rule,1.0,match,name,1.0,"Review of <em>The Fukushima Dai-Ichi Accident</em>. Peter Bernard Ladkin, Christoph Goeker, and Bernd Sieker (Eds.). Reviewed by Richard York"
120012,The Journal of Sociology & Social Welfare,2014,oai:scholarworks.wmich.edu:jssw-3978,10.15453/0191-5096.3978,A,oai_rule,1.0,match,name,1.0,Review of <em>The Divide: American Injustice in the Age of the Wealth Gap</em>. Matt Taibbi. Reviewed by Marguerite Rosenthal
120013,The Journal of Sociology & Social Welfare,2014,oai:scholarworks.wmich.edu:jssw-3976,10.15453/0191-5096.3976,A,oai_rule,1.0,match,name,1.0,Review of <em>My Dog Always Eats First: Homeless People and Their Animals</em>. Leslie Irvine. Reviewed by Tiffany A. Parsons
120014,The Journal of Sociology & Social Welfare,2014,oai:scholarworks.wmich.edu:jssw-3979,10.15453/0191-5096.3979,A,oai_rule,1.0,match,name,1.0,"Are Payday Loans Really Evil? Controversy, Regulation, and Innovation in the Secondary Financial Services Market"
120015,The Journal of Sociology & Social Welfare,2014,oai:scholarworks.wmich.edu:jssw-3975,10.15453/0191-5096.3975,A,oai_rule,1.0,match,name,1.0,Review of <em>Save Our Unions</em>. Steve Early. Reviewed by Luke Elliott-Negri
120016,The Journal of Sociology & Social Welfare,2014,oai:scholarworks.wmich.edu:jssw-3984,10.15453/0191-5096.3984,A,oai_rule,1.0,match,name,1.0,The Relationship between Empathy and Attitudes toward Government Intervention
120017,The Journal of Sociology & Social Welfare,2014,oai:scholarworks.wmich.edu:jssw-3983,10.15453/0191-5096.3983,A,oai_rule,1.0,match,name,1.0,Correlates of Job Burnout among Human Services Workers: Implications for Workforce Retention
120018,The Journal of Sociology & Social Welfare,2014,oai:scholarworks.wmich.edu:jssw-3982,10.15453/0191-5096.3982,A,oai_rule,1.0,match,name,1.0,"The Influence of Veteran Status, Psychiatric Diagnosis, and Traumatic Brain Injury on Inadequate Sleep"
120019,The Journal of Sociology & Social Welfare,2014,oai:scholarworks.wmich.edu:jssw-3985,10.15453/0191-5096.3985,A,oai_rule,1.0,match,name,1.0,Social Responsibility and Altruism in Smalland Medium-Sized Innovative Businesses
120020,The Journal of Sociology & Social Welfare,2014,oai:scholarworks.wmich.edu:jssw-3988,10.15453/0191-5096.3988,A,oai_rule,1.0,match,name,1.0,Review of <em>On the Run: Fugitive Life in an American City</em>. Alice Goffman. Reviewed by Jennifer Zelnick
120021,The Journal of Sociology & Social Welfare,2014,oai:scholarworks.wmich.edu:jssw-3986,10.15453/0191-5096.3986,A,oai_rule,1.0,match,name,1.0,Goffman and the Infantilization of Elderly Persons: A Theory in Development
120022,The Journal of Sociology & Social Welfare,2014,oai:scholarworks.wmich.edu:jssw-3987,10.15453/0191-5096.3987,A,oai_rule,1.0,match,name,1.0,Exploring Factors Associated with Citizens’ Perception of Their Political Environment: Evidence from Palestine
120023,The Journal of Sociology & Social Welfare,2014,oai:scholarworks.wmich.edu:jssw-3989,10.15453/0191-5096.3989,A,oai_rule,1.0,match,name,1.0,"Review of <em>Towards a Social Investment Welfare State? Ideas, Policies, and Challenges</em>. Nathalie Morel, Bruno Palier, and Joakim Palme, Eds. Reviewed by Gertrude Schaffner Goldberg"
120024,The Journal of Sociology & Social Welfare,2014,oai:scholarworks.wmich.edu:jssw-3990,10.15453/0191-5096.3990,A,oai_rule,1.0,match,name,1.0,"Review of <em>Social Policy, Welfare State, and Civil Society in Sweden, Vol. II: The Lost World of Social Democracy</em>, 1988-2015 (3rd Enlarged Edition). Sven E. O. Hort. Reviewed by Marguerite G. "
120025,The Journal of Sociology & Social Welfare,2014,oai:scholarworks.wmich.edu:jssw-3991,10.15453/0191-5096.3991,A,oai_rule,1.0,match,name,1.0,Review of <em>Caring For Our Own: Why There Is No Political Demand for New American Social Welfare Rights</em>. Sandra R. Levitsky. Reviewed by Helen Glikman
120026,The Journal of Sociology & Social Welfare,2014,oai:scholarworks.wmich.edu:jssw-3992,10.15453/0191-5096.3992,A,oai_rule,1.0,match,name,1.0,Review of <em>The Student Loan Mess: How Good Intentions Created a Trillion-Dollar Problem
120027,The Journal of Sociology & Social Welfare,2016,oai:scholarworks.wmich.edu:jssw-3996,10.15453/0191-5096.3996,A,oai_rule,1.0,match,name,1.0,Effects of Native American Geographical Location and Marital Status on Poverty
120028,The Journal of Sociology & Social Welfare,2016,oai:scholarworks.wmich.edu:jssw-3995,10.15453/0191-5096.3995,A,oai_rule,1.0,match,name,1.0,Continuity or Shift? A Multiple Streams Framework Analysis of the Family Policy in Turkey
120029,The Journal of Sociology & Social Welfare,2016,oai:scholarworks.wmich.edu:jssw-3994,10.15453/0191-5096.3994,A,oai_rule,1.0,match,name,1.0,The Need for Social Work Advocacy to Create Social Justice for Transgender People: A Call to Action
120030,The Journal of Sociology & Social Welfare,2016,oai:scholarworks.wmich.edu:jssw-3998,10.15453/0191-5096.3998,A,oai_rule,1.0,match,name,1.0,Is What's Best for Dads Best for Families? Paternity Leave Policies and Equity Across Forty-Four Nations
120031,The Journal of Sociology & Social Welfare,2016,oai:scholarworks.wmich.edu:jssw-3997,10.15453/0191-5096.3997,A,oai_rule,1.0,match,name,1.0,Interprofessional Collaboration for Children with Special Healthcare Needs: A Review of Effective Education Integration
120032,The Journal of Sociology & Social Welfare,2016,oai:scholarworks.wmich.edu:jssw-3999,10.15453/0191-5096.3999,A,oai_rule,1.0,match,name,1.0,The Cost of Free Assistance: Why Low-Income Individuals Do Not Access Food Pantries
120033,The Journal of Sociology & Social Welfare,2016,oai:scholarworks.wmich.edu:jssw-4000,10.15453/0191-5096.4000,A,oai_rule,1.0,match,name,1.0,Toward Housing Stability: Exiting Homelessness as an Emerging Adult
120034,The Journal of Sociology & Social Welfare,2016,oai:scholarworks.wmich.edu:jssw-4001,10.15453/0191-5096.4001,A,oai_rule,1.0,match,name,1.0,Engaging Employers as Partners in Subsidized Employment Programs
120035,The Journal of Sociology & Social Welfare,2016,oai:scholarworks.wmich.edu:jssw-4004,10.15453/0191-5096.4004,A,oai_rule,1.0,match,name,1.0,Review of <em>Poverty and Shame: Global Expereinces</em>. Elaine Chase & Grace Bantebya-Kyomuhendo (Eds.). Reviewed by Mary A. Caplan
120036,The Journal of Sociology & Social Welfare,2016,oai:scholarworks.wmich.edu:jssw-4002,10.15453/0191-5096.4002,A,oai_rule,1.0,match,name,1.0,"Review of <em>Inequality, What Can be Done</em>? Anthony B. Atkinson. Reviewed by James Midgley"
120037,The Journal of Sociology & Social Welfare,2016,oai:scholarworks.wmich.edu:jssw-4003,10.15453/0191-5096.4003,A,oai_rule,1.0,match,name,1.0,Review of <em>$2.00 a Day: Living On Almost Nothing in America</em>. Kathryn J. Edin & H. Luke Shaefer. Reviewed by Edward U. Murphy
120038,The Journal of Sociology & Social Welfare,2016,oai:scholarworks.wmich.edu:jssw-4005,10.15453/0191-5096.4005,A,oai_rule,1.0,match,name,1.0,Review of <em>Unsettled: Cambodian Refugees in the New York City Hyperghetto</em>. Eric Tang. Reviewed by Robert Forrant
120039,The Journal of Sociology & Social Welfare,2016,oai:scholarworks.wmich.edu:jssw-4007,10.15453/0191-5096.4007,A,oai_rule,1.0,match,name,1.0,Review of <em>Feeling Lonesome: The Philosophy and Psychology of Loneliness</em>. Ben Lazare Mijuskovic. Reviewed by Nancy Goldner.
120040,The Journal of Sociology & Social Welfare,2016,oai:scholarworks.wmich.edu:jssw-4006,10.15453/0191-5096.4006,A,oai_rule,1.0,match,name,1.0,Review of <em>The Hero's Fight</em>. Patricia Fernandez-Kelly. Reviewed by Katrina Bell McDonald
120041,The Journal of Sociology & Social Welfare,2016,oai:scholarworks.wmich.edu:jssw-4011,10.15453/0191-5096.4011,A,oai_rule,1.0,match,name,1.0,Fear and Misinformation as Predictors of Support for Sex Offender Management Policies
120042,The Journal of Sociology & Social Welfare,2016,oai:scholarworks.wmich.edu:jssw-4012,10.15453/0191-5096.4012,A,oai_rule,1.0,match,name,1.0,Guardians of Chastity and Morality: A Century of Silence in Social Work
120043,The Journal of Sociology & Social Welfare,2016,oai:scholarworks.wmich.edu:jssw-4015,10.15453/0191-5096.4015,A,oai_rule,1.0,match,name,1.0,Social Support and Crime: A State-Level Analysis of Social Support Policies
120044,The Journal of Sociology & Social Welfare,2016,oai:scholarworks.wmich.edu:jssw-4017,10.15453/0191-5096.4017,A,oai_rule,1.0,match,name,1.0,Review of <em>The New Immigration Federalism. Pratheepan Gulasekaram & S. Karthick Pamakrishnan. Reviewed by Elizabeth Kiehne.
120045,The Journal of Sociology & Social Welfare,2016,oai:scholarworks.wmich.edu:jssw-4018,10.15453/0191-5096.4018,A,oai_rule,1.0,match,name,1.0,Review of <em>addicted. pregnant. poor.</em> Kelly Ray Knight. Reviewed by Cara Kelly
120046,The Journal of Sociology & Social Welfare,2016,oai:scholarworks.wmich.edu:jssw-4019,10.15453/0191-5096.4019,A,oai_rule,1.0,match,name,1.0,Review of <em>The History of the English Poor Law System</em>. Jianding Ding
120047,The Journal of Sociology & Social Welfare,2016,oai:scholarworks.wmich.edu:jssw-4021,10.15453/0191-5096.4021,A,oai_rule,1.0,match,name,1.0,Review of <em>The Rise of the Military Welfare State. Jennifer Mittelstadt. Reviewed by Mark Olson
120048,The Journal of Sociology & Social Welfare,2016,oai:scholarworks.wmich.edu:jssw-4023,10.15453/0191-5096.4023,A,oai_rule,1.0,match,name,1.0,Review of <em>Rewriting the Rules of the American Economy</em>. Joseph E. Stiglitz. Reviewed by Mary Caplan
120049,The Journal of Sociology & Social Welfare,2016,oai:scholarworks.wmich.edu:jssw-4022,10.15453/0191-5096.4022,A,oai_rule,1.0,match,name,1.0,Review of <em>Counter- Recruitment and the Campaign to Demilitarize Public Schools</em>. Scott Hardung & Seth Kershner. Reviewed by Daniel Liechty
120050,The Journal of Sociology & Social Welfare,2016,oai:scholarworks.wmich.edu:jssw-4027,10.15453/0191-5096.4027,A,oai_rule,1.0,match,name,1.0,Reimagining Equity and Egalitarianism: The Basic Income Debate in Australia
120051,The Journal of Sociology & Social Welfare,2016,oai:scholarworks.wmich.edu:jssw-4028,10.15453/0191-5096.4028,A,oai_rule,1.0,match,name,1.0,Next Steps on the Road to Basic Income in Canada
120052,The Journal of Sociology & Social Welfare,2016,oai:scholarworks.wmich.edu:jssw-4029,10.15453/0191-5096.4029,A,oai_rule,1.0,match,name,1.0,Prospects for a Universal Basic Income in New Zealand
120053,The Journal of Sociology & Social Welfare,2016,oai:scholarworks.wmich.edu:jssw-4030,10.15453/0191-5096.4030,A,oai_rule,1.0,match,name,1.0,"Lessons from Sweden: Solidarity, the Welfare State, and Basic Income"
120054,The Journal of Sociology & Social Welfare,2016,oai:scholarworks.wmich.edu:jssw-4031,10.15453/0191-5096.4031,A,oai_rule,1.0,match,name,1.0,Basic Income Guarantee: The Gender Impact within Households
120055,The Journal of Sociology & Social Welfare,2016,oai:scholarworks.wmich.edu:jssw-4035,10.15453/0191-5096.4035,A,oai_rule,1.0,match,name,1.0,Review of <em>Life In and Against the Odds: Debts of Freedom and the Speculative Roots of U.S. Culture</em>. Heidi Hoechst. Reviewed by Cindy Vang
120056,The Journal of Sociology & Social Welfare,2016,oai:scholarworks.wmich.edu:jssw-4036,10.15453/0191-5096.4036,A,oai_rule,1.0,match,name,1.0,Review of <em>The Dynamic Welfare State</em>. David Stoesz. Review by Daniel Liechty
120057,The Journal of Sociology & Social Welfare,2016,oai:scholarworks.wmich.edu:jssw-4033,10.15453/0191-5096.4033,A,oai_rule,1.0,match,name,1.0,"Review of <em>Queer Excursions: Retheorizing Binaries in Language, Gender and Sexuality</em>. Lal Zimman, Jenny Davis and Joshua Raclaw (Eds.). Reviewed by Sherri Shimansky"
120058,The Journal of Sociology & Social Welfare,2016,oai:scholarworks.wmich.edu:jssw-4032,10.15453/0191-5096.4032,A,oai_rule,1.0,match,name,1.0,Review of <em>Prisoners of Reason: Game Theory and Neoliberal Political Economy</em>. S. M. Amadae. Reviewed by James Midgley
120059,The Journal of Sociology & Social Welfare,2016,oai:scholarworks.wmich.edu:jssw-4034,10.15453/0191-5096.4034,A,oai_rule,1.0,match,name,1.0,Review of <em>Black Male Violence In Perspective: Toward Afrocentric Intervention</em>. P. Tony Jackson. Reviewed by Husain Lateef.
120060,The Journal of Sociology & Social Welfare,2017,oai:scholarworks.wmich.edu:jssw-4039,10.15453/0191-5096.4039,A,oai_rule,1.0,match,name,1.0,Do We Know What We Think We Know About Payday Loan Borrowers? Evidence from the Survey of Consumer Finances
120061,The Journal of Sociology & Social Welfare,2016,oai:scholarworks.wmich.edu:jssw-4043,10.15453/0191-5096.4043,A,oai_rule,1.0,match,name,1.0,The Environment-Within-Person Perspective: Integrating a Mindfulness Framework into Social Work Practice
120062,The Journal of Sociology & Social Welfare,2016,oai:scholarworks.wmich.edu:jssw-4044,10.15453/0191-5096.4044,A,oai_rule,1.0,match,name,1.0,Evolving From an Illusionary and Self Destructive Quest for Power to a State of Empowerment: The Curative Potential Yoga May Hold as a Vehicle to Reclaiming Bodily Empowerment for Women with Anorexia
120063,The Journal of Sociology & Social Welfare,2016,oai:scholarworks.wmich.edu:jssw-4045,10.15453/0191-5096.4045,A,oai_rule,1.0,match,name,1.0,Being on the Mat: A Process Evaluation of Trauma-Informed Yoga for Women with Substance Use Disorders
120064,The Journal of Sociology & Social Welfare,2016,oai:scholarworks.wmich.edu:jssw-4046,10.15453/0191-5096.4046,A,oai_rule,1.0,match,name,1.0,A Systematic Review of Yoga Interventions in the Incarcerated Setting
120065,The Journal of Sociology & Social Welfare,2016,oai:scholarworks.wmich.edu:jssw-4047,10.15453/0191-5096.4047,A,oai_rule,1.0,match,name,1.0,An Environmental Scan of Mindfulness-Based Interventions on University and College Campuses: A Research Note
120066,The Journal of Sociology & Social Welfare,2016,oai:scholarworks.wmich.edu:jssw-4048,10.15453/0191-5096.4048,A,oai_rule,1.0,match,name,1.0,How are Social Problems Viewed and Analyzed in Social Work Policy Textbooks?
120067,The Journal of Sociology & Social Welfare,2016,oai:scholarworks.wmich.edu:jssw-4054,10.15453/0191-5096.4054,A,oai_rule,1.0,match,name,1.0,"Review of <em>Dreams and Nightmares: Immigration Policy, Youth, and Families</em>. Marjorie S. Zatz and Nancy Rodriguez. Reviewed by Xiafei Wang."
120068,The Journal of Sociology & Social Welfare,2016,oai:scholarworks.wmich.edu:jssw-4057,10.15453/0191-5096.4057,A,oai_rule,1.0,match,name,1.0,Review of <em>Evicted: Poverty and Profit in the American City</em>. Mathew Desmond. Reviewed by Yeqing Yuan.
120069,The Journal of Sociology & Social Welfare,2016,oai:scholarworks.wmich.edu:jssw-4055,10.15453/0191-5096.4055,A,oai_rule,1.0,match,name,1.0,Review of <em>Cultural-Existential Psychology: The Role of Culture in Suffering and Threat</em>. Daniel Sullivan. Reviewed by Daniel Liechty.
120070,The Journal of Sociology & Social Welfare,2016,oai:scholarworks.wmich.edu:jssw-4053,10.15453/0191-5096.4053,A,oai_rule,1.0,match,name,1.0,Review of <em>Shared Prosperity in America's Communities</em>. Susan M. Wachter and Lei Ding. Reviewed by Cynthia Edmonds-Cady.
120071,The Journal of Sociology & Social Welfare,2016,oai:scholarworks.wmich.edu:jssw-4056,10.15453/0191-5096.4056,A,oai_rule,1.0,match,name,1.0,Review of <em>Invisible in Austin: Life and Labor in an American City</em>. Javier Auyero. Reviewed by Danielle Docka-Filipek
120072,The Journal of Sociology & Social Welfare,2017,oai:scholarworks.wmich.edu:jssw-4061,10.15453/0191-5096.4061,A,oai_rule,1.0,match,name,1.0,Who Defines Need?: Low-Income Individuals’ Interpretations of Need and the Implications for Participation in Public Assistance Programs
120073,The Journal of Sociology & Social Welfare,2017,oai:scholarworks.wmich.edu:jssw-4065,10.15453/0191-5096.4065,A,oai_rule,1.0,match,name,1.0,The Influence of Socio-cultural Factors on College Students’ Attitudes toward Sexual Minorities
120074,The Journal of Sociology & Social Welfare,2017,oai:scholarworks.wmich.edu:jssw-4066,10.15453/0191-5096.4066,A,oai_rule,1.0,match,name,1.0,Explaining Support for Structural Attribution of Poverty in Post-Communist Countries: Multilevel Analysis of Repeated Cross-Sectional Data
120075,The Journal of Sociology & Social Welfare,2019,oai:scholarworks.wmich.edu:jssw-4074,10.15453/0191-5096.4074,A,oai_rule,1.0,match,name,1.0,Back to Addams and Richmond: Was Social Work Really a Divided House in the Beginning?
120076,The Journal of Sociology & Social Welfare,2018,oai:scholarworks.wmich.edu:jssw-4076,10.15453/0191-5096.4076,A,oai_rule,1.0,match,name,1.0,Increased Immigration Enforcement and Perceived Discrimination among Latino Immigrants
120077,The Journal of Sociology & Social Welfare,2017,oai:scholarworks.wmich.edu:jssw-4078,10.15453/0191-5096.4078,A,oai_rule,1.0,match,name,1.0,"Review of <em>The Fourth Amendment in Flux: The Roberts Court, Crime Control, and Digital Privacy.</em>Michael C. Gizzi and R. Craig Curtis. Reviewed by Daniel Liechty"
120078,The Journal of Sociology & Social Welfare,2017,oai:scholarworks.wmich.edu:jssw-4077,10.15453/0191-5096.4077,A,oai_rule,1.0,match,name,1.0,Review of <em>The Latinos of Asia: How Filipino Americans Break the Rules of Race</em>. Anthony Christian Ocampo. Reviewed by Yin Liu.
120079,The Journal of Sociology & Social Welfare,2017,oai:scholarworks.wmich.edu:jssw-4079,10.15453/0191-5096.4079,A,oai_rule,1.0,match,name,1.0,"Review of <em>Vanishing Eden: White Construction of Memory, Meaning, and Identity in a Racially Changing City.</em>Michael T. Maly and Heather M. Dalmage. Reviewed by Weiyu Mao"
120080,The Journal of Sociology & Social Welfare,2017,oai:scholarworks.wmich.edu:jssw-4081,10.15453/0191-5096.4081,A,oai_rule,1.0,match,name,1.0,Review of <em>Sorrows and Songs: One Lifetime–Many Lives.</em> Janice Wood Wetzel. Reviewed by Marilyn S. Paul.
120081,The Journal of Sociology & Social Welfare,2017,oai:scholarworks.wmich.edu:jssw-4080,10.15453/0191-5096.4080,A,oai_rule,1.0,match,name,1.0,Review of <em>Making Immigrant Rights Real: Non-Profits and the Politics of Integration in San Francisco.</em> Els de Graauw. Reviewed by Sizhe Liu.
120082,The Journal of Sociology & Social Welfare,2018,oai:scholarworks.wmich.edu:jssw-4085,10.15453/0191-5096.4085,A,oai_rule,1.0,match,name,1.0,Tracing the Evolution of the <em>Tarasoff</em> Duty in California
120083,The Journal of Sociology & Social Welfare,2018,oai:scholarworks.wmich.edu:jssw-4090,10.15453/0191-5096.4090,A,oai_rule,1.0,match,name,1.0,Age Stereotypes and Attitudes Towards Welfare State Arrangements for the Old: A Multilevel Analysis Across Twenty-Nine Countries
120084,The Journal of Sociology & Social Welfare,2018,oai:scholarworks.wmich.edu:jssw-4091,10.15453/0191-5096.4091,A,oai_rule,1.0,match,name,1.0,"Educational Attainment in Young Adulthood, Depressive Symptoms, and Race-ethnicity: The Long-reach of Parenting Styles in Adolescence"
120085,The Journal of Sociology & Social Welfare,2018,oai:scholarworks.wmich.edu:jssw-4092,10.15453/0191-5096.4092,A,oai_rule,1.0,match,name,1.0,Social Workers and Politics: Direct Political Involvement and Encouragement of Client Involvement in Politics
120086,The Journal of Sociology & Social Welfare,2019,oai:scholarworks.wmich.edu:jssw-4095,10.15453/0191-5096.4095,A,oai_rule,1.0,match,name,1.0,"Gender, Social Networks, and Microenterprise: Differences in Network Effects on Business Performance"
120087,The Journal of Sociology & Social Welfare,2019,oai:scholarworks.wmich.edu:jssw-4097,10.15453/0191-5096.4097,A,oai_rule,1.0,match,name,1.0,Understanding Appalachian Microaggression from the Perspective of Community College Students in Southern West Virginia
120088,The Journal of Sociology & Social Welfare,2018,oai:scholarworks.wmich.edu:jssw-4098,10.15453/0191-5096.4098,A,oai_rule,1.0,match,name,1.0,The Welfare Subject in the “One-stop Shop”: Agency in Troublesome Welfare Encounters
120089,The Journal of Sociology & Social Welfare,2017,oai:scholarworks.wmich.edu:jssw-4099,10.15453/0191-5096.4099,A,oai_rule,1.0,match,name,0.0,Journal of Sociology and Social Welfare Vol. 44 No. 2
120090,The Journal of Sociology & Social Welfare,2017,oai:scholarworks.wmich.edu:jssw-4100,10.15453/0191-5096.4100,A,oai_rule,1.0,match,name,1.0,"Review of <em>Barriers and Belonging: Personal Narratives of Disability.</em>Michelle Jarman, Leila Monaghan and Alison Quaggin Harkin. Reviewed by Iain Hutchinson."
120091,The Journal of Sociology & Social Welfare,2017,oai:scholarworks.wmich.edu:jssw-4102,10.15453/0191-5096.4102,A,oai_rule,1.0,match,name,1.0,Review of <em>Good Guys with Guns: The Appeal and Consequences of Concealed Carry</em>. Angela Stroud. Reviewed by Yanqin Liu.
120092,The Journal of Sociology & Social Welfare,2017,oai:scholarworks.wmich.edu:jssw-4103,10.15453/0191-5096.4103,A,oai_rule,1.0,match,name,1.0,Review of <em>Exiled in America: Life on the Margins in a Residential Motel.</em> Christopher P. Dum. Reviewed by Qianwei Zhao.
120093,The Journal of Sociology & Social Welfare,2017,oai:scholarworks.wmich.edu:jssw-4101,10.15453/0191-5096.4101,A,oai_rule,1.0,match,name,1.0,Review of <em>Behind from the Start: How America’s War on the Poor is Harming Our Most Vulnerable Children</em>. Lenette Azzi-Lessing. Reviewed by Kristen Ravi.
120094,The Journal of Sociology & Social Welfare,2017,oai:scholarworks.wmich.edu:jssw-4104,10.15453/0191-5096.4104,A,oai_rule,1.0,match,name,1.0,"Review of <em>The Money Cult: Capitalism, Christianity, and the Unmaking of the American Dream</em>. Chris Lehmann. Reviewed by Daniel Liechty."
120095,The Journal of Sociology & Social Welfare,2019,oai:scholarworks.wmich.edu:jssw-4106,10.15453/0191-5096.4106,A,oai_rule,1.0,match,name,1.0,Multiplicative Advantages of Hispanic Men Living in Hispanic Enclaves: Intersectionality in Colon Cancer Care
120096,The Journal of Sociology & Social Welfare,2019,oai:scholarworks.wmich.edu:jssw-4107,10.15453/0191-5096.4107,A,oai_rule,1.0,match,name,1.0,Housing Cost Burden and Maternal Stress among Very Low Income Mothers
120098,The Journal of Sociology & Social Welfare,2017,oai:scholarworks.wmich.edu:jssw-4115,10.15453/0191-5096.4115,A,oai_rule,1.0,match,name,1.0,Review of <em>The Welfare State: A Very Short Introduction.</em> David Garland. Reviewed by Huibing Ke.
120099,The Journal of Sociology & Social Welfare,2017,oai:scholarworks.wmich.edu:jssw-4116,10.15453/0191-5096.4116,A,oai_rule,1.0,match,name,1.0,Review of <em>The Politics of Resentment: Rural Consciousness in Wisconsin and the Rise of Scott Walker</em>. Katherine J. Cramer. Reviewed by Edward U. Murphy.
120100,The Journal of Sociology & Social Welfare,2017,oai:scholarworks.wmich.edu:jssw-4117,10.15453/0191-5096.4117,A,oai_rule,1.0,match,name,1.0,Review of <em>The Slow Professor: Challenging the Culture of Speed in the Academy</em>.Maggie Berg and Barbara K. Seeber. Reviewed by Daniel Liechty.
120101,The Journal of Sociology & Social Welfare,2018,oai:scholarworks.wmich.edu:jssw-4120,10.15453/0191-5096.4120,A,oai_rule,1.0,match,name,1.0,Is It Just Enough?
120102,The Journal of Sociology & Social Welfare,2019,oai:scholarworks.wmich.edu:jssw-4125,10.15453/0191-5096.4125,A,oai_rule,1.0,match,name,1.0,"Unwed motherhood, adoption reunion and stigmatized social identities"
120103,The Journal of Sociology & Social Welfare,2019,oai:scholarworks.wmich.edu:jssw-4128,10.15453/0191-5096.4128,A,oai_rule,1.0,match,name,1.0,"Examining the Nexus of Obesity, Mental Health and Rural County Level Food Access: Testing the Enduring Role of Persistent Poverty"
120104,The Journal of Sociology & Social Welfare,2019,oai:scholarworks.wmich.edu:jssw-4131,10.15453/0191-5096.4131,A,oai_rule,1.0,match,name,1.0,From the Empire State to the North Star State: Voter Engagement in the 2016 Election
120105,The Journal of Sociology & Social Welfare,2019,oai:scholarworks.wmich.edu:jssw-4133,10.15453/0191-5096.4133,A,oai_rule,1.0,match,name,1.0,Measurement of Childhood Poverty in the United States and Its Enduring Influences
120106,The Journal of Sociology & Social Welfare,2019,oai:scholarworks.wmich.edu:jssw-4134,10.15453/0191-5096.4134,A,oai_rule,1.0,match,name,1.0,"Sexual Healing: How Racialized Black Males Use Sex to Cope with Stress, Loss and Separation"
120108,The Journal of Sociology & Social Welfare,2017,oai:scholarworks.wmich.edu:jssw-4137,10.15453/0191-5096.4137,A,oai_rule,1.0,match,name,1.0,"Review of <em>Dream Hoarders: How the American Upper Middle Class Is Leaving Everyone Else in the Dust, Why That Is a Problem, and What to Do about It</em>. Richard V. Reeves. Reviewed by Tara Bruno."
120109,The Journal of Sociology & Social Welfare,2017,oai:scholarworks.wmich.edu:jssw-4136,10.15453/0191-5096.4136,A,oai_rule,1.0,match,name,1.0,"Review of <em>Fragile Families: Foster Care, Immigration, and Citizenship</em>. Naomi Glenn-Levin Rodriguez. Reviewed by Molly Cook."
120110,The Journal of Sociology & Social Welfare,2017,oai:scholarworks.wmich.edu:jssw-4138,10.15453/0191-5096.4138,A,oai_rule,1.0,match,name,1.0,Review of <em>The Spirituality of Awe: Challenges to the Robotic Revolution</em>. Kirk J. Schneider. Reviewed by Daniel Liechty.
120111,The Journal of Sociology & Social Welfare,2017,oai:scholarworks.wmich.edu:jssw-4139,10.15453/0191-5096.4139,A,oai_rule,1.0,match,name,1.0,Review of <em>Social Welfare for a Global Era: International Perspectives on Policy and Practice</em>. James Midgley. Reviewed by Fei Sun.
120112,The Journal of Sociology & Social Welfare,2019,oai:scholarworks.wmich.edu:jssw-4140,10.15453/0191-5096.4140,A,oai_rule,1.0,match,name,1.0,"Myth or Reality? Exploring Intergenerational Social Assistance Participation in Ontario, Canada"
120113,The Journal of Sociology & Social Welfare,2019,oai:scholarworks.wmich.edu:jssw-4141,10.15453/0191-5096.4141,A,oai_rule,1.0,match,name,1.0,Crime and Mental Health Problems in Norway - a Zero-Sum Game?
120114,The Journal of Sociology & Social Welfare,2019,oai:scholarworks.wmich.edu:jssw-4150,10.15453/0191-5096.4150,A,oai_rule,1.0,match,name,1.0,"Review of <em>Combating Poverty: Quebec's Pursuit of a Distinctive Welfare State</em> Axel Van Den Berg, Charles Plante, Hicham Raiq, Christine Proulx, and Sam Faustmann"
120115,The Journal of Sociology & Social Welfare,2019,oai:scholarworks.wmich.edu:jssw-4152,10.15453/0191-5096.4152,A,oai_rule,1.0,match,name,1.0,Are U.S. Congregations Patching the Social Safety Net? Trends from 1998 to 2012
120116,The Journal of Sociology & Social Welfare,2019,oai:scholarworks.wmich.edu:jssw-4155,10.15453/0191-5096.4155,A,oai_rule,1.0,match,name,1.0,"Social Construction, Knowledge Utilization, and the Politics of Poverty: A Case Study of Washington State’s General Assistance Reform"
120117,The Journal of Sociology & Social Welfare,2018,oai:scholarworks.wmich.edu:jssw-4163,10.15453/0191-5096.4163,A,oai_rule,1.0,match,name,0.0,Journal of Sociology and Social Welfare Vol. 45 No. 1
120118,The Journal of Sociology & Social Welfare,2018,oai:scholarworks.wmich.edu:jssw-4164,10.15453/0191-5096.4164,A,oai_rule,1.0,match,name,1.0,Dimensions of Charity versus Development: The Century-Old Debate in the Profession of Social Work
120120,The Journal of Sociology & Social Welfare,2018,oai:scholarworks.wmich.edu:jssw-4166,10.15453/0191-5096.4166,A,oai_rule,1.0,match,name,1.0,Maximization vs. Inclusion as a Value Conflict in Development Work
120121,The Journal of Sociology & Social Welfare,2018,oai:scholarworks.wmich.edu:jssw-4168,10.15453/0191-5096.4168,A,oai_rule,1.0,match,name,1.0,"The Debate on Minimum Income in Spain: Charity, Development or Citizen Right"
120122,The Journal of Sociology & Social Welfare,2018,oai:scholarworks.wmich.edu:jssw-4167,10.15453/0191-5096.4167,A,oai_rule,1.0,match,name,1.0,"Use of Technology, Pedagogical Approaches and Intercultural Competence in Development"
120123,The Journal of Sociology & Social Welfare,2018,oai:scholarworks.wmich.edu:jssw-4169,10.15453/0191-5096.4169,A,oai_rule,1.0,match,name,1.0,Class Activist Lens for Teaching about Poverty
120124,The Journal of Sociology & Social Welfare,2018,oai:scholarworks.wmich.edu:jssw-4171,10.15453/0191-5096.4171,A,oai_rule,1.0,match,name,1.0,Knowledge Transfer for Full Citizenship: The Educational Model of Innovation in Social Work
120125,The Journal of Sociology & Social Welfare,2018,oai:scholarworks.wmich.edu:jssw-4170,10.15453/0191-5096.4170,A,oai_rule,1.0,match,name,1.0,International Service-Learning Trips: A Framework for Developing Cross-Cultural Competence
120126,The Journal of Sociology & Social Welfare,2018,oai:scholarworks.wmich.edu:jssw-4172,10.15453/0191-5096.4172,A,oai_rule,1.0,match,name,1.0,Global Interdependence and its Effects on Social Work Education in the United States
120127,The Journal of Sociology & Social Welfare,2018,oai:scholarworks.wmich.edu:jssw-4173,10.15453/0191-5096.4173,A,oai_rule,1.0,match,name,1.0,The Importance of Social Work in the Latin American Association Movement of People Affected by Low Prevalence Diseases
120128,The Journal of Sociology & Social Welfare,2018,oai:scholarworks.wmich.edu:jssw-4174,10.15453/0191-5096.4174,A,oai_rule,1.0,match,name,1.0,Social Work and Accessibility of Persons with Disabilities in Mexico: Hidden Barriers
120129,The Journal of Sociology & Social Welfare,2018,oai:scholarworks.wmich.edu:jssw-4175,10.15453/0191-5096.4175,A,oai_rule,1.0,match,name,1.0,Assisting the Most Vulnerable Populations in the Regions of La Rioja and the Maghreb: The Human Rights-Based Approach and Social Work
120130,The Journal of Sociology & Social Welfare,2019,oai:scholarworks.wmich.edu:jssw-4182,10.15453/0191-5096.4182,A,oai_rule,1.0,match,name,1.0,Durkheim’s Greatest Blunder
120132,The Journal of Sociology & Social Welfare,2018,oai:scholarworks.wmich.edu:jssw-4185,10.15453/0191-5096.4185,A,oai_rule,1.0,match,name,1.0,Will We Build A Wall? Fear of Mexican/Latino Immigration in U.S. History
120133,The Journal of Sociology & Social Welfare,2018,oai:scholarworks.wmich.edu:jssw-4186,10.15453/0191-5096.4186,A,oai_rule,1.0,match,name,1.0,Review of <em>Labor of Love: Gestational Surrogacy and the Work of Making Babies</em>. Heather Jacobson. Reviewed by Yanfeng Xu.
120134,The Journal of Sociology & Social Welfare,2018,oai:scholarworks.wmich.edu:jssw-4187,10.15453/0191-5096.4187,A,oai_rule,1.0,match,name,1.0,"Review of <em>One Nation After Trump: A Guide for the Perplexed, the Disillusioned, the Desperate, and the Not-Yet Deported</em>. E. J. Dionne, Jr., Norman J. Ornstein, and Thomas E. Mann. Reviewed by"
120135,The Journal of Sociology & Social Welfare,2018,oai:scholarworks.wmich.edu:jssw-4188,10.15453/0191-5096.4188,A,oai_rule,1.0,match,name,1.0,Review of <em>Adult Sibling Relationships</em>. Geoffrey L. Greif and Michael E. Woolley. Reviwed by Teri Kennedy.
120136,The Journal of Sociology & Social Welfare,2018,oai:scholarworks.wmich.edu:jssw-4189,10.15453/0191-5096.4189,A,oai_rule,1.0,match,name,1.0,Review of <em>To Heal Humankind: The Right to Health in History</em>. Adam Gaffney. Reviewd by Lydia Douglas.
120137,The Journal of Sociology & Social Welfare,2020,oai:scholarworks.wmich.edu:jssw-4198,10.15453/0191-5096.4198,A,oai_rule,1.0,match,name,1.0,"A Framework for Analyzing, Developing, and Applying Community Practice Interventions"
120138,The Journal of Sociology & Social Welfare,2019,oai:scholarworks.wmich.edu:jssw-4203,10.15453/0191-5096.4203,A,oai_rule,1.0,match,name,1.0,Women's Education and Child Stunting Reduction in India
120139,The Journal of Sociology & Social Welfare,2020,oai:scholarworks.wmich.edu:jssw-4207,10.15453/0191-5096.4207,A,oai_rule,1.0,match,name,1.0,Staff Under New Market Rules: A Case Study of a Group Home for People with Intellectual Disabilities in Sweden
120140,The Journal of Sociology & Social Welfare,2018,oai:scholarworks.wmich.edu:jssw-4214,10.15453/0191-5096.4214,A,oai_rule,1.0,match,name,1.0,The Effects of Support Exchanges on the Psychological Well-Being of Volunteers
120142,The Journal of Sociology & Social Welfare,2018,oai:scholarworks.wmich.edu:jssw-4213,10.15453/0191-5096.4213,A,oai_rule,1.0,match,name,1.0,Postpartum Depression Among Low-Income Mothers of Color: A Womanist Perspective
120143,The Journal of Sociology & Social Welfare,2018,oai:scholarworks.wmich.edu:jssw-4215,10.15453/0191-5096.4215,A,oai_rule,1.0,match,name,1.0,The Political Participation of First Year Social Work Students: Does Practice Specialization Matter?
120144,The Journal of Sociology & Social Welfare,2018,oai:scholarworks.wmich.edu:jssw-4218,10.15453/0191-5096.4218,A,oai_rule,1.0,match,name,1.0,Women’s Experiences with Microfinance in Urban Bangladesh: Results from a Qualitative Study
120145,The Journal of Sociology & Social Welfare,2018,oai:scholarworks.wmich.edu:jssw-4219,10.15453/0191-5096.4219,A,oai_rule,1.0,match,name,1.0,Measuring and Addressing Elderly Bullying in a Senior Residential Community
120146,The Journal of Sociology & Social Welfare,2018,oai:scholarworks.wmich.edu:jssw-4217,10.15453/0191-5096.4217,A,oai_rule,1.0,match,name,1.0,Deconstructing and Reconstructing Identity: How Queer Liberation Organizations Deploy Collective Identities
120147,The Journal of Sociology & Social Welfare,2018,oai:scholarworks.wmich.edu:jssw-4216,10.15453/0191-5096.4216,A,oai_rule,1.0,match,name,1.0,Problems and Politics: A Multiple Streams Analysis of The Excellence in Mental Health Act of 2014
120148,The Journal of Sociology & Social Welfare,2018,oai:scholarworks.wmich.edu:jssw-4221,10.15453/0191-5096.4221,A,oai_rule,1.0,match,name,1.0,"Review of <i>Ending Homelessness:Why We Haven’t, How We Can</i>. Donald W. Burnes and David L. DiLeo. Reviewed Sondra J. Fogel, Stephanie Duncan, and Heather Larkin."
120149,The Journal of Sociology & Social Welfare,2018,oai:scholarworks.wmich.edu:jssw-4222,10.15453/0191-5096.4222,A,oai_rule,1.0,match,name,1.0,"Review of <i>Fragile Families: Foster Care, Immigration, and Citizenship</i>. Naomi Glenn-Levin Rodriguez. Reviewed by Yue Xu."
120150,The Journal of Sociology & Social Welfare,2018,oai:scholarworks.wmich.edu:jssw-4223,10.15453/0191-5096.4223,A,oai_rule,1.0,match,name,1.0,Review of <i>Young People Leaving State Care in China</i>. Xiaoyuan Shang and Karen R. Fisher. Reviewed by Mingyang Zheng.
120151,The Journal of Sociology & Social Welfare,2018,oai:scholarworks.wmich.edu:jssw-4220,10.15453/0191-5096.4220,A,oai_rule,1.0,match,name,1.0,Review of The Three Pillars of Transforming Care: Trauma and Resilience in the Other 23 Hours. Howard Bath and John Seita. Reviewed by Elizabeth Carey.
120152,The Journal of Sociology & Social Welfare,2018,oai:scholarworks.wmich.edu:jssw-4224,10.15453/0191-5096.4224,A,oai_rule,1.0,match,name,1.0,"Review of <i>Welfare, Work, and Poverty: Social Assistance in China</i>. Qin Gao. Reviewed by Jing Guo."
120153,The Journal of Sociology & Social Welfare,2019,oai:scholarworks.wmich.edu:jssw-4226,10.15453/0191-5096.4226,A,oai_rule,1.0,match,name,1.0,It’s Like I Have an Advantage in All This: Experiences of Advocacy by Parents of Children with Disabilities from Professional Backgrounds
120154,The Journal of Sociology & Social Welfare,2019,oai:scholarworks.wmich.edu:jssw-4227,10.15453/0191-5096.4227,A,oai_rule,1.0,match,name,1.0,"Can the Lifeworld Save us From Neoliberal Governmentality? Social work, critical theory, and Habermas"
120155,The Journal of Sociology & Social Welfare,2019,oai:scholarworks.wmich.edu:jssw-4233,10.15453/0191-5096.4233,A,oai_rule,1.0,match,name,1.0,Integrating Sociological and Psychological Perspectives on Collective Efficacy
120156,The Journal of Sociology & Social Welfare,2020,oai:scholarworks.wmich.edu:jssw-4236,10.15453/0191-5096.4236,A,oai_rule,1.0,match,name,1.0,"Young Adult Drinking and Depression: The Long-Term Consequences of Poverty, Maternal Depression, and Childhood Behavioral Problems"
120158,The Journal of Sociology & Social Welfare,2018,oai:scholarworks.wmich.edu:jssw-4241,10.15453/0191-5096.4241,A,oai_rule,1.0,match,name,1.0,"Social Development, Asset Building, and Social Investment: The Historical and International Context"
120159,The Journal of Sociology & Social Welfare,2018,oai:scholarworks.wmich.edu:jssw-4242,10.15453/0191-5096.4242,A,oai_rule,1.0,match,name,1.0,Asset Building as Social Investment
120160,The Journal of Sociology & Social Welfare,2018,oai:scholarworks.wmich.edu:jssw-4240,10.15453/0191-5096.4240,A,oai_rule,1.0,match,name,1.0,"Social Investments, Asset Building, and Social Development— The State of the Art: A Special Issue in Honor of James Midgley"
120161,The Journal of Sociology & Social Welfare,2018,oai:scholarworks.wmich.edu:jssw-4244,10.15453/0191-5096.4244,A,oai_rule,1.0,match,name,1.0,Social Protection in Africa: Beyond Safety Nets?
120162,The Journal of Sociology & Social Welfare,2018,oai:scholarworks.wmich.edu:jssw-4243,10.15453/0191-5096.4243,A,oai_rule,1.0,match,name,1.0,Institutional Structuralism as a Process to Achieve Social Development: Aymara Women's Community Project Based on the Working with People Model in Peru
120163,The Journal of Sociology & Social Welfare,2018,oai:scholarworks.wmich.edu:jssw-4245,10.15453/0191-5096.4245,A,oai_rule,1.0,match,name,1.0,Asset Building and Property Owning Democracy: Singapore Housing Policy as a Model of Social Investment and Social Justice
120164,The Journal of Sociology & Social Welfare,2018,oai:scholarworks.wmich.edu:jssw-4246,10.15453/0191-5096.4246,A,oai_rule,1.0,match,name,1.0,Investing in Adoption: Exploring Child Development Accounts for Children Adopted from Foster Care
120165,The Journal of Sociology & Social Welfare,2018,oai:scholarworks.wmich.edu:jssw-4248,10.15453/0191-5096.4248,A,oai_rule,1.0,match,name,1.0,Human Rights-based Social Investments
120166,The Journal of Sociology & Social Welfare,2018,oai:scholarworks.wmich.edu:jssw-4247,10.15453/0191-5096.4247,A,oai_rule,1.0,match,name,1.0,Financial Capability as Social Investment
120167,The Journal of Sociology & Social Welfare,2018,oai:scholarworks.wmich.edu:jssw-4249,10.15453/0191-5096.4249,A,oai_rule,1.0,match,name,1.0,Review of <em>Unmaking the Global Sweatshop.</em> Rebecca Prentice and Geert De Neve (Eds.)
120168,The Journal of Sociology & Social Welfare,2018,oai:scholarworks.wmich.edu:jssw-4252,10.15453/0191-5096.4252,A,oai_rule,1.0,match,name,1.0,Review of <em>The War on Kids: How American Juvenile Justice Lost Its Way.</em> by Cara H. Drinan
120169,The Journal of Sociology & Social Welfare,2018,oai:scholarworks.wmich.edu:jssw-4253,10.15453/0191-5096.4253,A,oai_rule,1.0,match,name,1.0,"Review of <em>The Human Instinct: How We Evolved to Have Reason, Consciousness and Free Will.</em> by Kenneth R. Miller"
120170,The Journal of Sociology & Social Welfare,2018,oai:scholarworks.wmich.edu:jssw-4250,10.15453/0191-5096.4250,A,oai_rule,1.0,match,name,1.0,Review of <em>Creative Teamwork: Developing Rapid Site-Switching Ethnography.</em> by Pat Armstrong and Ruth Lowndes
120171,The Journal of Sociology & Social Welfare,2018,oai:scholarworks.wmich.edu:jssw-4251,10.15453/0191-5096.4251,A,oai_rule,1.0,match,name,1.0,"Review of <em>Ghettos, Tramps, and Welfare Queens: Down and Out on the Silver Screen.</em> by Stephen Pimpare"
120172,The Journal of Sociology & Social Welfare,2020,oai:scholarworks.wmich.edu:jssw-4257,10.15453/0191-5096.4257,A,oai_rule,1.0,match,name,1.0,Applying Transformative Organizing Theory to White Antiracist Organizing
120173,The Journal of Sociology & Social Welfare,2019,oai:scholarworks.wmich.edu:jssw-4258,10.15453/0191-5096.4258,A,oai_rule,1.0,match,name,1.0,Financial Literacy Research in China: The Progress and the Role of Social Work
120174,The Journal of Sociology & Social Welfare,2020,oai:scholarworks.wmich.edu:jssw-4260,10.15453/0191-5096.4260,A,oai_rule,1.0,match,name,1.0,"Moving Beyond Race, Gender, and Education: Exploring the Relationship Between Disability, Depressive Symptoms and Long-term Financial Outcomes"
120175,The Journal of Sociology & Social Welfare,2020,oai:scholarworks.wmich.edu:jssw-4263,10.15453/0191-5096.4263,A,oai_rule,1.0,match,name,1.0,Structured Savings and Asset Ownership: The Role of Rotating Savings and Credit Associations among African Immigrants in the United States.
120176,The Journal of Sociology & Social Welfare,2020,oai:scholarworks.wmich.edu:jssw-4264,10.15453/0191-5096.4264,A,oai_rule,1.0,match,name,1.0,Flawed Assumptions of Welfare Participation: A Comparative Analysis of Ohio and North Carolina Counties
120177,The Journal of Sociology & Social Welfare,2020,oai:scholarworks.wmich.edu:jssw-4266,10.15453/0191-5096.4266,A,oai_rule,1.0,match,name,1.0,A Legal Analysis: The Transgender Bathroom Debate
120178,The Journal of Sociology & Social Welfare,2020,oai:scholarworks.wmich.edu:jssw-4269,10.15453/0191-5096.4269,A,oai_rule,1.0,match,name,1.0,Etiology of Poverty: A Critical Evaluation of Two Major Theories
120179,The Journal of Sociology & Social Welfare,2020,oai:scholarworks.wmich.edu:jssw-4270,10.15453/0191-5096.4270,A,oai_rule,1.0,match,name,1.0,"""We're not the Enemy and We're not Asking for the World"": Low-wage Hospital Service Workers' Advocacy for Fair Wages"
120180,The Journal of Sociology & Social Welfare,2020,oai:scholarworks.wmich.edu:jssw-4274,10.15453/0191-5096.4274,A,oai_rule,1.0,match,name,1.0,"System of Structural Dependency in the Sudanese Refugee Women of Kakuma Refugee Camp, Kenya"
120181,The Journal of Sociology & Social Welfare,2019,oai:scholarworks.wmich.edu:jssw-4276,10.15453/0191-5096.4276,A,oai_rule,1.0,match,name,1.0,Do Social Workers Support NASW's Political Activism? Evidence From Texas
120182,The Journal of Sociology & Social Welfare,2019,oai:scholarworks.wmich.edu:jssw-4283,10.15453/0191-5096.4283,A,oai_rule,1.0,match,name,1.0,Review of <em>The High Cost of Good Intentions: A History of U.S. Federal Entitlement Programs.</em> John F. Cogan
120183,The Journal of Sociology & Social Welfare,2019,oai:scholarworks.wmich.edu:jssw-4285,10.15453/0191-5096.4285,A,oai_rule,1.0,match,name,1.0,Review of <em> Child Welfare: An Integrative Perspective.</em> Cathleen A. Lewandowski
120184,The Journal of Sociology & Social Welfare,2019,oai:scholarworks.wmich.edu:jssw-4287,10.15453/0191-5096.4287,A,oai_rule,1.0,match,name,1.0,Review of <em>Winners Take All: The Elite Charade of Changing the World.</em> Anand Giridharadas
120185,The Journal of Sociology & Social Welfare,2019,oai:scholarworks.wmich.edu:jssw-4286,10.15453/0191-5096.4286,A,oai_rule,1.0,match,name,1.0,Review of <em>The Group: Seven Widowed Fathers Reimagine Life.</em> Donald L. Rosentein and Justin M. Yopp
120186,The Journal of Sociology & Social Welfare,2019,oai:scholarworks.wmich.edu:jssw-4288,10.15453/0191-5096.4288,A,oai_rule,1.0,match,name,0.0,Journal of Sociology and Social Welfare Vol. 46 No. 1
120187,The Journal of Sociology & Social Welfare,2019,oai:scholarworks.wmich.edu:jssw-4303,10.15453/0191-5096.4303,A,oai_rule,1.0,match,name,1.0,Review of <em>Serving the Stigmatized: Working Within the Incarcerated Environment.</em> Wesley T. Church II and David W. Springer
120188,The Journal of Sociology & Social Welfare,2019,oai:scholarworks.wmich.edu:jssw-4304,10.15453/0191-5096.4304,A,oai_rule,1.0,match,name,1.0,"Review of <em>Emergent Identities: New Sexualities, Genders and Relationships in a Digital Era.</em> Rob Cover"
120189,The Journal of Sociology & Social Welfare,2019,oai:scholarworks.wmich.edu:jssw-4305,10.15453/0191-5096.4305,A,oai_rule,1.0,match,name,1.0,Review of <em>Inside Story: How Narratives Drive Mass Harm.</em> Lois Presser
120190,The Journal of Sociology & Social Welfare,2019,oai:scholarworks.wmich.edu:jssw-4302,10.15453/0191-5096.4302,A,oai_rule,1.0,match,name,1.0,Review of <em> Empowerment of Women for Promoting Global Health and Quality of Life.</em> Snehendu B. Kar
120191,The Journal of Sociology & Social Welfare,2019,oai:scholarworks.wmich.edu:jssw-4306,10.15453/0191-5096.4306,A,oai_rule,1.0,match,name,1.0,"Review of <em>Social Investment and Social Welfare: International and Critical Perspectives.</em> James Midgley, Espen Dahl, and Amy Conley Wright"
120193,The Journal of Sociology & Social Welfare,2020,oai:scholarworks.wmich.edu:jssw-4309,10.15453/0191-5096.4309,A,oai_rule,1.0,match,name,1.0,Physical Activity in Two Low-Income Detroit Neighborhoods: Disentangling Human Agency from Social Structure
120194,The Journal of Sociology & Social Welfare,2020,oai:scholarworks.wmich.edu:jssw-4321,10.15453/0191-5096.4321,A,oai_rule,1.0,match,name,1.0,Childhood SNAP Receipt as a Protective Factor Against Adult Obesity: Examining the Interaction of SNAP Participation and Neighborhood Disadvantage
120195,The Journal of Sociology & Social Welfare,2019,oai:scholarworks.wmich.edu:jssw-4326,10.15453/0191-5096.4326,A,oai_rule,1.0,match,name,1.0,Review of <em>A Very Short Introduction</em>. Philip N. Jefferson
120196,The Journal of Sociology & Social Welfare,2019,oai:scholarworks.wmich.edu:jssw-4325,10.15453/0191-5096.4325,A,oai_rule,1.0,match,name,1.0,Review of <em>A Century of Wealth in America</em>. Edward N. Wolff
120197,The Journal of Sociology & Social Welfare,2019,oai:scholarworks.wmich.edu:jssw-4327,10.15453/0191-5096.4327,A,oai_rule,1.0,match,name,1.0,"Review of <em>Hunger in the Land of Plenty: A Critical Look at Food Insecurity</em>. James D. Wright, Amy Donley, and Sara Strickhouser Vega"
120198,The Journal of Sociology & Social Welfare,2019,oai:scholarworks.wmich.edu:jssw-4328,10.15453/0191-5096.4328,A,oai_rule,1.0,match,name,1.0,Review of <em>Ensuring Poverty: Welfare Reform in Feminist Perspective</em>. Felicia Kornbluh and Gwendolyn Mink
120199,The Journal of Sociology & Social Welfare,2019,oai:scholarworks.wmich.edu:jssw-4329,10.15453/0191-5096.4329,A,oai_rule,1.0,match,name,1.0,"Review of <em>Sanctuary Cities, Communities, and Organizations</em>. Melvin Delgado"
120201,The Journal of Sociology & Social Welfare,2019,oai:scholarworks.wmich.edu:jssw-4330,10.15453/0191-5096.4330,A,oai_rule,1.0,match,name,1.0,"Review of <em>Social Work Practice with Survivors of Sex Trafficking and Commercial Sexual Exploitation</em>. Amanda J. Nichols, Tonya Edmond, and Erin C. Heil (Eds.)"
120202,The Journal of Sociology & Social Welfare,2020,oai:scholarworks.wmich.edu:jssw-4336,10.15453/0191-5096.4336,A,oai_rule,1.0,match,name,1.0,Psychometric Properties of the Job Burnout Scale among Social Service Workers: A Pilot Study
120203,The Journal of Sociology & Social Welfare,2020,oai:scholarworks.wmich.edu:jssw-4337,10.15453/0191-5096.4337,A,oai_rule,1.0,match,name,1.0,Illiberalism: A Primer and Call to Action for Social Workers
120204,The Journal of Sociology & Social Welfare,2020,oai:scholarworks.wmich.edu:jssw-4343,10.15453/0191-5096.4343,A,oai_rule,1.0,match,name,1.0,The Social Construction of Arab Identity in the U.S.: The Historical Complicity and the Modern Responsibility of Social Work
120205,The Journal of Sociology & Social Welfare,2020,oai:scholarworks.wmich.edu:jssw-4348,10.15453/0191-5096.4348,A,oai_rule,1.0,match,name,1.0,Does Internet Access Create or Destroy Social Capital? The Case of West Java Province
120206,The Journal of Sociology & Social Welfare,2020,oai:scholarworks.wmich.edu:jssw-4349,10.15453/0191-5096.4349,A,oai_rule,1.0,match,name,1.0,When Personal Raises Political: Experience of Racial Discrimination and Distrust of Authorities Among Children of Immigrants
120207,The Journal of Sociology & Social Welfare,2019,oai:scholarworks.wmich.edu:jssw-4352,10.15453/0191-5096.4352,A,oai_rule,1.0,match,name,1.0,Introduction to the Special Issue on Structural Competency
120208,The Journal of Sociology & Social Welfare,2019,oai:scholarworks.wmich.edu:jssw-4353,10.15453/0191-5096.4353,A,oai_rule,1.0,match,name,1.0,The Culture-Structure Framework: Beyond the Cultural Competence Paradigm
120209,The Journal of Sociology & Social Welfare,2019,oai:scholarworks.wmich.edu:jssw-4354,10.15453/0191-5096.4354,A,oai_rule,1.0,match,name,1.0,Structurally Competent Social Work Research: Considering Research Methods and Approaches that Account for a Recursive Relationship between Individuals and Structures
120210,The Journal of Sociology & Social Welfare,2019,oai:scholarworks.wmich.edu:jssw-4355,10.15453/0191-5096.4355,A,oai_rule,1.0,match,name,1.0,Don’t “Just Call the Social Worker”: Training in Structural Competency to Enhance Collaboration between Healthcare Social Work and Medicine
120211,The Journal of Sociology & Social Welfare,2019,oai:scholarworks.wmich.edu:jssw-4356,10.15453/0191-5096.4356,A,oai_rule,1.0,match,name,1.0,The Trans Person is not the Problem: Brave Spaces and Structural Competence as Educative Tools for Trans Justice in Social Work
120212,The Journal of Sociology & Social Welfare,2019,oai:scholarworks.wmich.edu:jssw-4357,10.15453/0191-5096.4357,A,oai_rule,1.0,match,name,1.0,Constructing the Structurally Competent Classroom
120213,The Journal of Sociology & Social Welfare,2019,oai:scholarworks.wmich.edu:jssw-4359,10.15453/0191-5096.4359,A,oai_rule,1.0,match,name,1.0,Review of <em>The Future of Capitalism: Facing the New Anxieties</em> by Paul Collier
120214,The Journal of Sociology & Social Welfare,2019,oai:scholarworks.wmich.edu:jssw-4358,10.15453/0191-5096.4358,A,oai_rule,1.0,match,name,1.0,"Review of <em>Just Medicine: A Cure for Racial Inequality in American Health Care</em> by Dayna Bowen Matthew,"
120215,The Journal of Sociology & Social Welfare,2019,oai:scholarworks.wmich.edu:jssw-4360,10.15453/0191-5096.4360,A,oai_rule,1.0,match,name,1.0,"Review of <em>Social Work and Social Justice: Concepts, Challenges, and Strategies</em> by Michael Reisch and Charles D. Garvin."
120216,The Journal of Sociology & Social Welfare,2019,oai:scholarworks.wmich.edu:jssw-4361,10.15453/0191-5096.4361,A,oai_rule,1.0,match,name,1.0,Review of <em>Social Work Practice and Social Welfare Policy in the United States: A History</em> by Philip R. Popple
120217,The Journal of Sociology & Social Welfare,2019,oai:scholarworks.wmich.edu:jssw-4362,10.15453/0191-5096.4362,A,oai_rule,1.0,match,name,1.0,"Review of <em>Pressure Cooker: Why Home Cooking Won’t Solve Our Problems and What to do About It</em> by Sarah Bowen, Joslyn Brenton and Sinikka Elliott"
120218,The Journal of Sociology & Social Welfare,2019,oai:scholarworks.wmich.edu:jssw-4363,10.15453/0191-5096.4363,A,oai_rule,1.0,match,name,1.0,Review of <em>The Politics of Compassion: The Challenge to Care for the Stranger</em> by Edward U. Murphy
120219,The Journal of Sociology & Social Welfare,2019,oai:scholarworks.wmich.edu:jssw-4364,10.15453/0191-5096.4364,A,oai_rule,1.0,match,name,1.0,Review of <em>Addictions Counseling: A Competency-Based Approach</em> by Cynthia A. Faulkner & Samuel S. Faulkner
120220,The Journal of Sociology & Social Welfare,2019,oai:scholarworks.wmich.edu:jssw-4365,10.15453/0191-5096.4365,A,oai_rule,1.0,match,name,1.0,Structural Competency in Child Welfare: Opportunities and Applications for Addressing Disparities and Stigma
120221,The Journal of Sociology & Social Welfare,2020,oai:scholarworks.wmich.edu:jssw-4366,10.15453/0191-5096.4366,A,oai_rule,1.0,match,name,1.0,School Lunch Participation and Youth School Failure: A Multi-Racial Perspective
120222,The Journal of Sociology & Social Welfare,2020,oai:scholarworks.wmich.edu:jssw-4367,10.15453/0191-5096.4367,A,oai_rule,1.0,match,name,1.0,Deconstructing the Racialized Cannabis User: Cannabis Criminalization and Intersections with the Social Work Profession
120223,The Journal of Sociology & Social Welfare,2021,oai:scholarworks.wmich.edu:jssw-4368,10.15453/0191-5096.4368,A,oai_rule,1.0,match,name,1.0,Family Preservation Strategies: Regendering Labor in Mixed-Status Marriage After Co-Deportation
120225,The Journal of Sociology & Social Welfare,2020,oai:scholarworks.wmich.edu:jssw-4371,10.15453/0191-5096.4371,A,oai_rule,1.0,match,name,1.0,Review of <em>Refuge Beyond Reach: How Rich Democracies Repel Asylum Seekers</em> by David Scott FitzGerald
120227,The Journal of Sociology & Social Welfare,2020,oai:scholarworks.wmich.edu:jssw-4382,10.15453/0191-5096.4382,A,oai_rule,1.0,match,name,1.0,"<em>Social Workers Count: Numbers and Social Issues</em>, by Michael Anthony Lewis"
120228,The Journal of Sociology & Social Welfare,2020,oai:scholarworks.wmich.edu:jssw-4381,10.15453/0191-5096.4381,A,oai_rule,1.0,match,name,1.0,"<em>Daily Labors: Marketing Identity and Bodies on a New York City Street Corner</em>, by Carolyn Pinedo-Turnovsky"
120229,The Journal of Sociology & Social Welfare,2020,oai:scholarworks.wmich.edu:jssw-4383,10.15453/0191-5096.4383,A,oai_rule,1.0,match,name,1.0,"<em>Critical Multiculturalism and Intersectionality in a Complex World</em>, by Lacey M. Sloan, Mildred C. Joyner, Catherine J. Stakeman, and Cathryne L. Schmitz"
120230,The Journal of Sociology & Social Welfare,2020,oai:scholarworks.wmich.edu:jssw-4380,10.15453/0191-5096.4380,A,oai_rule,1.0,match,name,1.0,"<em>No One Cares About Crazy People: The Chaos and Heartbreak of Mental Health in America</em>, by Ron Powers"
120231,The Journal of Sociology & Social Welfare,2020,oai:scholarworks.wmich.edu:jssw-4384,10.15453/0191-5096.4384,A,oai_rule,1.0,match,name,1.0,"<em>The Impossible Imperative: Navigating the Competing Principles of Child Protection</em>, by Jill Duerr Berrick"
120232,The Journal of Sociology & Social Welfare,2020,oai:scholarworks.wmich.edu:jssw-4385,10.15453/0191-5096.4385,A,oai_rule,1.0,match,name,1.0,"<em>Rebuilding Lives Post-Disaster</em>, by Julie L. Drolet"
120233,The Journal of Sociology & Social Welfare,2020,oai:scholarworks.wmich.edu:jssw-4386,10.15453/0191-5096.4386,A,oai_rule,1.0,match,name,1.0,"<em>Social Empathy: The Art of Understanding Others</em>, by Elizabeth A. Segal"
120234,The Journal of Sociology & Social Welfare,2020,oai:scholarworks.wmich.edu:jssw-4387,10.15453/0191-5096.4387,A,oai_rule,1.0,match,name,0.0,Journal of Sociology and Social Welfare Vol. 47 No. 1
120235,The Journal of Sociology & Social Welfare,2020,oai:scholarworks.wmich.edu:jssw-4389,10.15453/0191-5096.4389,A,oai_rule,1.0,match,name,1.0,Children and the Welfare State: The Need for a Child-Centered Analysis
120236,The Journal of Sociology & Social Welfare,2020,oai:scholarworks.wmich.edu:jssw-4395,10.15453/0191-5096.4395,A,oai_rule,1.0,match,name,1.0,Beyond the Neighborhood: Defining Membership in Diverse Community Contexts
120237,The Journal of Sociology & Social Welfare,2020,oai:scholarworks.wmich.edu:jssw-4398,10.15453/0191-5096.4398,A,oai_rule,1.0,match,name,1.0,Identifying and Assisting Human Trafficking Survivors: A Post-Training Analysis of First Responders
120238,The Journal of Sociology & Social Welfare,2020,oai:scholarworks.wmich.edu:jssw-4408,10.15453/0191-5096.4408,A,oai_rule,1.0,match,name,1.0,"Political Climate, Discrimination, and Mental Health: Understanding Latino Youth Experience During the 2016 Presidential Election"
120239,The Journal of Sociology & Social Welfare,2020,oai:scholarworks.wmich.edu:jssw-4411,10.15453/0191-5096.4411,A,oai_rule,1.0,match,name,1.0,After-School Childcare Arrangements and Maternal Labor Supply in Low-Income American Households: Comparisons between Race and Ethnicity
120240,The Journal of Sociology & Social Welfare,2020,oai:scholarworks.wmich.edu:jssw-4414,10.15453/0191-5096.4414,A,oai_rule,1.0,match,name,1.0,Review of <em>Shaping a Science of Social Work: Professional Knowledge and Identity</em> by John Brekke and Jeane Anastas
120241,The Journal of Sociology & Social Welfare,2020,oai:scholarworks.wmich.edu:jssw-4415,10.15453/0191-5096.4415,A,oai_rule,1.0,match,name,1.0,"Review of <em>Research on Long-Term Care Insurance in Qingdao, China </em> by Mi Hong, Ji Min, and Liu Weiguo"
120242,The Journal of Sociology & Social Welfare,2020,oai:scholarworks.wmich.edu:jssw-4416,10.15453/0191-5096.4416,A,oai_rule,1.0,match,name,1.0,Review of <em>Social Movements: The Structure of Collective Mobilization</em> by Paul Almeida
120243,The Journal of Sociology & Social Welfare,2020,oai:scholarworks.wmich.edu:jssw-4417,10.15453/0191-5096.4417,A,oai_rule,1.0,match,name,1.0,Review of <em>The Age of American Unreason in a Culture of Lies</em> by Susan Jacoby
120244,The Journal of Sociology & Social Welfare,2020,oai:scholarworks.wmich.edu:jssw-4419,10.15453/0191-5096.4419,A,oai_rule,1.0,match,name,1.0,Review of <em>Elder Suicide: Durkheim’s Vision</em> by Stephen M. Marson
120245,The Journal of Sociology & Social Welfare,2020,oai:scholarworks.wmich.edu:jssw-4418,10.15453/0191-5096.4418,A,oai_rule,1.0,match,name,1.0,"Review of <em>Living Well, Dying Well: A Practical Guide to Choices, Costs, and Consequence</em> by Judy Stevens-Long and Dohrea Bardell"
120246,The Journal of Sociology & Social Welfare,2021,oai:scholarworks.wmich.edu:jssw-4426,10.15453/0191-5096.4426,A,oai_rule,1.0,match,name,1.0,Narratives in Sex Offender Management Laws: How Stories About a Label Shape Policymaking
120247,The Journal of Sociology & Social Welfare,2021,oai:scholarworks.wmich.edu:jssw-4428,10.15453/0191-5096.4428,A,oai_rule,1.0,match,name,1.0,Exploited and Empowered Inclusion: Contesting the Flawed Consumer in the United States
120248,The Journal of Sociology & Social Welfare,2021,oai:scholarworks.wmich.edu:jssw-4432,10.15453/0191-5096.4432,A,oai_rule,1.0,match,name,1.0,The Interlinkage between Blood Plasma Donation and Poverty in the United States
120249,The Journal of Sociology & Social Welfare,2020,oai:scholarworks.wmich.edu:jssw-4441,10.15453/0191-5096.4441,A,oai_rule,1.0,match,name,1.0,Review of <em>The Homelessness Industry: A Critique of U.S. Social Policy.</em> by Elizabeth Beck and Pamela C. Twiss
120250,The Journal of Sociology & Social Welfare,2020,oai:scholarworks.wmich.edu:jssw-4442,10.15453/0191-5096.4442,A,oai_rule,1.0,match,name,1.0,"Review of <em>Gender Identity, Sexual Orientation and Sexual Assault: Challenging the Myths.</em> by Corina Schulze, Sarah Koon-Magnin, and Valerie Bryan"
120251,The Journal of Sociology & Social Welfare,2020,oai:scholarworks.wmich.edu:jssw-4443,10.15453/0191-5096.4443,A,oai_rule,1.0,match,name,1.0,"Review of <em>Gerontological Social Work and the Grand Challenges: Focusing on Policy and Practice.</em> by Sara Sanders, Stacey R. Kolomer, Cheryl Waiters Spellman, and Victoria M. Rizzo"
120252,The Journal of Sociology & Social Welfare,2020,oai:scholarworks.wmich.edu:jssw-4444,10.15453/0191-5096.4444,A,oai_rule,1.0,match,name,1.0,"Review of <em>The Social Question in the Twenty-First Century: A Global View.</em> by Jan Breman, Kevan Harris, Ching Kwan Lee, and Marcel van der Linden"
120253,The Journal of Sociology & Social Welfare,2020,oai:scholarworks.wmich.edu:jssw-4445,10.15453/0191-5096.4445,A,oai_rule,1.0,match,name,1.0,Review of <em>Jesus and John Wayne: How White Evangelicals Corrupted a Faith and Fractured a Nation.</em> by Kristin Kobes Du Mez
120254,The Journal of Sociology & Social Welfare,2020,oai:scholarworks.wmich.edu:jssw-4446,10.15453/0191-5096.4446,A,oai_rule,1.0,match,name,1.0,"Review of <em>Music and Dementia: From Cognition to Therapy.</em> by Amee Baird, Sandra Garrido, and Jeanette Tamplin"
120255,The Journal of Sociology & Social Welfare,2020,oai:scholarworks.wmich.edu:jssw-4447,10.15453/0191-5096.4447,A,oai_rule,1.0,match,name,1.0,"Review of <em>Why We’re Polarized</em> by Ezra Klein; <em>Irony and Outrage: The Polarized Landscape of Rage, Fear, and Laughter in the United States</em> by Dannagal Goldthwaite Young; <em>Prius or P"
120256,The Journal of Sociology & Social Welfare,2021,oai:scholarworks.wmich.edu:jssw-4449,10.15453/0191-5096.4449,A,oai_rule,1.0,match,name,1.0,Understanding How Recipients of Means-Tested Government Assistance Make the Decision to Vote or Not to Vote and How Social Workers Can Make a Difference?
120257,The Journal of Sociology & Social Welfare,2021,oai:scholarworks.wmich.edu:jssw-4453,10.15453/0191-5096.4453,A,oai_rule,1.0,match,name,1.0,The Social Construction of Happiness: A Mixed-Methods Research Study in Mexico
120258,The Journal of Sociology & Social Welfare,2021,oai:scholarworks.wmich.edu:jssw-4456,10.15453/0191-5096.4456,A,oai_rule,1.0,match,name,1.0,"Importance of Education as a Coping Strategy to Sudanese Refugee Women: A Qualitative Study from Kakuma Refugee Camp, Kenya"
120259,The Journal of Sociology & Social Welfare,2020,oai:scholarworks.wmich.edu:jssw-4462,10.15453/0191-5096.4462,A,oai_rule,1.0,match,name,1.0,Using a Contextual Effects Measurement Approach to Understand the Influence of Community on Individual Behavior
120260,The Journal of Sociology & Social Welfare,2022,oai:scholarworks.wmich.edu:jssw-4467,10.15453/0191-5096.4467,A,oai_rule,1.0,match,name,1.0,Insistence: The Active Quest of Citizens for Achieving their Health and Justice Rights in Mexico
120261,The Journal of Sociology & Social Welfare,2021,oai:scholarworks.wmich.edu:jssw-4473,10.15453/0191-5096.4473,A,oai_rule,1.0,match,name,1.0,Social Work and Diverse Models of Public Safety: Advocating with and on Behalf of African American Communities
120262,The Journal of Sociology & Social Welfare,2021,oai:scholarworks.wmich.edu:jssw-4475,10.15453/0191-5096.4475,A,oai_rule,1.0,match,name,1.0,"Ethnic Comparisons in Perceptions of Health, Happiness, Hope, and Related Social Determinants of Health in a Majority-Minority Midwestern Town"
120263,The Journal of Sociology & Social Welfare,2021,oai:scholarworks.wmich.edu:jssw-4477,10.15453/0191-5096.4477,A,oai_rule,1.0,match,name,1.0,The Rwandan Diaspora: Residual Politics and the Culture of Silence
120265,The Journal of Sociology & Social Welfare,2020,oai:scholarworks.wmich.edu:jssw-4479,10.15453/0191-5096.4479,A,oai_rule,1.0,match,name,1.0,Review of <em>Motherlands: How States Push Mothers Out of Employment</em> by Leah Ruppanner
120266,The Journal of Sociology & Social Welfare,2020,oai:scholarworks.wmich.edu:jssw-4480,10.15453/0191-5096.4480,A,oai_rule,1.0,match,name,1.0,"Review of <em>Digital Punishment: Stigma, and the Harms of Data-Driven Criminal Justice</em> by Sarah Esther Lageson"
120267,The Journal of Sociology & Social Welfare,2020,oai:scholarworks.wmich.edu:jssw-4481,10.15453/0191-5096.4481,A,oai_rule,1.0,match,name,1.0,"Review of <em>Shocks, States, and Sustainability: The Origins of Radical Environmental Reforms</em> by Thomas K. Rudel"
120268,The Journal of Sociology & Social Welfare,2020,oai:scholarworks.wmich.edu:jssw-4482,10.15453/0191-5096.4482,A,oai_rule,1.0,match,name,1.0,Review of <em>The “Population Problem” in Pacific Asia</em> by Stuart Gietel-Basten
120269,The Journal of Sociology & Social Welfare,2021,oai:scholarworks.wmich.edu:jssw-4492,10.15453/0191-5096.4492,A,oai_rule,1.0,match,name,1.0,Are Non-Religious College Students the New Anti-Racists on the Block?: An Exploration of the Effects of Non-Religiosity on College Students’ White Racial Identities
120270,The Journal of Sociology & Social Welfare,2021,oai:scholarworks.wmich.edu:jssw-4497,10.15453/0191-5096.4497,A,oai_rule,1.0,match,name,1.0,Addressing the Needs of African American Grandparents: An Intersectionality Perspective
120271,The Journal of Sociology & Social Welfare,2021,oai:scholarworks.wmich.edu:jssw-4499,10.15453/0191-5096.4499,A,oai_rule,1.0,match,name,1.0,Preparation and Response to COVID-19: An Exploratory Analysis of Policy Response Spending and Health Expenditures in 20 OECD Countries
120272,The Journal of Sociology & Social Welfare,2021,oai:scholarworks.wmich.edu:jssw-4501,10.15453/0191-5096.4501,A,oai_rule,1.0,match,name,1.0,Impact of 9/11-Induced Adverse Experiences on the Mental Health of Latino Americans and the Role of Religious Service Attendance
120273,The Journal of Sociology & Social Welfare,2021,oai:scholarworks.wmich.edu:jssw-4503,10.15453/0191-5096.4503,A,oai_rule,1.0,match,name,1.0,Review of <em> Sex-Positive Social Work </em> by S. J. Dodd
120274,The Journal of Sociology & Social Welfare,2018,oai:scholarworks.wmich.edu:jssw-4505,10.15453/0191-5096.4505,A,oai_rule,1.0,match,name,1.0,"Review of <em>Technology, Activism, and Social Justice in a Digital Age </em> by John G. McNutt"
120275,The Journal of Sociology & Social Welfare,2020,oai:scholarworks.wmich.edu:jssw-4504,10.15453/0191-5096.4504,A,oai_rule,1.0,match,name,1.0,Review of <em> Caste: The Origins of Our Discontents </em> by Isabel Wilkerson
120276,The Journal of Sociology & Social Welfare,2022,oai:scholarworks.wmich.edu:jssw-4506,10.15453/0191-5096.4506,A,oai_rule,1.0,match,name,1.0,Adult-Onset and Adolescent-Limited Suicidal Ideation: A Developmental Approach to Suicide
120277,The Journal of Sociology & Social Welfare,2021,oai:scholarworks.wmich.edu:jssw-4511,10.15453/0191-5096.4511,A,oai_rule,1.0,match,name,1.0,Reconceptionalizing the Knowledge Base of Social Work: The Imperative for Critical Theories and Perspectives in Social Work Education
120278,The Journal of Sociology & Social Welfare,2021,oai:scholarworks.wmich.edu:jssw-4514,10.15453/0191-5096.4514,A,oai_rule,1.0,match,name,1.0,Parental Financial Assistance to Young Adult Children and the Black-White Wealth Gap
120279,The Journal of Sociology & Social Welfare,2021,oai:scholarworks.wmich.edu:jssw-4515,10.15453/0191-5096.4515,A,oai_rule,1.0,match,name,1.0,“Growing Up Guerreándola”: On Adolescent Formations of Conscientização in Colombia
120280,The Journal of Sociology & Social Welfare,2022,oai:scholarworks.wmich.edu:jssw-4520,10.15453/0191-5096.4520,A,oai_rule,1.0,match,name,1.0,Applying Critical Race Theory and Risk and Resilience Theory to the School-to-Prison Pipeline: Theoretical Frameworks for Social Workers
120281,The Journal of Sociology & Social Welfare,2021,oai:scholarworks.wmich.edu:jssw-4526,10.15453/0191-5096.4526,A,oai_rule,1.0,match,name,1.0,Political Efficacy in Social Workers Before and After 2016
120282,The Journal of Sociology & Social Welfare,2022,oai:scholarworks.wmich.edu:jssw-4527,10.15453/0191-5096.4527,A,oai_rule,1.0,match,name,1.0,Factors Influencing the Political Activity of Social Workers: A Comparative Study Among Swiss and United States Social Workers
120283,The Journal of Sociology & Social Welfare,2022,oai:scholarworks.wmich.edu:jssw-4530,10.15453/0191-5096.4530,A,oai_rule,1.0,match,name,1.0,What Do We Know About Access to Public Benefits and Services Among Low-Income Minority Families?: A Scoping Review of the Literature
120284,The Journal of Sociology & Social Welfare,2021,oai:scholarworks.wmich.edu:jssw-4534,10.15453/0191-5096.4534,A,oai_rule,1.0,match,name,1.0,Review of <em>Reversals of Fortune: Poverty and Shared Prosperity</em> by World Bank
120285,The Journal of Sociology & Social Welfare,2021,oai:scholarworks.wmich.edu:jssw-4535,10.15453/0191-5096.4535,A,oai_rule,1.0,match,name,0.0,"Journal of Sociology and Social Welfare Vol. 48, No. 2"
120286,The Journal of Sociology & Social Welfare,2022,oai:scholarworks.wmich.edu:jssw-4540,10.15453/0191-5096.4540,A,oai_rule,1.0,match,name,1.0,Malawi's Marriage Law (2015) and Constitutional Amendment (2017): Analysis of Policy Solutions to Increase Girls' Rights
120287,The Journal of Sociology & Social Welfare,2022,oai:scholarworks.wmich.edu:jssw-4541,10.15453/0191-5096.4541,A,oai_rule,1.0,match,name,1.0,Financial Stress and Hardship among Young Adults: The Role of Student Loan Debt
120288,The Journal of Sociology & Social Welfare,2022,oai:scholarworks.wmich.edu:jssw-4547,10.15453/0191-5096.4547,A,oai_rule,1.0,match,name,1.0,"A Psychometric Evaluation of the Mutual Efficacy Scale: Factor Structure, Convergent, and Divergent Validity"
120289,The Journal of Sociology & Social Welfare,2022,oai:scholarworks.wmich.edu:jssw-4549,10.15453/0191-5096.4549,A,oai_rule,1.0,match,name,1.0,"Neighborhood Tenure, Donated Social Support, and Participation in Low- and Moderate-Income Communities"
120290,The Journal of Sociology & Social Welfare,2021,oai:scholarworks.wmich.edu:jssw-4552,10.15453/0191-5096.4552,A,oai_rule,1.0,match,name,1.0,"Digital Intervention, COVID-19, and Critical Realism: Toward a Science of Digital Social Work"
120291,The Journal of Sociology & Social Welfare,2021,oai:scholarworks.wmich.edu:jssw-4553,10.15453/0191-5096.4553,A,oai_rule,1.0,match,name,1.0,An Introduction to the Special Issue
120292,The Journal of Sociology & Social Welfare,2021,oai:scholarworks.wmich.edu:jssw-4554,10.15453/0191-5096.4554,A,oai_rule,1.0,match,name,1.0,Could WhatsApp be an Intervention Tool for Digital Social Work? A Case Study
120293,The Journal of Sociology & Social Welfare,2021,oai:scholarworks.wmich.edu:jssw-4556,10.15453/0191-5096.4556,A,oai_rule,1.0,match,name,1.0,Using Big Data to Manage Social Inclusion Programs
120294,The Journal of Sociology & Social Welfare,2021,oai:scholarworks.wmich.edu:jssw-4555,10.15453/0191-5096.4555,A,oai_rule,1.0,match,name,1.0,Home Visit Training in Social Work with Virtual Reality
120295,The Journal of Sociology & Social Welfare,2021,oai:scholarworks.wmich.edu:jssw-4557,10.15453/0191-5096.4557,A,oai_rule,1.0,match,name,1.0,"Bridging the Gaps: Literacy, Media Literacy Education, and Critical Digital Social Work"
120296,The Journal of Sociology & Social Welfare,2021,oai:scholarworks.wmich.edu:jssw-4558,10.15453/0191-5096.4558,A,oai_rule,1.0,match,name,1.0,Digital Social Work: Towards Digital Disruption in Social Work
120297,The Journal of Sociology & Social Welfare,2021,oai:scholarworks.wmich.edu:jssw-4559,10.15453/0191-5096.4559,A,oai_rule,1.0,match,name,1.0,Social Work and Participation in the Digital Environment
120299,The Journal of Sociology & Social Welfare,2021,oai:scholarworks.wmich.edu:jssw-4560,10.15453/0191-5096.4560,A,oai_rule,1.0,match,name,1.0,Technologies and Social Intervention: Ethical Considerations
120300,The Journal of Sociology & Social Welfare,2022,oai:scholarworks.wmich.edu:jssw-4562,10.15453/0191-5096.4562,A,oai_rule,1.0,match,name,1.0,A Qualitative Exploration of Justice System Stakeholders’ Perceptions of Disproportionate Minority Contact and Behavioral Health Access among System-Involved Youth of Color
120301,The Journal of Sociology & Social Welfare,2022,oai:scholarworks.wmich.edu:jssw-4565,10.15453/0191-5096.4565,A,oai_rule,1.0,match,name,1.0,Using Complex Adaptive Systems Theory to Identify Best Adaptive Practices for Inclusion within Systems of Care: The Impact! System of Care and its Model Theory of Change
120302,The Journal of Sociology & Social Welfare,2022,oai:scholarworks.wmich.edu:jssw-4572,10.15453/0191-5096.4572,A,oai_rule,1.0,match,name,1.0,Digital News Literacy and Social Work: Core Competencies
120303,The Journal of Sociology & Social Welfare,2022,oai:scholarworks.wmich.edu:jssw-4573,10.15453/0191-5096.4573,A,oai_rule,1.0,match,name,1.0,Factors Associated with Receiving Supplemental Nutrition Assistance Program (SNAP) Among Newly Resettled Refugees in the United States
120304,The Journal of Sociology & Social Welfare,2022,oai:scholarworks.wmich.edu:jssw-4581,10.15453/0191-5096.4581,A,oai_rule,1.0,match,name,1.0,Non-Contractual Relations between Private Mutual Aid and Government during a Crisis
120305,The Journal of Sociology & Social Welfare,2022,oai:scholarworks.wmich.edu:jssw-4583,10.15453/0191-5096.4583,A,oai_rule,1.0,match,name,1.0,Punishment by Another Name? The Welfare State’s Disciplinary Role in the United States and Britain
120306,The Journal of Sociology & Social Welfare,2022,oai:scholarworks.wmich.edu:jssw-4587,10.15453/0191-5096.4587,A,oai_rule,1.0,match,name,1.0,Access to Credit and Social Capital: The Case of Indonesia
120307,The Journal of Sociology & Social Welfare,2022,oai:scholarworks.wmich.edu:jssw-4594,10.15453/0191-5096.4594,A,oai_rule,1.0,match,name,1.0,Trauma and Resilience among Migrant Children from Mexico and the Northern Triangle en Route to the United States
120309,The Journal of Sociology & Social Welfare,2021,oai:scholarworks.wmich.edu:jssw-4597,10.15453/0191-5096.4597,A,oai_rule,1.0,match,name,1.0,"Review of <em>South Bronx Battles: Stories of Resistance, Resilience, and Renewal.</em> by Carolyn McLaughlin"
120310,The Journal of Sociology & Social Welfare,2022,oai:scholarworks.wmich.edu:jssw-4598,10.15453/0191-5096.4598,A,oai_rule,1.0,match,name,1.0,Promote Smart Decarceration and Eliminate Racism Grand Challenges for Social Work: Reimagining Marijuana Policy
120311,The Journal of Sociology & Social Welfare,2022,oai:scholarworks.wmich.edu:jssw-4599,10.15453/0191-5096.4599,A,oai_rule,1.0,match,name,0.333,"The Origin and Evolution of the term ""Social Work"""
120312,The Journal of Sociology & Social Welfare,2022,oai:scholarworks.wmich.edu:jssw-4604,10.15453/0191-5096.4604,A,oai_rule,1.0,match,name,1.0,Perceptions of Goal Attainment Scaling among Future Behavioral and Mental Health Providers: A Qualitative Analysis
120313,The Journal of Sociology & Social Welfare,2022,oai:scholarworks.wmich.edu:jssw-4605,10.15453/0191-5096.4605,A,oai_rule,1.0,match,name,0.0,"Journal of Sociology and Social Welfare Vol. 49, No. 1"
120314,The Journal of Sociology & Social Welfare,2022,oai:scholarworks.wmich.edu:jssw-4606,10.15453/0191-5096.4606,A,oai_rule,1.0,match,name,1.0,Review of <em>The Tyranny of Merit: What’s Become of the Common Good?</em> by Michael J. Sandel
120315,The Journal of Sociology & Social Welfare,2022,oai:scholarworks.wmich.edu:jssw-4607,10.15453/0191-5096.4607,A,oai_rule,1.0,match,name,1.0,On the Discourses of Social Protection Distribution: Insights from Indonesia
120317,The Journal of Sociology & Social Welfare,2022,oai:scholarworks.wmich.edu:jssw-4644,10.15453/0191-5096.4644,A,oai_rule,1.0,match,name,0.0,"Volume 49, Issue 3 (2022)"
120318,The Journal of Sociology & Social Welfare,2022,oai:scholarworks.wmich.edu:jssw-4663,10.15453/0191-5096.4663,A,oai_rule,1.0,match,name,1.0,Review of <em>Welfare States in the 21st Century: The New Five Giants Confronting Societal Progress</em> by Ian Greener
120319,The Journal of Sociology & Social Welfare,2022,oai:scholarworks.wmich.edu:jssw-4662,10.15453/0191-5096.4662,A,oai_rule,1.0,match,name,1.0,"Review of <em>Inequality, Social Protection and Social Justice</em> by James Midgley"
120321,The Journal of Sociology & Social Welfare,2023,oai:scholarworks.wmich.edu:jssw-4685,10.15453/0191-5096.4685,A,oai_rule,1.0,match,name,0.0,"Volume 50, Issue 1 (2023)"
120322,The Journal of Sociology & Social Welfare,2023,oai:scholarworks.wmich.edu:jssw-4686,10.15453/0191-5096.4686,A,oai_rule,1.0,match,name,1.0,An Introduction to the Special Issue
120323,The Journal of Sociology & Social Welfare,2023,oai:scholarworks.wmich.edu:jssw-4687,10.15453/0191-5096.4687,A,oai_rule,1.0,match,name,1.0,"Transphobia in Class, Anti-trans Legislation at the State: A Commentary on Navigating Harm and Hope in a Social Work Education Program"
120324,The Journal of Sociology & Social Welfare,2023,oai:scholarworks.wmich.edu:jssw-4688,10.15453/0191-5096.4688,A,oai_rule,1.0,match,name,1.0,Between the Noise and Silence: An Autoethnography Challenging Schools of Social Work to Evolve for Trans Students
120325,The Journal of Sociology & Social Welfare,2023,oai:scholarworks.wmich.edu:jssw-4689,10.15453/0191-5096.4689,A,oai_rule,1.0,match,name,1.0,A Descriptive Account of the Practicum Experiences of Trans and Nonbinary Social Work Students
120326,The Journal of Sociology & Social Welfare,2023,oai:scholarworks.wmich.edu:jssw-4690,10.15453/0191-5096.4690,A,oai_rule,1.0,match,name,1.0,"“An Institution Can Have Good Intentions and Still Be Atrocious"": Transgender and Gender Expansive Experiences in Social Work Education"
120327,The Journal of Sociology & Social Welfare,2023,oai:scholarworks.wmich.edu:jssw-4691,10.15453/0191-5096.4691,A,oai_rule,1.0,match,name,1.0,Teaching Beyond Trans-Competency: Exploring Trans-Affirming Pedagogy Through Applied Case Studies
120328,The Journal of Sociology & Social Welfare,2023,oai:scholarworks.wmich.edu:jssw-4692,10.15453/0191-5096.4692,A,oai_rule,1.0,match,name,1.0,Committed to the Cause? Examining Social Work Education's Role in Supporting Ally Behavior for Transgender and Nonbinary People and Communities
120329,The Journal of Sociology & Social Welfare,2023,oai:scholarworks.wmich.edu:jssw-4693,10.15453/0191-5096.4693,A,oai_rule,1.0,match,name,1.0,"""We're All We Have"": Envisioning the Future of Mutual Aid from Queer and Trans Perspectives"
120330,The Journal of Sociology & Social Welfare,2023,oai:scholarworks.wmich.edu:jssw-4694,10.15453/0191-5096.4694,A,oai_rule,1.0,match,name,1.0,Applications of Transformative Justice Principles for Centering Transgender and Gender Expansive Experiences in Social Work Education and Practice
120331,The Journal of Sociology & Social Welfare,2023,oai:scholarworks.wmich.edu:jssw-4695,10.15453/0191-5096.4695,A,oai_rule,1.0,match,name,1.0,"Anti-Transgender Policies and Practices in Social Work Education, Accreditation, and Licensing: A Call for Change"
120332,The Journal of Sociology & Social Welfare,2023,oai:scholarworks.wmich.edu:jssw-4742,10.15453/0191-5096.4742,A,oai_rule,1.0,match,name,0.0,"Journal of Sociology & Social Welfare Volume 50, Issue 2 (2023)"
120333,The Journal of Sociology & Social Welfare,2023,oai:scholarworks.wmich.edu:jssw-4495,10.15453/0191-5096.4495,A,oai_rule,1.0,match,name,1.0,'Logics of Redistribution' under Welfare Reform: The Case of Welfare for Families with Children
120334,The Journal of Sociology & Social Welfare,2023,oai:scholarworks.wmich.edu:jssw-4675,10.15453/0191-5096.4675,A,oai_rule,1.0,match,name,1.0,Deconstructing the Administrative State”: Legal Trends and Consequences
120335,The Journal of Sociology & Social Welfare,2023,oai:scholarworks.wmich.edu:jssw-4670,10.15453/0191-5096.4670,A,oai_rule,1.0,match,name,1.0,Racial Microaggressions and Asian Americans' Well-Being: A Scoping Review and Exploratory Meta-Analysis
120336,The Journal of Sociology & Social Welfare,2023,oai:scholarworks.wmich.edu:jssw-4743,10.15453/0191-5096.4743,A,oai_rule,1.0,match,name,1.0,Book Review of A Clinician's Guide to Gender Actualization: An Approach to Gender Affirming Therapy by Caitlin Yilmazer
120337,The Journal of Sociology & Social Welfare,2023,oai:scholarworks.wmich.edu:jssw-4744,10.15453/0191-5096.4744,A,oai_rule,1.0,match,name,1.0,Review of The Philosophical Roots of Loneliness and Intimacy: Political Narcissism and the Problem of Evil by Ben Lazare Mijuskovic
120338,The Journal of Sociology & Social Welfare,2023,oai:scholarworks.wmich.edu:jssw-4745,10.15453/0191-5096.4745,A,oai_rule,1.0,match,name,1.0,Review of Rural Social Work: Theory and Practice by Hok Bun Ku
120339,The Journal of Sociology & Social Welfare,2023,oai:scholarworks.wmich.edu:jssw-4665,10.15453/0191-5096.4665,A,oai_rule,1.0,match,name,1.0,The Problematizing of Teen Pregnancy is a Feminist Issue
120340,The Journal of Sociology & Social Welfare,2023,oai:scholarworks.wmich.edu:jssw-4682,10.15453/0191-5096.4682,A,oai_rule,1.0,match,name,1.0,The Impact of Adverse Childhood Experiences on Mental and Physical Health for Low-Income Women Receiving TANF
120341,The Journal of Sociology & Social Welfare,2023,oai:scholarworks.wmich.edu:jssw-4617,10.15453/0191-5096.4617,A,oai_rule,1.0,match,name,1.0,"When Contraceptive Means No Pregnancy: Narrative Account of Contraceptive Use among Reproductive Women at the Tamale Teaching Hospital, Ghana"
120342,The Journal of Sociology & Social Welfare,2023,oai:scholarworks.wmich.edu:jssw-4620,10.15453/0191-5096.4620,A,oai_rule,1.0,match,name,1.0,Lived Experiences of Voluntary Retirees within Ghana’s Semi-Urban Space
120343,The Journal of Sociology & Social Welfare,2023,oai:scholarworks.wmich.edu:jssw-4645,10.15453/0191-5096.4645,A,oai_rule,1.0,match,name,1.0,Examining the Early Impact of the COVID-19 Pandemic on Black/African American Adults
120344,The Journal of Sociology & Social Welfare,2023,oai:scholarworks.wmich.edu:jssw-4699,10.15453/0191-5096.4699,A,oai_rule,1.0,match,name,1.0,The Myth of Programmatic Intervention to Tackle Intergenerational Poverty in Post-industrial Societies: A Longitudinal Study in Hong Kong as a Vantage Point
120345,The Journal of Sociology & Social Welfare,2023,oai:scholarworks.wmich.edu:jssw-4765,10.15453/0191-5096.4765,A,oai_rule,1.0,match,name,1.0,Review of <em>Psychiatric Casualties: How and Why the Military Ignores the Full Cost of War</em> by Mark C. Russell and Charles Figley
120347,The Journal of Sociology & Social Welfare,2003,oai:scholarworks.wmich.edu:jssw-2878,10.15453/0191-5096.2878,A,oai_rule,1.0,match,name,1.0,"""Active Living"": Transforming the Organization of Retirement and Housing in the U.S."
120348,The Journal of Sociology & Social Welfare,2024,oai:scholarworks.wmich.edu:jssw-4698,10.15453/0191-5096.4698,A,oai_rule,1.0,match,name,1.0,"Wellbeing and Indigenous Aymara Orphans in Perú: An Empirical Study at Hogar de Niñas Virgen de Fatima de Chejoña, Puno"
120349,The Journal of Sociology & Social Welfare,2024,oai:scholarworks.wmich.edu:jssw-4671,10.15453/0191-5096.4671,A,oai_rule,1.0,match,name,1.0,Which Side (of the Balance Sheet) Are You On? Household Financial Resources and Participation in the 2020 Protests
120350,The Journal of Sociology & Social Welfare,2024,oai:scholarworks.wmich.edu:jssw-4750,10.15453/0191-5096.4750,A,oai_rule,1.0,match,name,1.0,The Role of Hope in the Lives of Sexual and Gender Minority Youth: The Relationship Between Bullying and Life Satisfaction
120351,The Journal of Sociology & Social Welfare,2024,oai:scholarworks.wmich.edu:jssw-4795,10.15453/0191-5096.4795,A,oai_rule,1.0,match,name,0.0,"Journal of Sociology & Social Welfare Volume 50, Issue 4 (2023)"
120352,The Journal of Sociology & Social Welfare,2024,oai:scholarworks.wmich.edu:jssw-4746,10.15453/0191-5096.4746,A,oai_rule,1.0,match,name,1.0,Can Workers and Their Families Live on a Living Wage?
120353,The Journal of Sociology & Social Welfare,2024,oai:scholarworks.wmich.edu:jssw-4731,10.15453/0191-5096.4731,A,oai_rule,1.0,match,name,1.0,Decolonizing Disability in Social Work: A Conversation on Colonialism
120354,The Journal of Sociology & Social Welfare,2024,oai:scholarworks.wmich.edu:jssw-4725,10.15453/0191-5096.4725,A,oai_rule,1.0,match,name,1.0,The Embeddedness and Reproduction of Ableism in Social Work and a Call to Centre Disability Justice
120355,The Journal of Sociology & Social Welfare,2024,oai:scholarworks.wmich.edu:jssw-4723,10.15453/0191-5096.4723,A,oai_rule,1.0,match,name,1.0,Getting to Disability Justice: A Critical Conceptual Review of Disability Models in U.S. Social Work
120356,The Journal of Sociology & Social Welfare,2024,oai:scholarworks.wmich.edu:jssw-4732,10.15453/0191-5096.4732,A,oai_rule,1.0,match,name,1.0,Lessons from Critical and Transnational Disability Perspectives for Social Work
120357,The Journal of Sociology & Social Welfare,2024,oai:scholarworks.wmich.edu:jssw-4720,10.15453/0191-5096.4720,A,oai_rule,1.0,match,name,1.0,The Potential of Humor to Joyously Dismantle Ableism+: Considerations for Social Workers
120358,The Journal of Sociology & Social Welfare,2024,oai:scholarworks.wmich.edu:jssw-4737,10.15453/0191-5096.4737,A,oai_rule,1.0,match,name,1.0,"A Path Wayward: Resisting “Evidence-Based” Discourse in Favor of Critical Access, Engaged Relational Pedagogy and a Politicized Somatics"
120359,The Journal of Sociology & Social Welfare,2024,oai:scholarworks.wmich.edu:jssw-4729,10.15453/0191-5096.4729,A,oai_rule,1.0,match,name,1.0,Promoting Justice for People with Intellectual and Developmental Disabilities: Strategies for Advancing Anti-Oppressive Social Work Education and Practice
120360,The Journal of Sociology & Social Welfare,2024,oai:scholarworks.wmich.edu:jssw-4718,10.15453/0191-5096.4718,A,oai_rule,1.0,match,name,1.0,Arab Refugees with Physical Disabilities: An Exploration of Barriers within the Resettlement Process
120361,The Journal of Sociology & Social Welfare,2024,oai:scholarworks.wmich.edu:jssw-4722,10.15453/0191-5096.4722,A,oai_rule,1.0,match,name,1.0,"Mandatory Supporting as a Radical Ethic of Care: Supporting, Not Reporting, Black Disabled Mothers"
120362,The Journal of Sociology & Social Welfare,2024,oai:scholarworks.wmich.edu:jssw-4715,10.15453/0191-5096.4715,A,oai_rule,1.0,match,name,1.0,The Experience of Growing Up Deaf in a Hearing-Abled Family: A Phenomenological Study
120363,The Journal of Sociology & Social Welfare,2024,oai:scholarworks.wmich.edu:jssw-4717,10.15453/0191-5096.4717,A,oai_rule,1.0,match,name,1.0,Global Deaf and Disability-Led Partnerships for Accessible Emergency Response and Humanitarian Action
120364,The Journal of Sociology & Social Welfare,2024,oai:scholarworks.wmich.edu:jssw-4734,10.15453/0191-5096.4734,A,oai_rule,1.0,match,name,1.0,Call to Action: Disability Justice as a Framework to End Punishment of and Advance Liberatory Education for Disabled Students
120365,The Journal of Sociology & Social Welfare,2024,oai:scholarworks.wmich.edu:jssw-4724,10.15453/0191-5096.4724,A,oai_rule,1.0,match,name,1.0,Dismantling Ableism in Social Work Employment: A Call for Disability Justice
120366,The Journal of Sociology & Social Welfare,2024,oai:scholarworks.wmich.edu:jssw-4730,10.15453/0191-5096.4730,A,oai_rule,1.0,match,name,1.0,Anti-Ableist and Disability Justice Pedagogies in Social Work Education
120367,The Journal of Sociology & Social Welfare,2024,oai:scholarworks.wmich.edu:jssw-4707,10.15453/0191-5096.4707,A,oai_rule,1.0,match,name,1.0,Re-imagining Neoliberal Ideologies in Social Work Education Using Critical Feminist and Disability Theories: A Phenomenological Autoethnographic Account
120368,The Journal of Sociology & Social Welfare,2024,oai:scholarworks.wmich.edu:jssw-4712,10.15453/0191-5096.4712,A,oai_rule,1.0,match,name,1.0,Action Steps Toward Dismantling Ableism in Social Work Education
120369,The Journal of Sociology & Social Welfare,2024,oai:scholarworks.wmich.edu:jssw-4736,10.15453/0191-5096.4736,A,oai_rule,1.0,match,name,1.0,“Everyone Else Gets to Have the American Dream:” How Social Security Disability Policy Shapes Disability Identity
120370,The Journal of Sociology & Social Welfare,2024,oai:scholarworks.wmich.edu:jssw-4706,10.15453/0191-5096.4706,A,oai_rule,1.0,match,name,1.0,Historical Trauma and the Disability Community
120371,The Journal of Sociology & Social Welfare,2024,oai:scholarworks.wmich.edu:jssw-4719,10.15453/0191-5096.4719,A,oai_rule,1.0,match,name,1.0,Diverging from Conventional Autism Research Through Meaningfully Including an Adult Autism Community: Processes of Engaging Ottawa’s Adult Autism Community in Critical and Emancipatory Autism Research
120374,The Journal of Sociology & Social Welfare,2024,oai:scholarworks.wmich.edu:jssw-4653,10.15453/0191-5096.4653,A,oai_rule,1.0,match,name,1.0,Towards Addressing Poverty and Inequality in Nigeria: Rethinking Social Protection Strategies
120375,The Journal of Sociology & Social Welfare,2024,oai:scholarworks.wmich.edu:jssw-4769,10.15453/0191-5096.4769,A,oai_rule,1.0,match,name,1.0,Does Learning About Social Policy in a Global Context Change Students’ Views On U.S. Social Policies?
120376,The Journal of Sociology & Social Welfare,2024,oai:scholarworks.wmich.edu:jssw-4753,10.15453/0191-5096.4753,A,oai_rule,1.0,match,name,1.0,Teaching about Black Adolescents’ Exposure to Trauma: A Mixed Methods Study
120378,The Journal of Sociology & Social Welfare,2025,oai:scholarworks.wmich.edu:jssw-4890,10.15453/0191-5096.4890,A,oai_rule,1.0,match,name,0.0,"Journal of Sociology & Social Welfare Volume 51, Issue 4 (2024)"
120379,The Journal of Sociology & Social Welfare,2025,oai:scholarworks.wmich.edu:jssw-4815,10.15453/0191-5096.4815,A,oai_rule,1.0,match,name,1.0,"How Do Welfare Regimes Moderate the Impact of Individual Factors on Citizens' Attitudes Toward the Welfare State? Comparative Analysis of the United States, Germany, and Sweden"
120380,The Journal of Sociology & Social Welfare,2025,oai:scholarworks.wmich.edu:jssw-4828,10.15453/0191-5096.4828,A,oai_rule,1.0,match,name,1.0,Overcoming Research Barriers with Undocumented Populations: COVID-19 Lessons Learned
120381,The Journal of Sociology & Social Welfare,2025,oai:scholarworks.wmich.edu:jssw-4833,10.15453/0191-5096.4833,A,oai_rule,1.0,match,name,1.0,Historical Underpinnings of Peer Support within U.S. Behavioral Health
120382,The Journal of Sociology & Social Welfare,2025,oai:scholarworks.wmich.edu:jssw-4629,10.15453/0191-5096.4629,A,oai_rule,1.0,match,name,1.0,Marshallese Child Development Account Program: An Exploratory Study Using the Status Attainment Framework
120383,The Journal of Sociology & Social Welfare,2025,oai:scholarworks.wmich.edu:jssw-4803,10.15453/0191-5096.4803,A,oai_rule,1.0,match,name,1.0,The Associations Between After-School Settings and the Cognitive Outcomes of U.S. Elementary School Children: Results from Household Income Differences
120384,The Journal of Sociology & Social Welfare,2025,oai:scholarworks.wmich.edu:jssw-4752,10.15453/0191-5096.4752,A,oai_rule,1.0,match,name,1.0,Increasing Outreach and Awareness Programs for Hispanic Families of Individuals with Intellectual and Developmental DisabilitiesD
120385,The Journal of Sociology & Social Welfare,2025,oai:scholarworks.wmich.edu:jssw-4794,10.15453/0191-5096.4794,A,oai_rule,1.0,match,name,1.0,Applying Lessons of Historical Multiracial Struggle to Today’s Racial Justice Movement
120386,The Journal of Sociology & Social Welfare,2025,oai:scholarworks.wmich.edu:jssw-4850,10.15453/0191-5096.4850,A,oai_rule,1.0,match,name,1.0,The Age of Microbes
120387,The Journal of Sociology & Social Welfare,2025,oai:scholarworks.wmich.edu:jssw-4814,10.15453/0191-5096.4814,A,oai_rule,1.0,match,name,1.0,Promoting Policy Practice Among Social Work Students: A Review of Outcome Studies
120389,The Journal of Sociology & Social Welfare,2008,oai:scholarworks.wmich.edu:jssw-3365,10.15453/0191-5096.3365,A,oai_rule,1.0,match,name,1.0,"Review of <em>Sociology in America: A History.</em> Craig Calhoun, Editor. Reviewed by Richard Caputo."
120390,The Journal of Sociology & Social Welfare,2004,oai:scholarworks.wmich.edu:jssw-3002,10.15453/0191-5096.3002,A,oai_rule,1.0,match,name,1.0,"Presidents, Profits, Productivity, & Poverty: A Great Divide between the Pre- & Post-Reagan U.S. Economy?"
120391,The Journal of Sociology & Social Welfare,2010,oai:scholarworks.wmich.edu:jssw-3513,10.15453/0191-5096.3513,A,oai_rule,1.0,match,name,1.0,"Family Characteristics, Public Program Participation, & Civic Engagement"
120392,The Journal of Sociology & Social Welfare,2012,oai:scholarworks.wmich.edu:jssw-3664,10.15453/0191-5096.3664,A,oai_rule,1.0,match,name,1.0,"Patterns and Predictors of Debt: A Panel Study, 1985-2008"
120394,The Journal of Sociology & Social Welfare,2003,oai:scholarworks.wmich.edu:jssw-2897,10.15453/0191-5096.2897,A,oai_rule,1.0,match,name,1.0,"Head Start, Other Preschool Programs, & Life Success in a Youth Cohort"
120395,The Journal of Sociology & Social Welfare,2003,oai:scholarworks.wmich.edu:jssw-2942,10.15453/0191-5096.2942,A,oai_rule,1.0,match,name,1.0,Early Education Experiences & School-to-Work Program Participation
120396,The Journal of Sociology & Social Welfare,2009,oai:scholarworks.wmich.edu:jssw-3456,10.15453/0191-5096.3456,A,oai_rule,1.0,match,name,1.0,Review of <em>The Americanization of Social Science: Intellectuals and Public Responsibility in the Postwar United States.</em> David Paul Haney. Reviewed by Richard K. Caputo.
120398,The Journal of Sociology & Social Welfare,2002,oai:scholarworks.wmich.edu:jssw-2810,10.15453/0191-5096.2810,A,oai_rule,1.0,match,name,1.0,Discrimination and Human Capital: A Challenge to Economic Theory & Social Justice
120399,The Journal of Sociology & Social Welfare,2007,oai:scholarworks.wmich.edu:jssw-3227,10.15453/0191-5096.3227,A,oai_rule,1.0,match,name,1.0,Social Theory & Its Relation to Social Problems: An Essay about Theory and Research with Social Justice in Mind
120400,The Journal of Sociology & Social Welfare,2001,oai:scholarworks.wmich.edu:jssw-2705,10.15453/0191-5096.2705,A,oai_rule,1.0,match,name,1.0,The Intergenerational Transmission of Grandmother-Grandchild Co-Residency
120401,The Journal of Sociology & Social Welfare,2005,oai:scholarworks.wmich.edu:jssw-3068,10.15453/0191-5096.3068,A,oai_rule,1.0,match,name,1.0,"Distribution of the Federal Tax Burden, Share of after-Tax Income, And After-Tax Income By Presidential Administration and Household Type, 1981-2000"
120403,The Journal of Sociology & Social Welfare,2006,oai:scholarworks.wmich.edu:jssw-3133,10.15453/0191-5096.3133,A,oai_rule,1.0,match,name,1.0,The Earned Income Tax Credit: A Study of Eligible Participants vs. Non-participants
114593,Advances in Social Work,2010,dc/3094702ac4,10.18060/437,B,crossref_search,1.0,match,name,1.0,Development and Validation of A Short Form of the Attitude Toward Poverty Scale
114594,Advances in Social Work,2000,dc/04cab83018,10.18060/124,B,crossref_search,1.0,match,name,1.0,What Social Workers Should Know About Ethics: Understanding and Resolving Ethical Dilemmas
114595,Advances in Social Work,2008,dc/7b01d0bd18,10.18060/203,B,crossref_search,1.0,match,name,1.0,The Generalist Model: Where do the Micro and Macro Converge?
114597,Advances in Social Work,2014,dc/75c72c9a2d,10.18060/16846,B,crossref_search,1.0,match,name,1.0,Existential Social Work
114598,Advances in Social Work,2012,dc/6649d0d409,10.18060/123,B,crossref_search,1.0,match,name,1.0,Embracing the Diversity of Military Social Work
114599,Advances in Social Work,2002,dc/8a91522a57,10.18060/29,B,crossref_search,1.0,match,name,1.0,Service Learning as a Transition into Foundation Field
114600,Advances in Social Work,2020,dc/dbf0f5740d,10.18060/22639,B,crossref_search,0.97,match,name,1.0,Revising McPhail’s Feminist Policy Analysis Framework
114601,Advances in Social Work,2008,dc/bc3e380d75,10.18060/147,B,crossref_search,1.0,match,name,1.0,A Multiparadigmatic Approach to Religion in Social Work Education
114602,Advances in Social Work,2011,dc/c12f1b7a5e,10.18060/1174,B,crossref_search,1.0,match,name,1.0,Achieving HBSE Competencies through Service-learning
114603,Advances in Social Work,2004,dc/cebfac0e7e,10.18060/60,B,crossref_search,1.0,match,name,1.0,Assessment in Social Work Education: A Bibliography
114604,Advances in Social Work,2017,dc/044e82a616,10.18060/21288,B,crossref_search,1.0,match,name,1.0,A Multi-Systems Life Course Perspective of Economic Abuse
114605,Advances in Social Work,2006,dc/2b72929b15,10.18060/183,B,crossref_search,1.0,match,name,1.0,Effectively working with challenging clients who receive hunger service assistance: Case examples and eight recommended guidelines
114606,Advances in Social Work,2012,dc/e3c67b58d0,10.18060/1882,B,crossref_search,1.0,match,name,1.0,War-related Trauma: Increasing the American GI’s Resilience through Marriage
114607,Advances in Social Work,2017,dc/42e91931ec,10.18060/21305,B,crossref_search,1.0,match,name,1.0,"Perceptions of Recidivism Among Incarcerated Youth: The Relationship Between Exposure to Childhood Trauma, Mental Health Status, and the Protective Effect of Mental Health Services in Juvenile Justice"
114608,Advances in Social Work,2006,dc/11412dc27f,10.18060/115,B,crossref_search,1.0,match,name,1.0,Editorial: Building an International Military Social Work Focus: A Call for Action
114609,Advances in Social Work,2002,dc/cd77429b9b,10.18060/32,B,crossref_search,1.0,match,name,1.0,Equipping Social Workers to Address Spirituality in Practice Settings: AModel Curriculum
114610,Advances in Social Work,2016,dc/de7c4e7d60,10.18060/18372,B,crossref_search,1.0,match,name,1.0,Mapping Dual-Degree Programs in Social Work and Public Health: Results From a National Survey
114611,Advances in Social Work,2009,dc/148190ce70,10.18060/223,B,crossref_search,1.0,match,name,1.0,Social Work in a Developing Continent: The Case of Africa
114612,Advances in Social Work,2007,dc/610a0d3f9c,10.18060/139,B,crossref_search,1.0,match,name,1.0,An Analysis of Afrocentricity as Theory for Social Work Practice
114613,Advances in Social Work,2002,dc/59895a0e16,10.18060/26,B,crossref_search,1.0,match,name,1.0,In the Belly of the Beast: A Case Study of Social Work in a Managed Care Organization
114614,Advances in Social Work,2020,dc/c99aa95512,10.18060/23656,B,crossref_search,1.0,match,name,1.0,Interprofessional Learning Opportunity Regarding Pain and the Opioid Epidemic
114615,Advances in Social Work,2014,dc/279e0f9d6f,10.18060/16441,B,crossref_search,1.0,match,name,1.0,What is the Role of Social Work in China? A Multi-Dimensional Analysis
114616,Advances in Social Work,2014,dc/1a455bc3dd,10.18060/17059,B,crossref_search,1.0,match,name,1.0,Aging in Rural Appalachia: Perspectives from Geriatric Social Service Professionals
114617,Advances in Social Work,2020,dc/1abbce2943,10.18060/23614,B,crossref_search,0.97,match,name,0.6,Teaching Practice Skills to Online MSW Students
114618,Advances in Social Work,2002,dc/5f4134ab41,10.18060/33,B,crossref_search,1.0,match,name,1.0,Social Work Practice Behaviors and Beliefs: Rural-Urban Differences?
114619,Advances in Social Work,2005,dc/0daf4ccce2,10.18060/83,B,crossref_search,1.0,match,name,1.0,The Future of Spirituality in Social Work: The Farther Reaches of Human Nurture
114620,Advances in Social Work,2017,dc/e5601a86b4,10.18060/21167,B,crossref_search,1.0,match,name,1.0,Understanding Sampling and Recruitment in Social Work Dissertation Research
114621,Advances in Social Work,2018,dc/1e919574a0,10.18060/21642,B,crossref_search,1.0,match,name,1.0,Advocating for Structural Change? Exploring the Advocacy Activities of Immigrant-Serving Organizations in an Unwelcoming Policy Context
114622,Advances in Social Work,2020,dc/bdccd195f3,10.18060/24257,B,crossref_search,1.0,match,name,1.0,Celebrating our 20th Anniversary!
114623,Advances in Social Work,2014,dc/f1840aadee,10.18060/12063,B,crossref_search,1.0,match,name,1.0,Social Workers as Civic-Minded Professionals
114624,Advances in Social Work,2017,dc/4d6895b39e,10.18060/21299,B,crossref_search,1.0,match,name,1.0,An Association Between Implementing Trauma-Informed Care and Staff Satisfaction
114625,Advances in Social Work,2018,dc/b19c297bb9,10.18060/21663,B,crossref_search,1.0,match,name,1.0,Using Structural Social Work Theory to Drive Anti-Oppressive Practice With Latino Immigrants
114626,Advances in Social Work,2013,dc/a97f40bb0c,10.18060/3795,B,crossref_search,1.0,match,name,1.0,Colombians in the United States: A Study of Their Well-Being
114627,Advances in Social Work,2005,dc/061152014e,10.18060/75,B,crossref_search,1.0,match,name,1.0,The Future of Multicultural Social Work
114628,Advances in Social Work,2002,dc/64dec80189,10.18060/35,B,crossref_search,1.0,match,name,1.0,Correlates of MSW Students’ Perceptions of Preparedness to Manage Risk and Personal Liability
114629,Advances in Social Work,2012,dc/958eacf1fa,10.18060/1880,B,crossref_search,1.0,match,name,1.0,Lessons Learned in Afghanistan: A Multi-national Military Mental Health Perspective
114630,Advances in Social Work,2012,dc/b56f647974,10.18060/2600,B,crossref_search,1.0,match,name,1.0,Does Personal Distress Mediate the Effect of Mindfulness on Professional Quality of Life?
114631,Advances in Social Work,2013,dc/689d5086ab,10.18060/1941,B,crossref_search,1.0,match,name,1.0,Beyond Social Exchange Theory: A Theoretical Shift for Mentoring Relationships in the Federal Workplace
114632,Advances in Social Work,2009,dc/7a7bc00db3,10.18060/198,B,crossref_search,1.0,match,name,1.0,Modern Social Support Structures: Online Social Networks and their Implications for Social Workers
114633,Advances in Social Work,2006,dc/771f2142a3,10.18060/182,B,crossref_search,1.0,match,name,1.0,Prevention: Making a shadow component a real goal in social work
114634,Advances in Social Work,2016,dc/da2d61276c,10.18060/16428,B,crossref_search,1.0,match,name,1.0,School Social Workers as Response to Intervention Change Champions
114635,Advances in Social Work,2010,dc/06f244dac4,10.18060/897,B,crossref_search,1.0,match,name,1.0,Evidence-Based Practice Questionnaire: A Confirmatory Factor Analysis in a Social Work Sample
114636,Advances in Social Work,2018,dc/0eb5309276,10.18060/21657,B,crossref_search,1.0,match,name,0.5,"Midwestern Service Provider Narratives of Migrant Experiences: Legibility, Vulnerability, and Exploitation in Human Trafficking"
114637,Advances in Social Work,2019,dc/6035254919,10.18060/22414,B,crossref_search,0.97,match,name,1.0,Engaging MSW Students in Policy Practice
114638,Advances in Social Work,2017,dc/c1934d9a78,10.18060/21177,B,crossref_search,1.0,match,name,0.333,Teaching Trauma: A Model for Introducing Traumatic Materials in the Classroom
114639,Advances in Social Work,2007,dc/0405ac1a20,10.18060/143,B,crossref_search,1.0,match,name,1.0,Institutionalization: A Theory of Human Behavior and the Social Environment
114640,Advances in Social Work,2017,dc/7a0c81dca7,10.18060/21548,B,crossref_search,1.0,match,name,1.0,Students’ Perceptions of Service-Learning in an Advanced Research Course
114641,Advances in Social Work,2013,dc/10a104138b,10.18060/3239,B,crossref_search,1.0,match,name,0.0,Reducing Barriers to Career Entry for Latinos: An Examination of Pathways into Social Work
114642,Advances in Social Work,2019,dc/e71574ebda,10.18060/21619,B,crossref_search,1.0,match,name,1.0,Innovative Strategies for Building Community Among Faculty Who Teach in Virtual Environments
114643,Advances in Social Work,2017,dc/9e5b02fee2,10.18060/21239,B,crossref_search,1.0,match,name,1.0,Adding Trauma-Informed Care at a Bereavement Camp to Facilitate Posttraumatic Growth: A Controlled Outcome Study
114644,Advances in Social Work,2014,dc/a6448c52f6,10.18060/15089,B,crossref_search,1.0,match,name,1.0,Collaborative Approaches to Undergraduate Research Training: Information Literacy and Data Management
114645,Advances in Social Work,2020,dc/b2a3f42f02,10.18060/22428,B,crossref_search,0.97,match,name,1.0,"Use of “Comment Bubbles” in a Writing-intensive, Social and Economic Justice Course"
114646,Advances in Social Work,2015,dc/a487b86c42,10.18060/18134,B,crossref_search,1.0,match,name,1.0,Using Technology in Social Work Practice: The mDad (Mobile Device Assisted Dad) Case Study
114647,Advances in Social Work,2013,dc/06c1935913,10.18060/3750,B,crossref_search,1.0,match,name,1.0,The Role of Acculturation in the Civic Engagement of Latino Immigrants
114648,Advances in Social Work,2018,dc/50cf27e901,10.18060/21656,B,crossref_search,1.0,match,name,1.0,A Worthy Reception? Ambivalences in Social Work With Refugees and Migrants in Sweden
114649,Advances in Social Work,2003,dc/f9d4a7fa80,10.18060/47,B,crossref_search,1.0,match,name,1.0,"SocialWork Practice Innovations: Helping Clients Understand, Explore, and Develop Their Friendships"
114650,Advances in Social Work,2010,dc/7c402ec51b,10.18060/581,B,crossref_search,1.0,match,name,1.0,The Breakthrough Series Collaborative on Service Integration: A Mixed Methods Study of a Strengths-Based Initiative
114651,Advances in Social Work,2019,dc/cd68186168,10.18060/21620,B,crossref_search,0.97,match,name,1.0,Social Work Practice and Gun Safety in the United States
114652,Advances in Social Work,2013,dc/b301b25a2a,10.18060/7942,B,crossref_search,1.0,match,name,1.0,The Role of Formal Theory in Social Work Research: Formalizing Family Systems Theory
114653,Advances in Social Work,2012,dc/24f3ba5433,10.18060/1966,B,crossref_search,1.0,match,name,1.0,Development Innovations through Entrepreneurial Microfinance and the Attempt to Achieve the United Nations Millennium Development Goals in Bangladesh
114654,Advances in Social Work,2002,dc/3c9414a407,10.18060/27,B,crossref_search,1.0,match,name,1.0,Evaluating Kinship Care Alternatives: A Comparison of a Private Initiative to Traditional State Services
114655,Advances in Social Work,2000,dc/cfcc23d356,10.18060/104,B,crossref_search,1.0,match,name,1.0,Implementation of the Adoption and Safe Families Act of 1997: The Indiana Experience
114656,Advances in Social Work,2012,dc/cd83ad16ea,10.18060/1963,B,crossref_search,1.0,match,name,1.0,Evaluating the Mental Health Training Needs of Community-based Organizations Serving Refugees
114657,Advances in Social Work,2007,dc/28460addd5,10.18060/132,B,crossref_search,1.0,match,name,1.0,A Critical Review of Theory in Social Work Journals: A Replication Study
114659,Advances in Social Work,2004,dc/4f5b3f61d8,10.18060/63,B,crossref_search,1.0,match,name,1.0,The Struggle to Survive: The Power of Partnerships in the Quest for Nonprofit Sustainability
114660,Advances in Social Work,2018,dc/15464a7ba6,10.18060/21634,B,crossref_search,1.0,match,name,1.0,"Peer Support Groups: Evaluating a Culturally Grounded, Strengths-Based Approach for Work With Refugees"
114661,Advances in Social Work,2006,dc/940becd8a3,10.18060/184,B,crossref_search,1.0,match,name,1.0,A comparative analysis of on-line and classroom-based instructional formats for teaching social work research
114662,Advances in Social Work,2017,dc/d545f49092,10.18060/21282,B,crossref_search,1.0,match,name,1.0,Working With Refugees in the U.S.: Trauma-Informed and Structurally Competent Social Work Approaches
114663,Advances in Social Work,2018,dc/2f0de90c11,10.18060/21635,B,crossref_search,1.0,match,name,1.0,Assessing Refugee Poverty Using Capabilities Versus Commodities: The Case of Afghans in Iran
114664,Advances in Social Work,2011,dc/97b68fa0c1,10.18060/1268,B,crossref_search,1.0,match,name,1.0,Interdisciplinary Service-Learning: Building Student Competencies through the Cross-Cultural Parent Groups Project
114665,Advances in Social Work,2013,dc/6ce38267fc,10.18060/3810,B,crossref_search,1.0,match,name,0.333,The Impact of Immigration Legislations on Latino Families: Implications for Social Work
114666,Advances in Social Work,2007,dc/40e1ba95b6,10.18060/210,B,crossref_search,1.0,match,name,1.0,Social Justice and Lesbian Feminism: Two Theories Applied to Homophobia
114667,Advances in Social Work,2014,dc/3fe1b01a0f,10.18060/16644,B,crossref_search,1.0,match,name,1.0,The Development of International Programs in a School of Social Work
114668,Advances in Social Work,2007,dc/b9e4b7c074,10.18060/211,B,crossref_search,1.0,match,name,1.0,Social Work Practice with Arab Families: The Implications of Spirituality vis-à-vis Islam
114669,Advances in Social Work,2013,dc/194ba194ac,10.18060/3160,B,crossref_search,1.0,match,name,1.0,Peer Review in a Social Policy Course: Lessons Learned
114670,Advances in Social Work,2001,dc/0d7f2b2206,10.18060/10,B,crossref_search,1.0,match,name,1.0,The 2001 Educational Policy and Accreditation Standards: Issues and Opportunities for BSW Education
114671,Advances in Social Work,2004,dc/5aed73853a,10.18060/67,B,crossref_search,1.0,match,name,1.0,Why Conduct a Spiritual Assessment? A Theoretical Foundation for Assessment
114672,Advances in Social Work,2020,dc/4d158802a9,10.18060/23696,B,crossref_search,0.97,match,name,1.0,Educating Children in Our Care
114673,Advances in Social Work,2017,dc/9bcc3ad31d,10.18060/21281,B,crossref_search,1.0,match,name,1.0,"Feasibility, Acceptability, and Clinical Trends of a Mindfulness-Informed Child Welfare Intervention: Implications for Trauma-Focused Practice"
114676,Advances in Social Work,2010,dc/c729daf90e,10.18060/240,B,crossref_search,1.0,match,name,1.0,"Mental Health, Access, and Equity in Higher Education"
114677,Advances in Social Work,2012,dc/3e53fd49e0,10.18060/1874,B,crossref_search,1.0,match,name,1.0,Assessment of PTSD in Older Veterans: The Posttraumatic Stress Disorder Checklist: Military Version (PCL-M)
114679,Advances in Social Work,2013,dc/524511a161,10.18060/2440,B,crossref_search,1.0,match,name,1.0,Reimagining Field Education in Social Work: The Promise Unveiled
114680,Advances in Social Work,2019,dc/2ce22e5de2,10.18060/21640,B,crossref_search,1.0,match,name,1.0,"Perinatal Depression Knowledge, Attitudes, and Beliefs Among Graduate Social Work Students"
114681,Advances in Social Work,2013,dc/a6fb5ae064,10.18060/2125,B,crossref_search,1.0,match,name,1.0,Changes in Illegal Behavior During Emerging Adulthood
114682,Advances in Social Work,2004,dc/1d35c24ea8,10.18060/69,B,crossref_search,1.0,match,name,1.0,Equal Access to Justice in a Rural Western State
114683,Advances in Social Work,2004,dc/e9f29eeaca,10.18060/53,B,crossref_search,1.0,match,name,1.0,Effectiveness of Admission Criteria on Student Performance in Classroom and Field Instruction
114684,Advances in Social Work,2016,dc/5843956822,10.18060/18760,B,crossref_search,1.0,match,name,1.0,Self-care and Professional Quality of Life: Predictive Factors among MSW Practitioners
114685,Advances in Social Work,2012,dc/2fe8002be7,10.18060/2391,B,crossref_search,1.0,match,name,1.0,"Peer Support, Self-efficacy, and Combat-related Trauma Symptoms among Returning OIF/OEF Veterans"
114686,Advances in Social Work,2005,dc/915e7d223c,10.18060/85,B,crossref_search,1.0,match,name,1.0,The Future of Social Work in Aging: “Everything Old is New Again”
114687,Advances in Social Work,2020,dc/92fa35bd4a,10.18060/22622,B,crossref_search,1.0,match,name,1.0,An Emerging Theory to Guide Clinical Social Workers Seeking Change in Regulation of Clinical Social Work
114688,Advances in Social Work,2014,dc/875e04af8d,10.18060/16845,B,crossref_search,1.0,match,name,1.0,The Impact of an Indiana (United States) Drug Court on Criminal Recidivism
114689,Advances in Social Work,2020,dc/d8add546af,10.18060/22608,B,crossref_search,0.97,match,name,1.0,Safety for American Indian Women
114690,Advances in Social Work,2000,dc/7d27c7dbec,10.18060/102,B,crossref_search,1.0,match,name,1.0,Social Workers’ Religiosity and Its Impact on Religious Practice Behaviors
114691,Advances in Social Work,2016,dc/cfb7c1dea5,10.18060/20877,B,crossref_search,1.0,match,name,1.0,Effectively Teaching Social Work Practice Online: Moving Beyond Can to How
114693,Advances in Social Work,2019,dc/c59cac53e1,10.18060/22075,B,crossref_search,0.97,match,name,1.0,Exploring How Practicing Social Workers Define Evidence-Based Practice
114694,Advances in Social Work,2005,dc/24bb2101b6,10.18060/87,B,crossref_search,1.0,match,name,1.0,"The Future of American Families: Implications for Social Work Research, Practice, and Education"
114695,Advances in Social Work,2012,dc/c20c1e9dc0,10.18060/2057,B,crossref_search,1.0,match,name,1.0,"Re-imagining Citizenship, Re-imagining Social Work: U.S. Immigration Policies and Social Work Practice in the Era of AZ SB1070"
114696,Advances in Social Work,2009,dc/49cbaf13bf,10.18060/164,B,crossref_search,1.0,match,name,1.0,Addressing the Mental Health Problems of Chinese International College Students in the United States
114698,Advances in Social Work,2017,dc/230128ff68,10.18060/21308,B,crossref_search,1.0,match,name,1.0,Trauma-Informed Social Work Practice with Women with Disabilities: Working with Survivors of Intimate Partner Violence
114699,Advances in Social Work,2005,dc/299ee1c0cc,10.18060/88,B,crossref_search,1.0,match,name,1.0,The Future of Social Work in Child Welfare
114700,Advances in Social Work,2017,dc/9d8859471a,10.18060/21296,B,crossref_search,1.0,match,name,1.0,Evaluation of a Multi-Phase Trauma-Focused Intervention with Latino Youth
114701,Advances in Social Work,2001,dc/61691e30b6,10.18060/194,B,crossref_search,1.0,match,name,1.0,Perceptions of Welfare Recipient Fraud and Provider Fraud: A 20-Year Follow-Up
114702,Advances in Social Work,2000,dc/d3a53710c9,10.18060/105,B,crossref_search,1.0,match,name,1.0,An Infusion Model for Including Content on Elders with Chronic Illness in the Curriculum
114703,Advances in Social Work,2013,dc/c4d711de5e,10.18060/16232,B,crossref_search,1.0,match,name,1.0,"A ""Seasonal Stew"" -- Food for Thought; Fuel for Action"
114704,Advances in Social Work,2011,dc/45cfd0abbc,10.18060/1315,B,crossref_search,1.0,match,name,1.0,Civic Professionalism: Using Service Learning to Educate Social Work Students as Citizens
114705,Advances in Social Work,2007,dc/8abd8f05c9,10.18060/206,B,crossref_search,1.0,match,name,1.0,Considering Family and Significant Others in the Faculty Recruitment Process: A Study of Social Work Recruiting Practices
114706,Advances in Social Work,2010,dc/41da475dbc,10.18060/669,B,crossref_search,1.0,match,name,1.0,Does Police Intervention in Intimate Partner Violence Work? Estimating the Impact of Batterer Arrest in Reducing Revictimization
114707,Advances in Social Work,2019,dc/ed5d3eebe8,10.18060/22305,B,crossref_search,0.97,match,name,1.0,Depression Education As Primary Prevention
114708,Advances in Social Work,2005,dc/3d1b19fef2,10.18060/92,B,crossref_search,1.0,match,name,1.0,The Future for Social Work in Juvenile and Adult Criminal Justice
114709,Advances in Social Work,2007,dc/e1d9f6562a,10.18060/204,B,crossref_search,1.0,match,name,1.0,The Transformative Power of a Learning Community
114710,Advances in Social Work,2003,dc/9ce2c19ec0,10.18060/45,B,crossref_search,1.0,match,name,1.0,An Outcome Evaluation of Competency Based Training for Child Welfare
114711,Advances in Social Work,2017,dc/5658fbc980,10.18060/21311,B,crossref_search,1.0,match,name,1.0,Implementing Trauma-Informed Care: Recommendations on the Process
114712,Advances in Social Work,2016,dc/286ffb5764,10.18060/21091,B,crossref_search,1.0,match,name,0.0,Innovators and Early Adopters of Distance Education in Social Work
114713,Advances in Social Work,2020,dc/0c81694701,10.18060/22918,B,crossref_search,0.97,match,name,1.0,Knowledge That Changes Social Work Practice
114714,Advances in Social Work,2009,dc/2dcb642be8,10.18060/168,B,crossref_search,1.0,match,name,1.0,Addressing Sexual Minority Issues in Social Work Education: A Curriculum Framework
114715,Advances in Social Work,2019,dc/f73b1a29d8,10.18060/21556,B,crossref_search,0.97,match,name,1.0,Introducing BSW Students to Social Work Supervision Prior to Field
114716,Advances in Social Work,2006,dc/ebcc275c7c,10.18060/121,B,crossref_search,1.0,match,name,1.0,Intrinsic spirituality among Alzheimer’s caretakers: A pathway to resiliency
114718,Advances in Social Work,2002,dc/2d2044ac7d,10.18060/25,B,crossref_search,1.0,match,name,1.0,Keynote Speech: 90th Anniversary Symposium Indiana University School of Social Work
114719,Advances in Social Work,2012,dc/804cc9f311,10.18060/1870,B,crossref_search,1.0,match,name,1.0,Supporting Resilience in the Academic Setting for Student Soldiers and Veterans as an Aspect of Community Reintegration: The Design of the Student Veteran Project Study
114720,Advances in Social Work,2017,dc/30c29b28db,10.18060/21275,B,crossref_search,1.0,match,name,1.0,Destigmatizing Experiences of Combat Veterans Engaged in Civilian Disaster Relief: Implications for Community Transition
114721,Advances in Social Work,2020,dc/bb321c6d5d,10.18060/22629,B,crossref_search,0.97,match,name,1.0,IVF and the Anti-Abortion Movement
114722,Advances in Social Work,2015,dc/b8122b99e0,10.18060/18130,B,crossref_search,1.0,match,name,1.0,The use of geographic information systems (GIS) in conducting a needs assessment of seniors in Collier County
114723,Advances in Social Work,2013,dc/c31ceeddb9,10.18060/4180,B,crossref_search,1.0,match,name,1.0,Identifying Social Service Needs of Muslims Living in a Post 9/11 Era: The Role of Community-Based Organizations
114724,Advances in Social Work,2011,dc/b17a2be327,10.18060/1932,B,crossref_search,1.0,match,name,1.0,"Now You See It, Now You Don't: Faculty and Student Perceptions of Classroom Incivility in a Social Work Program"
114725,Advances in Social Work,2007,dc/4b797a9933,10.18060/205,B,crossref_search,1.0,match,name,1.0,Late Onset of Prescription Drug Abuse or Dependence Among Older Adults: Implications for Treatment
114726,Advances in Social Work,2007,dc/ca32c00c6a,10.18060/128,B,crossref_search,1.0,match,name,1.0,"Using A Semiotic Metatheory for Theory Understanding, Appraisal, and Use: An Illustrative Social Work Translation of the Affect Control Theory of Emotions"
114727,Advances in Social Work,2014,dc/6b06369258,10.18060/16139,B,crossref_search,1.0,match,name,1.0,Attitudes Toward Same-Gender Adoption and Parenting: An Analysis of Surveys from 16 Countries
114728,Advances in Social Work,2000,dc/58882eb491,10.18060/20,B,crossref_search,1.0,match,name,1.0,Faculty-Student Collaboration: Issues and Recommendations
114729,Advances in Social Work,2020,dc/7bfa388a11,10.18060/22647,B,crossref_search,0.97,match,name,1.0,Sustaining Trajectories
114730,Advances in Social Work,2016,dc/21aef0e21f,10.18060/20880,B,crossref_search,1.0,match,name,1.0,Social Media Use in Child Welfare Practice
114731,Advances in Social Work,2001,dc/e628482806,10.18060/189,B,crossref_search,1.0,match,name,1.0,How Are We Doing? Agency/University Collaboration for Assessment of Client Outcomes
114732,Advances in Social Work,2000,dc/675a88d7a9,10.18060/21,B,crossref_search,1.0,match,name,1.0,Economic Modeling in SocialWork Education
114733,Advances in Social Work,2011,dc/e4d9f6828c,10.18060/1871,B,crossref_search,1.0,match,name,1.0,Using Internet-Based Videos as Pedagogical Tools in the Social Work Policy Classroom
114734,Advances in Social Work,2018,dc/26ed8b3cbe,10.18060/21633,B,crossref_search,1.0,match,name,1.0,Mental Health and Psychosocial Needs of Syrian Refugees: A Literature Review and Future Directions
114735,Advances in Social Work,2011,dc/abf531bf0c,10.18060/1843,B,crossref_search,1.0,match,name,1.0,Outpatient Commitment on the Ground: Listening to Consumers and Providers
114736,Advances in Social Work,2018,dc/3d9ef47323,10.18060/21643,B,crossref_search,1.0,match,name,1.0,A Call to Action: Re-imagining Social Work Practice With Unaccompanied Minors
114737,Advances in Social Work,2013,dc/23dfd8769f,10.18060/3766,B,crossref_search,1.0,match,name,1.0,Leadership Development for Latino Community Emancipation: An Integrative Approach in Social Work Education
114738,Advances in Social Work,2005,dc/d1aa613496,10.18060/82,B,crossref_search,1.0,match,name,1.0,Technology Convergence and Social Work: When Case Management Meets Geographic Information
114739,Advances in Social Work,2011,dc/e73fc0da8d,10.18060/468,B,crossref_search,1.0,match,name,1.0,Understanding Fathering among Native-American Men
114740,Advances in Social Work,2004,dc/e1d1f5d411,10.18060/59,B,crossref_search,1.0,match,name,1.0,Using Portfolios: Integrating Learning and Promoting for Social Work Students
114741,Advances in Social Work,2017,dc/77a949991c,10.18060/21448,B,crossref_search,1.0,match,name,1.0,Teaching Statistics to MSW Students: Comparing Credit and Non-Credit Options
114742,Advances in Social Work,2016,dc/89be52ec91,10.18060/18590,B,crossref_search,1.0,match,name,1.0,Moving Social Work Education Forward Through the Application of Neuroscientifically Informed Teaching Practice: A Case Study in Student Engagement Through Art and Multimodal Processing
114743,Advances in Social Work,2007,dc/e2b15ac38f,10.18060/131,B,crossref_search,1.0,match,name,1.0,A Critique of Feminist Theory
114744,Advances in Social Work,2020,dc/d338f55a97,10.18060/23707,B,crossref_search,0.97,match,name,1.0,The Role of Voice Suppression in Case Managers’ Job Satisfaction and Retention
114745,Advances in Social Work,2017,dc/a9cb892a1f,10.18060/21130,B,crossref_search,1.0,match,name,1.0,“I Feel Like I Am Finding Peace”: Exploring the Use of a Combined Art Therapy and Adapted Seeking Safety Program with Refugee Support Groups
114746,Advances in Social Work,2001,dc/4beeb2277d,10.18060/193,B,crossref_search,1.0,match,name,1.0,Healing Rituals for Survivors of Rape
114747,Advances in Social Work,2012,dc/08960c0a69,10.18060/1994,B,crossref_search,1.0,match,name,1.0,“You Make Them Do What?”: A National Survey on Field Seminar Assignments
114748,Advances in Social Work,2017,dc/dba3e8535e,10.18060/21278,B,crossref_search,1.0,match,name,1.0,Identifying Trauma-Related and Mental Health Needs: The Implementation of Screening in California’s Child Welfare Systems
114749,Advances in Social Work,2014,dc/3aa977b655,10.18060/16672,B,crossref_search,1.0,match,name,0.5,Human Sexuality as a Critical Subfield in Social Work
114750,Advances in Social Work,2017,dc/136cbc01d6,10.18060/21551,B,crossref_search,1.0,match,name,1.0,The Dilemma of Spare Embryos After IVF Success: Social Workers’ Role in Helping Clients Consider Disposition Options
114751,Advances in Social Work,2014,dc/ac5aa9d529,10.18060/16667,B,crossref_search,1.0,match,name,1.0,The Origins and Future of Rural Social Work
114752,Advances in Social Work,2012,dc/7921c9c1e9,10.18060/1872,B,crossref_search,1.0,match,name,1.0,Are the Needs of Single Parents Serving in the Air Force Being Met?
114753,Advances in Social Work,2005,dc/68d198a892,10.18060/81,B,crossref_search,1.0,match,name,1.0,The Future of Strengths-Based Social Work
114754,Advances in Social Work,2008,dc/018960a499,10.18060/173,B,crossref_search,1.0,match,name,1.0,Dual Degree Social Work Programs: Where are the Programs and Where are the Graduates?
114755,Advances in Social Work,2010,dc/735e31db86,10.18060/241,B,crossref_search,1.0,match,name,1.0,Information and Communication Technologies in Social Work
114756,Advances in Social Work,2004,dc/9b72350af7,10.18060/61,B,crossref_search,1.0,match,name,1.0,Seeing the Panorama of Social Work
114757,Advances in Social Work,2005,dc/9dd18f2707,10.18060/90,B,crossref_search,1.0,match,name,1.0,Social Work in Health Care in 2025: The Landscape and Paths of Transformation
114758,Advances in Social Work,2017,dc/19f746866d,10.18060/21245,B,crossref_search,1.0,match,name,1.0,Financial Capability and Asset Building: A Transformational Practice Framework
114759,Advances in Social Work,2017,dc/11f46e52d2,10.18060/21298,B,crossref_search,1.0,match,name,1.0,Creating a Trauma-Informed Community Through University-Community Partnerships:An Institute Agenda
114760,Advances in Social Work,2012,dc/8f9a7c75cc,10.18060/1967,B,crossref_search,1.0,match,name,1.0,Local and Global Poverty: Insights Using a Rights-based Approach
114761,Advances in Social Work,2004,dc/97c19f3a73,10.18060/65,B,crossref_search,1.0,match,name,1.0,Cross-cultural Differences in Preferred Forms of Address: Implications for Work with African American Adults
114762,Advances in Social Work,2020,dc/28ae515651,10.18060/22581,B,crossref_search,0.97,match,name,1.0,Emerging Bicultural Views of Fatherhood
114763,Advances in Social Work,2017,dc/c54e650d1f,10.18060/21058,B,crossref_search,1.0,match,name,1.0,The Impact of a Title IV-E Program on Perceived Practice Skills for Child Welfare Students: A Review of Five MSW Cohorts
114764,Advances in Social Work,2012,dc/5ce65d17c5,10.18060/1969,B,crossref_search,1.0,match,name,1.0,Social Work and the Challenges of the Green Economy
114765,Advances in Social Work,2018,dc/85382c217c,10.18060/1984,B,crossref_search,1.0,match,name,1.0,SPECIAL RECOGNITION: The Indiana University School of Social Work: The First 100 Years!
114766,Advances in Social Work,2001,dc/7f64baf306,10.18060/15,B,crossref_search,1.0,match,name,1.0,Developing and Teaching anMSWCapstone Course Using Case Methods of Instruction
114767,Advances in Social Work,2015,dc/85115de708,10.18060/17973,B,crossref_search,1.0,match,name,1.0,If they like it they can take it with them: A mixed methods look at the use of Internet-based instruction of mindfulness meditation with incarcerated youth
114768,Advances in Social Work,2014,dc/f6ddd05227,10.18060/16627,B,crossref_search,1.0,match,name,1.0,Waiting to be Cinderella’d?: Attitudes on Class Differences Among Women
114769,Advances in Social Work,2011,dc/323fa81904,10.18060/599,B,crossref_search,1.0,match,name,1.0,“How do you do it?”: MSW Field Director Survey.
114770,Advances in Social Work,2020,dc/27ce063e73,10.18060/22539,B,crossref_search,0.97,match,name,1.0,Inclusive Education for Children with Intellectual Disability (ID) in Ghana
114771,Advances in Social Work,2015,dc/913f003382,10.18060/18292,B,crossref_search,1.0,match,name,1.0,Developing scales for apps together - youth and municipal case worker perspectives
114772,Advances in Social Work,2005,dc/aefa1303ed,10.18060/93,B,crossref_search,1.0,match,name,1.0,Looking Through the Prisms: A Synthesis of the Futures of Social Work
114774,Advances in Social Work,2008,dc/26a502f48b,10.18060/175,B,crossref_search,1.0,match,name,1.0,An Adult Education Model of Resident Participation: Building Community Capacity and Strengthening Neighborhood-Based Activities in a Comprehensive Community Initiative (CCI).
114775,Advances in Social Work,2020,dc/84b33cb4e0,10.18060/22605,B,crossref_search,0.97,match,name,1.0,American Indian Fragile Families and the Marriage Initiative
114776,Advances in Social Work,2013,dc/1199becc56,10.18060/8767,B,crossref_search,1.0,match,name,1.0,Prevention as an Explicit Part of the Social Work Profession: Part Two of a Systematic Investigation
114777,Advances in Social Work,2001,dc/d344e5b71d,10.18060/190,B,crossref_search,1.0,match,name,1.0,Social Work Programs' Use of the World Wide Web to Facilitate Field Instruction
114778,Advances in Social Work,2014,dc/1b40efff30,10.18060/16642,B,crossref_search,1.0,match,name,1.0,The Evolution and Changing Context of Social Work Education
114780,Advances in Social Work,2019,dc/2f1b72a46a,10.18060/22293,B,crossref_search,1.0,match,name,1.0,Supporting Recruitment and Retention of Young African-American and Hispanic Fathers in Community-Based Parenting Interventions Research
114781,Advances in Social Work,2016,dc/d69cbe17c6,10.18060/20870,B,crossref_search,1.0,match,name,1.0,Longitudinal Student Research Competency: Comparing Online and Traditional Face-to-Face Learning Platforms
114782,Advances in Social Work,2005,dc/b5f9ef900b,10.18060/74,B,crossref_search,1.0,match,name,1.0,The Future of Global Social Work
114783,Advances in Social Work,2000,dc/08ad7b6bd9,10.18060/19,B,crossref_search,1.0,match,name,1.0,Cultural Sensitivity in ATOD Agencies: Administrator and Staff Perceptions in the Hispanic Heartland
114784,Advances in Social Work,2006,dc/c0ea43a719,10.18060/116,B,crossref_search,1.0,match,name,1.0,Theory discussion in social work journals: a preliminary study
114785,Advances in Social Work,2010,dc/91384b187b,10.18060/388,B,crossref_search,1.0,match,name,1.0,“We Have a Lot of Sleeping Parents”: Comparing Inner-City and Suburban High School Teachers’ Experiences with Parent Involvement
114786,Advances in Social Work,2014,dc/74f4ed971a,10.18060/16676,B,crossref_search,1.0,match,name,1.0,A First-Hand Account of Title IV-E Child Welfare Initiatives in Social Work Education and Practice
114788,Advances in Social Work,2004,dc/d73747d863,10.18060/64,B,crossref_search,1.0,match,name,1.0,Factors That Influence Domestic Violence Practice Self-Efficacy: Implications for Social Work
114789,Advances in Social Work,2005,dc/3b25d5dc3e,10.18060/79,B,crossref_search,1.0,match,name,1.0,Social Welfare Policy in an Information Age: New Vision or More of the Same?
114790,Advances in Social Work,2011,dc/37a527448e,10.18060/1869,B,crossref_search,1.0,match,name,1.0,Parent-Child Communication Related to Sexual Health: The Contextual Experiences of Rural Latino Parents and Youth
114791,Advances in Social Work,2017,dc/95f19cd2d4,10.18060/21428,B,crossref_search,1.0,match,name,1.0,"New Em@ncipatory Landscapes? Young People With Intellectual Disabilities, Internet Use, and Identification Processes"
114792,Advances in Social Work,2014,dc/9060d42b4b,10.18060/16677,B,crossref_search,1.0,match,name,1.0,The Profession’s Role in Meeting its Historical Mission to Serve Vulnerable Populations
114793,Advances in Social Work,2020,dc/98e68e0405,10.18060/22957,B,crossref_search,1.0,match,name,1.0,"Secondary Traumatic Stress, Burnout, and Compassion Satisfaction Among Child Advocacy Interdisciplinary Team Members"
114794,Advances in Social Work,2003,dc/4f7f62a858,10.18060/43,B,crossref_search,1.0,match,name,1.0,Is It Possible to Be a “Radical Clinician”?
114795,Advances in Social Work,2003,dc/46de1e9be5,10.18060/46,B,crossref_search,1.0,match,name,1.0,Booked for theWeek: A Survey of the Use of Bibliotherapy by Licensed Clinical Social Workers
114796,Advances in Social Work,2018,dc/416e876a57,10.18060/21644,B,crossref_search,1.0,match,name,1.0,Mitigating Psychological Distress Among Humanitarian Staff Working With Migrants and Refugees: A Case Example
114797,Advances in Social Work,2010,dc/ca2ad2e6b9,10.18060/255,B,crossref_search,1.0,match,name,1.0,Attitudes of Kuwaiti Young Adults toward Marriage and Divorce:
114799,Advances in Social Work,2011,dc/6a06ea10b4,10.18060/672,B,crossref_search,1.0,match,name,1.0,Life is Experienced Until We Die: Effects of Service-Learning on Gerontology Competencies and Attitudes Toward Aging
114800,Advances in Social Work,2013,dc/65a4fd870d,10.18060/3581,B,crossref_search,1.0,match,name,1.0,Parental and Familial Factors Among Latino/a Youths’ Successful Matriculation into Postsecondary Education
114801,Advances in Social Work,2014,dc/227ac07aa9,10.18060/16843,B,crossref_search,1.0,match,name,1.0,Building the Profession’s Research Infrastructure
114802,Advances in Social Work,2013,dc/8ece08c320,10.18060/2227,B,crossref_search,1.0,match,name,1.0,Policymaking Opportunities for Direct Practice Social Workers in Mental Health and Addiction Services
114804,Advances in Social Work,2012,dc/af1698ab36,10.18060/1962,B,crossref_search,1.0,match,name,1.0,"Underlying Motives, Moral Agendas and Unlikely Partnerships: The Formulation of the U.S. Trafficking in Victims Protection Act Through the Data and Voices of Key Policy Players"
114805,Advances in Social Work,2020,dc/8492984d69,10.18060/23600,B,crossref_search,1.0,match,name,1.0,“Just a Job?” An Assessment of Precarious Employment Trajectories by Gender Among Young People in the U.S.
114806,Advances in Social Work,2008,dc/94f6b6e80e,10.18060/172,B,crossref_search,1.0,match,name,1.0,Reflection on teaching effective social work practice for working with Muslim communities
114807,Advances in Social Work,2014,dc/527092e36e,10.18060/16647,B,crossref_search,1.0,match,name,1.0,A Shifting Paradigm – Medical to Interactional Model: A Personal History
114808,Advances in Social Work,2010,dc/740d9a08cd,10.18060/275,B,crossref_search,1.0,match,name,1.0,Employment-Related Salaries and Benefits in Social Work: A Workforce Survey
114809,Advances in Social Work,2004,dc/9d665ac561,10.18060/68,B,crossref_search,1.0,match,name,1.0,Teaching Content on Social Work Practice with Religious Congregations: A Curriculum Module
114810,Advances in Social Work,2000,dc/5bc7b5ddf2,10.18060/22,B,crossref_search,1.0,match,name,1.0,SocialWelfare Policy Changes and SocialWork Practice
114811,Advances in Social Work,2017,dc/0ce93fe33b,10.18060/21455,B,crossref_search,1.0,match,name,1.0,Perceptions of Macro Social Work Education: An Exploratory Study of Educators and Practitioners
114812,Advances in Social Work,2012,dc/1e15b3f9a1,10.18060/1878,B,crossref_search,1.0,match,name,1.0,The Unique Mental Health Needs of Military Women: A Social Work Call to Action
114813,Advances in Social Work,2014,dc/efa4305a81,10.18060/16666,B,crossref_search,1.0,match,name,1.0,Reflections of a Latino in the Social Work Profession
114814,Advances in Social Work,2013,dc/79035683ee,10.18060/8846,B,crossref_search,1.0,match,name,1.0,Working with Lesbian-Headed Families: What Social Workers Need to Know
114815,Advances in Social Work,2012,dc/af572faeae,10.18060/1974,B,crossref_search,1.0,match,name,1.0,Violence Against Women and Asylum Seeking: Global Problems and Local Practices Applied to Guatemalan Women Immigrating for Safety
114816,Advances in Social Work,2013,dc/5d84c9e5b6,10.18060/2953,B,crossref_search,1.0,match,name,1.0,Attitudes Toward Interprofessional Collaboration Among Students in the Health Care Professions
114817,Advances in Social Work,2019,dc/9ba68cd4a1,10.18060/22320,B,crossref_search,0.97,match,name,1.0,Examining Self-Care Among Individuals Employed in Social Work Capacities
114818,Advances in Social Work,2012,dc/b11d775c5f,10.18060/1965,B,crossref_search,1.0,match,name,0.667,Parental Involvement in an Emerging Democracy: The Case of Croatia
114819,Advances in Social Work,2011,dc/35c1811505,10.18060/1840,B,crossref_search,1.0,match,name,1.0,Survivorship and Inheritance Rights for Same-Gender Couples: Relevance to Social Workers
114820,Advances in Social Work,2011,dc/4bc890ec7b,10.18060/1894,B,crossref_search,1.0,match,name,1.0,Towards a Research Agenda for Social Work Practice in Virtual Worlds
114822,Advances in Social Work,2007,dc/37907539d6,10.18060/142,B,crossref_search,1.0,match,name,1.0,Reassembling the Social Environment: A Network Approack to Human Behavior
114823,Advances in Social Work,2000,dc/fb20568100,10.18060/101,B,crossref_search,1.0,match,name,1.0,Ethical Interaction in Cyberspace for Social Work Practice
114825,Advances in Social Work,2011,dc/ac1a353bae,10.18060/671,B,crossref_search,1.0,match,name,1.0,Pura Vida with a Purpose: Energizing Engagement with Human Rights through Service-Learning
114826,Advances in Social Work,2012,dc/3fadbef516,10.18060/1955,B,crossref_search,1.0,match,name,1.0,Perceptions of Administrative and Supervisory Support in Public Child Welfare
114827,Advances in Social Work,2012,dc/c22d426c26,10.18060/1866,B,crossref_search,1.0,match,name,1.0,Social Work in the Department of Defense Hospital: Impact of the Work
114828,Advances in Social Work,2013,dc/f301915f10,10.18060/3809,B,crossref_search,1.0,match,name,1.0,Family Assistance for Older Adults in Puerto Rico
114829,Advances in Social Work,2014,dc/0dd9e5b644,10.18060/17679,B,crossref_search,1.0,match,name,1.0,Are Empathy and Compassion Bad for the Professional Social Worker?
114830,Advances in Social Work,2020,dc/f4497e3fd5,10.18060/22603,B,crossref_search,0.97,match,name,1.0,"Same Problem, Different Policies"
114831,Advances in Social Work,2005,dc/c2cc12b99e,10.18060/80,B,crossref_search,1.0,match,name,1.0,The Future of Evidence-Based Social Work: An Optimistic View?
114832,Advances in Social Work,2014,dc/f855cc6dbf,10.18060/16648,B,crossref_search,1.0,match,name,1.0,Parent Group Education to ENABLE “Barrio” Parents
114833,Advances in Social Work,2010,dc/103f2a3c66,10.18060/346,B,crossref_search,1.0,match,name,1.0,I Found Myself at this Practicum: Student Reflections on Field Education
114834,Advances in Social Work,2012,dc/06c691c944,10.18060/1956,B,crossref_search,1.0,match,name,1.0,Expanding Our Community: Independent and Interdependent Factors Impacting Refugee Successful Community Resettlement
114835,Advances in Social Work,2020,dc/390e8f06cc,10.18060/23686,B,crossref_search,0.97,match,name,1.0,Educating the Next Generation of Human Rights Advocates and Defenders
114836,Advances in Social Work,2017,dc/19d0b48eb9,10.18060/21303,B,crossref_search,1.0,match,name,1.0,Developing Trauma-Informed Care Champions: A Six-Month Learning Collaborative Training Model
114837,Advances in Social Work,2010,dc/790736a2d1,10.18060/580,B,crossref_search,1.0,match,name,1.0,Strategies for Engaging Men as Anti-Violence Allies: Implications for Ally Movements
114838,Advances in Social Work,2013,dc/6b451fc17d,10.18060/3607,B,crossref_search,1.0,match,name,1.0,Spiritual Histories and Latter-day Saints: A Mixed-Method Preliminary Validation Study
114839,Advances in Social Work,2020,dc/91f11c9618,10.18060/22576,B,crossref_search,0.97,match,name,1.0,Political Primacy and MSW Students' Interest in Running for Office
114840,Advances in Social Work,2017,dc/7a7347870d,10.18060/22166,B,crossref_search,1.0,match,name,1.0,The March of Scientific Knowledge in Social Work
114841,Advances in Social Work,2020,dc/03cfabb562,10.18060/23679,B,crossref_search,0.97,match,name,1.0,Creation of a Human Trafficking Course
114842,Advances in Social Work,2012,dc/f7b5b4765f,10.18060/1873,B,crossref_search,1.0,match,name,1.0,Promoting Military Cultural Awareness in an Off-post Community of Behavioral Health and Social Support Service Providers
114843,Advances in Social Work,2014,dc/567144b24e,10.18060/16847,B,crossref_search,1.0,match,name,1.0,Sages of the Profession: Celebration of our Heritage
114844,Advances in Social Work,2017,dc/7cba8889a4,10.18060/21301,B,crossref_search,1.0,match,name,1.0,Male Survivors of Sexual Abuse: Becoming Gender-Sensitive and Trauma-Informed
114845,Advances in Social Work,2001,dc/ecafb6219e,10.18060/11,B,crossref_search,1.0,match,name,1.0,The 2001 Educational Policy and Accreditation Standards: Implications for MSW Programs
114846,Advances in Social Work,2017,dc/b0e5b8e957,10.18060/21323,B,crossref_search,1.0,match,name,1.0,Title IV-E Child Welfare Training and University Partnerships: Transforming State Child Protection Services into a Trauma-Informed System
114847,Advances in Social Work,2020,dc/ba47845a23,10.18060/22624,B,crossref_search,0.97,match,name,1.0,Health Insurance and Youths’ Unmet Health Care Needs
114848,Advances in Social Work,2008,dc/ce1683dfb2,10.18060/144,B,crossref_search,1.0,match,name,1.0,Social Work Practice with Latinos Living with HIV/ AIDS
114849,Advances in Social Work,2014,dc/2b8ece1978,10.18060/16686,B,crossref_search,1.0,match,name,1.0,Influences on Interdisciplinary Collaboration among Social Work and Health Sciences Students
114850,Advances in Social Work,2012,dc/9ede697154,10.18060/2131,B,crossref_search,1.0,match,name,1.0,The Integration of Disability Content into Social Work Education: An Examination of Infused and Dedicated Models
114851,Advances in Social Work,2017,dc/b9af492041,10.18060/21312,B,crossref_search,0.949,match,name,1.0,Trauma Theory and Trauma-Informed Care in Substance Use Disorders: A Conceptual Model for Integrating Coping and Resilience
114852,Advances in Social Work,2005,dc/7e92952d77,10.18060/109,B,crossref_search,1.0,match,name,1.0,Perspectives on the Mission of the Social Work Profession: A Random Survey of NASW Members
114853,Advances in Social Work,2017,dc/b44149a099,10.18060/21283,B,crossref_search,1.0,match,name,0.714,Child Attributions Mediate Relationships Between Violence Exposure and Trauma Symptomology
114854,Advances in Social Work,2013,dc/4631d3c582,10.18060/1990,B,crossref_search,1.0,match,name,1.0,Client Goals and Dreams: Replacing the Norm of Functioning
114855,Advances in Social Work,2005,dc/f6cc7f1f78,10.18060/113,B,crossref_search,1.0,match,name,1.0,Group Work with Parents of Adolescent Sex Offenders: Intervention Guidelines
114856,Advances in Social Work,2020,dc/f9f201aa07,10.18060/22614,B,crossref_search,0.97,match,name,1.0,Creating a Culture of Voting in Direct and Generalist Practice
114857,Advances in Social Work,2005,dc/477b4dbf49,10.18060/78,B,crossref_search,1.0,match,name,1.0,Future of Macro Social Work
114858,Advances in Social Work,2011,dc/57bed5fa8d,10.18060/959,B,crossref_search,1.0,match,name,1.0,Strengths-based Practice and Motivational Interviewing
114859,Advances in Social Work,2012,dc/a9c166d2de,10.18060/1881,B,crossref_search,1.0,match,name,1.0,Child Parent Relationship Training (CPRT): Enhancing Parent-child Relationships for Military Families
114860,Advances in Social Work,2004,dc/6c7254fb73,10.18060/58,B,crossref_search,1.0,match,name,1.0,The Acquisition of Social Work Interviewing Skills in a Web-based and Classroom Instructional Environment: Preliminary Findings
114861,Advances in Social Work,2006,dc/0b3d8b1754,10.18060/120,B,crossref_search,1.0,match,name,1.0,Graduating BSW student attitudes towards vulnerable populations and their preferences towards interventions to serve them
114862,Advances in Social Work,2011,dc/86a21009a5,10.18060/1841,B,crossref_search,1.0,match,name,1.0,End-of-Life Issues in the United States after Terri Schiavo: Implications for Social Work Practice
114863,Advances in Social Work,2010,dc/2a63949ca5,10.18060/246,B,crossref_search,1.0,match,name,1.0,Child Welfare Workers’ Knowledge and Use of a Resilience Approach in Out-of-Home Care
114864,Advances in Social Work,2009,dc/6032a4c18a,10.18060/177,B,crossref_search,1.0,match,name,1.0,Intergenerational Groups: Rediscovering our Legacy
114865,Advances in Social Work,2014,dc/809ae835f0,10.18060/16429,B,crossref_search,1.0,match,name,1.0,Special Needs Adoption and Foster Exigencies (SAFE): A Model for Case Managers
114866,Advances in Social Work,2020,dc/7fa6868125,10.18060/22606,B,crossref_search,1.0,match,name,1.0,Creating a Tool for Assessing Domestic Violence Risk and Impact Among TANF Clients
114867,Advances in Social Work,2011,dc/6663a8d594,10.18060/1318,B,crossref_search,1.0,match,name,1.0,"Service-Learning and Social Work Competency-Based Education: A ""Goodness of Fit""?"
114868,Advances in Social Work,2005,dc/ca58cc8a8e,10.18060/94,B,crossref_search,1.0,match,name,1.0,Mental Health Services in the 21st Century: The Economics and Practice Challenges on the Road to Recovery
114869,Advances in Social Work,2013,dc/ef18369116,10.18060/14637,B,crossref_search,1.0,match,name,1.0,The Evolution of Social Work Ethics: Bearing Witness
114870,Advances in Social Work,2010,dc/22f65bdb4c,10.18060/589,B,crossref_search,1.0,match,name,1.0,Evaluating Qualitative Research for Social Work Practitioners
114871,Advances in Social Work,2018,dc/c598f1e0c9,10.18060/22318,B,crossref_search,0.97,match,name,1.0,Socially Isolated Cambodians in the US
114872,Advances in Social Work,2018,dc/1d87f303a7,10.18060/21622,B,crossref_search,1.0,match,name,1.0,"Refugee Health Education: Evaluating a Community-Based Approach to Empowering Refugee Women in Houston, Texas"
114873,Advances in Social Work,2006,dc/8a5380b5cf,10.18060/181,B,crossref_search,1.0,match,name,1.0,"Investigation of the factor structure of the mental, physical and spiritual well-being scale"
114874,Advances in Social Work,2013,dc/87fb866cab,10.18060/3551,B,crossref_search,1.0,match,name,0.5,Quality of Life of Latina Breast Cancer Survivors: From Silence to Empowerment
114875,Advances in Social Work,2007,dc/6ed59fcc60,10.18060/135,B,crossref_search,1.0,match,name,1.0,Ecological Theory Origin from Natural to Social Science of Vice Versa? A Brief Conceptual History for Social Work
114876,Advances in Social Work,2005,dc/7c11705763,10.18060/73,B,crossref_search,1.0,match,name,1.0,Social Work Values and Ethics: Reflections on the Profession's Odssey
114877,Advances in Social Work,2005,dc/2b7dd2213c,10.18060/112,B,crossref_search,1.0,match,name,1.0,Community Alternatives for Love and Limits (CALL): A community-based family strengthening multi-family intervention program to respond to adolescents at risk
114878,Advances in Social Work,2004,dc/f584de3151,10.18060/57,B,crossref_search,1.0,match,name,1.0,Evaluation of Two Interviewing Skills Measures: An Instrument Validation Study
114879,Advances in Social Work,2001,dc/4cc723bf8d,10.18060/191,B,crossref_search,1.0,match,name,1.0,The Role of Local Governmental Funding in Nonprofit Survival
114880,Advances in Social Work,2000,dc/be867dba0c,10.18060/23,B,crossref_search,1.0,match,name,0.5,Perceptions of Field Instructors: What Skills are Critically Important inManaged Care and Privatized Environments?
114881,Advances in Social Work,2013,dc/aae1ca12fd,10.18060/3743,B,crossref_search,1.0,match,name,1.0,Addressing Older Latinos’ Spiritual Needs in Hospital Settings: Identifying Predictors of Satisfaction
114883,Advances in Social Work,2015,dc/c254415a62,10.18060/18291,B,crossref_search,1.0,match,name,1.0,A Conceptual Framework for Information Technology in Social Work Practice
114884,Advances in Social Work,2014,dc/72099a28d0,10.18060/16842,B,crossref_search,1.0,match,name,1.0,Building the Social Work Workforce: Saving Lives and Families
114885,Advances in Social Work,2018,dc/f8fbea35bb,10.18060/21654,B,crossref_search,1.0,match,name,1.0,The Karen Chemical Dependency Collaboration: Lessons Learned in Using a Collaborative Framework to Promote Refugee Integration
114886,Advances in Social Work,2014,dc/ee1f68d50a,10.18060/17162,B,crossref_search,1.0,match,name,1.0,Age Differences in LGBT Attitudes Toward Marriage Equality
114887,Advances in Social Work,2009,dc/342cbb2c5d,10.18060/219,B,crossref_search,1.0,match,name,1.0,"Research Training, Institutional Support, and Self-Efficacy: Their Impact on Research Activity of Social Workers"
114888,Advances in Social Work,2011,dc/1d76e43e15,10.18060/590,B,crossref_search,1.0,match,name,1.0,Transformational Effects of Service-Learning in a University Developed Community-Based Agency
114889,Advances in Social Work,2020,dc/6dfba2bf9a,10.18060/23667,B,crossref_search,0.97,match,name,1.0,Helping Community Partners Build Capacity within Integrated Behavioral Health
114890,Advances in Social Work,2010,dc/bd85c82a12,10.18060/266,B,crossref_search,1.0,match,name,1.0,Does Ethnicity Matter? Social Workers’ Personal Attitudes and Professional Behaviors in Reporting Child Maltreatment
114891,Advances in Social Work,2017,dc/c2eabebc1e,10.18060/21310,B,crossref_search,1.0,match,name,0.5,Equine-Assisted Psychotherapy: An Emerging Trauma-Informed Intervention
114892,Advances in Social Work,2014,dc/13c6d2fe0d,10.18060/18305,B,crossref_search,1.0,match,name,1.0,Thank You and Good Night
114895,Advances in Social Work,2010,dc/aaa9701279,10.18060/432,B,crossref_search,1.0,match,name,1.0,Let’s Talk About Same Sex: How Social Workers Can Make Judges Listen
114896,Advances in Social Work,2015,dc/6fd98264b6,10.18060/17978,B,crossref_search,1.0,match,name,1.0,Supporting Child Welfare Traineeship Students through an Online Peer Network
114898,Advances in Social Work,2013,dc/a857df16d9,10.18060/2692,B,crossref_search,1.0,match,name,1.0,"Mexican Immigrant Families Under Siege: The Impact of Anti-Immigrant Policies, Discrimination, and the Economic Crisis"
114899,Advances in Social Work,2006,dc/12dcd6ef61,10.18060/178,B,crossref_search,1.0,match,name,1.0,Maximizing response rates in survey research: Issues and methods
114900,Advances in Social Work,2017,dc/f1d1fdde19,10.18060/21531,B,crossref_search,1.0,match,name,0.333,Dual Master of Social Work / Master of Public Health Degrees: Perceptions of Graduates and Field Instructors
114901,Advances in Social Work,2001,dc/feacac8a8d,10.18060/14,B,crossref_search,1.0,match,name,1.0,Assessment of Student Learning in SocialWork Education: The Indiana Model
114902,Advances in Social Work,2008,dc/5aadb518c1,10.18060/51,B,crossref_search,1.0,match,name,1.0,Resilience amid Academic Stress: The Moderating Impact of Social Support among Social Work Students
114903,Advances in Social Work,2012,dc/d11c3196c0,10.18060/1888,B,crossref_search,1.0,match,name,1.0,Build it Together and They will Come: The Case for Community-based Participatory Research with Military Populations
114904,Advances in Social Work,2016,dc/2c5cf4e7a2,10.18060/18428,B,crossref_search,1.0,match,name,0.5,Effectiveness of Strengths-Based Case Management for People with Mental Health Problems in Hong Kong
114905,Advances in Social Work,2006,dc/87620ca36b,10.18060/118,B,crossref_search,1.0,match,name,1.0,Faculty perceptions of curricular deficits in preparing students for practice with Latinos
114906,Advances in Social Work,2007,dc/9507157100,10.18060/137,B,crossref_search,1.0,match,name,1.0,"Complexity Theory, Nonlinear Dynamics, and Change: Augmenting Systems Theory"
114907,Advances in Social Work,2016,dc/55644ccada,10.18060/18526,B,crossref_search,1.0,match,name,1.0,Exploring Challenges Faced by Students as they Transition to Social Justice Work in the “Real World”: Implications for Social Work
114909,Advances in Social Work,2013,dc/d85d4fe062,10.18060/2836,B,crossref_search,1.0,match,name,1.0,Ghanaian BSW Students' Perceptions of Poverty and Social Welfare Policies in Ghana
114910,Advances in Social Work,2020,dc/b710d02ef0,10.18060/23658,B,crossref_search,0.97,match,name,1.0,Michigan State University’s Chance at Childhood Program
114911,Advances in Social Work,2005,dc/a8e50fd3b0,10.18060/91,B,crossref_search,1.0,match,name,1.0,The Future of Social Work Practice in Addictions
114912,Advances in Social Work,2015,dc/3aee441de7,10.18060/18244,B,crossref_search,1.0,match,name,1.0,Electronic information systems and social work: principles of participatory design for social workers
114914,Advances in Social Work,2007,dc/d9b3500807,10.18060/138,B,crossref_search,1.0,match,name,1.0,Life Span and Resiliency Theory: A Critical Review
114915,Advances in Social Work,2017,dc/cce813eb8f,10.18060/21320,B,crossref_search,1.0,match,name,1.0,Interdisciplinary Issues at the Intersection of Assessing and Treating Substance Use Disorders and Post Traumatic Stress Disorder: Clinical Social Work and Clinical Behavioral Analysis with Veterans
114916,Advances in Social Work,2002,dc/b2af25d299,10.18060/30,B,crossref_search,1.0,match,name,1.0,Student-Identified Strengths and Challenges of Using Blackboard for Group Projects in a Social Work Course
114917,Advances in Social Work,2012,dc/41990eae80,10.18060/2051,B,crossref_search,1.0,match,name,1.0,Helping Veterans and Their Families Fight On!
114918,Advances in Social Work,2014,dc/1df84c669c,10.18060/12140,B,crossref_search,1.0,match,name,1.0,Self-Efficacy in Newly-Hired Child Welfare Workers
114919,Advances in Social Work,2017,dc/46a4c1c374,10.18060/21313,B,crossref_search,1.0,match,name,1.0,Implementation of Trauma-Informed Care in a Housing First Program for Survivors of Intimate Partner Violence: A Case Study
114920,Advances in Social Work,2010,dc/2c6c8c0085,10.18060/1444,B,crossref_search,1.0,match,name,1.0,Prevention as an Explicit Part of the Social Work Profession: A Systematic Investigation
114921,Advances in Social Work,2008,dc/5b8d9093a5,10.18060/170,B,crossref_search,1.0,match,name,1.0,Analysis of Violence Against Women Act and the South Asian Immigrants in the United States
114922,Advances in Social Work,2013,dc/9b37a4ec6a,10.18060/12680,B,crossref_search,1.0,match,name,1.0,"The Impact of Socio-Economic, Cultural, Political, and International Factors on Latinos/Latinas in United States"
114924,Advances in Social Work,2012,dc/19961cb568,10.18060/1867,B,crossref_search,1.0,match,name,1.0,Internet-based Spousal Communication during Deployment: Does it Increase Post-deployment Marital Satisfaction?
114925,Advances in Social Work,2013,dc/2c6381d023,10.18060/3739,B,crossref_search,1.0,match,name,1.0,A Conceptual Understanding of Organizational Identity in the Social Media Environment
114927,Advances in Social Work,2020,dc/cb22c3cc4b,10.18060/23464,B,crossref_search,0.97,match,name,1.0,Effect of Government Grants on Private Giving to East Asian Nonprofits
114928,Advances in Social Work,2016,dc/fed04781f3,10.18060/20871,B,crossref_search,1.0,match,name,1.0,Active Learning Strategies and Instructor Presence in An Online Research Methods Course: Can we Decrease Anxiety and Enhance Knowledge?
114929,Advances in Social Work,2016,dc/4616062385,10.18060/18504,B,crossref_search,1.0,match,name,1.0,Preparing Social Work Students for International Interdisciplinary Practice: A Teaching Model and Its Impact on Self-Efficacy
114930,Advances in Social Work,2006,dc/38ee1f1968,10.18060/119,B,crossref_search,1.0,match,name,1.0,Correlates of perceptions of elder’s suffering from depression
114931,Advances in Social Work,2014,dc/84a54dc7e8,10.18060/16477,B,crossref_search,1.0,match,name,1.0,Social Distancing of Depressive and Panic Disorders in an International Sample of Social Work Students
114932,Advances in Social Work,2015,dc/4e8de05f5f,10.18060/18260,B,crossref_search,1.0,match,name,1.0,A Game-based Intervention – a technical tool for social workers to combat Adolescent Dating-Violence
114933,Advances in Social Work,2007,dc/ef203459da,10.18060/130,B,crossref_search,1.0,match,name,1.0,Attachment Theory and the Social Work Curriculum
114934,Advances in Social Work,2010,dc/f665a3c265,10.18060/422,B,crossref_search,1.0,match,name,1.0,The Role of Science in Postmodern Practice
114935,Advances in Social Work,2020,dc/efd7456868,10.18060/23673,B,crossref_search,0.97,match,name,1.0,Utilizing Change Leadership Within Social Work Education to Prioritize and Expand Interprofessional Education in a University Setting
114936,Advances in Social Work,2007,dc/edeb2d78d1,10.18060/201,B,crossref_search,1.0,match,name,0.0,The Internationalization of Doctoral Social Work Education: Learning from a Partnership in Ethiopia
114937,Advances in Social Work,2011,dc/6036d6d366,10.18060/1340,B,crossref_search,1.0,match,name,1.0,The New Color is Green: Social Work Practice and Service-Learning
114938,Advances in Social Work,2020,dc/a33c3057a7,10.18060/23690,B,crossref_search,0.97,match,name,1.0,Social Workers and Public Libraries
114939,Advances in Social Work,2014,dc/174903b199,10.18060/16430,B,crossref_search,1.0,match,name,1.0,"Ethics Do Matter, But Where?"
114940,Advances in Social Work,2013,dc/8b6b05855e,10.18060/3758,B,crossref_search,1.0,match,name,1.0,Acculturation and Life Satisfaction Among Immigrant Mexican Adults
114941,Advances in Social Work,2006,dc/164a66c5db,10.18060/179,B,crossref_search,1.0,match,name,1.0,Political ideologies of social workers: An under explored dimension of practice
114942,Advances in Social Work,2016,dc/40a8035884,10.18060/16671,B,crossref_search,1.0,match,name,0.5,Using Game Theory to Understand Screening for Domestic Violence Under the TANF Family Violence Option
114943,Advances in Social Work,2004,dc/ed6b1e4bb3,10.18060/66,B,crossref_search,1.0,match,name,1.0,Views of Reference List Accuracy from Social Work Journal Editors and Published Authors
114944,Advances in Social Work,2020,dc/bf5cae59eb,10.18060/23661,B,crossref_search,1.0,match,name,1.0,Social Work Students’ Attitudes and Skills Self-Efficacy Toward Collaborative Practice Improve After Interprofessional Opioid Use Disorder Case Discussion
114945,Advances in Social Work,2008,dc/6b16334487,10.18060/5,B,crossref_search,1.0,match,name,1.0,Convergence of a strengths perspective and youth development: Toward youth promotion practice
114946,Advances in Social Work,2017,dc/fb2693f89e,10.18060/21287,B,crossref_search,1.0,match,name,1.0,Trauma-Exposed Infants and Toddlers: A Review of Impacts and Evidence-Based Interventions
114947,Advances in Social Work,2013,dc/6c29f0257d,10.18060/3052,B,crossref_search,1.0,match,name,1.0,Common Elements Across Evidence-Based Trauma Treatment: Discovery and Implications
114948,Advances in Social Work,2012,dc/b3f1c68386,10.18060/1964,B,crossref_search,1.0,match,name,0.5,In the Wake of Japan’s Triple Disaster: Rebuilding Capacity through International Collaboration
114949,Advances in Social Work,2005,dc/68194cb651,10.18060/72,B,crossref_search,1.0,match,name,1.0,Social Work Education: A Future Of Strength Or Peril
114950,Advances in Social Work,2013,dc/8857f391b2,10.18060/8805,B,crossref_search,1.0,match,name,1.0,Same-Gender Marriage: Implications for Social Work Practitioners
114951,Advances in Social Work,2005,dc/81d26f4c3c,10.18060/84,B,crossref_search,1.0,match,name,1.0,Social Work Practice and People with Disabilities: Our Future Selves
114952,Advances in Social Work,2012,dc/deba542066,10.18060/1937,B,crossref_search,1.0,match,name,1.0,Urban Heat Islands and Social Work: Opportunities for Intervention
114953,Advances in Social Work,2000,dc/31047403f9,10.18060/16,B,crossref_search,1.0,match,name,1.0,AISW Editorial
114954,Advances in Social Work,2007,dc/911a26ca45,10.18060/141,B,crossref_search,1.0,match,name,1.0,Theory for the Public Good? Social Capital Theory in Social Work Education
114955,Advances in Social Work,2011,dc/ff941e3c97,10.18060/1896,B,crossref_search,1.0,match,name,1.0,Social Workers' Role in the Disproportionality of African American Students in Special Education
114957,Advances in Social Work,2014,dc/795e443c29,10.18060/8766,B,crossref_search,1.0,match,name,1.0,"Engaging Families, Building Relationships: Strategies for Working Across Systems from a Social Exchange Perspective"
114958,Advances in Social Work,2013,dc/f6dce4580d,10.18060/3811,B,crossref_search,1.0,match,name,1.0,Voces de los Menores Inmigrantes en el Sistema de Cuidado Sustituto de Puerto Rico
114959,Advances in Social Work,2012,dc/b9de790411,10.18060/1890,B,crossref_search,1.0,match,name,0.0,Military Social Work Thinking in South Africa
114960,Advances in Social Work,2013,dc/6274113eae,10.18060/3502,B,crossref_search,1.0,match,name,1.0,Leadership in Social Work Education: Sustaining Collaboration and Mission
114961,Advances in Social Work,2016,dc/cbd0e36865,10.18060/18407,B,crossref_search,1.0,match,name,1.0,"Lifelong Learning in Social Work: A Qualitative Exploration with Practitioners, Students, and Field Instructors"
114962,Advances in Social Work,2013,dc/a747a03c3b,10.18060/5227,B,crossref_search,1.0,match,name,1.0,The Disproportionality of HIV Transmission Among Black Men Who Have Sex with Men (BMSM): Recommendations for an Effective Prevention Model
114963,Advances in Social Work,2001,dc/60ff838186,10.18060/188,B,crossref_search,1.0,match,name,1.0,Identity and Multicultural Social Work Research: A Reflection in Process
114964,Advances in Social Work,2006,dc/be68df1f60,10.18060/122,B,crossref_search,1.0,match,name,1.0,Exploring the state of religious diversity in social work education
114965,Advances in Social Work,2002,dc/7a11c8d1bc,10.18060/34,B,crossref_search,1.0,match,name,1.0,Online Social Work Practice: Issues and Guidelines for the Profession
114966,Advances in Social Work,2014,dc/2b53c3e6cb,10.18060/15692,B,crossref_search,1.0,match,name,1.0,The Effectiveness of Writing Across the Curriculum in a Baccalaureate Social Work Program: Students’ Perceptions
114969,Advances in Social Work,2015,dc/2102cbcdd7,10.18060/18133,B,crossref_search,1.0,match,name,1.0,Risky Business: Applying Ethical Standards to Social Media Use with Vulnerable Populations
114970,Advances in Social Work,2008,dc/32783ec904,10.18060/169,B,crossref_search,1.0,match,name,1.0,Post 9-11 Terror Hysteria: Social Work Practice and The US Patriot Act
114971,Advances in Social Work,2012,dc/156e1e6f59,10.18060/1976,B,crossref_search,1.0,match,name,1.0,‘Doing’ Social Work: Critical Considerations on Theory and Practice in Social Work
114972,Advances in Social Work,2004,dc/4f6b24e150,10.18060/48,B,crossref_search,1.0,match,name,1.0,Special Issue Editorial
114974,Advances in Social Work,2019,dc/7ec68993ec,10.18060/21590,B,crossref_search,0.97,match,name,1.0,Reaching Young People Through Texting-Based Crisis Counseling
114975,Advances in Social Work,2018,dc/2521503ee5,10.18060/21731,B,crossref_search,1.0,match,name,1.0,Culturally Effective Practice With Refugees in Community Health Centers: An Exploratory Study
114976,Advances in Social Work,2015,dc/c5e7891510,10.18060/18259,B,crossref_search,1.0,match,name,1.0,Communication Technology Integration into Social Work Practice
114977,Advances in Social Work,2011,dc/19eb714cea,10.18060/1949,B,crossref_search,1.0,match,name,1.0,Exploring Empathy Embedded in Ethics Curricula: A Classroom Inquiry
114978,Advances in Social Work,2017,dc/ce9247ba58,10.18060/21204,B,crossref_search,1.0,match,name,1.0,You Learn What You Live: Prevalence of Childhood Adversity in the Lives of Juveniles Arrested for Sexual Offenses
114979,Advances in Social Work,2017,dc/aa37d85e46,10.18060/21292,B,crossref_search,1.0,match,name,1.0,"Equine-Facilitated Therapy and Trauma: Current Knowledge, Future Needs"
114980,Advances in Social Work,2020,dc/61b10486c1,10.18060/24406,B,crossref_search,1.0,match,name,0.5,Leveraging the Power of Social Work through Interprofessional Education
114981,Advances in Social Work,2017,dc/23047f0921,10.18060/21235,B,crossref_search,1.0,match,name,1.0,“We Pride Ourselves on Being Strong…and Able to Bear a lot”: Examining the Socio-Cultural and Historical Context of Black Americans’ Experiences with Depression and Help-Seeking
114982,Advances in Social Work,2012,dc/cb2191ca3e,10.18060/1942,B,crossref_search,1.0,match,name,1.0,Training for my Life: Lived Experiences of Dislocated Workers in an Advanced Manufacturing Training Program
114983,Advances in Social Work,2012,dc/e253533c1f,10.18060/1961,B,crossref_search,1.0,match,name,1.0,An Interdisciplinary Approach to Developing Innovative Teaching Strategies For Responding to Global Disaster Disasters
114985,Advances in Social Work,2020,dc/89913d0896,10.18060/22579,B,crossref_search,0.97,match,name,0.333,Dual Master of Social Work – Master of Public Health (MSW/MPH)
114986,Advances in Social Work,2014,dc/c2eb2a2f65,10.18060/16643,B,crossref_search,1.0,match,name,1.0,The Strengths Model: Birth to Toddlerhood
114987,Advances in Social Work,2019,dc/a7bb818669,10.18060/22321,B,crossref_search,0.97,match,name,1.0,From Nuisances to Neighbors
114988,Advances in Social Work,2002,dc/136ca55e62,10.18060/37,B,crossref_search,1.0,match,name,1.0,Substance Abuse and Suicidal Behavior inWomen Ages 30 to 39 Years
114989,Advances in Social Work,2009,dc/ac0c659ed2,10.18060/196,B,crossref_search,1.0,match,name,1.0,Child Welfare Workers’ Connectivity to Resources and Youth’s Receipt of Services
114990,Advances in Social Work,2014,dc/414b33a831,10.18060/16645,B,crossref_search,1.0,match,name,1.0,A Half-Century of Social Work Research: Advances and New Challenges
114991,Advances in Social Work,2009,dc/dbea163fb0,10.18060/225,B,crossref_search,1.0,match,name,1.0,The Effect of Statutory Regulations on Social Workers’ Decisions to Report Child Maltreatment
114992,Advances in Social Work,2013,dc/79014127ed,10.18060/12782,B,crossref_search,1.0,match,name,1.0,Ruth Irelan Knee: Influencing Progress in Mental Health
114993,Advances in Social Work,2017,dc/94af981703,10.18060/21394,B,crossref_search,1.0,match,name,1.0,Competency Curriculum Intervention: Student Task Self-Efficacy and Attitudes in Child Welfare
114994,Advances in Social Work,2015,dc/9d5e6e5e5a,10.18060/18132,B,crossref_search,1.0,match,name,1.0,Challenges and Opportunities of Using Digital Storytelling as a Trauma Narrative Intervention for Traumatized Children
114995,Advances in Social Work,2013,dc/f5a03d8749,10.18060/3772,B,crossref_search,1.0,match,name,1.0,Carolina del Norte and the New South: Social Work Practice with New Latino Immigrant Communities
114996,Advances in Social Work,2016,dc/8b3dbdc9c2,10.18060/18302,B,crossref_search,1.0,match,name,1.0,Engaged Teaching-Learning: Outcome Evaluation for Social Work Students in a Graduate-Level Service Learning Research Course
114997,Advances in Social Work,2004,dc/bf5b0cd85c,10.18060/50,B,crossref_search,1.0,match,name,1.0,Gatekeeping Prior to Point of Entry
114998,Advances in Social Work,2013,dc/806b52d507,10.18060/3874,B,crossref_search,1.0,match,name,0.5,Culturally-Attuned Mentoring for Graduating Latina/o Social Workers to Foster Career Advancement
114999,Advances in Social Work,2002,dc/f491bc8284,10.18060/28,B,crossref_search,1.0,match,name,1.0,African-Americans and Clinical Trials Research: Recommendations for Client Engagement
115000,Advances in Social Work,2011,dc/c6ce175df5,10.18060/1905,B,crossref_search,1.0,match,name,1.0,The Dialectic Method: A Critical and Postmodern Alternative to the Scientific Method
115001,Advances in Social Work,2017,dc/dc7807f57b,10.18060/21243,B,crossref_search,1.0,match,name,1.0,Integrating a Trauma-Informed Care Perspective in Baccalaureate Social Work Education: Guiding Principles
115002,Advances in Social Work,2001,dc/b558fe1295,10.18060/12,B,crossref_search,1.0,match,name,1.0,The 2001 Educational Policy and Accreditation Standards: The Value of Research Revisited
115003,Advances in Social Work,2016,dc/b1952b17a0,10.18060/18426,B,crossref_search,1.0,match,name,1.0,United They’re Cited: Impact of a Social Work Coauthor Network
115004,Advances in Social Work,2007,dc/b9eac2e1da,10.18060/134,B,crossref_search,1.0,match,name,1.0,A Lesson on Social Role Theory: An Example of Human Behavior in the Social Environment Theory
115005,Advances in Social Work,2004,dc/a9a77271e7,10.18060/54,B,crossref_search,1.0,match,name,1.0,Assessment as Learning: The Role of Minor Assignment in Teaching and Learning
115007,Advances in Social Work,2000,dc/7ccbf5827f,10.18060/103,B,crossref_search,1.0,match,name,1.0,"Asset Building: integrating Research, Education and Practice"
115008,Advances in Social Work,2016,dc/7242be13d0,10.18060/20822,B,crossref_search,1.0,match,name,1.0,Are MSW Admissions Models Working? An analysis of MSW Admissions Models as Predictors of Student Success
115009,Advances in Social Work,2017,dc/3851d3d302,10.18060/21624,B,crossref_search,1.0,match,name,1.0,Participants’ Perspectives of a Worksite Wellness Program Using an Outcome-Based Contingency Approach
115010,Advances in Social Work,2013,dc/422bcb20d1,10.18060/1858,B,crossref_search,1.0,match,name,1.0,The Use and Value of Mixed Methods Research in Social Work
115011,Advances in Social Work,2004,dc/9c32ecac82,10.18060/56,B,crossref_search,1.0,match,name,1.0,Using Technology to Evaluate a Web-Based Clinical Social Work Research Course
115014,Advances in Social Work,2001,dc/ac928c794a,10.18060/8,B,crossref_search,1.0,match,name,1.0,Indiana University School of Social Work: 90 Years of Professional Education
115015,Advances in Social Work,2017,dc/8d52bfcb70,10.18060/21427,B,crossref_search,1.0,match,name,1.0,Epistemic Injustice: Towards Uncovering Knowledge of Bisexual Realities in Social Work Research
115016,Advances in Social Work,2011,dc/694bb00cda,10.18060/1885,B,crossref_search,1.0,match,name,1.0,"Lawyers are counselors, too: Social workers can train lawyers to more effectively counsel clients"
115018,Advances in Social Work,2018,dc/8636573f70,10.18060/21678,B,crossref_search,1.0,match,name,1.0,Environmental Migration: Social Work at the Nexus of Climate Change and Global Migration
115019,Advances in Social Work,2011,dc/0beb4717cd,10.18060/1897,B,crossref_search,1.0,match,name,1.0,"Paying Project Participants: Dilemmas in Research with Poor, Marginalized Populations"
115020,Advances in Social Work,2020,dc/8fe3e6b03b,10.18060/22526,B,crossref_search,0.988,match,name,1.0,Survey of the Mobile Phone-Based Interventions for Violence Prevention Among Women
115021,Advances in Social Work,2003,dc/9dc79395f8,10.18060/44,B,crossref_search,1.0,match,name,1.0,A Portal for a School of Social Work: Going for the Edge
115022,Advances in Social Work,2020,dc/ac93253594,10.18060/23678,B,crossref_search,0.97,match,name,1.0,Meeting the Grand Challenges in a Rural Community
115023,Advances in Social Work,2000,dc/1bd4edc10b,10.18060/18,B,crossref_search,1.0,match,name,1.0,Power in The People: Strengths and Hope
115024,Advances in Social Work,2020,dc/5cebcc088f,10.18060/22631,B,crossref_search,1.0,match,name,1.0,Analyzing Social Policy from a Network Perspective
115025,Advances in Social Work,2020,dc/46d50eb051,10.18060/23381,B,crossref_search,0.97,match,name,1.0,"“Culture-Bearer, Culture-Sharer, Culture-Changer”"
115026,Advances in Social Work,2012,dc/464f8b97df,10.18060/1891,B,crossref_search,1.0,match,name,1.0,Social Work with Veterans in Rural Communities: Perceptions of Stigma as a Barrier to Accessing Mental Health Care
115027,Advances in Social Work,2012,dc/e168c8b2ac,10.18060/1877,B,crossref_search,1.0,match,name,1.0,Gendered Immigration: Implications and Impact on Social Work Education
115029,Advances in Social Work,2006,dc/47038ff275,10.18060/117,B,crossref_search,1.0,match,name,1.0,"Finding identity, security, and meaning in a pressured environment: the tornado model"
115030,Advances in Social Work,2017,dc/eef8206e61,10.18060/21338,B,crossref_search,1.0,match,name,0.333,Assessing Receptivity to Empirically Supported Treatments in Rape Crisis Centers
115031,Advances in Social Work,2020,dc/c010f40803,10.18060/22609,B,crossref_search,1.0,match,name,1.0,"Clinical Social Workers, Gender, and Perceptions of Political Participation"
115032,Advances in Social Work,2012,dc/5239c909bd,10.18060/2042,B,crossref_search,1.0,match,name,1.0,Developing the Social Empathy Index: An Exploratory Factor Analysis
115033,Advances in Social Work,2007,dc/c60470bf12,10.18060/133,B,crossref_search,1.0,match,name,1.0,Analysis of Social Work Theory Progression Published in 2004
115034,Advances in Social Work,2007,dc/38eb33e2c5,10.18060/129,B,crossref_search,1.0,match,name,0.0,Motivational Interviewing: A Theoretical Framework for the Study of Human Behavior and the Social Environment
115036,Advances in Social Work,2000,dc/6182d07361,10.18060/106,B,crossref_search,1.0,match,name,1.0,Effect of Urban Poverty on Parents’ Expectation of their Children’s Achievement
115037,Advances in Social Work,2016,dc/ec647e60fc,10.18060/17470,B,crossref_search,1.0,match,name,1.0,Mapping Community Capitals: A Potential Tool for Social Work
115038,Advances in Social Work,2015,dc/f5ff69e1e0,10.18060/17952,B,crossref_search,1.0,match,name,1.0,#AdvocatingForChange: The Strategic Use of Hashtags in Social Media Advocacy
115039,Advances in Social Work,2009,dc/58c89e899b,10.18060/230,B,crossref_search,1.0,match,name,0.5,Toward Building a Culture of Strengths in U.S. MSW Programs
115040,Advances in Social Work,2009,dc/df632f7c59,10.18060/236,B,crossref_search,1.0,match,name,1.0,Virtual Worlds and Social Work Education: Potentials for “Second Life”
115041,Advances in Social Work,2009,dc/b90a8800ad,10.18060/209,B,crossref_search,1.0,match,name,1.0,Clinical Social Workers: Advocates for Social Justice
115042,Advances in Social Work,2001,dc/027e57331c,10.18060/186,B,crossref_search,1.0,match,name,1.0,AISW Guest Editorial
115043,Advances in Social Work,2020,dc/30b88db43d,10.18060/22535,B,crossref_search,0.97,match,name,1.0,Self-Change in Facilitating Empowerment
115044,Advances in Social Work,2014,dc/699cd6ad56,10.18060/16678,B,crossref_search,1.0,match,name,1.0,Reemergence of Policy Practice: A Journey Back to our Roots
115045,Advances in Social Work,2001,dc/1824c5f1c4,10.18060/192,B,crossref_search,1.0,match,name,1.0,"Issues in the Seclusion and Restraint of Juveniles: Policy, Practice and Possibilities"
115046,Advances in Social Work,2005,dc/3129e903f6,10.18060/71,B,crossref_search,1.0,match,name,1.0,The Future of Social Work as a Profession
115047,Advances in Social Work,2013,dc/ec1768d2e9,10.18060/2691,B,crossref_search,1.0,match,name,1.0,Social Workers as Senior Executives: Does Academic Training Dictate Leadership Style?
115048,Advances in Social Work,2008,dc/729c241541,10.18060/161,B,crossref_search,1.0,match,name,1.0,Longitudinal evaluation of outcomes for youth with serious emotional disturbance during two years of Children’s Psychosocial Rehabilitation
115049,Advances in Social Work,2014,dc/c4250ea670,10.18060/16646,B,crossref_search,1.0,match,name,1.0,The Professionalization of Baccalaureate-Level Social Work
115050,Advances in Social Work,2013,dc/3993c8213d,10.18060/3040,B,crossref_search,1.0,match,name,1.0,Social Networks That Promote Well-Being Among Latino Migrant Day Laborers
115051,Advances in Social Work,2007,dc/e6e68d4dc7,10.18060/136,B,crossref_search,1.0,match,name,1.0,Kinship Ties: Attachment Relationships that Promote Resilience in African American Adult Children of Alcoholics
115052,Advances in Social Work,2012,dc/614bcd2dd5,10.18060/1938,B,crossref_search,1.0,match,name,1.0,Fair Trade as a Community Development Initiative: Local and Global Implications
115053,Advances in Social Work,2009,dc/919deb5822,10.18060/197,B,crossref_search,1.0,match,name,1.0,Examining Predictors of Social Work Students’ Critical Thinking Skills
115054,Advances in Social Work,2020,dc/b737418494,10.18060/23602,B,crossref_search,0.97,match,name,1.0,Integrating Social Work Into Interprofessional Education
115055,Advances in Social Work,2009,dc/4c065fb2f9,10.18060/77,B,crossref_search,1.0,match,name,1.0,Exploring the Impact and Implications of Residential Mobility: From the Neighborhood to the School
115056,Advances in Social Work,2005,dc/3575294744,10.18060/114,B,crossref_search,1.0,match,name,1.0,The spiritual competence scale: validating a population specific measure of cultural competence with a faith-based sample
115058,Advances in Social Work,2012,dc/7ce37e2e2e,10.18060/1876,B,crossref_search,1.0,match,name,1.0,Problem-based Learning Strategies for Teaching Military Social Work Practice Behaviors: Review and Evaluation
115059,Advances in Social Work,2008,dc/dbc32e7fe8,10.18060/4,B,crossref_search,1.0,match,name,1.0,Online Practice Course Development with Action Research: A Case Example
115061,Advances in Social Work,2018,dc/75b8921400,10.18060/21650,B,crossref_search,1.0,match,name,1.0,Conversation Club: A Promising Practice in Youth Mentoring of Migrants and Refugees
115062,Advances in Social Work,2013,dc/68b4741d10,10.18060/3735,B,crossref_search,1.0,match,name,1.0,"Globalization, Inequality, and Transnational Activism: A Case Study on Chile"
115063,Advances in Social Work,2008,dc/9e99c10dfb,10.18060/174,B,crossref_search,1.0,match,name,1.0,Attachment and Alternatives: Theory in Child Welfare Research
115064,Advances in Social Work,2005,dc/b4bd658188,10.18060/89,B,crossref_search,1.0,match,name,1.0,The Future of School Social Work Practice: Current Trends and Opportunities
115065,Advances in Social Work,2016,dc/0dc35f3456,10.18060/20875,B,crossref_search,1.0,match,name,1.0,Community Building in a Virtual Teaching Environment
115066,Advances in Social Work,2012,dc/528b4f4a30,10.18060/1970,B,crossref_search,1.0,match,name,1.0,Adaptations of Truth and Reconciliation Commissions in the North American Context: Local Examples of a Global Restorative Justice Intervention
115068,Advances in Social Work,2007,dc/36fb712602,10.18060/208,B,crossref_search,1.0,match,name,1.0,Social Work in Natural Disasters: The Case of Spirituality and Post-traumatic Growth
115069,Advances in Social Work,2018,dc/f1051664dd,10.18060/21664,B,crossref_search,1.0,match,name,1.0,Interventions Supporting the Social Integration of Refugee Children and Youth in School Communities: A Review of the Literature
115070,Advances in Social Work,2005,dc/004b84ab0c,10.18060/86,B,crossref_search,1.0,match,name,1.0,The Future of Rural Social Work
115071,Advances in Social Work,2015,dc/d8e2cb2f7a,10.18060/17977,B,crossref_search,1.0,match,name,1.0,Developing Ethical Guidelines for Creating Social Media Technology Policy in Social Work Classrooms
115072,Advances in Social Work,2020,dc/8f60d50fa9,10.18060/22899,B,crossref_search,1.0,match,name,1.0,Transformative Learning and Inclusion in a Global Social Work Course
115073,Advances in Social Work,2016,dc/d9e6b91525,10.18060/18502,B,crossref_search,1.0,match,name,0.667,Postpartum Depression and the Affordable Care Act: Recommendations for Social Work Educators
115076,Advances in Social Work,2012,dc/81e02a94cc,10.18060/1952,B,crossref_search,1.0,match,name,1.0,Advancing Discussion of Federal Faith-based Social Service Policies through Overview and Application of Established Health Services Research Models
115078,Advances in Social Work,2010,dc/0c5d3b1eff,10.18060/267,B,crossref_search,1.0,match,name,1.0,Developing a Pedagogy of ITV Teaching Experience through a Teaching Circle
115079,Advances in Social Work,2016,dc/def22ebbfe,10.18060/18357,B,crossref_search,1.0,match,name,0.333,Bulletproofing the Psyche: Mindfulness Interventions in the Training Environment to Improve Resilience in the Military and Veteran Communities
115080,Advances in Social Work,2019,dc/4a25bf6bac,10.18060/22333,B,crossref_search,0.97,match,name,1.0,"Student, Faculty, and Field Instructor Approaches to SBIRT Implementation"
115081,Advances in Social Work,2010,dc/72824eb2df,10.18060/262,B,crossref_search,1.0,match,name,1.0,Spirituality and Older Adults: Ethical Guidelines to Enhance Service Provision
115082,Advances in Social Work,2006,dc/31872ae7eb,10.18060/185,B,crossref_search,1.0,match,name,1.0,Integrating learning community principles and strategies for enhancing academic and social agency partnerships in social work education
115083,Advances in Social Work,2013,dc/6a8f4c89e8,10.18060/3742,B,crossref_search,1.0,match,name,1.0,"Workers, Education, and Social Change in Brazil"
115084,Advances in Social Work,2009,dc/f5b143dc95,10.18060/235,B,crossref_search,1.0,match,name,1.0,A Social Work Model of Empathy
115085,Advances in Social Work,2016,dc/12d4e299cd,10.18060/20874,B,crossref_search,1.0,match,name,1.0,Facilitating social work role plays in online courses: The use of video conferencing
115086,Advances in Social Work,2013,dc/cfa3138415,10.18060/2514,B,crossref_search,1.0,match,name,1.0,Emerging Leaders Project: Connecting University Resources to Community-Based Organizations Supporting Refugee Resettlement
115088,Advances in Social Work,2018,dc/8dd954a465,10.18060/21639,B,crossref_search,1.0,match,name,1.0,"Seeking Refuge: An Exploration of Unaccompanied Women, Minors from Somalia and Families from Pakistan Experiences of Services in Bangkok, Thailand"
115089,Advances in Social Work,2004,dc/745bbfcaa2,10.18060/49,B,crossref_search,1.0,match,name,1.0,Sequencing Tasks in Developing an Accredited Social Work Program and Assessing Program Outcomes
115090,Advances in Social Work,2018,dc/ed17ee6ee4,10.18060/21716,B,crossref_search,1.0,match,name,1.0,Challenges to Family Unity and Opportunities for Promoting Child Welfare in an Increasingly Punitive Immigration Landscape
115091,Advances in Social Work,2015,dc/31f286e750,10.18060/17112,B,crossref_search,1.0,match,name,1.0,Are MOOCs the next trend in social work?: Implications for practice education
115096,Journal of Comparative Social Work,2024,dc/ce00c85157,10.31265/jcsw.v19i1.624,B,crossref_search,0.97,match,name,1.0,Caseworkers on the digital streets
115100,Journal of Comparative Social Work,2025,dc/5c8f8e3a3f,10.31265/jcsw.v20i1.726,B,crossref_search,0.97,match,name,1.0,"Political Contestations, Human Rights Violations and the Human Victims in Uganda"
115101,Journal of Comparative Social Work,2021,dc/27c0d442c2,10.31265/jcsw.v16i2.382,B,crossref_search,0.97,match,name,1.0,The Impact of COVID-19 on Social Work Practice in Canada
115102,Journal of Comparative Social Work,2015,dc/37a329abbe,10.31265/jcsw.v10i2.132,B,crossref_search,0.97,match,name,1.0,Social workers’ construction of “family” in Cuban context
115106,Journal of Comparative Social Work,2015,dc/590a71a27c,10.31265/jcsw.v10i2.131,B,crossref_search,0.97,match,name,1.0,Are we right to blame it all on colonialism?
115107,Journal of Comparative Social Work,2021,dc/b3815d6115,10.31265/jcsw.v16i2.395,B,crossref_search,0.97,match,name,1.0,Downward spirals to vulnerability
115112,Journal of Comparative Social Work,2012,dc/1a7d1eed65,10.31265/jcsw.v7i2.86,B,crossref_search,1.0,match,name,1.0,Comparing dispositifs in Bismarckian Welfare States
115114,Journal of Comparative Social Work,2020,dc/ffb670b0ab,10.31265/jcsw.v15i1.320,B,crossref_search,0.97,match,name,1.0,Immigrant family socialization
115118,Journal of Comparative Social Work,2025,dc/69c62cb0de,10.31265/jcsw.v20i1.730,B,crossref_search,0.97,match,name,0.714,Engaged Scholarship through Community Social Labs
115123,Journal of Comparative Social Work,2016,dc/3d60ce6b19,10.31265/jcsw.v11i2.140,B,crossref_search,0.97,match,name,1.0,"Making sense, discovering what works…"
115124,Journal of Comparative Social Work,2021,dc/29441a296e,10.31265/jcsw.v16i1.373,B,crossref_search,0.97,match,name,1.0,Activating the person in the changing situation
115125,Journal of Comparative Social Work,2007,dc/9f5863742d,10.31265/jcsw.v2i1.28,B,crossref_search,0.97,match,name,1.0,Social Welfare and Social Work Education In Canada
115129,Journal of Comparative Social Work,2016,dc/d32175ba01,10.31265/jcsw.v11i1.137,B,crossref_search,0.97,match,name,1.0,"‘Teach, reduce and discharge’"
115130,Journal of Comparative Social Work,2013,dc/f3342281bf,10.31265/jcsw.v8i1.95,B,crossref_search,0.97,match,name,1.0,Memories from the frontline
115132,Journal of Comparative Social Work,2008,dc/a58d4ee79e,10.31265/jcsw.v3i1.38,B,crossref_search,0.97,match,name,1.0,Lessons and Challenges of Social Work Practice
115135,Journal of Comparative Social Work,2013,dc/3dd92b50dd,10.31265/jcsw.v8i1.93,B,crossref_search,1.0,match,name,1.0,Participants’ home as an interview context when studying sensitive family issues
115136,Journal of Comparative Social Work,2018,dc/0ab7d9d5bd,10.31265/jcsw.v13i1.157,B,crossref_search,0.97,match,name,1.0,'She knew he would murder her’
115141,Journal of Comparative Social Work,2025,dc/5dede0bc90,10.31265/jcsw.v20i1.755,B,crossref_search,0.97,match,name,1.0,Intersections between Ubuntu and Social Work in Humanitarian Settings in Uganda
115144,Journal of Comparative Social Work,2021,dc/113c7d7dc9,10.31265/jcsw.v16i1.367,B,crossref_search,0.97,match,name,1.0,Four decades of Brazilian and international research on street children
115146,Journal of Comparative Social Work,2018,dc/20181752bf,10.31265/jcsw.v13i1.159,B,crossref_search,0.97,match,name,1.0,'He said he was going to kill me'
115153,Journal of Comparative Social Work,2008,dc/491f60a2c3,10.31265/jcsw.v3i1.36,B,crossref_search,0.97,match,name,1.0,Can they be compared?
115160,Journal of Comparative Social Work,2021,dc/dfaa7ce372,10.31265/jcsw.v16i2.393,B,crossref_search,0.97,match,name,1.0,Business as Usual in Unusual Times
115163,Journal of Comparative Social Work,2011,dc/3f6a5e7cfe,10.31265/jcsw.v6i2.70,B,crossref_search,0.97,match,name,1.0,Social Work in Ghana
115164,Journal of Comparative Social Work,2015,dc/2de9ce112d,10.31265/jcsw.v10i2.130,B,crossref_search,0.97,match,name,0.333,Self-efficacy in protecting oneself against HIV transmission
115166,Journal of Comparative Social Work,2013,dc/19f30ccf1a,10.31265/jcsw.v8i1.94,B,crossref_search,0.97,match,name,1.0,Social work in municipalities
115172,Journal of Comparative Social Work,2025,dc/c4ef5732f5,10.31265/jcsw.v19i2.832,B,crossref_search,1.0,match,name,1.0,Work inclusion as part of social work
115173,Journal of Comparative Social Work,2025,dc/12982c1102,10.31265/jcsw.v20i1.905,B,crossref_search,1.0,match,name,1.0,Decolonizing Social Work in Africa
115174,Journal of Comparative Social Work,2024,dc/2796532cfa,10.31265/jcsw.v18i2.765,B,crossref_search,1.0,match,name,1.0,Eclecticism in child welfare
115177,Journal of Comparative Social Work,2016,dc/8793daddb0,10.31265/jcsw.v11i1.135,B,crossref_search,0.97,match,name,1.0,Investigating the social relations of human service provision
115182,Journal of Comparative Social Work,2009,dc/0095c510ea,10.31265/jcsw.v4i1.48,B,crossref_search,0.97,match,name,1.0,The use of Triangulation in Social Sciences Research
115184,Journal of Comparative Social Work,2020,dc/95bd5393b5,10.31265/jcsw.v15i2.314,B,crossref_search,0.97,match,name,1.0,Navigating the multifaceted landscape of culture and social work
115186,Journal of Comparative Social Work,2012,dc/e21d4f9e6b,10.31265/jcsw.v7i1.83,B,crossref_search,0.97,match,name,1.0,Implementing social policy
115188,Journal of Comparative Social Work,2015,dc/b7d3559d8a,10.31265/jcsw.v10i1.120,B,crossref_search,0.97,match,name,1.0,Narratives from parents in England and Norway
115190,Journal of Comparative Social Work,2025,dc/8abab4a453,10.31265/jcsw.v20i1.736,B,crossref_search,0.97,match,name,1.0,Navigating Tensions between Indigenous Norms and International Frameworks Protecting Women from Gender-Based Violence in Tanzania
115193,Journal of Comparative Social Work,2011,dc/f2bf0c148c,10.31265/jcsw.v6i1.55,B,crossref_search,0.97,match,name,1.0,Exploring tentative lives
115194,Journal of Comparative Social Work,2024,dc/2354f52c88,10.31265/jcsw.v19i1.727,B,crossref_search,0.97,match,name,1.0,"Bildung, capabilities, human freedom and human flourishing"
115196,Journal of Comparative Social Work,2023,dc/43390fbcac,10.31265/jcsw.v18i2.547,B,crossref_search,0.97,match,name,0.6,Welfare regimes and social workers' conceptions of social problems and professional roles
115197,Journal of Comparative Social Work,2011,dc/7c1f492370,10.31265/jcsw.v6i2.71,B,crossref_search,0.97,match,name,1.0,A Troubled Past
115199,Journal of Comparative Social Work,2020,dc/4f399dc7b5,10.31265/jcsw.v15i1.312,B,crossref_search,0.97,match,name,1.0,The establishment (and disestablishment) of social work in Britain
115200,Journal of Comparative Social Work,2006,dc/fe8a0ccec3,10.31265/jcsw.v1i1.21,B,crossref_search,1.0,match,name,1.0,Exploring reality through new lenses
115206,Journal of Comparative Social Work,2016,dc/a7126242d3,10.31265/jcsw.v11i1.134,B,crossref_search,0.97,match,name,1.0,Special rights within universal welfare
115209,Journal of Comparative Social Work,2021,dc/c380efe468,10.31265/jcsw.v16i1.366,B,crossref_search,0.97,match,name,1.0,The significance of interprofessional and interagency collaboration in reintegration after prison
115210,Journal of Comparative Social Work,2017,dc/3404ff0356,10.31265/jcsw.v12i1.147,B,crossref_search,0.97,match,name,1.0,Do we need cross border education?
115211,Journal of Comparative Social Work,2009,dc/1e8e6e6c4b,10.31265/jcsw.v4i1.42,B,crossref_search,1.0,match,name,1.0,Discourses Within and About Social Work
115213,Journal of Comparative Social Work,2018,dc/78300ea13c,10.31265/jcsw.v13i1.162,B,crossref_search,0.97,match,name,1.0,Categories and orthodoxies in studies on culture and femicide
115214,Journal of Comparative Social Work,2009,dc/9e86f4b8ee,10.31265/jcsw.v4i1.43,B,crossref_search,0.97,match,name,1.0,Family Therapy and Young Abusers
115216,Journal of Comparative Social Work,2012,dc/5b3d8bd8f9,10.31265/jcsw.v7i1.79,B,crossref_search,1.0,match,name,1.0,Building Healthy Northern Communities Through Strengthening Capacity
115223,Journal of Comparative Social Work,2016,dc/5790f34b77,10.31265/jcsw.v11i2.142,B,crossref_search,1.0,match,name,1.0,Understanding implementation in complex public organizations – implication for practice
115226,Journal of Comparative Social Work,2009,dc/8b516c9fa6,10.31265/jcsw.v4i1.45,B,crossref_search,0.97,match,name,1.0,The challenges of doing gender research in developing countries
115230,Journal of Comparative Social Work,2025,dc/2664e7a90f,10.31265/jcsw.v20i1.711,B,crossref_search,0.97,match,name,1.0,Experiences of child sexual abuse survivors with formal child protection systems
115231,Journal of Comparative Social Work,2013,dc/bda7657276,10.31265/jcsw.v8i2.104,B,crossref_search,0.97,match,name,1.0,"The financial crisis and recent family policy reforms in Finland, Germany and the United Kingdom"
115233,Journal of Comparative Social Work,2007,dc/e874048345,10.31265/jcsw.v2i1.30,B,crossref_search,0.97,match,name,1.0,Street Children Discourses in Russia and Cuba
115236,Journal of Comparative Social Work,2014,dc/2976abfb61,10.31265/jcsw.v9i1.113,B,crossref_search,1.0,match,name,1.0,Life as Moving Towards the Other
115239,Journal of Comparative Social Work,2008,dc/26ab32581d,10.31265/jcsw.v4i1.44,B,crossref_search,0.97,match,name,1.0,“My experience in life is that you should be careful with most people and not trust them too much”
115240,Journal of Comparative Social Work,2012,dc/21c79e43e8,10.31265/jcsw.v7i1.77,B,crossref_search,0.97,match,name,1.0,Social Work Education Canada’s North
115243,Journal of Comparative Social Work,2013,dc/28bbf85456,10.31265/jcsw.v8i2.101,B,crossref_search,0.97,match,name,1.0,"""You child is just wonderful!”"
115246,Journal of Comparative Social Work,2025,dc/8109114cab,10.31265/jcsw.v19i2.664,B,crossref_search,1.0,match,name,0.6,Work Hazards and Social Class among ‘successful’ ALMP-Participants in Norway
115251,Journal of Comparative Social Work,2011,dc/053435543d,10.31265/jcsw.v6i2.69,B,crossref_search,0.97,match,name,1.0,Professional work in the squeeze
115255,Journal of Comparative Social Work,2010,dc/f246419e23,10.31265/jcsw.v5i2.63,B,crossref_search,0.97,match,name,1.0,A Comparative Analysis of Social Work in Vietnam and Canada
115256,Journal of Comparative Social Work,2012,dc/48576dd7a2,10.31265/jcsw.v7i2.89,B,crossref_search,0.97,match,name,1.0,Adult Workers in Theory or Practice?
115257,Journal of Comparative Social Work,2019,dc/4cf75e31de,10.31265/jcsw.v14i2.245,B,crossref_search,0.97,match,name,0.0,Responding to Child Maltreatment
115259,Journal of Comparative Social Work,2008,dc/60f425257c,10.31265/jcsw.v3i1.37,B,crossref_search,1.0,match,name,1.0,A cultural approach to social work studies
115264,Journal of Comparative Social Work,2016,dc/8bef6f0992,10.31265/jcsw.v11i1.136,B,crossref_search,1.0,match,name,1.0,In-between discourses: Early intervention and diversity in the Norwegian kindergarten sector
115265,Journal of Comparative Social Work,2021,dc/557b89f856,10.31265/jcsw.v16i2.401,B,crossref_search,0.97,match,name,1.0,Key Competencies in Social Work through Field Placement
115266,Journal of Comparative Social Work,2012,dc/75e1685956,10.31265/jcsw.v7i2.85,B,crossref_search,0.97,match,name,1.0,The Normative Impact of Unemployment Insurance
115268,Journal of Comparative Social Work,2010,dc/5b856f7210,10.31265/jcsw.v5i1.52,B,crossref_search,0.97,match,name,1.0,Social care going market
115272,Journal of Comparative Social Work,2023,dc/7bffeb1f8c,10.31265/jcsw.v18i2.690,B,crossref_search,0.97,match,name,1.0,Migrant healthcare assistants’ decision to work in long-term care
115275,Journal of Comparative Social Work,2018,dc/c3418fe36b,10.31265/jcsw.v13i1.158,B,crossref_search,0.97,match,name,1.0,Femicide in a small Nordic welfare society
115276,Journal of Comparative Social Work,2022,dc/70855a4673,10.31265/jcsw.v16i2.490,B,crossref_search,1.0,match,name,1.0,Special Issue on Social Work in the Time of COVID-19
115278,Journal of Comparative Social Work,2015,dc/cfa0245160,10.31265/jcsw.v10i1.122,B,crossref_search,0.97,match,name,1.0,Social work and families in child welfare in Malawi
115280,Journal of Comparative Social Work,2020,dc/6a844ac5fe,10.31265/jcsw.v15i1.284,B,crossref_search,0.97,match,name,1.0,Social work bachelor students’ knowledge awareness during field practice
115281,Journal of Comparative Social Work,2025,dc/fac3184dbd,10.31265/jcsw.v19i2.657,B,crossref_search,0.97,match,name,1.0,‘I feel good here’
115289,Journal of Comparative Social Work,2020,dc/2f5381425d,10.31265/jcsw.v15i1.316,B,crossref_search,0.97,match,name,1.0,How I became homeless
115290,Journal of Comparative Social Work,2023,dc/bea7a5a259,10.31265/jcsw.v18i1.583,B,crossref_search,0.97,match,name,1.0,Local self-governments and SDG-16
115292,Journal of Comparative Social Work,2018,dc/696e6b310b,10.31265/jcsw.v13i2.176,B,crossref_search,0.97,match,name,1.0,Successful Collaboration in Social Care Practice
115293,Journal of Comparative Social Work,2007,dc/0ca8cdc657,10.31265/jcsw.v2i1.29,B,crossref_search,0.97,match,name,1.0,Internationalizing Higher Education
115298,Journal of Comparative Social Work,2025,dc/5034dc2d75,10.31265/jcsw.v19i2.667,B,crossref_search,0.97,match,name,1.0,‘I hope the doctor will send something black-or-white’.
115301,Journal of Comparative Social Work,2013,dc/e57a8ae3cf,10.31265/jcsw.v8i2.100,B,crossref_search,0.97,match,name,1.0,Criteria of implementing feeding assistance robots in disability care
115302,Journal of Comparative Social Work,2018,dc/94e988eaf2,10.31265/jcsw.v13i1.160,B,crossref_search,0.97,match,name,1.0,Professionals’ support role for survivors of femicide and relatives of victims
115307,Journal of Comparative Social Work,2019,dc/b46b0c6eb7,10.31265/jcsw.v14i2.248,B,crossref_search,0.97,match,name,1.0,Care Descriptions at Work
115315,Journal of Comparative Social Work,2016,dc/a0eb2c3220,10.31265/jcsw.v11i1.138,B,crossref_search,0.97,match,name,1.0,Exploring the social relations of Roma employability
115316,Journal of Comparative Social Work,2017,dc/93435cc5a8,10.31265/jcsw.v12i2.151,B,crossref_search,1.0,match,name,1.0,Rethinking Vocational Rehabilitation through Institutional Ethnography
115321,Journal of Comparative Social Work,2018,dc/3ff82a22f7,10.31265/jcsw.v13i2.174,B,crossref_search,0.97,match,name,1.0,Conceptualization of Culture and Ethnicity within Social Work in Two Indigenous Communities
115322,Journal of Comparative Social Work,2016,dc/2c5c284102,10.31265/jcsw.v11i2.141,B,crossref_search,0.97,match,name,1.0,Adolescents’ Subjective Views about Interprofessional Team Participation
115324,Journal of Comparative Social Work,2009,dc/2a46acc7e4,10.31265/jcsw.v4i1.47,B,crossref_search,0.97,match,name,1.0,Was your father a problem drinker?
115326,Journal of Comparative Social Work,2025,dc/a7e4d8477d,10.31265/jcsw.v20i1.706,B,crossref_search,1.0,match,name,0.6,Self-care and Productive Ageing Practices among Rural Pensioned Retired Primary School Teachers in Tanzania
115327,Journal of Comparative Social Work,2025,dc/4fe2c027c2,10.31265/jcsw.v19i2.663,B,crossref_search,0.97,match,name,1.0,Iterations of work inclusion beyond the standard service
115333,Journal of Comparative Social Work,2025,dc/ff484a21c8,10.31265/jcsw.v20i1.733,B,crossref_search,0.97,match,name,1.0,Economic Participation among Older People
115339,Journal of Comparative Social Work,2024,dc/addb130181,10.31265/jcsw.v19i1.614,B,crossref_search,0.97,match,name,1.0,Citizens’ experiences of enablers and barriers to obtaining digital citizenship
115340,Journal of Comparative Social Work,2017,dc/34a699e8af,10.31265/jcsw.v12i2.153,B,crossref_search,0.97,match,name,1.0,The Norwegian Ombudsman for Children on child participation
115342,Journal of Comparative Social Work,2013,dc/00d22f8bda,10.31265/jcsw.v8i1.92,B,crossref_search,1.0,match,name,1.0,Online and face-to-face role-play simulations in promoting social work students’ argumentative problem solving
115345,Journal of Comparative Social Work,2017,dc/56d3f6fff0,10.31265/jcsw.v12i1.145,B,crossref_search,0.97,match,name,1.0,Constructing Family from a Social Work Perspective in Child Welfare
115348,Journal of Comparative Social Work,2020,dc/8329d6bfda,10.31265/jcsw.v15i2.304,B,crossref_search,0.97,match,name,1.0,Community Work as Opposition
115349,Journal of Comparative Social Work,2019,dc/41b1b64351,10.31265/jcsw.v14i1.233,B,crossref_search,0.97,match,name,1.0,‘The meaning of my life will always be to defend our Motherland’
115351,Journal of Comparative Social Work,2011,dc/a8c1a7b397,10.31265/jcsw.v6i1.57,B,crossref_search,0.97,match,name,1.0,You will never again be a Chilean like the others
115354,Journal of Comparative Social Work,2019,dc/74e8d42b39,10.31265/jcsw.v14i1.232,B,crossref_search,0.97,match,name,1.0,Citizenship in social work in Brazil
115355,Journal of Comparative Social Work,2009,dc/e607a10a0d,10.31265/jcsw.v4i1.46,B,crossref_search,0.97,match,name,1.0,Close but not too close. Distant but not too distant
115356,Journal of Comparative Social Work,2011,dc/a94b9d9e10,10.31265/jcsw.v6i2.73,B,crossref_search,0.97,match,name,1.0,The courage to face yourself
115357,Journal of Comparative Social Work,2023,dc/40c06b1c43,10.31265/jcsw.v18i1.571,B,crossref_search,0.97,match,name,1.0,Professionalism and faith
115359,Journal of Comparative Social Work,2025,dc/5663bddfbb,10.31265/jcsw.v19i2.671,B,crossref_search,0.97,match,name,1.0,Between governance and local knowledge
115362,Journal of Comparative Social Work,2022,dc/8807241837,10.31265/jcsw.v17i1.403,B,crossref_search,0.97,match,name,1.0,' Maybe I can go back to school in a few weeks'
115366,Journal of Comparative Social Work,2007,dc/4ac5d96d53,10.31265/jcsw.v2i1.33,B,crossref_search,0.97,match,name,1.0,Female Well-Being
115367,Journal of Comparative Social Work,2012,dc/62c50c0ca1,10.31265/jcsw.v7i2.87,B,crossref_search,0.97,match,name,1.0,Integration through activation?
115369,Journal of Comparative Social Work,2010,dc/0ed18b81ca,10.31265/jcsw.v5i1.61,B,crossref_search,0.97,match,name,1.0,Company welfare and social work ethics: a space for social work?
115370,Journal of Comparative Social Work,2013,dc/da9a08ca86,10.31265/jcsw.v8i2.103,B,crossref_search,0.97,match,name,1.0,To tell the right story
115371,Journal of Comparative Social Work,2022,dc/75e0a97ecd,10.31265/jcsw.v17i2.461,B,crossref_search,0.97,match,name,1.0,More than health care
115373,Journal of Comparative Social Work,2020,dc/90b6c0020b,10.31265/jcsw.v15i2.309,B,crossref_search,0.97,match,name,1.0,Two tales of community work
115374,Journal of Comparative Social Work,2025,dc/12655cbcbe,10.31265/jcsw.v20i1.744,B,crossref_search,0.97,match,name,1.0,The Role of Social Work in Empowering People Living with HIV (PLHIV) for Poverty Alleviation in the Huye District in Rwanda
115377,Journal of Comparative Social Work,2021,dc/b241044f00,10.31265/jcsw.v16i1.368,B,crossref_search,0.97,match,name,1.0,Mothering Practices in Cambodia
115378,Journal of Comparative Social Work,2011,dc/9aa9cdb3a5,10.31265/jcsw.v6i1.56,B,crossref_search,0.97,match,name,1.0,Studying sensitive and contradictory family situations
115380,Journal of Comparative Social Work,2022,dc/b427e5e15f,10.31265/jcsw.v17i2.572,B,crossref_search,0.97,match,name,1.0,Gender-based Violence and the Nordic Paradox:
115382,Journal of Comparative Social Work,2023,dc/b61ed7f27f,10.31265/jcsw.v18i2.570,B,crossref_search,0.97,match,name,1.0,User involvement or aspirations management?
115384,Journal of Comparative Social Work,2008,dc/9ac88c27cc,10.31265/jcsw.v3i1.34,B,crossref_search,0.97,match,name,1.0,"Poverty, Public Assistance and Single Mothers"
115389,Journal of Comparative Social Work,2015,dc/1c643ff189,10.31265/jcsw.v9i1.110,B,crossref_search,1.0,match,name,1.0,Assessment in Child Protection : social workers' voices in England and Norway
115458,Social Work-Maatskaplike Werk,2023,dc/7429eab6de,10.15270/59-4-1166,B,crossref_search,1.0,match,name,1.0,RETHINKING “CHARITY BEGINS AT HOME
115519,Social Work-Maatskaplike Werk,2016,dc/28b7543f52,10.15270/52-2-505,B,crossref_search,1.0,match,name,1.0,PRAKTYKOPLEIERS SE PERSEPSIES VAN MAATSKAPLIKE¬WERK-PRAKTYKOPLEIDING
115526,Social Work-Maatskaplike Werk,2015,dc/eb3ef53310,10.15270/51-2-447,B,crossref_search,1.0,match,name,1.0,AN ASSESSMENT OF THE NEED OF POLICE OFFICIALS FOR TRAUMA INTERVENTION PROGRAMMES – A QUALITATIVE APPROACH
115561,Social Work-Maatskaplike Werk,2020,dc/0c2707b055,10.15270/56-1-792,B,crossref_search,1.0,match,name,1.0,"I DRANK BECAUSE I WANTED TO DEAL WITH THE FRUSTRATION”: EXPLAINING ALCOHOL CONSUMPTION DURING PREGNANCY IN A LOW-RESOURCE SETTING – WOMEN’S, PARTNERS AND FAMILY MEMBERS’ NARRATIVES"
115584,Social Work-Maatskaplike Werk,2015,dc/6289c80114,10.15270/51-2-439,B,crossref_search,1.0,match,name,0.25,ADOLESCENTS’ LIVED EXPERIENCES OF THEIR PREGNANCY AND PARENTING IN A SEMI-RURAL COMMUNITY IN THE WESTERN CAPE
115649,Social Work-Maatskaplike Werk,2015,dc/c9f5b19123,10.15270/52-1-476,B,crossref_search,1.0,match,name,1.0,AN EVALUATION OF THE COMMUNITY-BASED CARE AND SUPPORT SERVICES FOR OLDER PERSONS IN A SPECIFIC COMMUNITY
115710,Social Work-Maatskaplike Werk,2013,dc/c07a206122,10.15270/49-4-39,B,crossref_search,1.0,match,name,0.0,HOW PREPARED ARE SOCIAL WORK PRACTITIONERS FOR BEGINNERS’ PRACTICE? REFLECTIONS OF NEWLY QUALIFIED BSW GRADUATES
115718,Social Work-Maatskaplike Werk,2015,dc/ef7a2e367f,10.15270/52-1-480,B,crossref_search,1.0,match,name,1.0,CHALLENGES FACED BY UNACCOMPANIED MINOR-REFUGEES IN SOUTH AFRICA
115723,Social Work-Maatskaplike Werk,2013,dc/2a51e09c0f,10.15270/49-1-74,B,crossref_search,1.0,match,name,1.0,DIE PERSEPSIES EN ROL VAN MAATSKAPLIKE WERKERS TEN OPSIGTE VAN MENSEHANDEL
115749,Social Work-Maatskaplike Werk,2015,dc/b5a01dab8b,10.15270/52-1-478,B,crossref_search,1.0,match,name,1.0,ENABLING FACTORS FOR THE EXISTENCE OF WASTE PICKERS: A SYSTEMATIC REVIEW
115750,Social Work-Maatskaplike Werk,2016,dc/67d46ce62b,10.15270/52-3-513,B,crossref_search,1.0,match,name,1.0,PARENTS’ UNDERSTANDING OF TEMPERAMENT AND PREFERENCE FUNCTIONS OF THEIR CHILDREN
115754,Social Work-Maatskaplike Werk,2013,dc/cca05ba557,10.15270/49-2-68,B,crossref_search,1.0,match,name,1.0,DIE SUBJEKTIEWE ERVARING VAN DEPRESSIE ONDER SUID-AFRIKAANSE VROUE IN ’N LAE-INKOMSTE GEMEENSKAP
115787,Social Work-Maatskaplike Werk,2015,dc/98b4c8c3d7,10.15270/52-1-479,B,crossref_search,1.0,match,name,1.0,"SUBJECTIVITIES OF SURVIVAL: CONCEPTUALISING JUST RESPONSES TO DISPLACEMENT, CROSS-BORDER MIGRATION AND STRUCTURAL VIOLENCE IN SOUTH AFRICA"
115792,Social Work-Maatskaplike Werk,2014,dc/a99d1f2b90,10.15270/50-4-386,B,crossref_search,1.0,match,name,0.333,SOCIAL WORK STUDENTS’ EXPERIENCE AND MANAGEMENT OF COUNTERTRANSFERENCE
115835,Social Work-Maatskaplike Werk,2015,dc/2460c6110d,10.15270/52-1-483,B,crossref_search,1.0,match,name,1.0,POLICE SOCIAL WORK IN SOUTH AFRICA
115889,Social Work-Maatskaplike Werk,2015,dc/1d9b75075d,10.15270/52-1-482,B,crossref_search,1.0,match,name,1.0,PEER RISK AND PROTECTIVE FACTORS IN ADOLESCENCE: IMPLICATIONS FOR DRUG USE PREVENTION
115909,Social Work-Maatskaplike Werk,2003,dc/8b3ff306a4,10.15270/38-4-1430,B,crossref_search,0.941,match,name,0.0,INDIGENOUS PRACTICE: SOME INFORMED GUESSES –SELF-EVIDENT BUT IMPOSSIBLE
115921,Social Work-Maatskaplike Werk,2015,dc/cb06fee239,10.15270/52-1-477,B,crossref_search,1.0,match,name,1.0,PERSPECTIVES OF PATIENTS AND CAREGIVERS ON THE LOGISTICAL BARRIERS TO PROVIDING MENTAL HEALTH SERVICES IN UGANDA
115924,Social Work-Maatskaplike Werk,2017,dc/35ed12bf73,10.15270/53-2-523,B,crossref_search,1.0,match,name,1.0,"TOWARDS AN UNDERSTANDING OF MOTHERS’ DREAM, DESIGN AND DESTINY PROCESSES IN THEIR RELATIONSHIP WITH THEIR CHILDREN IN A LOW SOCIO-ECONOMIC ENVIRONMENT: AN APPRECIATIVE INQUIRY"
115942,Social Work-Maatskaplike Werk,2020,dc/bde9916081,10.15270/56-2-819,B,crossref_search,1.0,match,name,1.0,RE-POSITIONING SOCIAL WORK IN THE AGENDA TO DEAL WITH VIOLENCE AGAINST WOMEN AND SOUTH AFRICA’S TRIPLE CHALLENGES
115972,Social Work-Maatskaplike Werk,2015,dc/50ece1b0f9,10.15270/52-1-481,B,crossref_search,1.0,match,name,1.0,OUR BROTHERS’ KEEPERS: SIBLINGS ABUSING CHEMICAL SUBSTANCES LIVING WITH NON-USING SIBLINGS
116148,Global Social Work / Trabajo Social Global,2015,dc/7b1aaf9eeb,10.30827/tsg-gsw.v5i9.3582,B,crossref_search,1.0,match,issn,1.0,Aprendizaje basado en problemas sociales desde una perspectiva interdisciplinar: dilemas éticos de la intervención social
116149,Global Social Work / Trabajo Social Global,2017,dc/d4e07c954a,10.30827/tsg-gsw.v7i13.5701,B,crossref_search,1.0,match,issn,1.0,La identidad de la diversidad funcional en la comunicación mediada por la tecnología
116150,Global Social Work / Trabajo Social Global,2021,dc/ef84e573ac,10.30827/tsg-gsw.v11.15735,B,crossref_search,1.0,match,issn,1.0,Dirección Vital. Propuesta de análisis para la detección de capacidades espirituales en la intervención social
116152,Global Social Work / Trabajo Social Global,2016,dc/46ec7fc537,10.30827/tsg-gsw.v6i10.4084,B,crossref_search,1.0,match,issn,1.0,Investigação em Serviço Social: o futuro no presente. Reflexões em torno do processo de construção de conhecimento científico português
116153,Global Social Work / Trabajo Social Global,2021,dc/6aa60359de,10.30827/tsg-gsw.v11.15229,B,crossref_search,1.0,match,issn,1.0,"Condicionantes contextuales, familiares e individuales de la resiliencia en las familias de etnia gitana en Canarias"
116154,Global Social Work / Trabajo Social Global,2014,dc/0064f5d58a,10.30827/tsg-gsw.v4i6.2145,B,crossref_search,1.0,match,issn,1.0,Reseña (y reflexiones personales) sobre el libro: Inmigración y ciudadanía activa. Contribuciones sobre gobernanza participativa e inclusión social.
116155,Global Social Work / Trabajo Social Global,2018,dc/0676e6fc22,10.30827/tsg-gsw.v8i0.6511,B,crossref_search,1.0,match,issn,1.0,"Recension: Chaput-Le Bars, Corinne. (2017). Histoires de vie et travail social. Rennes, France: Presses de l’EHESP"
116156,Global Social Work / Trabajo Social Global,2017,dc/e8b3d864d0,10.30827/tsg-gsw.v7i12.5955,B,crossref_search,1.0,match,issn,1.0,"Reseña: Curbelo, A. y Hernández, L. (2017). Otro Trabajo Social es posible. Edición electrónica: CIMAS - Colección Construyendo Ciudadanía / 14"
116157,Global Social Work / Trabajo Social Global,2018,dc/fab9a48453,10.30827/tsg-gsw.v8i14.7222,B,crossref_search,1.0,match,issn,1.0,Satisfacción laboral y desgaste profesional en trabajadores de servicios sociales de atención a la infancia
116158,Global Social Work / Trabajo Social Global,2014,dc/742dcdd53a,10.30827/tsg-gsw.v4i6.2153,B,crossref_search,1.0,match,issn,1.0,El enfoque del decrecimiento como estrategia de empoderamiento y transformación social. Estudio de caso de los grupos de consumo agroecológico de Granada (España).
116159,Global Social Work / Trabajo Social Global,2020,dc/9e756886ef,10.30827/tsg-gsw.v10i19.15275,B,crossref_search,1.0,match,issn,1.0,Recursos activados en los Proyectos Educativos Individualizados en acogimiento residencial
116160,Global Social Work / Trabajo Social Global,2010,dc/e6f94c7c01,10.30827/tsg-gsw.v1i2.907,B,crossref_search,1.0,match,issn,0.0,Violencia de género y pensamiento profesional: una investigación sobre la práctica del Trabajo Social
116161,Global Social Work / Trabajo Social Global,2023,dc/c10f743a33,10.30827/tsg-gsw.v13.29491,B,crossref_search,1.0,match,issn,1.0,El movimiento de las mujeres con discapacidad ante la sociedad del conocimiento
116162,Global Social Work / Trabajo Social Global,2021,dc/c1ae436315,10.30827/tsg-gsw.v11.11453,B,crossref_search,1.0,match,issn,1.0,El derecho a morir dignamente: una oportunidad para el impulso ético del Trabajo Social
116163,Global Social Work / Trabajo Social Global,2020,dc/9a6531be67,10.30827/tsg-gsw.v10i18.9543,B,crossref_search,1.0,match,issn,1.0,Ruptura familiar judicializada y prescripción de intervención familiar desde el Trabajo Social Forense: factores confluyentes
116165,Global Social Work / Trabajo Social Global,2015,dc/ad4a5a5c75,10.30827/tsg-gsw.v5i8.3069,B,crossref_search,1.0,match,issn,1.0,REGÍMENES DE BIENESTAR EN AMÉRICA LATINA Y EL CARIBE: NOTAS PARA PENSAR LO CONTEMPORÁNEO
116166,Global Social Work / Trabajo Social Global,2024,dc/95974a4f76,10.30827/tsg-gsw.v14.30329,B,crossref_search,1.0,match,issn,1.0,Barreras en la autoidentificación como víctimas de violencia de género desde las narrativas de mujeres supervivientes de una casa de acogida en Ecuador
116168,Global Social Work / Trabajo Social Global,2010,dc/b0414a02a1,10.30827/tsg-gsw.v1i2.915,B,crossref_search,1.0,match,issn,1.0,CONFERENCIA GENDER AND EDUCATION DIVERSITY OF VOICES
116169,Global Social Work / Trabajo Social Global,2013,dc/cfd8a06844,10.30827/tsg-gsw.v3i5.1522,B,crossref_search,1.0,match,issn,1.0,Professional 'imperialism' and resistance: Social Work in the Filippines
116170,Global Social Work / Trabajo Social Global,2013,dc/55d5398f50,10.30827/tsg-gsw.v3i5.1524,B,crossref_search,1.0,match,issn,1.0,Relaciones étnicas y currículos académicos en la formación de trabajadores sociales en Suecia: un proyecto de investigación
116171,Global Social Work / Trabajo Social Global,2023,dc/a5ce8eecc2,10.30827/tsg-gsw.v13.28135,B,crossref_search,1.0,match,issn,1.0,El trabajo orientado a la red de las supervivientes de violencia de género en los SIE del Área Metropolitana de Barcelona
116172,Global Social Work / Trabajo Social Global,2020,dc/770d7e5daf,10.30827/tsg-gsw.v10i19.11811,B,crossref_search,1.0,match,issn,1.0,"La asistencia personal en España. Perspectiva de sus protagonistas: personas beneficiarias, responsables de la asistencia personal de las entidades proveedoras y asistentes personales."
116173,Global Social Work / Trabajo Social Global,2011,dc/950640ae87,10.30827/tsg-gsw.v2i3.916,B,crossref_search,1.0,match,issn,0.0,La reflexividad como dispositivo crítico en la práctica del Trabajo Social
116174,Global Social Work / Trabajo Social Global,2013,dc/e5d5457fe4,10.30827/tsg-gsw.v3i5.1528,B,crossref_search,1.0,match,issn,1.0,"La acción comunitaria, un camino para la integración social y la interculturalidad"
116176,Global Social Work / Trabajo Social Global,2020,dc/b2c0cfb30f,10.30827/tsg-gsw.v10i18.8654,B,crossref_search,1.0,match,issn,1.0,La homosexualidad en las personas mayores: vivenciando narrativas en torno a las discriminaciones y prácticas resilientes
116177,Global Social Work / Trabajo Social Global,2021,dc/6d2be8f4c1,10.30827/tsg-gsw.v11.23602,B,crossref_search,0.97,match,issn,1.0,Cambios en la revista Trabajo Social Global-Global Social Work durante la crisis de la pandemia COVID-19
116178,Global Social Work / Trabajo Social Global,2024,dc/401c90c3c0,10.30827/tsg-gsw.v14.29732,B,crossref_search,1.0,match,issn,1.0,Prácticas profesionales del trabajo social en la atención social del Trastorno Mental Grave en Andalucía
116179,Global Social Work / Trabajo Social Global,2017,dc/b0f4086e64,10.30827/tsg-gsw.v7i12.5581,B,crossref_search,1.0,match,issn,1.0,"Reseña: García-Longoria, M.P. y Esteban Palomares, M.R. (2016). Análisis y diagnóstico en trabajo social. Valencia: Ed. Tirant Humanidades"
116180,Global Social Work / Trabajo Social Global,2018,dc/d6650879f9,10.30827/tsg-gsw.v8i14.7389,B,crossref_search,1.0,match,issn,1.0,"Reseña: Rossel Poch, T. y Rodríguez Molinte, P. (2017). La entrevista en el Trabajo Social. Madrid: HERDER"
116181,Global Social Work / Trabajo Social Global,2016,dc/80209b94fe,10.30827/tsg-gsw.v6i11.4901,B,crossref_search,1.0,match,issn,0.0,"Pastor Seller, E. (Ed.). (2014). Las prácticas curriculares en el Grado de Trabajo Social. Supervisión y construcción del conocimiento desde la práctica profesional"
116182,Global Social Work / Trabajo Social Global,2025,dc/ce0e1224ae,10.30827/tsg-gsw.v15.31549,B,crossref_search,1.0,match,issn,0.333,A propósito de la intervención social con las realidades LGTBIQ+: aportes desde la práctica profesional
116183,Global Social Work / Trabajo Social Global,2015,dc/b639ab0d9a,10.30827/tsg-gsw.v5i8.3068,B,crossref_search,1.0,match,issn,1.0,Política de assistência social no Brasil e Programa Bolsa Família: apontamentos críticos
116184,Global Social Work / Trabajo Social Global,2018,dc/8ee442b978,10.30827/tsg-gsw.v8i0.6584,B,crossref_search,1.0,match,issn,1.0,"Los derechos humanos y los sociales, susceptibles de permanente reinvención: una mirada innovadora desde el presente en sintonía con el pasado."
116185,Global Social Work / Trabajo Social Global,2017,dc/c78c6680ba,10.30827/tsg-gsw.v7i13.6300,B,crossref_search,1.0,match,issn,1.0,Questão Social e Serciço Social: desafíos contemporȃneos à profissão no Brasil
116186,Global Social Work / Trabajo Social Global,2020,dc/1eb65115f3,10.30827/tsg-gsw.v10i18.9522,B,crossref_search,1.0,match,issn,1.0,Revisión sistemática exploratoria: la comprensión del conflicto por parte de la persona mediadora
116187,Global Social Work / Trabajo Social Global,2018,dc/67ac6f86ca,10.30827/tsg-gsw.v8i14.6641,B,crossref_search,1.0,match,issn,1.0,Pais empreendedores e trajetória acadêmica dos filhos universitários: uma abordagem comparativa Portugal-Brasil
116189,Global Social Work / Trabajo Social Global,2013,dc/b402213469,10.30827/tsg-gsw.v3i4.947,B,crossref_search,1.0,match,issn,0.0,Serviço Social e formação ao longo da vida. Una experiência com as novas tecnologias da informação e comunicação
116190,Global Social Work / Trabajo Social Global,2019,dc/22ad1c549f,10.30827/tsg-gsw.v9i17.11450,B,crossref_search,1.0,match,issn,1.0,"Reseña: Úriz Pemán, M.J. (2019). La necesaria mirada ética en Trabajo Social. Madrid: Ediciones Paraninfo y Consejo General del Trabajo Social. Trabajo Social Global – Global Social Work, 9(17), 268-2"
116191,Global Social Work / Trabajo Social Global,2013,dc/294c98facc,10.30827/tsg-gsw.v3i4.955,B,crossref_search,1.0,match,issn,1.0,"Reseña: White, Vicky (2006) <em>The State of Feminist Social Work.</em> London: Routledge"
116192,Global Social Work / Trabajo Social Global,2022,dc/1ee84aeb22,10.30827/tsg-gsw.v12.24014,B,crossref_search,1.0,match,issn,1.0,Epistemología crítica del trabajo social y de las estéticas emancipatorias
116193,Global Social Work / Trabajo Social Global,2025,dc/a089def7b6,10.30827/tsg-gsw.v15.31823,B,crossref_search,1.0,match,issn,0.6,Envejeciendo en casa: Rural Care como referente del nuevo modelo de cuidados
116194,Global Social Work / Trabajo Social Global,2013,dc/b3b26e4b77,10.30827/tsg-gsw.v3i4.957,B,crossref_search,1.0,match,issn,1.0,El trabajo social forense como campo de actuación en el arbitraje de lo social
116195,Global Social Work / Trabajo Social Global,2013,dc/a7934e94f8,10.30827/tsg-gsw.v3i4.953,B,crossref_search,1.0,match,issn,1.0,Prácticas de resistencia y alternativas para el cambio. Una defensa del Trabajo Social con colectivos y comunidades
116196,Global Social Work / Trabajo Social Global,2018,dc/a4256619e7,10.30827/tsg-gsw.v8i15.7653,B,crossref_search,1.0,match,issn,1.0,La imagen del Trabajo Social y los Servicios Sociales en la prensa escrita en España
116197,Global Social Work / Trabajo Social Global,2013,dc/1b5e7fef41,10.30827/tsg-gsw.v3i5.1523,B,crossref_search,1.0,match,issn,1.0,Los procesos de exclusión social de las personas sin hogar en la ciudad de Barcelona
116198,Global Social Work / Trabajo Social Global,2010,dc/40e180ef93,10.30827/tsg-gsw.v1i1.902,B,crossref_search,1.0,match,issn,1.0,[es] Los conocimientos en trabajo social: elogio del eclecticismo
116199,Global Social Work / Trabajo Social Global,2020,dc/b96e0b5763,10.30827/tsg-gsw.v10i19.15342,B,crossref_search,1.0,match,issn,1.0,Burnout entre los/as profesionales del Trabajo Social en España. Estado de la cuestión.
116200,Global Social Work / Trabajo Social Global,2015,dc/bad6496505,10.30827/tsg-gsw.v5i9.3885,B,crossref_search,1.0,match,issn,1.0,"Pastor Seller, E. (2015). Trabajo Social con Comunidades. Madrid: Universitas"
116201,Global Social Work / Trabajo Social Global,2018,dc/63a2473f48,10.30827/tsg-gsw.v8i14.7504,B,crossref_search,1.0,match,issn,1.0,"Reseña: Raya-Diez, Esther (coord.) (2017). Innovación social en la práctica del trabajo social. Valencia: Tirant Humanidades"
116202,Global Social Work / Trabajo Social Global,2018,dc/415f876e3e,10.30827/tsg-gsw.v8i0.6534,B,crossref_search,1.0,match,issn,1.0,La diversidad cultural del derecho universal a contraer matrimonio y formar una familia. Elementos a tener en cuenta desde el Trabajo Social
116203,Global Social Work / Trabajo Social Global,2020,dc/50e21a069f,10.30827/tsg-gsw.v10i19.15205,B,crossref_search,1.0,match,issn,1.0,"Agua para consumo humano y saneamiento en territorios indígenas de la Huasteca Hidalguense, México: los casos de las comunidades de Ecuatitla y Tetla"
116204,Global Social Work / Trabajo Social Global,2021,dc/9d091311ad,10.30827/tsg-gsw.v11.20913,B,crossref_search,1.0,match,issn,1.0,Social work and social workers in Italy
116205,Global Social Work / Trabajo Social Global,2019,dc/9de3990e9c,10.30827/tsg-gsw.v9i16.9330,B,crossref_search,1.0,match,issn,1.0,Una cuestión histórica de género. La desigualdad educativa y el aprendizaje de la mujer en España
116207,Global Social Work / Trabajo Social Global,2018,dc/caca8af04e,10.30827/tsg-gsw.v8i0.6509,B,crossref_search,1.0,match,issn,1.0,Derechos humanos y Trabajo Social: vinculaciones conceptuales y prácticas
116208,Global Social Work / Trabajo Social Global,2015,dc/bc3a34fd64,10.30827/tsg-gsw.v5i9.3299,B,crossref_search,1.0,match,issn,1.0,Trabajo Social Feminista: Una revisión teórica para la redefinición práctica.
116209,Global Social Work / Trabajo Social Global,2013,dc/2fbe0fd393,10.30827/tsg-gsw.v3i4.956,B,crossref_search,1.0,match,issn,0.333,Actuaciones de éxito para superar la exclusión a través de la participación de la comunidad. La transformación del ghetto
116210,Global Social Work / Trabajo Social Global,2010,dc/c39a270956,10.30827/tsg-gsw.v1i1.905,B,crossref_search,1.0,match,issn,1.0,[es] Las revistas de Trabajo Social en España
116211,Global Social Work / Trabajo Social Global,2017,dc/9d36689a4f,10.30827/tsg-gsw.v7i12.5643,B,crossref_search,1.0,match,issn,1.0,Relación entre autoestima y violencia de género. Un estudio con mujeres autóctonas y migradas en territorio español
116212,Global Social Work / Trabajo Social Global,2018,dc/4e6366a19d,10.30827/tsg-gsw.v8i0.6544,B,crossref_search,1.0,match,issn,1.0,Voluntariado y Derechos Humanos
116213,Global Social Work / Trabajo Social Global,2015,dc/e487c0ada0,10.30827/tsg-gsw.v5i8.3131,B,crossref_search,1.0,match,issn,1.0,Núria Empez (coords.) (2014). Dejadnos crecer. Menores migrantes bajo tutela institucional. Barcelona: Virus Editorial
116214,Global Social Work / Trabajo Social Global,2019,dc/0f7ac93d75,10.30827/tsg-gsw.v9i16.8239,B,crossref_search,1.0,match,issn,1.0,Jóvenes que ni estudian ni trabajan (‘NINIS’): una aproximación a sus características en el marco socioeconómico y político actual en la provincia de Sevilla (España)
116215,Global Social Work / Trabajo Social Global,2018,dc/d4a9c05488,10.30827/tsg-gsw.v8i15.7931,B,crossref_search,1.0,match,issn,1.0,Do institutions play a role in the perpetration of torture?
116216,Global Social Work / Trabajo Social Global,2014,dc/7b251cf294,10.30827/tsg-gsw.v4i6.1985,B,crossref_search,1.0,match,issn,1.0,"Reconocimiento de competencias experienciales de adultos, en Portugal (2001-2011): hallazgos y debilidades"
116217,Global Social Work / Trabajo Social Global,2018,dc/e517793264,10.30827/tsg-gsw.v8i14.7443,B,crossref_search,1.0,match,issn,1.0,"Reseña: De la Peña García, Sara (2017). Ética aplicada en centros geriátricos: auditoria ética de la Residencia “Virgen del Valle” de Cenicero (La Rioja, España). (Tesis doctoral). Universidad Pública"
116218,Global Social Work / Trabajo Social Global,2015,dc/4e315e2c2a,10.30827/tsg-gsw.v5i9.3884,B,crossref_search,1.0,match,issn,1.0,"Carabaña, J. (2015). La inutilidad de PISA para las escuelas. Madrid: Catarata"
116219,Global Social Work / Trabajo Social Global,2018,dc/2ff0f09d03,10.30827/tsg-gsw.v8i0.7432,B,crossref_search,1.0,match,issn,1.0,Formación en Derechos Humanos en la Educación Superior
116220,Global Social Work / Trabajo Social Global,2013,dc/857cf03899,10.30827/tsg-gsw.v3i5.1525,B,crossref_search,1.0,match,issn,1.0,Programa Daphne Stop WI.E.W. Contra la violencia hacia las mujeres mayores
116221,Global Social Work / Trabajo Social Global,2021,dc/e643c03dfb,10.30827/tsg-gsw.v11.13954,B,crossref_search,0.968,match,issn,1.0,Compartiendo la práctica profesional. Diseño del protocolo de detección y abordaje de las situaciones de maltrato infantil en un centro de Atención Precoz
116222,Global Social Work / Trabajo Social Global,2015,dc/e36e056acc,10.30827/tsg-gsw.v5i8.3093,B,crossref_search,1.0,match,issn,1.0,O DISCURSO DO SUJEITO COLETIVO: UMA ABORDAGEM QUALIQUANTITATIVA PARA A PESQUISA SOCIAL
116223,Global Social Work / Trabajo Social Global,2020,dc/7e5270df55,10.30827/tsg-gsw.v10i19.15343,B,crossref_search,1.0,match,issn,1.0,Cuidado formal vs cuidado informal. Análisis comparativo a través del profesiograma
116224,Global Social Work / Trabajo Social Global,2018,dc/becf618aee,10.30827/tsg-gsw.v8i14.6717,B,crossref_search,1.0,match,issn,1.0,"El desarrollo del Trabajo Social en sus orígenes: el caso de los Estados Unidos, una lectura crítica"
116225,Global Social Work / Trabajo Social Global,2016,dc/d401fde658,10.30827/tsg-gsw.v6i11.5285,B,crossref_search,1.0,match,issn,1.0,El Estado en el revés de las conceptualizaciones de la Política Social. Una aproximación a las miradas relacionales del Estado y del Estado como actor corporativo
116226,Global Social Work / Trabajo Social Global,2017,dc/d6aaad50b7,10.30827/tsg-gsw.v7i13.5675,B,crossref_search,1.0,match,issn,1.0,Políticas institucionales dirigidas a personas con discapacidad en México: entre la asistencia y el estado de excepción
116227,Global Social Work / Trabajo Social Global,2011,dc/cc8c2f6a70,10.30827/tsg-gsw.v2i3.920,B,crossref_search,1.0,match,issn,1.0,[FR] Le developpment du Travail Social et le pluralisme au Québec
116228,Global Social Work / Trabajo Social Global,2010,dc/08c93c2829,10.30827/tsg-gsw.v1i2.914,B,crossref_search,1.0,match,issn,0.0,"I SEMINARIO INTERDISCIPLINAR SOBRE GÉNERO Y SEXUALIDAD EN EL SIGLO XXI: Política Afectivosexual, Migraciones Femeninas, y Vulnerabilidad Social."
116229,Global Social Work / Trabajo Social Global,2019,dc/877ecdbee6,10.30827/tsg-gsw.v9i17.9181,B,crossref_search,1.0,match,issn,1.0,O trabalho do assistente social na saúde mental: a experiência dos CAPSIII/CERSAMs de Minas Gerais (Brasil)
116230,Global Social Work / Trabajo Social Global,2018,dc/d1da89a0de,10.30827/tsg-gsw.v8i0.6617,B,crossref_search,1.0,match,issn,1.0,"Derechos Humanos y Trabajo Social, ¿una relación reconocible en el ejercicio libre de la profesión?"
116231,Global Social Work / Trabajo Social Global,2015,dc/60df11054a,10.30827/tsg-gsw.v5i8.2545,B,crossref_search,1.0,match,issn,1.0,"SERVICIOS SOCIALES, CRISIS Y REFORMA LOCAL: RESPUESTAS DISCURSIVAS DESDE EL TRABAJO SOCIAL"
116232,Global Social Work / Trabajo Social Global,2022,dc/28bd2c809a,10.30827/tsg-gsw.v12.25079,B,crossref_search,1.0,match,issn,0.0,Propiedades psicométricas de la Escala de Satisfacción con la Vida en estudiantes de Trabajo Social
116233,Global Social Work / Trabajo Social Global,2024,dc/43582f2c31,10.30827/tsg-gsw.v14.30369,B,crossref_search,1.0,match,issn,1.0,Análisis del conocimiento de la cultura gitana en población universitaria de Trabajo Social
116234,Global Social Work / Trabajo Social Global,2020,dc/463969b9fc,10.30827/tsg-gsw.v10i19.15863,B,crossref_search,1.0,match,issn,1.0,Promoção da saúde e intervenção social com crianças e jovens com VIH: programa lúdico-educativo com pares e cuidadores
116235,Global Social Work / Trabajo Social Global,2010,dc/f5eb6b1b6f,10.30827/tsg-gsw.v1i2.909,B,crossref_search,1.0,match,issn,1.0,"EDUCAR LAS RELACIONES AFECTIVOSEXUALES, PREVENIR LAS DIFERENTES FORMAS DE VIOLENCIA DE GÉNERO"
116236,Global Social Work / Trabajo Social Global,2018,dc/4974657377,10.30827/tsg-gsw.v8i15.7910,B,crossref_search,1.0,match,issn,1.0,La Mediación Familiar Intrajudicial desde una perspectiva social
116237,Global Social Work / Trabajo Social Global,2025,dc/111b1f925c,10.30827/tsg-gsw.v15.30661,B,crossref_search,1.0,match,issn,1.0,Competencias digitales y herramientas tecnológicas en profesionales de Servicios Sociales en Andalucía
116238,Global Social Work / Trabajo Social Global,2014,dc/a668d71134,10.30827/tsg-gsw.v4i6.1807,B,crossref_search,1.0,match,issn,1.0,"Democracia, participación ciudadana y funciones del trabajo social"
116239,Global Social Work / Trabajo Social Global,2017,dc/48f8111a6d,10.30827/tsg-gsw.v7i13.6659,B,crossref_search,1.0,match,issn,1.0,"Reseña: Ituarte Tellaeche, A.(2017). Prácticas del Trabajo Social Clínico. Valencia: Editorial Nau llibres."
116240,Global Social Work / Trabajo Social Global,2019,dc/b061f30d82,10.30827/tsg-gsw.v9i16.8625,B,crossref_search,1.0,match,issn,1.0,"Reseña: Morales, Paulina y Rodríguez, María Angélica (2018). Los derechos humanos hoy. Reflexiones, desafíos y proyecciones a 70 años de la Declaración Universal (1948-1918). Santiago de Chile: RIL Ed"
116241,Global Social Work / Trabajo Social Global,2019,dc/85b38ec98b,10.30827/tsg-gsw.v9i16.9322,B,crossref_search,1.0,match,issn,1.0,Múltiple discriminación: homosexualidad y vejez
116242,Global Social Work / Trabajo Social Global,2021,dc/f42cc1fcb0,10.30827/tsg-gsw.v11.20767,B,crossref_search,1.0,match,issn,1.0,¿Cuáles son las virtudes morales para ser una buena trabajadora social? Aproximación de la ethica cordis de Adela Cortina al Trabajo Social
116243,Global Social Work / Trabajo Social Global,2015,dc/0e4993baed,10.30827/tsg-gsw.v5i9.3225,B,crossref_search,1.0,match,issn,1.0,Evaluando la ayuda mutua en línea: respuestas ante la emergencia del Trastorno Disfórico Premenstrual
116244,Global Social Work / Trabajo Social Global,2018,dc/0042de5dc7,10.30827/tsg-gsw.v8i14.6457,B,crossref_search,1.0,match,issn,1.0,Trabajo Social Comunitario: hacia unas políticas públicas sostenibles
116245,Global Social Work / Trabajo Social Global,2025,dc/f18c40223f,10.30827/tsg-gsw.v15.31782,B,crossref_search,1.0,match,issn,1.0,El duelo por pérdida de mascotas: una aproximación desde el Trabajo Social
116246,Global Social Work / Trabajo Social Global,2020,dc/815a19a2aa,10.30827/tsg-gsw.v10i19.11523,B,crossref_search,1.0,match,issn,1.0,Trabajo social con familias monomarentales: valoración profesional de sus necesidades desde los Servicios Sociales de Atención Primaria
116247,Global Social Work / Trabajo Social Global,2018,dc/5a66659ee5,10.30827/tsg-gsw.v8i0.6580,B,crossref_search,1.0,match,issn,1.0,"Formation de base des travailleurs sociaux en Tunisie, enseignement des Droits de l’Homme et apport du projet ABDEM"
116248,Global Social Work / Trabajo Social Global,2010,dc/af5038fbb8,10.30827/tsg-gsw.v1i2.912,B,crossref_search,1.0,match,issn,0.333,TRABAJO SOCIAL Y PREVENCIÓN DE LA VIOLENCIA DE GÉNERO
116249,Global Social Work / Trabajo Social Global,2020,dc/26b1fcaf32,10.30827/tsg-gsw.v10i18.15329,B,crossref_search,1.0,match,issn,1.0,"RESEÑA: Bracons, Hélia (2019). Conhecer para Intervir: Competência Cultural no Serviço Social. Lisboa: Editorial Cáritas"
116250,Global Social Work / Trabajo Social Global,2018,dc/d744a8c21f,10.30827/tsg-gsw.v8i15.7894,B,crossref_search,1.0,match,issn,1.0,"Reseña: Navarro Pérez, José Javier (2018). InfoAdolescenci@s. Valencia, España: Tirant Lo Blanch"
116251,Global Social Work / Trabajo Social Global,2014,dc/5659fef674,10.30827/tsg-gsw.v4i7.2013,B,crossref_search,1.0,match,issn,1.0,"IMAGINAÇÃO, CRIATIVIDADE E LIBERDADE: PENSAR A ÉTICA RELACIONAL EM SERVIÇO SOCIAL"
116252,Global Social Work / Trabajo Social Global,2018,dc/83ca2369b5,10.30827/tsg-gsw.v8i14.6595,B,crossref_search,1.0,match,issn,1.0,Intervención y prevención de la violencia de género: un acercamiento desde el trabajo social
116253,Global Social Work / Trabajo Social Global,2017,dc/9d6eee18c5,10.30827/tsg-gsw.v7i12.5663,B,crossref_search,1.0,match,issn,1.0,El rol del profesional del Trabajo Social en una coyuntura de crisis: oportunidades de la adaptación a un contexto cambiante.
116254,Global Social Work / Trabajo Social Global,2020,dc/031719a5ec,10.30827/tsg-gsw.v10i18.9415,B,crossref_search,1.0,match,issn,1.0,Intervención comunitaria en barrios populares: tensiones entre actores sociales
116255,Global Social Work / Trabajo Social Global,2022,dc/f829599ee7,10.30827/tsg-gsw.v12.24085,B,crossref_search,1.0,match,issn,1.0,"Equipos profesionales, conflicto y complejidad en la intervención social"
116256,Global Social Work / Trabajo Social Global,2016,dc/da89f93edb,10.30827/tsg-gsw.v6i10.3837,B,crossref_search,1.0,match,issn,1.0,"Las Representaciones Sociales sobre el rol de cada uno en la Comunidad, una barrera para la participación y el trabajo conjunto"
116257,Global Social Work / Trabajo Social Global,2018,dc/0b593c87ca,10.30827/tsg-gsw.v8i15.7964,B,crossref_search,1.0,match,issn,1.0,Discapacidad: tensiones entre la opresión y las prácticas liberadoras. Análisis desde el sur global
116258,Global Social Work / Trabajo Social Global,2019,dc/5bfcc17959,10.30827/tsg-gsw.v9i17.8951,B,crossref_search,1.0,match,issn,1.0,"Imaginarios, mitos y actitudes frente a la bisexualidad en estudiantes de Trabajo Social"
116259,Global Social Work / Trabajo Social Global,2017,dc/bad8fd1c7c,10.30827/tsg-gsw.v7i12.5336,B,crossref_search,1.0,match,issn,1.0,Movimientos sociales y acceso a bienes y servicios. Propuesta de marco analítico a partir de un análisis comparado de casos: confrontación política de personas desocupadas (Argentina) y ocupación de v
116260,Global Social Work / Trabajo Social Global,2017,dc/22843caa31,10.30827/tsg-gsw.v7i13.6060,B,crossref_search,1.0,match,issn,1.0,"La práctica social culturalmente sensible, ¿realidad o ficción? Una aproximación teórica y comparativa sobre los fundamentos de la competencia cultural y su desarrollo en los estudios de grado en Trab"
116261,Global Social Work / Trabajo Social Global,2010,dc/fc656bb9c8,10.30827/tsg-gsw.v1i1.901,B,crossref_search,1.0,match,issn,0.0,[es] Los fundamentos normativos de las profesiones y los deberes de los trabajadores sociales
116262,Global Social Work / Trabajo Social Global,2019,dc/b3cacd1f68,10.30827/tsg-gsw.v9i16.7858,B,crossref_search,1.0,match,issn,1.0,Análisis de la discriminación hacia las personas con discapacidad en los procesos de selección de personal
116263,Global Social Work / Trabajo Social Global,2016,dc/6c7460b8e8,10.30827/tsg-gsw.v6i10.3922,B,crossref_search,1.0,match,issn,1.0,"Platero Méndez, R. (L.) (2014). Trans*exualidades. Acompañamiento, factores de salud y recursos educativos"
116264,Global Social Work / Trabajo Social Global,2018,dc/537b6a0394,10.30827/tsg-gsw.v8i14.6332,B,crossref_search,1.0,match,issn,1.0,"Trabajo Social, colonialidad y fronteras. La intervención en la declinación de la cuestión social en cuestión cultural"
116265,Global Social Work / Trabajo Social Global,2018,dc/b6cefebd0d,10.30827/tsg-gsw.v8i14.6647,B,crossref_search,1.0,match,issn,1.0,"Reseña: Vega Gutiérrez, Ana María (2017). Enfoque basado en Derechos Humanos en la Educación Superior. Un estudio comparado de Europa y El Magreb. Cizur Menor, Navarra: Ed. Aranzazi."
116267,Global Social Work / Trabajo Social Global,2011,dc/4d6684ca9b,10.30827/tsg-gsw.v2i3.919,B,crossref_search,1.0,match,issn,1.0,Contributos para o debate da epistemologia em Serviço Social
116268,Global Social Work / Trabajo Social Global,2018,dc/0925b486ca,10.30827/tsg-gsw.v8i0.7380,B,crossref_search,1.0,match,issn,1.0,"Reseña: Raya-Diez, Esther y Pastor Seller, Enrique (Coord.) (2016). Trabajo Social, Derechos Humanos e Innovación Social. Cizur Menor, Navarra: Editorial Aranzadi."
116269,Global Social Work / Trabajo Social Global,2016,dc/a9951292a4,10.30827/tsg-gsw.v6i10.3919,B,crossref_search,1.0,match,issn,1.0,Migración como discapacidad social: Trabajo Social con migrantes en Suecia
116270,Global Social Work / Trabajo Social Global,2016,dc/656480a6de,10.30827/tsg-gsw.v6i10.4196,B,crossref_search,1.0,match,issn,1.0,Identificaciones profesionales desde el Trabajo Social en el sector público y privado no lucrativo en tiempos de crisis en Málaga (España)
116271,Global Social Work / Trabajo Social Global,2018,dc/2f28fbfdce,10.30827/tsg-gsw.v8i0.7258,B,crossref_search,1.0,match,issn,1.0,"Los Derechos Humanos, principios orientadores de la práctica del trabajo social"
116272,Global Social Work / Trabajo Social Global,2020,dc/5c0bb2b155,10.30827/tsg-gsw.v10i18.9345,B,crossref_search,1.0,match,issn,1.0,Violencia en parejas de jóvenes chilenos: análisis y propuestas desde el Trabajo Social en el ámbito educativo
116273,Global Social Work / Trabajo Social Global,2020,dc/9f619b8a64,10.30827/tsg-gsw.v10i18.10270,B,crossref_search,1.0,match,issn,0.5,La perspectiva de la calidad en la intervención social: el caso de los Centros Municipales de Servicios Sociales de Zaragoza
116274,Global Social Work / Trabajo Social Global,2013,dc/cb5a8afe3d,10.30827/tsg-gsw.v3i4.958,B,crossref_search,1.0,match,issn,0.0,Abriendo nueva etapa de Trabajo Social Global - Revista de investigaciones en intervención social
116275,Global Social Work / Trabajo Social Global,2020,dc/3b3a131b96,10.30827/tsg-gsw.v10i19.11704,B,crossref_search,1.0,match,issn,1.0,Diagnóstico social y nuevas necesidades de intervención para los Servicios Sociales de Atención Primaria. Un estudio Delphi
116276,Global Social Work / Trabajo Social Global,2017,dc/db8298e2e5,10.30827/tsg-gsw.v7i13.6508,B,crossref_search,1.0,match,issn,1.0,"Reseña: Romero de Miguel, Aida (2017). Libro del Proyecto como herramienta de gestión para el área de cooperación Internacional al desarrollo (Tesis doctoral). Universidad Pública de Navarra (España)."
116277,Global Social Work / Trabajo Social Global,2018,dc/d981e810a8,10.30827/tsg-gsw.v8i14.6847,B,crossref_search,1.0,match,issn,1.0,O Serviço Social nas empresas: desafios e oportunidades num campo de intervenção em transformação
116278,Global Social Work / Trabajo Social Global,2018,dc/eeef0c1b7b,10.30827/tsg-gsw.v8i15.7503,B,crossref_search,1.0,match,issn,1.0,"Reseña: Raya Diez, Esther, Caparrós Civera, Neus. Lorente Molina, Belén y Anaut Bravo, Sagrario (Coords) (2018). Ciencia y Esencia en la Práctica del Trabajo Social. Valencia: Tirant Humanidades"
116279,Global Social Work / Trabajo Social Global,2024,dc/c7b1c19b34,10.30827/tsg-gsw.v14.28860,B,crossref_search,1.0,match,issn,1.0,Trabajo y familia: Protección infantil en tiempos de pandemia
116280,Global Social Work / Trabajo Social Global,2011,dc/2f303d0a6c,10.30827/tsg-gsw.v2i3.922,B,crossref_search,1.0,match,issn,0.048,Factores sociales asociados a la hiperfrecuentación en Centros de Atención Primaria de Salud: un estudio desde el Trabajo Social Sanitario
116281,Global Social Work / Trabajo Social Global,2020,dc/a01840a9ed,10.30827/tsg-gsw.v10i18.13883,B,crossref_search,1.0,match,issn,1.0,"RESEÑA: López Bustos, Franciso L. (Dir.) y Bombillar Sáenz, Francisco Miguel (Coord.) (2018). Régimen jurídico del voluntariado y de la cooperación al desarrollo. Granada: Editorial Comares"
116282,Global Social Work / Trabajo Social Global,2022,dc/215f24c969,10.30827/tsg-gsw.v12.25418,B,crossref_search,0.991,match,issn,1.0,Curatela na Justiça de Família do Estado de Goiás (Brasil): Trabalho do Assistente Social na Promoção da Cidadania
116283,Global Social Work / Trabajo Social Global,2010,dc/cd997d94b5,10.30827/tsg-gsw.v1i1.904,B,crossref_search,1.0,match,issn,1.0,[en] The new international agendas: what role for social work?
116284,Global Social Work / Trabajo Social Global,2020,dc/1cea64d886,10.30827/tsg-gsw.v10i18.11331,B,crossref_search,1.0,match,issn,1.0,La cronicidad en el marco de los servicios sociales: aportaciones para su discusión
116285,Global Social Work / Trabajo Social Global,2023,dc/7012867db5,10.30827/tsg-gsw.v13.28486,B,crossref_search,1.0,match,issn,1.0,"Incorporación de Planes de Igualdad en Entidades de Acción Social. Una propuesta de diagnóstico, diseño e implantación"
116286,Global Social Work / Trabajo Social Global,2020,dc/12502fa843,10.30827/tsg-gsw.v10i19.13582,B,crossref_search,1.0,match,issn,1.0,Una revisión del concepto de exclusión social y su aplicación a la sociedad española tras la crisis económica mundial. Una visión de proceso.
116287,Global Social Work / Trabajo Social Global,2018,dc/f6474fa277,10.30827/tsg-gsw.v8i14.7241,B,crossref_search,1.0,match,issn,1.0,Elegir en tiempos revueltos: Orientación vocacional y adolescentes “en riesgo” de exclusión social
116288,Global Social Work / Trabajo Social Global,2011,dc/a246561299,10.30827/tsg-gsw.v2i3.921,B,crossref_search,1.0,match,issn,0.0,La responsabilidad política del Trabajo Social
116289,Global Social Work / Trabajo Social Global,2010,dc/a2decec372,10.30827/tsg-gsw.v1i2.908,B,crossref_search,1.0,match,issn,1.0,“Estar enamorada de la persona que me maltrata”: Socialización en las relaciones afectivas y sexuales de las mujeres víctimas de violencia de género
116290,Global Social Work / Trabajo Social Global,2025,dc/96e35c17c4,10.30827/tsg-gsw.v15.31205,B,crossref_search,1.0,match,issn,0.667,"Similitudes, desigualdades y desafíos en el sinhogarismo femenino en Nicaragua, Argentina, Puerto Rico y España"
116291,Global Social Work / Trabajo Social Global,2010,dc/813a18e602,10.30827/tsg-gsw.v1i2.911,B,crossref_search,1.0,match,issn,0.333,VIOLENCIA DE GÉNERO EN LAS UNIVERSIDADES: INVESTIGACIONES Y MEDIDAS PARA PREVENIRLA
116292,Global Social Work / Trabajo Social Global,2013,dc/8840486548,10.30827/tsg-gsw.v3i4.948,B,crossref_search,1.0,match,issn,1.0,Environmental injustice and mobility impairment
116293,Global Social Work / Trabajo Social Global,2019,dc/4a944e0311,10.30827/tsg-gsw.v9i17.10228,B,crossref_search,1.0,match,issn,1.0,"Reseña: Torres Kumbriá, Rubén Darío; Martínez Boyé, Ángeles y Pérez Viejo, Jesús Manuel (2019). Estado del Bienestar, cohesión social europea y derechos de ciudadanía. Orígenes, tendencias, riesgos y "
116294,Global Social Work / Trabajo Social Global,2022,dc/d63977d5d9,10.30827/tsg-gsw.v12.24403,B,crossref_search,1.0,match,issn,1.0,Nuevas perspectivas de objetivos en Trabajo Social Sanitario en Atención Primaria de Salud
116295,Global Social Work / Trabajo Social Global,2019,dc/b744788e9c,10.30827/tsg-gsw.v9i16.7959,B,crossref_search,1.0,match,issn,1.0,Análisis espacial de los indicadores de habitabilidad en los municipios de la Región de Murcia (España)
116296,Global Social Work / Trabajo Social Global,2022,dc/b9855dcc8c,10.30827/tsg-gsw.v12.22389,B,crossref_search,1.0,match,issn,1.0,Diseño y validación del cuestionario de evaluación inclusiva de los “potenciales filosóficos” de personas con (dis)capacidad intelectual a partir del “Enfoque Pensamiento Libre”
116297,Global Social Work / Trabajo Social Global,2024,dc/c5917ce969,10.30827/tsg-gsw.v14.28081,B,crossref_search,1.0,match,issn,1.0,La especificidad de la intervención del trabajo social en discapacidad (“diversidad funcional”)
116298,Global Social Work / Trabajo Social Global,2022,dc/f645fe7893,10.30827/tsg-gsw.v12.21991,B,crossref_search,1.0,match,issn,1.0,Potencialidad del “Tiempo Extendido de Aprendizaje” en la integración social de menores que migran solos.
116299,Global Social Work / Trabajo Social Global,2018,dc/cce65dfc37,10.30827/tsg-gsw.v8i0.7463,B,crossref_search,1.0,match,issn,1.0,Human Rights and Social Work
116301,Global Social Work / Trabajo Social Global,2016,dc/776ee7e56e,10.30827/tsg-gsw.v6i11.4767,B,crossref_search,1.0,match,issn,0.0,Una mirada hacia las emociones que experimentan los trabajadores sociales que atienden enfermos terminales
116302,Global Social Work / Trabajo Social Global,2018,dc/28f3722279,10.30827/tsg-gsw.v8i14.6433,B,crossref_search,1.0,match,issn,1.0,Trabajo social con personas inmigrantes. La resiliencia como punto de partida en la intervención
116303,Global Social Work / Trabajo Social Global,2019,dc/aee2c5b4c7,10.30827/tsg-gsw.v9i16.8198,B,crossref_search,1.0,match,issn,0.6,Las mujeres sin hogar: realidades ocultas de la exclusión residencial
116304,Global Social Work / Trabajo Social Global,2019,dc/77013f414e,10.30827/tsg-gsw.v9i16.8465,B,crossref_search,1.0,match,issn,1.0,Comités de ética en intervención social en España: estudio comparado
116305,Global Social Work / Trabajo Social Global,2018,dc/8116f35a22,10.30827/tsg-gsw.v8i0.6686,B,crossref_search,1.0,match,issn,1.0,Planificación Centrada en la Persona: metodología de apoyo para que cada persona con discapacidad dirija su vida. La experiencia de ASPRODEMA.
116306,Global Social Work / Trabajo Social Global,2011,dc/4164991fd5,10.30827/tsg-gsw.v2i3.917,B,crossref_search,1.0,match,issn,0.0,"Ikerketaz gizarte langintzan: Sorburuak, kopuruak eta aburuak"
116307,Global Social Work / Trabajo Social Global,2019,dc/4f6896782f,10.30827/tsg-gsw.v9i16.8494,B,crossref_search,1.0,match,issn,1.0,Framing immigrants as seekers of social benefits: the impact of the Great Recession at the family-level and the development of anti-immigrant anxieties
116308,Global Social Work / Trabajo Social Global,2015,dc/94147c6e57,10.30827/tsg-gsw.v5i8.3148,B,crossref_search,1.0,match,issn,1.0,The management of interaction network. The “In-between” concept within Social Work and Counseling
116309,Global Social Work / Trabajo Social Global,2020,dc/1e9faf8e88,10.30827/tsg-gsw.v10i19.15673,B,crossref_search,1.0,match,issn,1.0,La Renta Mínima de Inserción Social en Andalucía. Revisión crítica y proyección de futuro
116310,Global Social Work / Trabajo Social Global,2017,dc/8238e19dcd,10.30827/tsg-gsw.v7i13.6481,B,crossref_search,1.0,match,issn,1.0,Procesos comunitarios y redes colaborativas para la inserción social: la experiencia del Polígono del Valle en Jaén (España)
116311,Global Social Work / Trabajo Social Global,2020,dc/3cd4503515,10.30827/tsg-gsw.v10i18.11457,B,crossref_search,1.0,match,issn,1.0,¿Influyen las actitudes hacia los/as musulmanes/as en el mantenimiento de la desigualdad y el comportamiento en política social y migratoria?
116312,Global Social Work / Trabajo Social Global,2019,dc/1ea100da24,10.30827/tsg-gsw.v9i17.9075,B,crossref_search,1.0,match,issn,1.0,School Counsellors’ Perceptions towards School Social Work in Turkey
116313,Global Social Work / Trabajo Social Global,2020,dc/f7a8faaacb,10.30827/tsg-gsw.v10i18.11417,B,crossref_search,1.0,match,issn,1.0,La discriminación por razón de edad desde el enfoque de los Derechos Humanos del Niño: ¿una asignatura pendiente en la formación para el Trabajo Social?
116314,Global Social Work / Trabajo Social Global,2016,dc/0ad0171141,10.30827/tsg-gsw.v6i11.4568,B,crossref_search,1.0,match,issn,1.0,Migración femenina de “larga duración” y acuerdos de cuidados. Una mirada desde el Trabajo Social en origen y destino
116315,Global Social Work / Trabajo Social Global,2013,dc/12db53bea5,10.30827/tsg-gsw.v3i4.952,B,crossref_search,1.0,match,issn,1.0,Exclusión social: fundamentos teóricos y de la intervención
116316,Global Social Work / Trabajo Social Global,2024,dc/f2929037bb,10.30827/tsg-gsw.v14.31990,B,crossref_search,1.0,match,issn,1.0,Cuatro pruebas indiciarias de la desvalorización del trabajo social en los equipos biopsicosociales. Un estudio de caso en Andalucía
116318,Global Social Work / Trabajo Social Global,2010,dc/6f28270960,10.30827/tsg-gsw.v1i2.906,B,crossref_search,1.0,match,issn,1.0,TRABAJO SOCIAL ANTE LA VIOLENCIA DE GÉNERO
116319,Global Social Work / Trabajo Social Global,2020,dc/5e26e2a031,10.30827/tsg-gsw.v10i19.11844,B,crossref_search,1.0,match,issn,1.0,Intervención y condiciones laborales de los/as trabajadores/as sociales en el área de la Salud en Brasil
116320,Global Social Work / Trabajo Social Global,2017,dc/f817f5b2dc,10.30827/tsg-gsw.v7i13.5525,B,crossref_search,1.0,match,issn,1.0,Family interaction and social stigmatization of people living with HIV and AIDS in Puerto Rico
116321,Global Social Work / Trabajo Social Global,2020,dc/0e590ba550,10.30827/tsg-gsw.v10i19.11375,B,crossref_search,1.0,match,issn,1.0,Estudio exploratorio sobre el síndrome de Burnout en la profesión de Trabajo Social y su relación con variables del contexto laboral
116322,Global Social Work / Trabajo Social Global,2023,dc/3d05ba14c8,10.30827/tsg-gsw.v13.27734,B,crossref_search,1.0,match,issn,1.0,"Condiciones laborales de un grupo de egresados de Trabajo Social de la subregión norte del Valle del Cauca, Colombia"
116323,Global Social Work / Trabajo Social Global,2025,dc/14a578de85,10.30827/tsg-gsw.v15.30141,B,crossref_search,1.0,match,issn,1.0,Serviço Social e Prática Eco-Social: Promover sustentabilidade através da intervenção comunitária
116324,Global Social Work / Trabajo Social Global,2010,dc/e30d5ab6ad,10.30827/tsg-gsw.v1i1.900,B,crossref_search,1.0,match,issn,0.0,[es] ¿Por qué ahora una nueva revista de y para el trabajo social? Presentación de Trabajo social global. Revista de investigaciones en intervención social.
116325,Global Social Work / Trabajo Social Global,2020,dc/28a109e62d,10.30827/tsg-gsw.v10i19.15672,B,crossref_search,1.0,match,issn,1.0,Asistencia sanitaria a personas transexuales: igualdad y libre autodeterminación de la identidad de género
116326,Global Social Work / Trabajo Social Global,2018,dc/02368706a6,10.30827/tsg-gsw.v8i0.6494,B,crossref_search,1.0,match,issn,1.0,"Trabajo Social y Derechos Humanos: perspectivas, posibilidades y desafíos a partir de la experiencia chilena"
116327,Global Social Work / Trabajo Social Global,2017,dc/6583012274,10.30827/tsg-gsw.v7i12.5188,B,crossref_search,1.0,match,issn,1.0,Os sistemas de proteção social em Portugal e no Brasil: uma agenda para o Serviço Social
116329,Global Social Work / Trabajo Social Global,2022,dc/b6fd5b2321,10.30827/tsg-gsw.v12.24511,B,crossref_search,1.0,match,issn,1.0,Transición a la vida adulta de jóvenes tutelados en el sistema de protección. Una revisión sistemática (2015-2021)
116330,Global Social Work / Trabajo Social Global,2010,dc/45c8f60511,10.30827/tsg-gsw.v1i2.910,B,crossref_search,1.0,match,issn,0.333,INTERNET Y LOS ABUSOS SEXUALES A MENORES. HERRAMIENTAS PARA LA TRANSFORMACIÓN
116331,Global Social Work / Trabajo Social Global,2011,dc/b4f444a624,10.30827/tsg-gsw.v2i3.918,B,crossref_search,1.0,match,issn,1.0,¿Qué es la “Chalandisation”?
116332,Global Social Work / Trabajo Social Global,2010,dc/b24ab6d5ca,10.30827/tsg-gsw.v1i1.903,B,crossref_search,1.0,match,issn,1.0,[pt] Serviço Social em contexto:Politica Social e Serviço Social
116333,Global Social Work / Trabajo Social Global,2019,dc/0fa075d15a,10.30827/tsg-gsw.v9i16.9180,B,crossref_search,1.0,match,issn,1.0,Atención integral a mujeres drogodependientes embarazadas. Propuesta de protocolo de actuación sociosanitaria
116334,Global Social Work / Trabajo Social Global,2014,dc/66f05720a6,10.30827/tsg-gsw.v4i7.2225,B,crossref_search,1.0,match,issn,1.0,INTERVENCIÓN SOCIAL Y LA CONSTRUCCIÓN EPISTEMOLÓGICA DE LA CIUDADANÍA EN CHILE
116335,Global Social Work / Trabajo Social Global,2019,dc/74d32aedb5,10.30827/tsg-gsw.v9i17.11251,B,crossref_search,1.0,match,issn,1.0,Releyendo a Howe. Perspectivas teóricas en Trabajo Social para el análisis de la intervención socio-educativa con la Infancia
116336,Global Social Work / Trabajo Social Global,2014,dc/1be5275dc4,10.30827/tsg-gsw.v4i7.2589,B,crossref_search,1.0,match,issn,1.0,"RECENSIÓN / BOOK REVIEW. Davis, Angela (2004) Mujeres, Raza y Clase. Madrid, AKAL."
116337,Global Social Work / Trabajo Social Global,2020,dc/b01acfbdf9,10.30827/tsg-gsw.v10i18.10285,B,crossref_search,1.0,match,issn,1.0,El trabajo comunitario en la gestión del Poder Popular en Cuba a nivel provincial
116338,Global Social Work / Trabajo Social Global,2019,dc/0b3fb2e32f,10.30827/tsg-gsw.v9i17.8460,B,crossref_search,1.0,match,issn,1.0,El Trabajo Social y la dimensión ambiental
116339,Global Social Work / Trabajo Social Global,2017,dc/42a171b4fa,10.30827/tsg-gsw.v7i13.5664,B,crossref_search,1.0,match,issn,1.0,"Programas de Servicios Sociales para la inclusión social a través del empleo: ante el reto de la transversalidad, la multidimensionalidad y la creación de oportunidades laborales"
116340,Global Social Work / Trabajo Social Global,2020,dc/f604045b8a,10.30827/tsg-gsw.v10i19.14097,B,crossref_search,1.0,match,issn,1.0,Gestión de calidad en asociaciones de pacientes. Diagnóstico en la Federación Española de Fibrosis Quística
116341,Global Social Work / Trabajo Social Global,2014,dc/2093e7550b,10.30827/tsg-gsw.v4i6.2148,B,crossref_search,1.0,match,issn,1.0,Los centros de formación y educación profesional: una alternativa para el desarrollo local.
116342,Global Social Work / Trabajo Social Global,2017,dc/8926002017,10.30827/tsg-gsw.v7i12.5339,B,crossref_search,1.0,match,issn,1.0,Repensar o Serviço Social em tempo de crise económica e financeira em Portugal
116343,Global Social Work / Trabajo Social Global,2013,dc/45d9d2b288,10.30827/tsg-gsw.v3i5.1526,B,crossref_search,1.0,match,issn,1.0,"Ballester Brage, Lluís; Pascual Barrio, Belén & Vecina Merchante, Carlos. Comunidad, trabajo en red e intervención socioeducativa. Palma de Mallorca: Universitat de les Illes Balears."
116344,Global Social Work / Trabajo Social Global,2018,dc/11be41a9b1,10.30827/tsg-gsw.v8i15.7424,B,crossref_search,1.0,match,issn,1.0,"Reincidência, Fatores de Risco e Avaliação de Risco em Vítimas de Violência Doméstica"
116345,Global Social Work / Trabajo Social Global,2014,dc/50e4836590,10.30827/tsg-gsw.v4i7.2535,B,crossref_search,1.0,match,issn,1.0,EL MALTRATO A PERSONAS MAYORES EN EL ÁMBITO FAMILIAR. APROXIMACIÓN A LA SITUACIÓN EN MÁLAGA (ESPAÑA)
116346,Global Social Work / Trabajo Social Global,2021,dc/0757ea1914,10.30827/tsg-gsw.v11.15249,B,crossref_search,1.0,match,issn,1.0,Necesidades sociales básicas: Categorías referenciales para el diagnóstico social
116347,Global Social Work / Trabajo Social Global,2017,dc/eff558fbc8,10.30827/tsg-gsw.v7i12.5968,B,crossref_search,1.0,match,issn,1.0,"Reseña: Estepa Maestre, F. (2017). Las Rentas Mínimas de Inserción: una aproximación sociológica al ""Programa de Solidaridad de los Andaluces"", en la provincia de Cádiz. (Tesis doctoral) Universidad d"
116348,Global Social Work / Trabajo Social Global,2022,dc/d86b0987d6,10.30827/tsg-gsw.v12.23687,B,crossref_search,1.0,match,issn,1.0,"Desarrollo comunitario, participación ciudadana y dimensión política del Trabajo Social. Artículo homenaje a Marco Marchioni, pionero del Trabajo Social Comunitario en España"
116349,Global Social Work / Trabajo Social Global,2015,dc/585e0a352f,10.30827/tsg-gsw.v5i9.3129,B,crossref_search,1.0,match,issn,1.0,"Complejidad, reflexividad y autoetnografía. Las posibilidades de la investigación narrativa en la mejora de la práctica profesional"
116350,Global Social Work / Trabajo Social Global,2013,dc/abce8854f8,10.30827/tsg-gsw.v3i4.954,B,crossref_search,1.0,match,issn,1.0,Ensayando el Trabajo Social. Reflexiones de un trabajador social recién egresado
116351,Global Social Work / Trabajo Social Global,2018,dc/cfd8eeac83,10.30827/tsg-gsw.v8i15.7441,B,crossref_search,1.0,match,issn,1.0,Ruptura y sufrimiento social. La llegada de refugiados a Suecia desde la perspectiva de estudiantes de trabajo social
116352,Global Social Work / Trabajo Social Global,2013,dc/72946c16ba,10.30827/tsg-gsw.v3i4.951,B,crossref_search,1.0,match,issn,1.0,"“Ecos del silencio, levantando nuestra voz”: traducciones locales de los Derechos Humanos de las mujeres"
116353,Global Social Work / Trabajo Social Global,2015,dc/de8970af13,10.30827/tsg-gsw.v5i8.2548,B,crossref_search,1.0,match,issn,1.0,Ser inmigrante y vivir en España en un contexto de crisis internacional. Análisis crítico de la evolución de las políticas públicas de inmigración y vivienda
116354,Global Social Work / Trabajo Social Global,2019,dc/c9da7552d9,10.30827/tsg-gsw.v9i17.8303,B,crossref_search,1.0,match,issn,1.0,Just a Progressive Step: Women’s Empowerment in Turkish Microcredit Practices
116355,Global Social Work / Trabajo Social Global,2017,dc/cd491ff680,10.30827/tsg-gsw.v7i13.5839,B,crossref_search,1.0,match,issn,1.0,Las competencias para el desempeño profesional en Trabajo Social dentro de la formación: del burnout al engagement a través del manejo de las emociones
116357,Global Social Work / Trabajo Social Global,2025,dc/539f695036,10.30827/tsg-gsw.v15.31913,B,crossref_search,1.0,match,issn,1.0,Reflexiones y debate desde el trabajo social en torno al Baremo de Factores Contextuales y Ambientales para la valoración de la discapacidad
116358,Global Social Work / Trabajo Social Global,2016,dc/7903f29b83,10.30827/tsg-gsw.v6i10.3814,B,crossref_search,1.0,match,issn,1.0,Análisis discursivo de la violencia filioparenta: ámbito profesional y familiar
116359,Global Social Work / Trabajo Social Global,2019,dc/71df0b78bf,10.30827/tsg-gsw.v9i17.8284,B,crossref_search,1.0,match,issn,1.0,Prevalencia y factores de riesgo asociados al síndrome de burnout entre los profesionales del trabajo social en servicios sociales municipales en España
116360,Global Social Work / Trabajo Social Global,2013,dc/5ce5b293bb,10.30827/tsg-gsw.v3i4.949,B,crossref_search,1.0,match,issn,1.0,“Malinches y Guadalupanas”: representaciones sobre la figura maternal entre los niños y niñas de la calle en la ciudad de México
116361,Global Social Work / Trabajo Social Global,2020,dc/6573b8b858,10.30827/tsg-gsw.v10i19.11507,B,crossref_search,1.0,match,issn,1.0,Community strategies for intercultural participation
116362,Global Social Work / Trabajo Social Global,2023,dc/7c11e9d002,10.30827/tsg-gsw.v13.28358,B,crossref_search,1.0,match,issn,1.0,Revitalizar lo colectivo. Aportes desde el Trabajo Social Crítico
116363,Global Social Work / Trabajo Social Global,2014,dc/6944a33b85,10.30827/tsg-gsw.v4i6.2185,B,crossref_search,1.0,match,issn,1.0,Experiencias de incidencia política de la sociedad civil en el Norte de África
116364,Global Social Work / Trabajo Social Global,2023,dc/0337d759f6,10.30827/tsg-gsw.v13.29457,B,crossref_search,1.0,match,issn,1.0,La intervención de los trabajadores sociales en el marco de la Ley de Eutanasia
116365,Global Social Work / Trabajo Social Global,2018,dc/c8bce25054,10.30827/tsg-gsw.v8i0.7425,B,crossref_search,1.0,match,issn,1.0,Presentación editorial
116366,Global Social Work / Trabajo Social Global,2016,dc/97ffeac054,10.30827/tsg-gsw.v6i11.5313,B,crossref_search,1.0,match,issn,1.0,Las asociaciones de inmigrantes en España: funciones y limitaciones ante el reto de la integración
116367,Global Social Work / Trabajo Social Global,2017,dc/780b9179ea,10.30827/tsg-gsw.v7i12.5573,B,crossref_search,1.0,match,issn,1.0,La relación entre investigación e intervención social: voces desde el trabajo social chileno
116368,Global Social Work / Trabajo Social Global,2019,dc/138ad5913e,10.30827/tsg-gsw.v9i17.9110,B,crossref_search,1.0,match,issn,1.0,El análisis de las necesidades desde la Teoría del Desarrollo a Escala Humana: el caso de dos barrios vulnerables de la Comunitat Valenciana (España)
116369,Global Social Work / Trabajo Social Global,2017,dc/aa64d774b8,10.30827/tsg-gsw.v7i13.6464,B,crossref_search,1.0,match,issn,1.0,Intervención social con refugiados sirios desde un enfoque resiliente a través del Trabajo Social
116370,Global Social Work / Trabajo Social Global,2019,dc/f29f664c35,10.30827/tsg-gsw.v9i16.7856,B,crossref_search,1.0,match,issn,1.0,Movimientos sociales y Trabajo Social: miradas y difusión científica
116371,Global Social Work / Trabajo Social Global,2015,dc/8cb6bc0525,10.30827/tsg-gsw.v5i9.3119,B,crossref_search,1.0,match,issn,1.0,La nueva pobreza y su respuesta desde los sistemas de protección en España. Retos y alternativas del Ingreso Aragonés de Inserción. Análisis de un territorio específico: la Comarca del Alto Gállego (H
116372,Global Social Work / Trabajo Social Global,2014,dc/3a6c72c3c5,10.30827/tsg-gsw.v4i7.2508,B,crossref_search,1.0,match,issn,1.0,ÉTICA APLICADA EN LA INVESTIGACIÓN DEL TRABAJO SOCIAL: LA MIRADA ÉTICA COMO EJE VERTEBRADOR DE LA INVESTIGACIÓN SOCIAL
116373,Global Social Work / Trabajo Social Global,2020,dc/d43d8e1c08,10.30827/tsg-gsw.v10i19.11360,B,crossref_search,1.0,match,issn,1.0,Public-private interaction in child welfare: lessons for critical social work from Chile and the United States
116374,Global Social Work / Trabajo Social Global,2018,dc/04ce3de649,10.30827/tsg-gsw.v8i14.7343,B,crossref_search,1.0,match,issn,1.0,"Book review: López Peláez, A. y Raya Diez, E. (coords.) (2017). Social work research and practice. Contributing to a science of social work. Cizur Menor, Navarra: Editorial Aranzadi"
116375,Global Social Work / Trabajo Social Global,2019,dc/c69d29e4b0,10.30827/tsg-gsw.v9i16.8074,B,crossref_search,1.0,match,issn,1.0,"Direcção técnica de instituições de solidariedade social, áreas de atuação e percepção de competências. Um estudo na Região Centro de Portugal"
116376,Global Social Work / Trabajo Social Global,2013,dc/1e84c668bd,10.30827/tsg-gsw.v3i4.950,B,crossref_search,1.0,match,issn,0.0,O processo de formação profissional dos assistentes sociais e o desafio da pesquisa
116377,Global Social Work / Trabajo Social Global,2016,dc/185283b764,10.30827/tsg-gsw.v6i11.5312,B,crossref_search,1.0,match,issn,1.0,"Minorías étnicas, libertad religiosa e islamofobia en España: reflexiones para el debate"
116378,Global Social Work / Trabajo Social Global,2023,dc/bea77da517,10.30827/tsg-gsw.v13.28434,B,crossref_search,1.0,match,issn,1.0,Pós pandemia COVID-19: a saúde mental e o bem-estar dos estudantes de Serviço Social
116379,Global Social Work / Trabajo Social Global,2017,dc/62acc8d72a,10.30827/tsg-gsw.v7i13.6026,B,crossref_search,1.0,match,issn,0.5,La participación de las personas sin hogar en los recursos de atención social. Una evaluación cualitativa.
116380,Global Social Work / Trabajo Social Global,2022,dc/162f48ab76,10.30827/tsg-gsw.v12.23447,B,crossref_search,1.0,match,issn,1.0,El cuidado y sus protagonistas. Diagnóstico de una realidad oculta
116381,Global Social Work / Trabajo Social Global,2019,dc/6ae3fedae1,10.30827/tsg-gsw.v9i16.8847,B,crossref_search,1.0,match,issn,1.0,Abordaje del consumo problemático de alcohol en la Atención Primaria de Salud a través de la Terapia Breve Centrada en Soluciones. Un modelo clínico para el trabajo social
116382,Global Social Work / Trabajo Social Global,2024,dc/53cd50a25e,10.30827/tsg-gsw.v14.29398,B,crossref_search,1.0,match,issn,1.0,"Explorando la investigación cualitativa en el ámbito del Trabajo Social en torno a la salud: Perspectivas, desafíos y enfoques en el contexto argentino"
116383,Global Social Work / Trabajo Social Global,2017,dc/fda4558725,10.30827/tsg-gsw.v7i13.6658,B,crossref_search,1.0,match,issn,1.0,"Reseña: Sáenz López, K. Pastor Seller, E. y Tamez González, G. (2017). Human development in fragemented societies. Pamplona: Thomson Reuters ARANZADI"
116384,Global Social Work / Trabajo Social Global,2018,dc/07f76d5fbc,10.30827/tsg-gsw.v8i15.7928,B,crossref_search,1.0,match,issn,1.0,"Reseña: Idareta Goldaracena, Francisco (2018). Trabajo social psiquiátrico. (Reivindicación ética de la dimensión social en salud mental). Valencia, Nau Llibres."
116385,Global Social Work / Trabajo Social Global,2016,dc/becc16c6d2,10.30827/tsg-gsw.v6i11.4758,B,crossref_search,1.0,match,issn,1.0,La tutoría en el sistema educativo y el desarrollo de habilidades sociales profesionales (Coaching educativo). Aportaciones de la Pedagogía Social y el Trabajo Social
116386,Global Social Work / Trabajo Social Global,2016,dc/c77da349b9,10.30827/tsg-gsw.v6i11.5214,B,crossref_search,1.0,match,issn,1.0,Promoviendo la participación juvenil desde la comunidad
116387,Global Social Work / Trabajo Social Global,2024,dc/458fbc32f8,10.30827/tsg-gsw.v14.28953,B,crossref_search,1.0,match,issn,1.0,Calidad en los Servicios Sociales y el trabajo social: Análisis de la literatura académica y de la legislación española
116388,Global Social Work / Trabajo Social Global,2022,dc/cc5e756b09,10.30827/tsg-gsw.v12.23499,B,crossref_search,0.97,match,issn,1.0,Itinerarios metodológicos de atención a personas sin hogar en centros de acogida
116389,Global Social Work / Trabajo Social Global,2010,dc/bd0def5845,10.30827/tsg-gsw.v1i2.913,B,crossref_search,1.0,match,issn,1.0,"A RADICAL CAPACIDADE DE AMAR, OU, O AMOR RADICAL EM PAULO FREIRE, JOE KINCHELOE E JESUS GOMEZ, NOSSO ETERNO PATO"
116390,Global Social Work / Trabajo Social Global,2016,dc/e6b763f386,10.30827/tsg-gsw.v6i10.3939,B,crossref_search,1.0,match,issn,1.0,"Pastor Seller, E. y Martínez Román, M.A. (coords) (2014). Trabajo Social en el siglo XXI. Una perspectiva internacional comparada"
116391,Global Social Work / Trabajo Social Global,2018,dc/37cb69e103,10.30827/tsg-gsw.v8i14.6377,B,crossref_search,1.0,match,issn,1.0,"Consideraciones estructurales para la intervención en salud mental: pobreza, desigualdad y cohesión social."
116392,Global Social Work / Trabajo Social Global,2025,dc/f96d3fb6b2,10.30827/tsg-gsw.v15.31419,B,crossref_search,1.0,match,issn,0.2,Migrantes en Palermo: una mirada etnográfica a su situación social y sanitaria
116393,Global Social Work / Trabajo Social Global,2016,dc/0a94ecd147,10.30827/tsg-gsw.v6i11.5181,B,crossref_search,1.0,match,issn,1.0,"Sexismo y actitudes hacia la homosexualidad, la bisexuaidad y la transexualidad en estudiantes de Trabajo Social mexicanos"
117069,ASEAN Social Work Journal,2024,dc/4c7d8e7605,10.58671/aswj.v12i2.110,B,crossref_search,1.0,match,issn,1.0,Promising Efforts to Eliminate Violence Against Children in the Asia and Pacific Region
117070,ASEAN Social Work Journal,2022,dc/a1f8ed89a7,10.58671/aswj.v10i1.14,B,crossref_search,1.0,match,issn,0.0,Methodological and Ethical Considerations in Research Involving Adult Survivors of Childhood Sexual Abuse : A Reflection
117072,ASEAN Social Work Journal,2024,dc/1ecfdda06a,10.58671/aswj.v12i2.103,B,crossref_search,1.0,match,issn,1.0,Integration of Child Protection and Social Protection for Child Victims of Violence in Indonesia
117073,ASEAN Social Work Journal,2023,dc/f49a8a34b7,10.58671/aswj.v11i2.44,B,crossref_search,1.0,match,issn,1.0,Occupational Wellness Concerns and Self-Care Strategies of Filipino Medical Social Workers During The COVID-19 Pandemic
117074,ASEAN Social Work Journal,2024,dc/696e133316,10.58671/aswj.v12i1.84,B,crossref_search,1.0,match,issn,1.0,Social Work in ASEAN: Collaborations and Challenges
117075,ASEAN Social Work Journal,2025,dc/9661e1b5b8,10.58671/aswj.v13i1.133,B,crossref_search,1.0,match,issn,0.6,Analysis of the Influence of School for Great Women (Sekolah Perempuan Hebat) Model on Family Resilience in Dano Village Indonesia
117076,ASEAN Social Work Journal,2022,dc/3941caa52a,10.58671/aswj.v10i1.10,B,crossref_search,1.0,match,issn,0.5,Family Communication Patterns and Teenage Pregnancies among Filipino Youth
117077,ASEAN Social Work Journal,2025,dc/5065134dc2,10.58671/aswj.v13i1.117,B,crossref_search,1.0,match,issn,1.0,"Disability Inclusive Disaster Risk Reduction and Management: Assessing Vulnerabilities and Local Responses in Maasin City, Philippines"
117079,ASEAN Social Work Journal,2023,dc/d717b6313e,10.58671/aswj.v11i2.47,B,crossref_search,1.0,match,issn,1.0,Working with the Elite: the Intersection of Social Work and Corporate Foundations - the Case of Zuellig Family Foundation
117080,ASEAN Social Work Journal,2022,dc/2b5aed0a6b,10.58671/aswj.v10i2.22,B,crossref_search,1.0,match,issn,1.0,The Impact of Changes in Workload and Subjective Well Being on Job Satisfaction through Work Motivation as a Mediator for Assistants for Persons with Disabilities at the Ministry of Social Affairs
117081,ASEAN Social Work Journal,2023,dc/ae7c9eb7fc,10.58671/aswj.v11i02.54,B,crossref_search,1.0,match,issn,1.0,Ethics Responsibility: Using Social Media of Social Work Practice in Thailand
117082,ASEAN Social Work Journal,2022,dc/8a5d02b83a,10.58671/aswj.v10i1.16,B,crossref_search,1.0,match,issn,0.091,Public Knowledge of Law Number 14 of 2019 on Social Worker and the Implementation of Social Work in Indonesia
117083,ASEAN Social Work Journal,2025,dc/9ebcca191f,10.58671/aswj.v13i1.132,B,crossref_search,1.0,match,issn,1.0,"Identifying Suitable Social Worker Candidates for Counselling Using Holland RIASEC Model and FIKR (Facet, Insight, Knowledge, Resilience) Profiling"
117084,ASEAN Social Work Journal,2023,dc/4abce5c92c,10.58671/aswj.v11i02.37,B,crossref_search,1.0,match,issn,1.0,"Factors Affecting the Prevalence of Online Sexual Abuse and Exploitation of Children in Camarines Sur, Bicol Region, Philippines"
117085,ASEAN Social Work Journal,2023,dc/259ace963d,10.58671/aswj.v11i1.32,B,crossref_search,1.0,match,issn,1.0,Transnational Social Work Practice in Thailand
117086,ASEAN Social Work Journal,2024,dc/a55ba6f6bc,10.58671/aswj.v12i1.83,B,crossref_search,1.0,match,issn,0.0,"Social Work in the Asia Pacific Region in the 21 st Century: Challenges, Opportunities and the Role for Social Work Education"
117088,ASEAN Social Work Journal,2024,dc/5accda2d21,10.58671/aswj.v12i2.109,B,crossref_search,1.0,match,issn,0.0,Power Abuse in Child Sexual Abuse in Indonesia
117089,ASEAN Social Work Journal,2022,dc/72f3d4e0ee,10.58671/aswj.v10i1.5,B,crossref_search,1.0,match,issn,0.0,"Social Work in Suits: A Case Study on the Corporate Social Responsibility (CSR) Initiatives of Widus Foundation, Inc. (WFI)"
117090,ASEAN Social Work Journal,2023,dc/90fd167a7f,10.58671/aswj.v11i2.50,B,crossref_search,1.0,match,issn,1.0,Mobility for a Better Life: A Fragmented Story of the Migrant
117091,ASEAN Social Work Journal,2025,dc/5467ec361e,10.58671/aswj.v13i1.134,B,crossref_search,1.0,match,issn,1.0,2025 Consolidate
117092,ASEAN Social Work Journal,2024,dc/7e4a3dce56,10.58671/aswj.v12i1.78,B,crossref_search,1.0,match,issn,1.0,"Living on the Edge: Young People, Social Work and Climate Policy and Action"
117093,ASEAN Social Work Journal,2022,dc/88f2675ddb,10.58671/aswj.v10i1.15,B,crossref_search,1.0,match,issn,0.0,"Saving and Spending Habits of Overseas Filipino Workers (OFWs) and Their Families in Region Xi, Philippines"
117094,ASEAN Social Work Journal,2023,dc/89e9c28011,10.58671/aswj.v11i1.41,B,crossref_search,1.0,match,issn,1.0,Social Protection in Indonesia: Reforming Opportunities during Covid-19 Pandemic
117095,ASEAN Social Work Journal,2023,dc/d908a68c23,10.58671/aswj.v11i1.40,B,crossref_search,1.0,match,issn,1.0,Realizing Gender Equality in Coastal Areas: Conservation of Critical Land and Empowerment of Women
117096,ASEAN Social Work Journal,2024,dc/c2c03d415a,10.58671/aswj.v12i1.66,B,crossref_search,1.0,match,issn,1.0,Revisiting Psychiatric Social Work Practice in the Philippines: An Autoethnographic Case
117097,ASEAN Social Work Journal,2025,dc/8d3c25aee5,10.58671/aswj.v13i1.107,B,crossref_search,1.0,match,issn,1.0,Enhancing Participation of Children in Schools: A Social Worker's Perspective
117098,ASEAN Social Work Journal,2022,dc/09557bda47,10.58671/aswj.v10i2.20,B,crossref_search,1.0,match,issn,1.0,Inclusive Finance in Sembako Program: An Overview From Proper Governance Perspective
117099,ASEAN Social Work Journal,2022,dc/8677dc7fcf,10.58671/aswj.v10i2.21,B,crossref_search,1.0,match,issn,1.0,Psychosocial Services for Students in Metro Manila Universities Offering Social Work Degree Programs
117100,ASEAN Social Work Journal,2024,dc/a269199973,10.58671/aswj.v12i1.72,B,crossref_search,1.0,match,issn,1.0,Corporate Social Responsibility and Services for People with Disabilities
117101,ASEAN Social Work Journal,2022,dc/bdce5d3e71,10.58671/aswj.v10i2.17,B,crossref_search,1.0,match,issn,1.0,Community Development Model by Corporate Social Responsibility in Indonesia: A Systematic Literature Review
117102,ASEAN Social Work Journal,2022,dc/c3ec2b43f8,10.58671/aswj.v10i2.12,B,crossref_search,1.0,match,issn,1.0,An Exploratory Study on the Challenges Encountered and Strategies Employed by the Philippine Child Caring Agencies Amidst COVID-19: Social Work Administration in the New Normal
117103,ASEAN Social Work Journal,2024,dc/4df84bec26,10.58671/aswj.v12i1.70,B,crossref_search,1.0,match,issn,0.5,The Lived Experiences of Bangsamoro Social Workers: Their Journey in Achieving Inner Peace and Mental Well-Being
117104,ASEAN Social Work Journal,2025,dc/ea5478b095,10.58671/aswj.v13i1.59,B,crossref_search,1.0,match,issn,1.0,Using the ‘Circle of Care’ to Strengthen Families for Their Reintegration After Transition Away from Institutional Care
117105,ASEAN Social Work Journal,2023,dc/0371f3fef3,10.58671/aswj.v11i1.36,B,crossref_search,1.0,match,issn,1.0,"Social Work Students’ Challenges in Flexible Learning and Implications for Social Work Education: A Study in Bicol, Philippines"
117106,ASEAN Social Work Journal,2022,dc/2baf529802,10.58671/aswj.v10i2.24,B,crossref_search,1.0,match,issn,0.0,Occupational accidents related to gender in the village of La Xuyen wood handicraft
117107,ASEAN Social Work Journal,2024,dc/65affb1c0e,10.58671/aswj.v12i2.79,B,crossref_search,1.0,match,issn,1.0,Literature Review on Children Outside Educational Opportunities: A Study of Children with Foreign Origin in Japan
117108,ASEAN Social Work Journal,2023,dc/1abbe9ee37,10.58671/aswj.v11i1.34,B,crossref_search,1.0,match,issn,1.0,Mental Health Promotion for Productivity of Employee at Workplace in Indonesia
117109,ASEAN Social Work Journal,2022,dc/22ee3e967f,10.58671/aswj.v10i1.8,B,crossref_search,1.0,match,issn,0.0,"Community Needs Assessment in Sitio Sapa, Barangay San Rafael, Rodriguez, Rizal: Basis of Social Welfare Extension Program of the University of Rizal System Rodriguez, Rizal"
117111,ASEAN Social Work Journal,2023,dc/c5954bcef2,10.58671/aswj.v11i02.63,B,crossref_search,1.0,match,issn,0.0,Entering 2024 With Consolidation
117112,ASEAN Social Work Journal,2022,dc/694f1bbffc,10.58671/aswj.v10i1.11,B,crossref_search,1.0,match,issn,0.0,Social Work with Transnational Families in Japan – Transnational Social Work in the Multicultural and Integrated Community
117113,ASEAN Social Work Journal,2023,dc/655dcb1596,10.58671/aswj.v11i1.33,B,crossref_search,1.0,match,issn,1.0,Reducing Greenhouse Gas Emissions through Community-based Action: an Analysis of the Program Kampung Iklim in Indonesia
117114,ASEAN Social Work Journal,2024,dc/bf358103fc,10.58671/aswj.v12i1.71,B,crossref_search,1.0,match,issn,0.0,"Deaf’s Awareness on Sexual Abuse at The Vinh Long Deaf Club, Vietnam"
117115,ASEAN Social Work Journal,2023,dc/9637d7ae7c,10.58671/aswj.v11i02.56,B,crossref_search,1.0,match,issn,1.0,Resilient Social Work Practice: From the Experiences of Filipino Social Workers
117116,ASEAN Social Work Journal,2022,dc/426598ac5c,10.58671/aswj.v10i2.28,B,crossref_search,1.0,match,issn,0.0,Exploring the Needs of Female Afghan Migrants Living in Japan
117117,ASEAN Social Work Journal,2024,dc/74e469e5ad,10.58671/aswj.v12i2.102,B,crossref_search,1.0,match,issn,1.0,Child Sexual Abuse in Focus: A Case Study on Case Management in a Selected Local Government Unit in Metro Manila
117118,ASEAN Social Work Journal,2023,dc/fcf516ea98,10.58671/aswj.v11i1.46,B,crossref_search,1.0,match,issn,0.2,"Experiences of Female Adolescent on Online Sexual Abuse and Exploitation of Children During Community Quarantine in Davao City, Philippines"
117119,ASEAN Social Work Journal,2024,dc/b777b0b6ec,10.58671/aswj.v12i2.67,B,crossref_search,1.0,match,issn,1.0,Navigating Suicidal Crisis in a Traditional Setting of Kyrgyzstan
117120,ASEAN Social Work Journal,2025,dc/6ebedf3549,10.58671/aswj.v13i1.101,B,crossref_search,1.0,match,issn,1.0,Representation of Child Exploitation in the Film 'Trade of Innocents' and Reflections for Indonesia
117121,ASEAN Social Work Journal,2024,dc/d2a6e5de21,10.58671/aswj.v12i1.77,B,crossref_search,1.0,match,issn,1.0,Glance Into the Online World of Children: A study to Examine the Online Activities of Children in Indonesia
117122,ASEAN Social Work Journal,2024,dc/52acd6a7e9,10.58671/aswj.v12i2.94,B,crossref_search,1.0,match,issn,1.0,Deafening Echoes: Lived Experiences of Adult Survivors of Online Sexual Abuse and Exploitation of Children
117123,ASEAN Social Work Journal,2024,dc/68811e6c14,10.58671/aswj.v12i2.92,B,crossref_search,1.0,match,issn,1.0,Managing Suicidal Thoughts with DBT-Informed Social Work Counseling: Reflections on Working with a Filipino Young Adult
117124,ASEAN Social Work Journal,2023,dc/6bb61dbcc0,10.58671/aswj.v11i2.43,B,crossref_search,1.0,match,issn,0.0,Does Regionalism Work in Managing the COVID-19 Pandemic: a Case Study of ASEAN
117125,Journal of Forensic Social Work,2023,dc/db52bda8cb,10.15763/issn.1936-9298.2023.7.1.72-90,B,crossref_search,1.0,match,issn,1.0,"Making a Case for Gender-Responsive, Trauma-Informed Mental Health Courts: An Exploration of Participant Trauma Histories"
117126,Journal of Forensic Social Work,2022,dc/cb95090580,10.15763/issn.1936-9298.2022.6.1.11-21,B,crossref_search,1.0,match,issn,1.0,Forensic Social Work Ethics in Prolonged Solitary Confinement: A Struggle with Dual Loyalty
117127,Journal of Forensic Social Work,2011,dc/e882d47c2f,10.1080/1936928x.2011.609767,B,crossref_search,1.0,match,issn,0.429,Exploring the Potential for Racial and Gender Bias in Violations of Probation Petitions
117128,Journal of Forensic Social Work,2015,dc/f8b463985f,10.1080/1936928x.2014.1056059,B,crossref_search,1.0,match,issn,1.0,Letter from the Editors (9)
117129,Journal of Forensic Social Work,2016,dc/e4d8d5de72,10.1080/1936928x.2015.1075166,B,crossref_search,1.0,match,issn,0.333,Psychological Distress Among Older Prisoners: A Literature Review
117130,Journal of Forensic Social Work,2023,dc/577f29b5e6,10.15763/issn.1936-9298.2023.7.2.30-42,B,crossref_search,1.0,match,issn,1.0,The Sequential Intercept Model and Forensic Assertive Community Treatment (FACT) for People with Serious Mental Illness: Implications for Social Work Practice
117131,Journal of Forensic Social Work,2016,dc/911d6bef88,10.1080/1936928x.2015.1092905,B,crossref_search,1.0,match,issn,1.0,Confining Legitimacy: The Impact of Prison Experiences on Perceptions of Criminal Justice Legitimacy
117133,Journal of Forensic Social Work,2012,dc/c06eb47206,10.1080/1936928x.2012.746766,B,crossref_search,1.0,match,issn,1.0,The Lived Experience of Native Hawaiians Exiting Prison and Reentering the Community: How Do You Really Decriminalize Someone Who’s Consistently Being Called a Criminal?
117134,Journal of Forensic Social Work,2014,dc/9d8a0339eb,10.1080/1936928x.2013.866608,B,crossref_search,1.0,match,issn,1.0,Interpersonal Dependency Constructs and Male Perpetrators of Intimate Partner Violence
117135,Journal of Forensic Social Work,2023,dc/55306c61d6,10.15763/issn.1936-9298.2023.7.1.91-110,B,crossref_search,1.0,match,issn,1.0,Working with Child Victims During the COVID-19 Pandemic: A Qualitative Study of Child Maltreatment Investigators’ Experiences
117136,Journal of Forensic Social Work,2012,dc/fe7eefa543,10.1080/1936928x.2012.742477,B,crossref_search,1.0,match,issn,1.0,Correlates of Modus Operandi (Coercion and Force) Among Male Sexually Victimized Adolescent Sexual Abusers: An Exploratory Study
117137,Journal of Forensic Social Work,2023,dc/212aabe401,10.15763/issn.1936-9298.2023.7.1.123-131,B,crossref_search,1.0,match,issn,1.0,Self-Reports of Grooming Behaviors in Adult Men Who Sexually Abused a Child: Assessment and Treatment Considerations
117138,Journal of Forensic Social Work,2013,dc/a5890ca44c,10.1080/1936928x.2013.837420,B,crossref_search,1.0,match,issn,0.333,Alleged Sex Abuse Victims’ Accounts of Their Abusers’ Modus Operandi
117139,Journal of Forensic Social Work,2014,dc/87a30e55cc,10.1080/1936928x.2013.871617,B,crossref_search,1.0,match,issn,1.0,Veterans in the Criminal Justice System and the Role of Social Work
117141,Journal of Forensic Social Work,2011,dc/b56de60fb9,10.1080/1936928x.2011.535759,B,crossref_search,1.0,match,issn,1.0,Letter From the NOFSW President
117142,Journal of Forensic Social Work,2011,dc/65ff48c21c,10.1080/1936928x.2011.541217,B,crossref_search,1.0,match,issn,1.0,"Disproportionate Minority Contact in the American Juvenile Justice System: Where are We after 20 Years, a Philosophy Shift, and Three Amendments?"
117143,Journal of Forensic Social Work,2012,dc/b51630b02c,10.1080/1936928x.2012.750913,B,crossref_search,1.0,match,issn,1.0,Letter from the Editors (4)
117144,Journal of Forensic Social Work,2023,dc/857c80b99e,10.15763/issn.1936-9298.2023.7.1.32-41,B,crossref_search,0.97,match,issn,1.0,Ethical Challenges in Forensic Social Work
117145,Journal of Forensic Social Work,2023,dc/0b6f175881,10.15763/issn.1936-9298.2023.7.1.111-123,B,crossref_search,1.0,match,issn,1.0,Policy & Change: An Analysis of Veteran Perpetrated Mass Shootings & Social Work's Call to Action
117146,Journal of Forensic Social Work,2014,dc/e5b31530a5,10.1080/1936928x.2014.948251,B,crossref_search,1.0,match,issn,1.0,Mental Illness Along the Criminal Justice Continuum
117147,Journal of Forensic Social Work,2011,dc/1fc03eec51,10.1080/1936928x.2011.604594,B,crossref_search,1.0,match,issn,1.0,Exploring Issues Associated with Female Sexual Offenders
117148,Journal of Forensic Social Work,2016,dc/1c9c4543e0,10.1080/1936928x.2015.1109398,B,crossref_search,1.0,match,issn,1.0,Social Worker Assessments of Competency to Stand Trial
117149,Journal of Forensic Social Work,2014,dc/40e28004bb,10.1080/1936928x.2014.981450,B,crossref_search,1.0,match,issn,1.0,Letter from the Editors (8)
117150,Journal of Forensic Social Work,2022,dc/2a994f413d,10.15763/issn.1936-9298.2022.6.1.22-42,B,crossref_search,1.0,match,issn,1.0,Weaponizing Clinical Mental Health in Family Justice Courts: Ethical and Legal Minefields
117151,Journal of Forensic Social Work,2011,dc/30bd32dc9c,10.1080/1936928x.2011.598843,B,crossref_search,1.0,match,issn,1.0,Trauma and Substance Abuse Among Women in Prostitution: Implications for a Specialized Diversion Program
117152,Journal of Forensic Social Work,2016,dc/d50dc2e1cc,10.1080/1936928x.2015.1068721,B,crossref_search,1.0,match,issn,1.0,Repeated Self- and Peer-Review Leads to Continuous Improvement in Child Interviewing Performance
117154,Journal of Forensic Social Work,2013,dc/e34a231632,10.1080/1936928x.2013.855155,B,crossref_search,1.0,match,issn,1.0,Cycles of Poverty and Crime in America's Inner Cities
117155,Journal of Forensic Social Work,2022,dc/9a95d1d627,10.15763/issn.1936-9298.2022.6.1.4-10,B,crossref_search,1.0,match,issn,1.0,National Organization of Forensic Social Work in the 21st Century: A Historical Retrospective of the Last 10 Years
117158,Journal of Forensic Social Work,2011,dc/6c8e59a2e0,10.1080/1936928x.2011.598841,B,crossref_search,1.0,match,issn,1.0,Releasing Their Stories: A Qualitative Study of Juvenile Justice-Involved Youth with Histories of Mental Health Issues and Violence
117159,Journal of Forensic Social Work,2013,dc/731333e4b0,10.1080/1936928x.2013.837419,B,crossref_search,1.0,match,issn,1.0,Violent Death Among Recently Released Prison Inmates: Stories Behind the Numbers
117160,Journal of Forensic Social Work,2013,dc/19c7442805,10.1080/1936928x.2013.854124,B,crossref_search,1.0,match,issn,1.0,Facilitating Maltreated Children’s Use of Emotional Language
117161,Journal of Forensic Social Work,2012,dc/101f2e1eee,10.1080/1936928x.2012.658750,B,crossref_search,1.0,match,issn,1.0,The Role of Perceptions in Collaborative Relationships: Implications for Forensic Social Work Practice
117163,Journal of Forensic Social Work,2015,dc/fc5e3f716a,10.1080/1936928x.2014.999851,B,crossref_search,1.0,match,issn,1.0,Behavioral Health and Sociocultural Determinants of Corrections Involvement Among Vulnerable African American Females: Historical and Contemporary Themes
117164,Journal of Forensic Social Work,2014,dc/6dc434aa53,10.1080/1936928x.2014.948250,B,crossref_search,1.0,match,issn,1.0,Social Workers’ Perspectives on Effective Practice in Criminal Justice Settings
117165,Journal of Forensic Social Work,2023,dc/ff5016a670,10.15763/issn.1936-9298.2023.7.2.18-29,B,crossref_search,1.0,match,issn,1.0,Forensic Social Work in the Slovak Republic
117167,Journal of Forensic Social Work,2013,dc/5d75f851c0,10.1080/1936928x.2014.909682,B,crossref_search,0.96,match,issn,1.0,Letter from the Editors (5)
117168,Journal of Forensic Social Work,2012,dc/eae05359cc,10.1080/1936928x.2012.658904,B,crossref_search,0.97,match,issn,1.0,Punished: Policing the Lives of Black and Latino Boys by Victor M. Rios
117169,Journal of Forensic Social Work,2014,dc/cb061270f3,10.1080/1936928x.2014.940565,B,crossref_search,1.0,match,issn,0.6,Confronting the Collateral Consequences of a Criminal Conviction: A Special Challenge for Social Work With Offenders
117170,Journal of Forensic Social Work,2023,dc/56172b8193,10.15763/issn.1936-9298.2023.7.2.1-2,B,crossref_search,1.0,match,issn,1.0,Letter From the Editor: Collaboration and Purpose
117171,Journal of Forensic Social Work,2013,dc/83333a1c68,10.1080/1936928x.2013.859028,B,crossref_search,1.0,match,issn,1.0,A Model of Client-Related Violence Against Female Street Sex Workers
117172,Journal of Forensic Social Work,2023,dc/1555db76f0,10.15763/issn.1936-9298.2023.7.1.62-71,B,crossref_search,1.0,match,issn,1.0,Teaching Forensic Social Work: Innovative Education through Service-Learning
117173,Journal of Forensic Social Work,2012,dc/31edb69f11,10.1080/1936928x.2012.747423,B,crossref_search,1.0,match,issn,1.0,"A Theory of African American Offending: Race, Racism, and Crime by JAmes D. Unnever and Shaun L. Gabbidon"
117174,Journal of Forensic Social Work,2016,dc/1c2c8fa7e7,10.1080/1936928x.2015.1109399,B,crossref_search,1.0,match,issn,1.0,The Potential Costs of Police Databases: Exploring the Performance of California’s Gang Database (CalGang)
117175,Journal of Forensic Social Work,2016,dc/90e15e1316,10.1080/1936928x.2015.1093572,B,crossref_search,1.0,match,issn,0.6,Preliminary Evaluation of Structured Professional Judgment to Assess Removal in Child Protection Practice
117176,Journal of Forensic Social Work,2013,dc/bcdbfcbb0c,10.1080/1936928x.2013.763672,B,crossref_search,1.0,match,issn,1.0,Children’s Memory and Event Reports: The Current State of Knowledge and Best Practice
117177,Journal of Forensic Social Work,2022,dc/8965292737,10.15763/issn.1936-9298.2022.6.1.43-56,B,crossref_search,1.0,match,issn,1.0,Criminal Justice Diversion and the Importance of Program Retention
117179,Journal of Forensic Social Work,2012,dc/beaf680b06,10.1080/1936928x.2012.658749,B,crossref_search,1.0,match,issn,1.0,Socio-Demographic Variables Predicting Formal vs. Informal Juvenile Justice System Handling and Associated Outcomes
117182,Journal of Forensic Social Work,2016,dc/8efb11d3ca,10.1080/1936928x.2015.1112716,B,crossref_search,1.0,match,issn,1.0,Letter From the Editor
117184,Journal of Forensic Social Work,2022,dc/0366c8be7b,10.15763/issn.1936-9298.2022.6.1.1-3,B,crossref_search,1.0,match,issn,1.0,Letter From the Editor: Taking a Step Forward
117185,Journal of Forensic Social Work,2023,dc/9bd2eba179,10.15763/issn.1936-9298.2023.7.2.3-17,B,crossref_search,1.0,match,issn,1.0,Best Practices in Tele-Forensic Methods of Gathering Data
117186,Journal of Forensic Social Work,2011,dc/f2be29bc7a,10.1080/1936928x.2011.598845,B,crossref_search,1.0,match,issn,1.0,Legal Representation and Education for Minority Youth Intervention
117187,Journal of Forensic Social Work,2012,dc/21e8899f1d,10.1080/1936928x.2012.750253,B,crossref_search,1.0,match,issn,1.0,Survivors of Homicide Victims: Factors that Influence their Well-Being
117189,Journal of Forensic Social Work,2011,dc/eb2efe42d8,10.1080/1936928x.2011.541200,B,crossref_search,1.0,match,issn,1.0,Forensic Social Work Practice Standards: Definition and Specification
117190,Journal of Forensic Social Work,2012,dc/bd549304d4,10.1080/1936928x.2012.743868,B,crossref_search,1.0,match,issn,1.0,Neighborhood Defenders Program: An Evaluation of Maryland’s Holistic Representation Program
117191,Journal of Forensic Social Work,2011,dc/9c6fdbf643,10.1080/1936928x.2011.541213,B,crossref_search,1.0,match,issn,0.5,Attitudes Toward the Treatment of Sex Offenders: A SEM Analysis
117192,Journal of Forensic Social Work,2013,dc/beb58e0186,10.1080/1936928x.2013.845638,B,crossref_search,1.0,match,issn,1.0,Protecting Child Witnesses on the Witness Stand: The Law and the Role of the Forensic Social Worker in Criminal Proceedings
117193,Journal of Forensic Social Work,2016,dc/320efdb90b,10.1080/1936928x.2015.1092904,B,crossref_search,1.0,match,issn,1.0,Who is Most Likely to Graduate From Teen Court?
117194,Journal of Forensic Social Work,2023,dc/8405cd66b3,10.15763/issn.1936-9298.2023.7.1.1-13,B,crossref_search,1.0,match,issn,1.0,Collateral Consequences: The Impact of Incarceration on African American Fathers and Their Sons
117195,Journal of Forensic Social Work,2016,dc/7c712c2554,10.1080/1936928x.2015.1109397,B,crossref_search,1.0,match,issn,1.0,Let’s Get Free: Social Work and the Movement for Black Lives
117196,Journal of Forensic Social Work,2016,dc/e729368806,10.1080/1936928x.2015.1075167,B,crossref_search,1.0,match,issn,1.0,Social Support Among Substance Using Women with Criminal Justice Involvement
117197,Journal of Forensic Social Work,2023,dc/21e8459507,10.15763/issn.1936-9298.2023.7.2.59-74,B,crossref_search,0.97,match,issn,1.0,Embedding Social Work into a Police Department in the South
117198,Journal of Forensic Social Work,2014,dc/2b5845c60a,10.1080/1936928x.2014.981455,B,crossref_search,1.0,match,issn,1.0,In Memorium: Julia R. Hislop
117199,Journal of Forensic Social Work,2013,dc/428d3ad38b,10.1080/1936928x.2013.809326,B,crossref_search,1.0,match,issn,0.667,"Utilization of the Massachusetts Youth Screening Instrument-2 (MAYSI-2) with a Southern, African American Adolescent Male Population"
117200,Journal of Forensic Social Work,2011,dc/bafd1687e4,10.1080/1936928x.2011.541202,B,crossref_search,0.953,match,issn,1.0,The Ethics of Practicing Forensic Social Work
117201,Journal of Forensic Social Work,2016,dc/c15ff51b9d,10.1080/1936928x.2015.1095140,B,crossref_search,1.0,match,issn,1.0,"Intimate Partner Violence, Gender and Lethality: A Case Analysis of Two Fatalities"
117202,Journal of Forensic Social Work,2012,dc/a3c1c0aad5,10.1080/1936928x.2012.742478,B,crossref_search,1.0,match,issn,1.0,False Security: North Carolina Sexual Offenders’ Perceptions of Residence Restrictions
117203,Journal of Forensic Social Work,2012,dc/6ab86c6db9,10.1080/1936928x.2011.609766,B,crossref_search,1.0,match,issn,1.0,An Exploration of Racial Differences in Deviant Sexual Interests Among Male Adolescent Sexual Offenders
117205,Journal of Forensic Social Work,2011,dc/4b6e0b0d43,10.1080/1936928x.2011.609764,B,crossref_search,1.0,match,issn,1.0,Letter from the Editors (2)
117206,Journal of Forensic Social Work,2023,dc/bd8630f9d0,10.15763/issn.1936-9298.2023.7.1.14-31,B,crossref_search,1.0,match,issn,1.0,Introducing the BCAT: A Tool to Aid Treatment Providers in Assessing Adjudicative Competence
117207,Journal of Forensic Social Work,2023,dc/00b949c6c0,10.15763/issn.1936-9298.2023.7.2.43-58,B,crossref_search,0.969,match,issn,1.0,The Integration of Social Work Values and Principles in Police Work
117209,Journal of Forensic Social Work,2013,dc/807da9ac4a,10.1080/1936928x.2013.859026,B,crossref_search,1.0,match,issn,1.0,Increasing Alternative Sentencing in the Juvenile Justice System Through a Partnership Between Public Defenders and Social Workers
117212,Journal of Forensic Social Work,2013,dc/c4eb1bb391,10.1080/1936928x.2013.837417,B,crossref_search,1.0,match,issn,1.0,"“People, Places, and Things:” Network Factors Matter in the Experiences of Mental Health Court Participants"
117213,Journal of Forensic Social Work,2013,dc/e6def36634,10.1080/1936928x.2013.763504,B,crossref_search,1.0,match,issn,1.0,"Is There a Place for Extended Assessments For Evaluating Concerns About Child Sexual Abuse? Perceptions of 1,294 Child Maltreatment Professionals"
117214,Journal of Forensic Social Work,2016,dc/4fc474e3fb,10.1080/1936928x.2015.1092906,B,crossref_search,1.0,match,issn,1.0,‘‘I Didn’t Know He Had It in Him to Kill Me’’: Non lethal Firearms Use and Partner Violence Against Canadian Women
117215,Journal of Forensic Social Work,2022,dc/9667369a64,10.15763/issn.1936-9298.2022.6.1.57-76,B,crossref_search,1.0,match,issn,1.0,Disproportionate Minority Contact (DMC) to Racial and Ethnic Disparities (RED) in Juvenile Justice: What does it Mean and Does it Matter?
117216,Journal of Forensic Social Work,2011,dc/db480fb8c6,10.1080/1936928x.2011.541198,B,crossref_search,0.979,match,issn,0.333,The Evolution of Forensic Social Work in the United States: Implications for 21st Century Practice
117217,Journal of Forensic Social Work,2016,dc/9a071c9e0b,10.1080/1936928x.2015.1115797,B,crossref_search,1.0,match,issn,1.0,Finding the Right Fit: Disparities Between Cisgender and Transgender Women Arrested for Prostitution in Baltimore
117218,Journal of Forensic Social Work,2014,dc/dc19a3664a,10.1080/1936928x.2014.958644,B,crossref_search,1.0,match,issn,1.0,An Examination of Management Strategiesand Attitudes Among Probation Officers
117220,Journal of Forensic Social Work,2012,dc/6a50cef532,10.1080/1936928x.2012.750254,B,crossref_search,1.0,match,issn,1.0,"Aging, Mental Health, and the Criminal Justice System: A Content Analysis of the Literature"
117221,Journal of Forensic Social Work,2011,dc/aa9f3ae196,10.1080/1936928x.2011.541197,B,crossref_search,0.968,match,issn,1.0,The History of the National Organization of Forensic Social Work
117222,Journal of Forensic Social Work,2023,dc/16733db3e3,10.15763/issn.1936-9298.2023.7.2.75-107,B,crossref_search,1.0,match,issn,1.0,Holistic Defense: Attorney Perception and Social Work Integration in the Courtroom
117223,Journal of Forensic Social Work,2013,dc/c5600928fc,10.1080/1936928x.2013.837418,B,crossref_search,1.0,match,issn,1.0,Attrition in Drug Court Research: Examining Participant Characteristics and Recommendations for Follow-Up
117224,Journal of Forensic Social Work,2013,dc/8df148c8d0,10.1080/1936928x.2013.826610,B,crossref_search,1.0,match,issn,1.0,Risk Factors for Homelessness Among Recently Released Offenders
117225,Journal of Forensic Social Work,2023,dc/6e04c267e1,10.15763/issn.1936-9298.2023.7.2.108-119,B,crossref_search,1.0,match,issn,1.0,Paternity and Child Welfare
117226,Journal of Forensic Social Work,2011,dc/33c12515a2,10.1080/1936928x.2011.541206,B,crossref_search,1.0,match,issn,1.0,Testifying About Mitigation: When Social Workers and Other Mental Health Professionals Face Aggressive Cross-Examination
117227,Journal of Forensic Social Work,2016,dc/bbbe60cd8f,10.1080/1936928x.2015.1100570,B,crossref_search,0.976,match,issn,1.0,The Death Penalty Attitudes of Social Work Students: Current and Future Opportunities
117228,Journal of Forensic Social Work,2014,dc/a82c375ed3,10.1080/1936928x.2013.859027,B,crossref_search,1.0,match,issn,1.0,Inter-Professional Collaboration: Perceptions and Practices with Youth with Complex Problems
117229,Journal of Forensic Social Work,2014,dc/cbc51a487f,10.1080/1936928x.2014.893549,B,crossref_search,1.0,match,issn,1.0,Is Positive Social Support Available to Re-Entering Prisoners? It Depends on Who You Ask
117230,Journal of Forensic Social Work,2013,dc/6b1db30b99,10.1080/1936928x.2013.837416,B,crossref_search,1.0,match,issn,1.0,Recent Developments In Mental Health Courts: What Have We Learned?
117231,Journal of Forensic Social Work,2015,dc/30534dda8e,10.1080/1936928x.2015.1029660,B,crossref_search,1.0,match,issn,1.0,Perceptions of the African American Experience (PAAX): A New Measure of Adaptive Identities Among African American Men and Women
117232,Journal of Forensic Social Work,2015,dc/5642539e9f,10.1080/1936928x.2014.1056061,B,crossref_search,1.0,match,issn,1.0,It’s Not CSI: The Importance of Forensics for Social Work Education
117233,Journal of Forensic Social Work,2023,dc/d5f823b0af,10.15763/issn.1936-9298.2023.7.1.44-61,B,crossref_search,1.0,match,issn,1.0,Accessing Behavioral Health Services and the Justice-Involved: The Significance of Ecological Considerations
117234,Journal of Forensic Social Work,2011,dc/5109f242ad,10.1080/1936928x.2011.541196,B,crossref_search,1.0,match,issn,1.0,Letter From the Editors
117235,Journal of Forensic Social Work,2013,dc/0e0e785790,10.1080/1936928x.2013.852962,B,crossref_search,1.0,match,issn,1.0,Book Review: The Handbook on Questioning Children: A Linguistic Perspective by Anne Graffam Walker
