record_id,journal_name,year,current_doi,pattern,verdict,best_candidate,title_similarity,journal_verdict,title
119928,The Journal of Sociology & Social Welfare,2015,oai:scholarworks.wmich.edu:jssw-3887,oai,candidate_not_in_crossref,10.15453/0191-5096.3887,,,Understanding Fringe Economic Behavior: A Bourdieusian-informed Meta-ethnography
120119,The Journal of Sociology & Social Welfare,2018,oai:scholarworks.wmich.edu:jssw-4165,oai,candidate_not_in_crossref,10.15453/0191-5096.4165,,,"Common Law, Charity, and Human Rights as Responses to the Socio-Economic Crisis in Galicia, Spain"
120226,The Journal of Sociology & Social Welfare,2021,oai:scholarworks.wmich.edu:jssw-4374,oai,candidate_not_in_crossref,10.15453/0191-5096.4374,,,Development of Palestinian Social Work in Israel: The Formative Years (1968–1982)
114717,Advances in Social Work,2020,dc/7d3de8e8d0,dc,journal_unverified,10.1515/9783110682571,1.0,unknown,2020
115984,Journal of Social Work Education and Practice,2020,dc/ee5874e329,dc,no_candidate,,,,Exploration of the relationship between father role salience and levels of involvement with their preschool children
115985,Journal of Social Work Education and Practice,2023,dc/4cdca5443f,dc,no_candidate,,,,Challenges of Developing an Emotional Resilience Curriculum in social work education in England
115986,Journal of Social Work Education and Practice,2023,dc/2bbab155f6,dc,no_candidate,,,,The Effect of a Training Program Based on Playing on Alleviating the Behavioral Disorders among the Educable Intellectually Disabled Students in the Kingdom of Saudi Arabia.
115987,Journal of Social Work Education and Practice,2023,dc/e2e448bab3,dc,no_candidate,,,,Conflict Resolution and Peacebuilding: Social Work Education and Practice in Humanitarian Settings
115988,Journal of Social Work Education and Practice,2023,dc/e88468576b,dc,no_candidate,,,,A Framework for the Psychosocial Rehabilitation of Adolescent Victims of Domestic Violence
115989,Journal of Social Work Education and Practice,2023,dc/771ac9c810,dc,no_candidate,,,,Case Studies on Elderly and Institutionalization in the Southern region of Kerala
115990,Journal of Social Work Education and Practice,2023,dc/8fb925d9dc,dc,no_candidate,,,,The value of z-scores in social work supervision and practice
115991,Journal of Social Work Education and Practice,2023,dc/56466506aa,dc,no_candidate,,,,Methodological challenges in implementation of social incubators in Kerala: A case study​
115992,Journal of Social Work Education and Practice,2022,dc/ea1fa2799e,dc,no_candidate,,,,Psychological Well-being Among Transgender Women in Nepal and Implication on Social Work
115993,Journal of Social Work Education and Practice,2023,dc/d9be15d934,dc,no_candidate,,,,Let us be influenced but not dominated by the West: students’ perspectives on social work development in India
115994,Journal of Social Work Education and Practice,2023,dc/25eccc7a07,dc,no_candidate,,,,Study on Job Security Among the Teachers in Self Financing Colleges.
115995,Journal of Social Work Education and Practice,2023,dc/a2c6b8bb78,dc,no_candidate,,,,Use of the Outcome and Session Rating Scales in Clinical Social Work Supervision​
115996,Journal of Social Work Education and Practice,2018,dc/2ac29795a8,dc,no_candidate,,,,Social Work in a Digital Age: The Need to Integrate Social Media in Social Work Education in the UK
115997,Journal of Social Work Education and Practice,2023,dc/a1e4a64cec,dc,no_candidate,,,,The Roles of Social Worker During Flood Disaster Management in Dayeuhkolot District Bandung Indonesia
115998,Journal of Social Work Education and Practice,2023,dc/f613cc7be0,dc,no_candidate,,,,Psycho-Social Aspects of People Undergoing Hemodialysis
115999,Journal of Social Work Education and Practice,2023,dc/8d1fd02e0e,dc,no_candidate,,,,Reproductive Health of Aboriginal Women in India: A Study on Life Cycle Approach.
116000,Journal of Social Work Education and Practice,2023,dc/23d1b01b66,dc,no_candidate,,,,Quality of Life of People Living with Cancer Under Institutionalized Palliative Care and Community Based Palliative Care in Kerala​
116001,Journal of Social Work Education and Practice,2019,dc/3ca1ac77c3,dc,no_candidate,,,,A Theoretical Review of the Literature: Domestic Violence in Muslim Communities in the United States
116002,Journal of Social Work Education and Practice,2023,dc/479422c1fb,dc,no_candidate,,,,Strengths-Based Social Work: Proposing Protective and Engagement Practice with Older Adults
116003,Journal of Social Work Education and Practice,2017,dc/519f2b15ed,dc,no_candidate,,,,"Social Work Intervention for the Empowerment of Transgender Community in Kerala, India"
116004,Journal of Social Work Education and Practice,2023,dc/4ed45189db,dc,no_candidate,,,,"A Study on Elderly Women in Minjur & Sholavaram Blocks of Tiruvallur District, Tamilnadu."
116005,Journal of Social Work Education and Practice,2019,dc/9fd5ffddda,dc,no_candidate,,,,Exploring the Health Outcomes of Conditional Cash Transfer Program in Rural Philippines
116006,Journal of Social Work Education and Practice,2023,dc/315f84f942,dc,no_candidate,,,,Self-knowledge is the formation of professional identity in social work students.
116007,Journal of Social Work Education and Practice,2023,dc/5fa8ab0d4c,dc,no_candidate,,,,Transgenders in Kerala- Realisation of their Identity.
116008,Journal of Social Work Education and Practice,2023,dc/b791d84002,dc,no_candidate,,,,Socio-Economic Identity Founding: Experience of Youth Engaged in Unorganized Sector.
116009,Journal of Social Work Education and Practice,2024,dc/660bd165df,dc,no_candidate,,,,Diaspora of Social Exclusion: Exploring Transgender Realities in the Context of Kerala
116010,Journal of Social Work Education and Practice,2023,dc/1976c00ee1,dc,no_candidate,,,,Psychosocial Factors Associated with Breast Cancer Patients​
116011,Journal of Social Work Education and Practice,2023,dc/bde27bffc8,dc,no_candidate,,,,You Are the Father! Engaging Non-Custodial Black Fathers in Parenting Utilizing Critical Historical Policy Analysis and Ecological Systems Theory
116012,Journal of Social Work Education and Practice,2023,dc/1837196122,dc,no_candidate,,,,Work Pattern and Quality of Life Among Construction Workers in Kuniamuthur Village in Coimbatore District
116013,Journal of Social Work Education and Practice,2024,dc/23e469d55e,dc,no_candidate,,,,From Invisibility to Visibility: Experiences of Women in Kerala's High-range Areas
116014,Journal of Social Work Education and Practice,2023,dc/c23f1d9557,dc,no_candidate,,,,"Secrecy, Natural Learning, and Gendering in Reproductive Health: Indian Context​"
116015,Journal of Social Work Education and Practice,2023,dc/148881ff38,dc,no_candidate,,,,Encouraging self-care by promoting the Provider Resilience mobile application: Student impressions and usage patterns
116016,Journal of Social Work Education and Practice,2025,dc/470040947c,dc,no_candidate,,,,"Employment of Social Workers in the Public Sector: Current Situation, Challenges and Future Prospects"
116017,Journal of Social Work Education and Practice,2024,dc/f08a32da1d,dc,no_candidate,,,,Family Environment of Families with Children with Specific Learning Disabilities: Implications for Family-Centred Social Work Practice
116018,Journal of Social Work Education and Practice,2024,dc/fb22619bbc,dc,no_candidate,,,,Psychological Well-being Among Adolescents: Exploring the Interplay Between Thriving and Resilience Towards Stress Adaptation
116019,Journal of Social Work Education and Practice,2023,dc/59450d34c5,dc,no_candidate,,,,Client perceptions of the use of a continuous feedback system in therapy
116020,Journal of Social Work Education and Practice,2023,dc/2c0bf8cccf,dc,no_candidate,,,,Wellbeing in Trafficked Victims: An Intervention Study
116021,Journal of Social Work Education and Practice,2023,dc/6b3ca897da,dc,no_candidate,,,,Psychological Wellbeing among College Students
116022,Journal of Social Work Education and Practice,2023,dc/3164578e7a,dc,no_candidate,,,,Social Innovations Patents.
116023,Journal of Social Work Education and Practice,2017,dc/394e2bd890,dc,no_candidate,,,,Public Private Partnership: A developing trend in the health care sector in India.
116024,Journal of Social Work Education and Practice,2023,dc/4b3f157304,dc,no_candidate,,,,Models of disability and the people with disabilities in Bangladesh: A review​
116025,Journal of Social Work Education and Practice,2023,dc/75b77a3dec,dc,no_candidate,,,,"Work-Life Balance, Work Addiction and Job Satisfaction of Professional Social Workers in Kerala"
116026,Journal of Social Work Education and Practice,2023,dc/41fb9ed228,dc,no_candidate,,,,Effectiveness of Counseling in Schools: a study with reference to Emotional Maturity among Adolescents.
116027,Journal of Social Work Education and Practice,2022,dc/e79260513a,dc,no_candidate,,,,Future of Critical Thinking and Creativity in Social Work Education
116028,Journal of Social Work Education and Practice,2023,dc/c74994424d,dc,no_candidate,,,,Adolescent Self - Concept and Achievement Motivation: A Critical Analysis.
116029,Journal of Social Work Education and Practice,2023,dc/bedd62990f,dc,no_candidate,,,,Case Studies of Behaviour Modification in Schools: A Counselling Perspective.
116030,Journal of Social Work Education and Practice,2017,dc/72d393d30c,dc,no_candidate,,,,Maternal Stress and family resilience with regard to congenital heart disease in children.
116031,Journal of Social Work Education and Practice,2023,dc/428e9680aa,dc,no_candidate,,,,The Significance of Research Based Community Practice in Indian Social Work Education
116032,Journal of Social Work Education and Practice,2023,dc/840bf8b294,dc,no_candidate,,,,Social Work Students use of Adapted Mindfulness-Based Stress Reduction as a Stress Management Strategy
116033,Journal of Social Work Education and Practice,2023,dc/f9aacc4b9c,dc,no_candidate,,,,A Study on Mental Health Status of Elderly Destitute Women in Mysore.
116034,Journal of Social Work Education and Practice,2023,dc/4f888007cb,dc,no_candidate,,,,Parental Wellbeing and Clinical Characteristics of Children with Intellectual Disability
116035,Journal of Social Work Education and Practice,2023,dc/09b93af507,dc,no_candidate,,,,Marital Adjustment and Marital Relationship among Indian Merchant Seamen
116036,Journal of Social Work Education and Practice,2023,dc/7d093eb00b,dc,no_candidate,,,,Exploring the Health Outcomes of Conditional Cash Transfer Program in Rural Philippines​
116037,Journal of Social Work Education and Practice,2025,dc/60a62a3936,dc,no_candidate,,,,"EMOTION REGULATION, ACADEMIC STRESS, AND FINANCIAL STRESS AS PREDICTORS OF BURNOUT AMONG SOCIAL WORK STUDENTS AT DAVAO DEL NORTE STATE COLLEGE"
116038,Journal of Social Work Education and Practice,2023,dc/87d4901ddd,dc,no_candidate,,,,"Child Sexual Abuse, Disclosure and Reintegration: Too Late or Too Soon."
116039,Journal of Social Work Education and Practice,2017,dc/466352cbfc,dc,no_candidate,,,,FOOD TRANSITION AMONG TRIBAL AND GLOBALIZATION WITH REFERENCE TO ARUNACHAL PRADESH
116040,Journal of Social Work Education and Practice,2020,dc/4c03573179,dc,no_candidate,,,,Psychological Wellbeing of Adolescents in Disadvantaged Communities: The Need for Strength-Based Approaches
116041,Journal of Social Work Education and Practice,2025,dc/fbc571e439,dc,no_candidate,,,,Social Workers in Hospice and Palliative Care in Indian Contect: Voices from the field
116042,Journal of Social Work Education and Practice,2023,dc/08d5055be9,dc,no_candidate,,,,Locating the welfare system of developing countries in the light of welfare regime models: The case of Bangladesh.
116043,Journal of Social Work Education and Practice,2023,dc/2dfa32c8b1,dc,no_candidate,,,,Making it real: Exploring the narratives of youth rappers​
116044,Journal of Social Work Education and Practice,2023,dc/32cbeddc52,dc,no_candidate,,,,Fieldwork in the Times of COVID–19: A Case Study
116045,Journal of Social Work Education and Practice,2023,dc/c5c3f626da,dc,no_candidate,,,,Reflexivity In Action: Building Student Resilience During A Pandemic.
116046,Journal of Social Work Education and Practice,2023,dc/bf4e265af6,dc,no_candidate,,,,"Socio-cultural Dimensions of Malnutrition among Indigenous Peoples: A study among Irulas Community of Attappady, Kerala"
116047,Journal of Social Work Education and Practice,2025,dc/a28fb78a34,dc,no_candidate,,,,The Impact of Social Work Students’ Experience with Supervision
116048,Journal of Social Work Education and Practice,2023,dc/c099556aec,dc,no_candidate,,,,The Hidden Scars and Self Efficacy among School Going Adolescents
116049,Journal of Social Work Education and Practice,2023,dc/b3e55288d4,dc,no_candidate,,,,A narrative approach to dealing with trauma in refugee children through Social Case Work Practice.
116050,Journal of Social Work Education and Practice,2023,dc/cd9d6a3be5,dc,no_candidate,,,,It Takes a Community: Preventing Child Maltreatment of Toddler-Aged Children in the US from an Ecological Systems Perspective
116051,Journal of Social Work Education and Practice,2023,dc/1bbd080b79,dc,no_candidate,,,,Constructing Supervisory Practices and Knowledge for Social Work Education in India.
116052,Journal of Social Work Education and Practice,2023,dc/d4dfd2e5ba,dc,no_candidate,,,,Social Support as a Moderator in Stress
116053,Journal of Social Work Education and Practice,2023,dc/f008758381,dc,no_candidate,,,,Older People and Factors for Leaving Families
116054,Journal of Social Work Education and Practice,2023,dc/006c83c45b,dc,no_candidate,,,,Mysore Marriages of Kerala: A Study on the issues and concerns of deserted women
116055,Journal of Social Work Education and Practice,2025,dc/0fb078e625,dc,no_candidate,,,,“Everyone in my immediate family…”: Students’ Experiences with Suicide
116056,Journal of Social Work Education and Practice,2024,dc/a963f45233,dc,no_candidate,,,,Beyond the Textbook: A Critical Analysis of Recent Innovations in Teaching Social Work
116057,Journal of Social Work Education and Practice,2023,dc/937478766f,dc,no_candidate,,,,Corporate Social Responsibility and Social Development: New Vistas of Social Work Practice in India.
116058,Journal of Social Work Education and Practice,2019,dc/90fc91627e,dc,no_candidate,,,,Psychosocial Factors Associated with Breast Cancer Patients
116059,Journal of Social Work Education and Practice,2023,dc/004328ca3f,dc,no_candidate,,,,Perceptions of Doctoral Programs’ Training and Preparedness for Academic Careers
116060,Journal of Social Work Education and Practice,2023,dc/902a4fb732,dc,no_candidate,,,,Non-formal educational practices as a tool for achieving social inclusion
116061,Journal of Social Work Education and Practice,2023,dc/7bc0026388,dc,no_candidate,,,,"Risky Business: Identification, Assessment and Management of Risk Factors in Clinical Practice"
116062,Journal of Social Work Education and Practice,2023,dc/f4c66a9764,dc,no_candidate,,,,PLIGHT OF WOMEN WORKERS IN UNORGANIZED SECTOR OF BASTAR DISTRICT OF CHHATTISGARH
116063,Journal of Social Work Education and Practice,2023,dc/990aef21b1,dc,no_candidate,,,,Hospice Social Workers: The Personal Death Experience.
116064,Journal of Social Work Education and Practice,2023,dc/5e5186dd63,dc,no_candidate,,,,How much is enough? Suicide training for MSW students
116065,Journal of Social Work Education and Practice,2025,dc/4f37c837ec,dc,no_candidate,,,,A Scientometric analysis of research on Single Mothers' Mental Health
116066,Journal of Social Work Education and Practice,2023,dc/7d51300260,dc,no_candidate,,,,"Attitude of Young Adults towards Transgender Community in Idukki, Kerala."
116067,Journal of Social Work Education and Practice,2023,dc/d2568ed390,dc,no_candidate,,,,"“You don’t know us!” –research with the transgender community in Chennai, India.​"
116068,Journal of Social Work Education and Practice,2023,dc/c5536c991c,dc,no_candidate,,,,Exploring LGB persons’ experience of self-compassion in their coming out narratives.
116069,Journal of Social Work Education and Practice,2023,dc/937e2c9b6b,dc,no_candidate,,,,Balancing Skill Education and General Education: A Study on Additional Skill Acquisition Programme of Kerala
116070,Journal of Social Work Education and Practice,2023,dc/9891a537e6,dc,no_candidate,,,,Life Experiences of Spouses of Persons Living with Schizophrenia.
116071,Journal of Social Work Education and Practice,2022,dc/fd188aab09,dc,no_candidate,,,,Reflexivity Through Experiential Learning in Social Work Education : Implications for Signature Pedagogy
116072,Journal of Social Work Education and Practice,2025,dc/53367ec1d3,dc,no_candidate,,,,Lessons learned: Exploring faculty and field instructor perceptions of student writing abilities and needs
116073,Journal of Social Work Education and Practice,2023,dc/8ab669cc2b,dc,no_candidate,,,,An Analysis on Public's Perception of Social Work
116074,Journal of Social Work Education and Practice,2019,dc/184252b50b,dc,no_candidate,,,,Changing Families in India and Social Work Responses
116075,Journal of Social Work Education and Practice,2023,dc/f18d9e6979,dc,no_candidate,,,,Livelihood Transition: Socio- Cultural and Economic Impact on Tribal Life.
116076,Journal of Social Work Education and Practice,2023,dc/57eb19216a,dc,no_candidate,,,,Enhancing Achievement Motivation: A strength based approach for Youth Development
116077,Journal of Social Work Education and Practice,2023,dc/3314b081f2,dc,no_candidate,,,,Dimensions of Critical Social Work Practice in India
116078,Journal of Social Work Education and Practice,2021,dc/0ae497f83d,dc,no_candidate,,,,Combating Covid-19: A Phenomenological Study on the Experience of Frontline Social Workers in the Health Sector
116079,Journal of Social Work Education and Practice,2023,dc/f128bef391,dc,no_candidate,,,,Indigenous Knowledge in Education: A Study among Paniya Tribes in Kerala.
116080,Journal of Social Work Education and Practice,2016,dc/6e1f7d6c7d,dc,no_candidate,,,,Women as Partners of Development
116081,Journal of Social Work Education and Practice,2019,dc/9f97610412,dc,no_candidate,,,,Assessing preferential choice of modern teaching methods: An insight into special educators’ role in Saudi Arabia
116082,Journal of Social Work Education and Practice,2016,dc/babf317fb6,dc,no_candidate,,,,A Study on Self Efficacy of Social Workers in Ernakulam and Thrissur Districts
116083,Journal of Social Work Education and Practice,2023,dc/0ba8f15543,dc,no_candidate,,,,"Drop Out Among Primary School Students: Reasons, Experience and Mitigating Mechanisms: In Case of Bench- Maji Zone Shey-Bench Wereda."
116084,Journal of Social Work Education and Practice,2023,dc/b28c97d6e6,dc,no_candidate,,,,Deconstructing Oppression in India: A Case for Anti-oppressive Social Work Practice
116085,Journal of Social Work Education and Practice,2023,dc/f19c914ecf,dc,no_candidate,,,,Impact of Yoga and Meditation on Cognitive Functions of Students.
116086,Journal of Social Work Education and Practice,2024,dc/d5bfc18561,dc,no_candidate,,,,Social Work Intervention Model for Improving Health-Seeking Behaviour of Interstate Migrant Workers in Kerala
116087,Journal of Social Work Education and Practice,2023,dc/39b3e2136b,dc,no_candidate,,,,RETHINKING COMMUNITY PARTICIPATION IN HEALTH; THE SOUTH ASIAN EXPERIENCE
116088,Journal of Social Work Education and Practice,2023,dc/7ba8304379,dc,no_candidate,,,,Educational Aspiration and Cultural Capital: The Indispensable Factors of Educational Attainment in Kerala.
116089,Journal of Social Work Education and Practice,2023,dc/11b7f519ea,dc,no_candidate,,,,The Use of Operational Definitions in Social Work PhD Theses in India.
116090,Journal of Social Work Education and Practice,2023,dc/fe8834782f,dc,no_candidate,,,,Budding Social Entrepreneurs through Social Work Education: A Prospective Analysis.
116091,Journal of Social Work Education and Practice,2023,dc/f7421d232a,dc,no_candidate,,,,"Political participation and active citizenship in Spain: An analysis of youth, participatory culture and their social network​"
116092,Journal of Social Work Education and Practice,2018,dc/1c9b6016f4,dc,no_candidate,,,,Meditation in Social Work Practice: A Systematic Review of the Literature for Applicability and Utility
116093,Journal of Social Work Education and Practice,2019,dc/f4a5bf5060,dc,no_candidate,,,,Quality of Life of People Living with Cancer Under Institutionalized Palliative Care and Community Based Palliative Care in Kerala
116094,Journal of Social Work Education and Practice,2023,dc/e8eeec11bd,dc,no_candidate,,,,Social Work Education in Improving the Digital Professionalism of Social Work Students
116095,Journal of Social Work Education and Practice,2025,dc/57dd737053,dc,no_candidate,,,,Imagery Techniques for Anxiety in Social Work Counseling with a Filipino Service User
116096,Journal of Social Work Education and Practice,2023,dc/c7f245ef25,dc,no_candidate,,,,Social Work Research Through Tribal/Adivasi People's lens: Observations from Academic Engagement
116097,Journal of Social Work Education and Practice,2023,dc/5b6b828a42,dc,no_candidate,,,,Study of the Relationship between Emotional Intelligence and Self Efficacy among School Going Adolescents
116098,Journal of Social Work Education and Practice,2019,dc/b8c2eaa572,dc,no_candidate,,,,"Drop Out Among Primary School Students: Reasons, Experience and Mitigating Mechanisms: In Case of BenchMaji Zone Shey-Bench Wereda"
116099,Journal of Social Work Education and Practice,2017,dc/2e2871a0e9,dc,no_candidate,,,,"Health Needs, Health Seeking Behaviour of Interstate Migrants and Health System Response: A Case study."
116100,Journal of Social Work Education and Practice,2023,dc/e0442a21bd,dc,no_candidate,,,,Motivational Factors of Women Person with Disability in Private Sector
116101,Journal of Social Work Education and Practice,2023,dc/179e0b34bf,dc,no_candidate,,,,"A Study on Self Esteem of Women with HIV Positive with Special Reference to Amala Hospital, Thrissur"
116102,Journal of Social Work Education and Practice,2023,dc/23d32701e7,dc,no_candidate,,,,VOICES OF WOMEN LIVING WITH HIV/AIDS FROM PUNJAB
116103,Journal of Social Work Education and Practice,2023,dc/1b2f494041,dc,no_candidate,,,,Evaluating the Factors that Influence on Rural to Urban Migration
116104,Journal of Social Work Education and Practice,2023,dc/d5e6819327,dc,no_candidate,,,,"Maternal Education and Nutritional Compliance among Mothers of Under-Five in Abeokuta, Ogun State: Implications for Social Work Practice​"
116105,Journal of Social Work Education and Practice,2023,dc/372c0c170d,dc,no_candidate,,,,Women Farmers in Kudumbashree Programme: Gendered Ownership and Control over Productive Resources
116106,Journal of Social Work Education and Practice,2023,dc/0800e08378,dc,no_candidate,,,,Psychosocial Catalyst of Stress Experience of Youth in Early Adulthood Stage
116107,Journal of Social Work Education and Practice,2019,dc/3c0e5fa237,dc,no_candidate,,,,"Maternal Education and Nutritional Compliance among Mothers of Under-Five in Abeokuta, Ogun State: Implications for Social Work Practice"
116108,Journal of Social Work Education and Practice,2023,dc/5779dd4202,dc,no_candidate,,,,Client Education for Clinical Social Work.
116109,Journal of Social Work Education and Practice,2023,dc/c88b1a6d17,dc,no_candidate,,,,Perceived morbidity and health seeking behaviour of women migrant workers: A public health focus
116110,Journal of Social Work Education and Practice,2023,dc/3f72a99806,dc,no_candidate,,,,A Study on Mental Health of Visually Handicapped Women
116111,Journal of Social Work Education and Practice,2024,dc/b4c74384eb,dc,no_candidate,,,,A Structural Equation Model on Stress Coping Among Social Workers
116112,Journal of Social Work Education and Practice,2023,dc/62a8ae513f,dc,no_candidate,,,,Creativity Coaching: An Experiment with Adolescent Girls in Kerala
116113,Journal of Social Work Education and Practice,2023,dc/55d0da0e69,dc,no_candidate,,,,Feminist standpoint theory and its importance in feminist research​
116114,Journal of Social Work Education and Practice,2023,dc/6202ae394a,dc,no_candidate,,,,SELF ESTEEM OF THE CHILDREN STAYING IN ORPHANAGES AT COIMBATORE DISTRICT
116115,Journal of Social Work Education and Practice,2023,dc/a8ee61be38,dc,no_candidate,,,,Stress and Work-Life Balance of School Teachers: A Social Work Intervention
116116,Journal of Social Work Education and Practice,2023,dc/b4d85140fc,dc,no_candidate,,,,Methodological Challenges in researching health beliefs and practices of Cancer patients in Assam.
116117,Journal of Social Work Education and Practice,2023,dc/bf897b3167,dc,no_candidate,,,,Social Work Field Practicum in Government Initiated Projects
116118,Journal of Social Work Education and Practice,2023,dc/0bf1e0a867,dc,no_candidate,,,,Challenges Faced by Parents of Children with Learning Disability
116119,Journal of Social Work Education and Practice,2023,dc/61965f8c30,dc,no_candidate,,,,Management of Sexual Harassment through Assertiveness Skills
116120,Journal of Social Work Education and Practice,2023,dc/d09ab814ad,dc,no_candidate,,,,Prevention of Bullying in School: An Emerging Area in the field of School Social Work
116121,Journal of Social Work Education and Practice,2023,dc/3d03418a6e,dc,no_candidate,,,,Responding to Child Abuse: Exploring Society’s Role in Prevention.
116122,Journal of Social Work Education and Practice,2023,dc/dd3ba97917,dc,no_candidate,,,,Employee Volunteerism in Corporate Social Responsibility and Employee Engagement in India
116123,Journal of Social Work Education and Practice,2018,dc/2d9aeeab83,dc,no_candidate,,,,Social Group Work Practice by Nongovernmental Organizations for Upliftment of People Affected and Infected by AIDS
116124,Journal of Social Work Education and Practice,2023,dc/5f80d4c08c,dc,no_candidate,,,,A Study on the Gang Related Anti-Social Behaviour among Adolescents
116125,Journal of Social Work Education and Practice,2023,dc/cae2dad015,dc,no_candidate,,,,Promoting Sustainable Livelihood through Skill Development Among the Rural Youth in Manipur.
116126,Journal of Social Work Education and Practice,2016,dc/befc880105,dc,no_candidate,,,,Closed Mining Workers Socio-Economic Conditions – with Special Reference to Bhartha Gold Mines Limited (BGML)
116127,Journal of Social Work Education and Practice,2023,dc/178e5329a9,dc,no_candidate,,,,Knowledge and Attitude of Primary School Teachers Towards Inclusive Education of Children with Specific Learning Disabilities
116128,Journal of Social Work Education and Practice,2023,dc/269cd0f899,dc,no_candidate,,,,Child Accusation of Witchcraft – Another Road into Trafficking
116129,Journal of Social Work Education and Practice,2023,dc/f3021216de,dc,no_candidate,,,,The Disability Scenario in India: A Reality Check
116130,Journal of Social Work Education and Practice,2023,dc/48acab0e33,dc,no_candidate,,,,Closed Mining Workers Socio-Economic Conditions – with Special Reference to Bhartha Gold Mines Limited(BGML)
116131,Journal of Social Work Education and Practice,2023,dc/11eb8b523a,dc,no_candidate,,,,"Resilience, Psychological Distress, and Self-Esteem among Undergraduate Students in Kollam District, Kerala"
116132,Journal of Social Work Education and Practice,2023,dc/78f8f5cafd,dc,no_candidate,,,,Qualitative Research Paradigms in Social Work
116133,Journal of Social Work Education and Practice,2019,dc/207fdf4b5d,dc,no_candidate,,,,The Effect of a Training Program Based on Playing on Alleviating the Behavioral Disorders among the Educable Intellectually Disabled Students in the Kingdom of Saudi Arabia
116134,Journal of Social Work Education and Practice,2023,dc/792df51746,dc,no_candidate,,,,Consolidating Rural Woman Power Key to Social Development.
116135,Journal of Social Work Education and Practice,2019,dc/6802e73b96,dc,no_candidate,,,,Locating the welfare system of developing countries in the light of welfare regime models: The case of Bangladesh
116136,Journal of Social Work Education and Practice,2022,dc/a478278c29,dc,no_candidate,,,,Online Field Education During the Pandemic: Voivcing Student Experiences and Reflections
116137,Journal of Social Work Education and Practice,2021,dc/c6f728de31,dc,no_candidate,,,,National Pandemic Impact on the Educational Experiences and Well-Being of Social Work Students and Faculty.
116138,Journal of Social Work Education and Practice,2024,dc/527ecdaf8b,dc,no_candidate,,,,Gross Enrollment Rate for Social Work Education and Career Prospective in India
116139,Journal of Social Work Education and Practice,2023,dc/07edfeffb5,dc,no_candidate,,,,Can and Should Social Workers Innovate? Two Case Studies of Hidden Social Innovation.
116140,Journal of Social Work Education and Practice,2024,dc/80e4146372,dc,no_candidate,,,,Learning by doing in virtual environments. A social work with groups experience
116141,Journal of Social Work Education and Practice,2023,dc/ff6f8248b5,dc,no_candidate,,,,Social & Legal issues and its development Scenario of Transgender people in the modern society with special reference to Tamil Nadu.
116142,Journal of Social Work Education and Practice,2023,dc/099625ecc9,dc,no_candidate,,,,Measuring Undergraduate Social Work Students’ Knowledge and Understanding of Privilege and Oppression​
116143,Journal of Social Work Education and Practice,2019,dc/cc7e6b909d,dc,no_candidate,,,,Educational Aspiration and Cultural Capital: The Indispensable Factors of Educational Attainment in Kerala
116144,Journal of Social Work Education and Practice,2017,dc/2d0f36eeb4,dc,no_candidate,,,,Social and legal issues and its development scenario of transgender people in the modern society with special reference to Tamil Nadu.
116145,Journal of Social Work Education and Practice,2024,dc/05b523aa95,dc,no_candidate,,,,Social Work Educators as Transformational Leaders
116146,Journal of Social Work Education and Practice,2019,dc/c60a89620a,dc,no_candidate,,,,Can and Should Social Workers Innovate? Two Case Studies of Hidden Social Innovation
116147,Journal of Social Work Education and Practice,2023,dc/6c3db5a58b,dc,no_candidate,,,,Parents Left Behind: Does Migration of Adult Children indicate Prevalence of Depression?
116300,Global Social Work / Trabajo Social Global,2022,dc/5e528c4c85,dc,no_candidate,,,,"Cura, relazione, professione: questioni di genere nel servizio sociale. Il contributo al dibattito internazionale."
116317,Global Social Work / Trabajo Social Global,2022,dc/7e6eacbfe5,dc,no_candidate,,,,"Reseña: Bentancor Bossio, A., Jaurena Cruz, A. y Machado, G. (coords.) (2021). Asociación de Asistentes Sociales del Uruguay. 40 años. Historia, trayectoria y desafíos. Editorial Tradinco"
116356,Global Social Work / Trabajo Social Global,2021,dc/05de4029b7,dc,no_candidate,,,,"Reseña: Millet, A. (2020). Cisexismo y Salud. Algunas ideas desde otro lado. Puntos suspensivos Ediciones, Colección Justicia Epistémica"
117132,Journal of Forensic Social Work,2025,dc/58c80b096c,dc,no_candidate,,,,Letter From the Editor: Into the Storm
117140,Journal of Forensic Social Work,2024,dc/f5e458c32d,dc,no_candidate,,,,Understanding the Characteristics and Motivations of Female Sexual Offenders: A Systematic Review
117157,Journal of Forensic Social Work,2024,dc/0f7eee25e4,dc,no_candidate,,,,“So many forms of loss”: Cumulative grief among formerly incarcerated people
117180,Journal of Forensic Social Work,2025,dc/acd08c16cc,dc,no_candidate,,,,Abolish or Reform Criminal Justice in the United States? A Forensic Social Work Perspective
117181,Journal of Forensic Social Work,2025,dc/36e1162951,dc,no_candidate,,,,Reimagining Alternative to Incarceration Programs for Youth within the Criminal Legal System
117208,Journal of Forensic Social Work,2025,dc/a3820d8284,dc,no_candidate,,,,The Effects of a Co-Response Program on Patrol Call Volume for Mental Health Crisis-Related Calls: A Time Series Analysis
117219,Journal of Forensic Social Work,2025,dc/cce5641031,dc,no_candidate,,,,"Concerning, Non-Specific, and Angry: Exploring Youth Homicidal Ideation in a Novel Dataset"
114674,Advances in Social Work,2005,dc/569b8e6820,dc,recovered,10.18060/180,1.0,match,Social Workers and Involuntary Treatment in Mental Health
114779,Advances in Social Work,2006,dc/88756a044e,dc,recovered,10.18060/180,1.0,match,Social workers and involuntary treatment in mental health
115098,Journal of Comparative Social Work,2014,dc/b445c2a671,dc,recovered,10.31265/jcsw.v9i1.109,0.97,match,Service Users Facing Household Challenges
115145,Journal of Comparative Social Work,2014,dc/336c208410,dc,recovered,10.31265/jcsw.v9i2.116,0.97,match,Resource Development in Canada’s North
115165,Journal of Comparative Social Work,2015,dc/94a2536f25,dc,recovered,10.31265/jcsw.v9i1.107,1.0,match,Celebrating the Multiplicity of Social Work : An Invitation to a Translation Practice
115181,Journal of Comparative Social Work,2015,dc/1c048c4d31,dc,recovered,10.31265/jcsw.v9i2.118,1.0,match,Questioning the Question: How can a husband rape his wife? : A Discussion in an International Classroom
115220,Journal of Comparative Social Work,2015,dc/e00a50e50d,dc,recovered,10.31265/jcsw.v9i1.108,1.0,match,An Injured Body's Encounter With Cultural Discourses : Young Women’s Experiences of an Injured Body
115225,Journal of Comparative Social Work,2015,dc/6c5be3fdf9,dc,recovered,10.31265/jcsw.v9i2.117,1.0,match,Family as Raw Material : the Deconstructed Family in the Swedish Social Services
115232,Journal of Comparative Social Work,2015,dc/dd7ab40dcc,dc,recovered,10.31265/jcsw.v9i1.109,1.0,match,Service Users Facing Household Challenges : Their Experiences with Task-Centered Coping Approach
115245,Journal of Comparative Social Work,2015,dc/63d5caef46,dc,recovered,10.31265/jcsw.v9i1.112,1.0,match,Beyond the others’ world : An essay about the experience of social work with a diagnosis of Asperger syndrome
115270,Journal of Comparative Social Work,2014,dc/21bdf82da1,dc,recovered,10.31265/jcsw.v9i1.107,0.97,match,Celebrating the Multiplicity of Social Work
115271,Journal of Comparative Social Work,2015,dc/b5b43fa79f,dc,recovered,10.31265/jcsw.v9i1.111,1.0,match,Problems Facing Disabled People in Malawi : A Critical Reflection on My Encounter with a Disabled Woman in a Rural Area in Malawi
115284,Journal of Comparative Social Work,2014,dc/bdcf174fc7,dc,recovered,10.31265/jcsw.v9i2.115,0.97,match,Tribal and Non-tribal Agencies
115304,Journal of Comparative Social Work,2014,dc/408a589865,dc,recovered,10.31265/jcsw.v9i1.112,0.97,match,Beyond the others’ world
115311,Journal of Comparative Social Work,2015,dc/da7ed532cf,dc,recovered,10.31265/jcsw.v9i2.115,1.0,match,Tribal and Non-tribal Agencies : A Comparison of how Social Work with Families is Conceptualized in the United States
115335,Journal of Comparative Social Work,2015,dc/54836b8733,dc,recovered,10.31265/jcsw.v9i2.116,1.0,match,Resource Development in Canada’s North : Impacts on Families and Communities
115343,Journal of Comparative Social Work,2014,dc/0a93784ee3,dc,recovered,10.31265/jcsw.v9i1.111,0.97,match,Problems Facing Disabled People in Malawi
115344,Journal of Comparative Social Work,2014,dc/9414eeafb4,dc,recovered,10.31265/jcsw.v9i2.117,0.97,match,Family as Raw Material
115383,Journal of Comparative Social Work,2014,dc/0473d5f91b,dc,recovered,10.31265/jcsw.v9i1.108,0.97,match,An Injured Body's Encounter With Cultural Discourses
115387,Journal of Comparative Social Work,2014,dc/b3aa802a9e,dc,recovered,10.31265/jcsw.v9i2.118,0.97,match,Questioning the Question: How can a husband rape his wife?
114678,Advances in Social Work,2017,dc/d968b2042e,dc,rejected_wrong_journal,10.7238/d.v0i18.2947,0.97,mismatch,Editorial Vol 18(1)
114824,Advances in Social Work,2018,dc/08c9af0ef7,dc,rejected_wrong_journal,10.1332/174426417x15087462087556,0.909,mismatch,2017 Reviewer Acknowledgements
114897,Advances in Social Work,2020,dc/5f28cf5c68,dc,rejected_wrong_journal,10.25369/ll.v1i1/2.15,0.97,mismatch,Lessons Learned
114908,Advances in Social Work,2020,dc/423a358d11,dc,rejected_wrong_journal,10.2307/j.ctv1pzk6cz.15,1.0,mismatch,Race Still Matters
114913,Advances in Social Work,2019,dc/9491819820,dc,rejected_wrong_journal,10.1016/j.devcel.2018.11.003,0.97,mismatch,What Doesn’t Kill You
115035,Advances in Social Work,2020,dc/075c096376,dc,rejected_wrong_journal,10.1007/978-3-319-19650-3_304806,1.0,mismatch,Sibling Violence
115093,Journal of Comparative Social Work,2022,dc/d8d0b18ddb,dc,rejected_wrong_journal,10.4324/9781003254195-12,1.0,mismatch,When crisis strikes
115105,Journal of Comparative Social Work,2023,dc/dce86b9637,dc,rejected_wrong_journal,10.4324/9781003181989-21,0.97,mismatch,Becoming a social worker
115137,Journal of Comparative Social Work,2012,dc/89004ee7f3,dc,rejected_wrong_journal,10.2307/j.ctv1chrr1z.10,0.97,mismatch,Multiple Relationships
115140,Journal of Comparative Social Work,2011,dc/58672a834c,dc,rejected_wrong_journal,10.21552/epppl/2010/1/94,0.97,mismatch,Public – private partnership
115249,Journal of Comparative Social Work,2025,dc/ccb7e99545,dc,rejected_wrong_journal,10.4324/9781003514213-3,0.97,mismatch,Ubuntu
115283,Journal of Comparative Social Work,2015,dc/db80dc4285,dc,rejected_wrong_journal,10.15270/43-3-268,1.0,mismatch,Lessons from Rwanda
115331,Journal of Comparative Social Work,2023,dc/a924102516,dc,rejected_wrong_journal,10.4337/9781800881860.00019,0.97,mismatch,Self-employment and disability
115363,Journal of Comparative Social Work,2015,dc/7aaf1b75e1,dc,rejected_wrong_journal,10.5040/9798881833374.227,1.0,mismatch,The Color Purple?
115376,Journal of Comparative Social Work,2020,dc/23051dd9c9,dc,rejected_wrong_journal,10.1515/9780228002444-009,0.97,mismatch,Negotiating Identities and Power
115745,Social Work-Maatskaplike Werk,2010,dc/16e27fe21a,dc,rejected_wrong_journal,10.1093/acprof:oso/9780199730568.003.0006,0.97,mismatch,BREAKING THE SILENCE – IS IT A DREAM?
115926,Social Work-Maatskaplike Werk,2022,dc/e6816d4e31,dc,rejected_wrong_journal,10.7445/66--1037,1.0,mismatch,EDITORIAL / REDAKSIONEEL
116413,Social Work and Society,2009,dc/d9e037fd4f,dc,rejected_wrong_journal,10.4337/9781849807166.00025,1.0,mismatch,Parental Responsibility
116573,Social Work and Society,2011,dc/190f682659,dc,rejected_wrong_journal,10.1080/02615479.2010.491310,0.97,mismatch,"Book Review: Amid Social Contradictions – Towards a History of Social Work in Europe, Gisela Hauss and Dagmar Schulte (Eds), Barbara Budrich Publishers (2009)"
116589,Social Work and Society,2017,dc/3c6c79b7b7,dc,rejected_wrong_journal,10.4135/9781506307633.n334,0.97,mismatch,Editorial: Foster Care and Development
116677,Social Work and Society,2020,dc/e01ceb97ef,dc,rejected_wrong_journal,10.1332/policypress/9781447356639.003.0001,0.97,mismatch,"Introduction: ""Renegotiating Social Citizenship - Democracy in Welfare Service States"""
116686,Social Work and Society,2012,dc/82eb00d9fd,dc,rejected_wrong_journal,10.46692/9781847429261.013,0.97,mismatch,From the Lisbon Strategy to Europe 2020: the Statistical Landscape of the Education and Training Objectives Through the Lens of the Capability Approach
116775,Social Work and Society,2014,dc/aa81ac6a40,dc,rejected_wrong_journal,10.1007/978-94-007-0753-5_104299,0.97,mismatch,Editorial: Turning Points – Changes in Disadvantaged Life Trajectories
116791,Social Work and Society,2011,dc/bae14620e7,dc,rejected_wrong_journal,10.4135/9781412957403.n266,0.97,mismatch,Merit Pay and Social Work
116845,Social Work and Society,2008,dc/0ef0ba5247,dc,rejected_wrong_journal,10.1080/10705420903299961,0.97,mismatch,Community
116969,Social Work and Society,2007,dc/f741fef8e7,dc,rejected_wrong_journal,10.4135/9781412956260.n658,0.97,mismatch,Promises of the Civil Society
117008,Social Work and Society,2006,dc/befe7e905a,dc,rejected_wrong_journal,10.1093/oso/9780199288793.003.0025,0.97,mismatch,Slovenia: Rights and Discrimination
114596,Advances in Social Work,2003,dc/83d7e6a4b3,dc,weak_title,10.1080/0261547042000245008,0.505,mismatch,"Nature, Genetics and the Biophilia Connection: Exploring Linkages with Social Work Values and Practice"
114658,Advances in Social Work,2020,dc/cdd70c2f7e,dc,weak_title,10.4324/9780429449857-6,0.875,mismatch,Making it Work
114675,Advances in Social Work,2003,dc/6379e43620,dc,weak_title,10.4324/9780203639061-10,0.696,mismatch,Exploring Redundancy in SocialWork Education
114697,Advances in Social Work,2020,dc/56372c572e,dc,weak_title,10.18060/22613,0.381,match,LGBT Elder Americans Act
114787,Advances in Social Work,2011,dc/e7709d2f02,dc,weak_title,10.18060/1318,0.627,match,Social Work and Service-Learning in the Age of Competency-based Education
114798,Advances in Social Work,2019,dc/512a86b34e,dc,weak_title,10.4324/9780429431654-11,0.75,mismatch,Behind the Wall
114803,Advances in Social Work,2020,dc/483ad7c105,dc,weak_title,10.1093/med-psych/9780190843229.003.0014,0.553,mismatch,Bullying Prevention in Schools
114882,Advances in Social Work,2007,dc/66cd45ab27,dc,weak_title,10.1037/e549292009-025,0.385,mismatch,Psychodynamic Theory
114923,Advances in Social Work,2020,dc/0c7b8864ea,dc,weak_title,10.2307/j.ctvfjczxx.18,0.462,mismatch,Matter of Trust
114926,Advances in Social Work,2020,dc/8c1b53b163,dc,weak_title,10.5149/northcarolina/9781469661995.003.0017,0.541,mismatch,Safe Place
114956,Advances in Social Work,2003,dc/705fa0061e,dc,weak_title,10.1108/00251740410522296,0.529,mismatch,Hearing the Silence: Children’s Voices on Violence
114967,Advances in Social Work,2007,dc/dc46a18afd,dc,weak_title,10.1080/10408340308518308,0.349,mismatch,Journal Writing for Life Development
114973,Advances in Social Work,2020,dc/54770e1ff1,dc,weak_title,10.5040/9798216403494.ch-14,0.667,mismatch,It’s Time to Go!
114984,Advances in Social Work,2012,dc/efb93c7256,dc,weak_title,10.1007/s11121-012-0308-z,0.448,mismatch,"Global Problems, Local Solutions: What Works, What Does Not, What Can We Do?"
115012,Advances in Social Work,2003,dc/e02d848ad3,dc,weak_title,10.1080/03634520302468,0.462,mismatch,Translating Concept into Act forMulti-Cultural Practice: Comparison of Students’ and Field Instructors’ Perceptions of Diversity Training Effectiveness
115013,Advances in Social Work,2020,dc/6f90222970,dc,weak_title,10.1080/10437797.2018.1526727,0.506,mismatch,Global Reach of Social Work
115017,Advances in Social Work,2020,dc/86aaad2b56,dc,weak_title,10.5040/9781636701134.00000007,0.64,mismatch,Decade's Tale
115028,Advances in Social Work,2020,dc/150aa4decb,dc,weak_title,10.1080/19428200.2020.1820792,0.455,mismatch,Now is the Time
115060,Advances in Social Work,2009,dc/026a3e8af2,dc,weak_title,10.1016/s1464-391x(09)70018-2,0.42,mismatch,"Editorial: Journal News, Issue Preview, and Acknowledgments"
115067,Advances in Social Work,2020,dc/9be0e81dc3,dc,weak_title,10.7290/utiapub/w994,0.73,unknown,Who Am I and What Do I Do?
115074,Advances in Social Work,2008,dc/a1a6f41585,dc,weak_title,10.1176/appi.ps.58.9.1145,0.649,mismatch,The Need for Advancement in the Conceptualization of Cultural Competence
115077,Advances in Social Work,2020,dc/fab4bea2fa,dc,weak_title,10.4135/9781036234102.n6,0.588,mismatch,Transformative Teams in Health Care
115087,Advances in Social Work,2003,dc/fbc2b0a503,dc,weak_title,10.1093/bjsw/33.1.107,0.61,mismatch,"What is the ""Cutting Edge"" of Social Work?"
115092,Journal of Comparative Social Work,2015,dc/8895de4360,dc,weak_title,10.1093/acprof:oso/9780190240158.003.0002,0.6,mismatch,The Promise
115095,Journal of Comparative Social Work,2015,dc/f4f42e9858,dc,weak_title,10.61611/2165-4611.1083,0.489,mismatch,Multiple Relationships : Maintaining Professional Identity in Rural Social Work Practice
115097,Journal of Comparative Social Work,2015,dc/8df362aa0a,dc,weak_title,10.64628/ab.56vhawhsk,0.492,unknown,The construction of the category of unemployed young people with no qualifications in Switzerland : A looping effect?
115099,Journal of Comparative Social Work,2015,dc/48ce66c342,dc,weak_title,10.17922/2412-5466-2015-1-1-81-95,0.381,mismatch,Social Problems in the Russian Army within the Framework of Social Work
115104,Journal of Comparative Social Work,2015,dc/6f387697f5,dc,weak_title,10.4324/9781315609652-5,0.603,mismatch,Social Work Education Canada’s North : Capacity Building through Social Work
115108,Journal of Comparative Social Work,2025,dc/3f128a5fd2,dc,weak_title,10.3138/9781487553784-005,0.5,mismatch,Is it all about the money?
115109,Journal of Comparative Social Work,2015,dc/ad4780ac29,dc,weak_title,10.4324/9781315639550,0.453,unknown,A Comparative Analysis of Social Work in Vietnam and Canada: Rebirth and Renewal
115113,Journal of Comparative Social Work,2015,dc/876dc94c27,dc,weak_title,10.1163/15718181-2x652616,0.529,mismatch,"Anne Stafford, Nigel Parton, Sharon Vincent and Connie Smith: Child Protection Systems in the United Kingdom : A Comparative Analysis"
115115,Journal of Comparative Social Work,2015,dc/fd72e0c327,dc,weak_title,10.4324/9781315770499-3,0.632,mismatch,Using a Comparative Lens
115116,Journal of Comparative Social Work,2015,dc/5bc3c1c615,dc,weak_title,10.1080/17496535.2015.1126623,0.36,mismatch,Company welfare and social work ethics: a space for social work? : A discussion based on cases from Norway and Tanzania.
115117,Journal of Comparative Social Work,2015,dc/7768246974,dc,weak_title,10.1017/cbo9781139879262.009,0.278,mismatch,Regional social planning for childhood in Italy
115119,Journal of Comparative Social Work,2015,dc/b715d5bd33,dc,weak_title,10.1596/978-1-4648-0958-3_ch1,0.432,mismatch,Prosperity and Poverty in Times of Crisis
115122,Journal of Comparative Social Work,2015,dc/d853728e75,dc,weak_title,10.1109/mobserv.2015.43,0.496,mismatch,Public service providers and users in the information society
115127,Journal of Comparative Social Work,2015,dc/0213d199eb,dc,weak_title,10.1093/bjsw/bcw005,0.411,mismatch,How to define social work research
115128,Journal of Comparative Social Work,2015,dc/6ff9b25c31,dc,weak_title,10.1080/15524256.2016.1200522,0.421,mismatch,The Role of Social Work in Palliative Care : A Comparison across Canada’s Three Northern Territories
115138,Journal of Comparative Social Work,2015,dc/56f559e058,dc,weak_title,10.1787/empl_outlook-2015-table42-en,0.585,unknown,Adult Workers in Theory or Practice? : Lone Mothers’ Participation in Active Labour Market Programmes in Germany
115139,Journal of Comparative Social Work,2015,dc/c2ee5cb5c6,dc,weak_title,10.1057/9781137415196_8,0.605,mismatch,Encouraging girl child education in my village
115148,Journal of Comparative Social Work,2015,dc/3b386bd5c5,dc,weak_title,10.7591/9780801455728,0.487,unknown,"Poverty, Public Assistance and Single Mothers : A Comparative Look at Norway, Russia and the U.S"
115150,Journal of Comparative Social Work,2015,dc/762eb6e1e9,dc,weak_title,10.5296/ijsw.v3i1.8384,0.402,mismatch,Exploring tentative lives : Reflexive social work with adolescents who stay in the space between respectability and disrespect with regard to substance use and law abidance.
115151,Journal of Comparative Social Work,2015,dc/fee7e434ea,dc,weak_title,10.1080/09638288.2016.1224936,0.523,mismatch,Criteria of implementing feeding assistance robots in disability care : a sociomaterial perspective
115152,Journal of Comparative Social Work,2015,dc/e8371ee1d4,dc,weak_title,10.5235/20504721.2.2.218,0.547,mismatch,Restorative Justice Across the East and West
115154,Journal of Comparative Social Work,2013,dc/8993fd07a3,dc,weak_title,10.1093/oso/9780199344574.003.0019,0.545,mismatch,A case of what?
115155,Journal of Comparative Social Work,2015,dc/a031530ea1,dc,weak_title,10.4324/9781315018171-14,0.444,mismatch,“You child is just wonderful!” : On ethics and access in research with children
115157,Journal of Comparative Social Work,2019,dc/e291055535,dc,weak_title,10.1515/9780822391296-005,0.447,mismatch,Children and childhood in Chile
115162,Journal of Comparative Social Work,2015,dc/8107736731,dc,weak_title,10.1590/0102-311x00021314,0.546,mismatch,"The financial crisis and recent family policy reforms in Finland, Germany and the United Kingdom : Is there a connection?"
115167,Journal of Comparative Social Work,2015,dc/1db58df21c,dc,weak_title,10.1016/j.physio.2016.10.294,0.439,mismatch,To tell the right story : Functions of the personal user narrative in service user involvement
115169,Journal of Comparative Social Work,2015,dc/d42ee649dd,dc,weak_title,10.4135/9789351507864.n5,0.426,mismatch,How is Social Work Affected by Different Contexts?
115170,Journal of Comparative Social Work,2019,dc/d3d5364144,dc,weak_title,10.1257/rct.5972-1.0,0.471,mismatch,Private and public families
115171,Journal of Comparative Social Work,2015,dc/eea681e21d,dc,weak_title,10.51644/9781771120890-003,0.513,mismatch,Social Welfare and Social Work Education In Canada : Slipping to the Right
115176,Journal of Comparative Social Work,2019,dc/8089b887ff,dc,weak_title,10.1111/cfs.12818,0.453,mismatch,"The child, the parents, the family and the state"
115178,Journal of Comparative Social Work,2015,dc/55f9d82e64,dc,weak_title,10.15270/46-4-155,0.701,mismatch,Reflections upon practices are important in Social Work
115179,Journal of Comparative Social Work,2015,dc/605a67e0e7,dc,weak_title,10.15216/rgsu-xiv-61,0.542,mismatch,The Social Worker as Representative of the State or Society : Sipho’s Story
115180,Journal of Comparative Social Work,2015,dc/779117ba76,dc,weak_title,10.1097/qad.0000000000000725,0.448,mismatch,"Sankofa: Looking Back at my Practice Encounter with Witchcraft, HIV/AIDS and Disability in Ghana"
115185,Journal of Comparative Social Work,2015,dc/aabaa36cdc,dc,weak_title,10.1057/9781137412232_3,0.402,mismatch,Street Children Discourses in Russia and Cuba : A Comparative Study aimed at Developing Preventative Measures in Public Child Care
115187,Journal of Comparative Social Work,2015,dc/296dfd9703,dc,weak_title,10.11610/connections.13.3.02,0.409,mismatch,A case of what? : Methodological lessons from a reanalysis of conflicts within Swedish Juvenile Care
115189,Journal of Comparative Social Work,2015,dc/b0ab3f749a,dc,weak_title,10.4135/9789351507987.n5,0.417,mismatch,Implementing social policy : social workers’ experience from Estonia and Norway
115195,Journal of Comparative Social Work,2025,dc/8ba608ddb5,dc,weak_title,10.7551/mitpress/15918.003.0008,0.618,mismatch,The user’s perspective
115198,Journal of Comparative Social Work,2015,dc/927600cce1,dc,weak_title,10.18334/ppp.2.1,0.0,mismatch,Public – private partnership : A critical discussion
115202,Journal of Comparative Social Work,2015,dc/6b8cb31af8,dc,weak_title,10.18261/issn1504-2928-2015-04-04,0.349,mismatch,"Katarina Jacobsson, Joakim Thelander, David Wästerfors: Sosiologi for sosionomer: En stående invitasjon"
115203,Journal of Comparative Social Work,2015,dc/965fbdb6ea,dc,weak_title,10.5296/jmr.v7i3.7195,0.583,mismatch,The challenges of doing gender research in developing countries : Focus on Malawi
115204,Journal of Comparative Social Work,2021,dc/a3602666a5,dc,weak_title,10.3316/informit.494420224772655,0.522,mismatch,Canadian Social Work Field Education During a Global Pandemic
115205,Journal of Comparative Social Work,2015,dc/4d33181cdb,dc,weak_title,10.4324/9781315808741-10,0.57,mismatch,Professional work in the squeeze : Experiences from a new control regime in residential care for children and youth in Norway
115207,Journal of Comparative Social Work,2015,dc/586299deff,dc,weak_title,10.29173/cjs25170,0.419,mismatch,Can they be compared? : An essay on the historical development of welfare systems in Russia and Norway
115212,Journal of Comparative Social Work,2015,dc/16d905b115,dc,weak_title,10.3138/9781442667082-013,0.483,mismatch,Åse Vagli: Behind Closed Doors : Exploring the Institutional Logic of Child Protection Work
115215,Journal of Comparative Social Work,2015,dc/eb598a0539,dc,weak_title,10.18535/ijsre/v4i04.13,0.471,mismatch,Challenges in Dealing with Different Interests between Organized and Unorganized Youth
115217,Journal of Comparative Social Work,2015,dc/97a8425bd6,dc,weak_title,10.3138/9781442689930-006,0.485,mismatch,A Troubled Past : Fieldworking in a Contested Place
115218,Journal of Comparative Social Work,2015,dc/29d4a2e846,dc,weak_title,10.4324/9781315574585-21,0.433,mismatch,"Family Therapy and Young Abusers : Experiences from the multi-agency treatment service TVERS in Vest-Agder County, Norway"
115219,Journal of Comparative Social Work,2015,dc/beeb339076,dc,weak_title,10.1093/med/9780198703327.003.0004,0.451,mismatch,Lessons and Challenges of Social Work Practice : Reflections from Managing Complex HIV/AIDS Cases in Uganda
115222,Journal of Comparative Social Work,2015,dc/ba008c45df,dc,weak_title,10.4324/9780203049792-51,0.543,mismatch,Families in contexts
115227,Journal of Comparative Social Work,2015,dc/3cd0a1a2b5,dc,weak_title,10.1108/ijse-09-2013-0210,0.494,mismatch,Social trust among recipients of voluntary welfare in Norway
115229,Journal of Comparative Social Work,2015,dc/1ca16976fc,dc,weak_title,10.5040/9798216401308.ch-4,0.37,mismatch,Trust-development in Danish and Norwegian Integration Programmes
115238,Journal of Comparative Social Work,2015,dc/3dc641907b,dc,weak_title,10.4324/9781315851020-13,0.424,mismatch,Working Across
115241,Journal of Comparative Social Work,2015,dc/ed635ec10c,dc,weak_title,10.1080/19424620.2015.1116451,0.315,mismatch,Was your father a problem drinker?: The challenges of life story interviewing in researching adult sons of problem drinking fathers
115242,Journal of Comparative Social Work,2015,dc/6de06fa590,dc,weak_title,10.1057/978-1-137-57499-2_7,0.513,mismatch,Social care going market : Institutional and cultural change regarding services for the elderly
115250,Journal of Comparative Social Work,2011,dc/cd5195651a,dc,weak_title,10.1080/09503153.2010.494235,0.553,mismatch,Reflections on social work in practice
115253,Journal of Comparative Social Work,2015,dc/d9643ca603,dc,weak_title,10.6017/ihe.2000.18.6849,0.53,mismatch,Internationalizing Higher Education : Challenges and Possibilities for Social Work Education
115254,Journal of Comparative Social Work,2014,dc/96738f931c,dc,weak_title,10.1093/med:psych/9780199941551.003.0018,0.696,mismatch,Assessment in Child Protection
115267,Journal of Comparative Social Work,2015,dc/5b8868af75,dc,weak_title,10.1027/1864-9335/a000274,0.249,mismatch,The courage to face yourself : About being a social worker in an unknown culture and in unfamiliar situations
115273,Journal of Comparative Social Work,2017,dc/fbb06074df,dc,weak_title,10.5089/9781475547900.071.ch999,0.516,mismatch,A Matter of Politics
115279,Journal of Comparative Social Work,2015,dc/b5841bde72,dc,weak_title,10.1080/21931674.2015.1074782,0.314,mismatch,"Close but not too close. Distant but not too distant : Reflections on the client-social worker relationship from single mothers and social workers in Australia, USA, Canada, Russia and Norway"
115282,Journal of Comparative Social Work,2015,dc/35a4639a44,dc,weak_title,10.31265/jcsw.v11i1.133,0.293,match,Presentation of JCSW Issue 2011/1
115285,Journal of Comparative Social Work,2015,dc/697b4b6e82,dc,weak_title,10.12775/jpm.2013.004,0.578,mismatch,"""Orientation"" as a Sensitizing Concept in Social Work"
115286,Journal of Comparative Social Work,2015,dc/2815e541cf,dc,weak_title,10.2174/97816080580201140101,0.393,unknown,Female Well-Being : Toward a global theory of social change
115288,Journal of Comparative Social Work,2015,dc/92b7021e74,dc,weak_title,10.7448/ias.17.4.19483,0.429,mismatch,Reflections from challenges of working with HIV/Aids affected and infected orphans in Malawi
115296,Journal of Comparative Social Work,2015,dc/2536e1b501,dc,weak_title,10.2139/ssrn.2734628,0.514,mismatch,The Normative Impact of Unemployment Insurance : A European Perspective
115299,Journal of Comparative Social Work,2015,dc/5bd331a931,dc,weak_title,10.4324/9780203386071-1,0.44,mismatch,The use of Triangulation in Social Sciences Research : Can qualitative and quantitative methods be combined?
115303,Journal of Comparative Social Work,2024,dc/994471cea2,dc,weak_title,10.1007/978-981-97-2998-2_47,0.488,mismatch,Activation by technology
115308,Journal of Comparative Social Work,2012,dc/b417a33223,dc,weak_title,10.1093/med/9780199739110.003.0003,0.564,mismatch,The Role of Social Work in Palliative Care
115312,Journal of Comparative Social Work,2015,dc/30aa1c0091,dc,weak_title,10.11157/anzswj-vol24iss1id140,0.645,mismatch,Social work in municipalities : contested changes with implications for the profession?
115320,Journal of Comparative Social Work,2013,dc/ba70c49cc9,dc,weak_title,10.11606/issn.1983-6023.sank.2012.88890,0.194,mismatch,Sankofa
115325,Journal of Comparative Social Work,2022,dc/b7f85b0ab8,dc,weak_title,10.55016/ojs/tsw.v1i1.77694,0.787,mismatch,Impact of the COVID-19 pandemic on the work of social workers
115328,Journal of Comparative Social Work,2015,dc/84f4c1599e,dc,weak_title,10.1186/isrctn42017211,0.316,mismatch,Integration through activation? : Unfolding paradox for mobilizing will to self-help
115347,Journal of Comparative Social Work,2015,dc/894e2a6ad5,dc,weak_title,10.1111/cfs.12335,0.46,mismatch,Memories from the frontline : One unforgettable experience of a child protection social worker in northern Canada
115350,Journal of Comparative Social Work,2015,dc/aff8f04d82,dc,weak_title,10.1111/fare.12102,0.426,mismatch,Studying sensitive and contradictory family situations : Considerations from three family studies
115353,Journal of Comparative Social Work,2015,dc/8e0fdd504a,dc,weak_title,10.1093/ohr/ohu050,0.5,mismatch,"Katherine van Wormer, David W. Jackson and Charletta Sudduth: The Maid Narratives"
115361,Journal of Comparative Social Work,2015,dc/bc2f1caff8,dc,weak_title,10.1017/cbo9781107425989.004,0.466,mismatch,Reflections on social work in practice : Perceptions of how being from a higher caste affects social work among the lower (Dalit) caste people of Nepal
115364,Journal of Comparative Social Work,2015,dc/53bbf94a30,dc,weak_title,10.3138/diaspora.17.3.362,0.405,mismatch,You will never again be a Chilean like the others : From diaspora to diasporic practices among Chilean refugees returning from exile
115365,Journal of Comparative Social Work,2023,dc/99140771ac,dc,weak_title,10.31265/jcsw.v18i2.548,0.708,match,The use of vignettes in an international comparative social work research
115386,Journal of Comparative Social Work,2015,dc/57d74676ac,dc,weak_title,10.1080/2156857x.2014.926285,0.512,mismatch,Social Work in Ghana : Engaging Traditional Actors in Professional Practices
115390,Journal of Comparative Social Work,2016,dc/ec0a4b6a5f,dc,weak_title,10.1007/978-3-319-51897-8_2,0.506,mismatch,In-between discourses
115391,Social Work-Maatskaplike Werk,2003,dc/ebcb1f8778,dc,weak_title,10.7312/rose12310-011,0.661,mismatch,SOCIAL DEVELOPMENT: GOOD PRACTICE GUIDELINES
115394,Social Work-Maatskaplike Werk,2003,dc/44eb0f81e8,dc,weak_title,10.1080/09540120410001665376,0.531,mismatch,STIGMATISATION OF HIV-POSITIVE MEMBERS OF THE WORKFORCE
115400,Social Work-Maatskaplike Werk,2003,dc/14e540dc56,dc,weak_title,10.1300/j129v04n04_06,0.46,mismatch,HIV/AIDS AND SOUTH AFRICAN ADOLESCENTS: ATTITUDES AND INFORMATION NEEDS
115413,Social Work-Maatskaplike Werk,2003,dc/a708028987,dc,weak_title,10.4102/jsava.v73i4.584,0.658,mismatch,A PARTICIPATORY ACTION RESEARCH APPROACH TO AGEING IN A PARTICULAR COMMUNITY IN THE NORTH-WEST PROVINCE OF SOUTH AFRICA
115416,Social Work-Maatskaplike Werk,2007,dc/3f80721512,dc,weak_title,10.1007/bf03093742,0.32,mismatch,’N STERKTEPERSPEKTIEF OP BEMAGTIGENDE MAATSKAPLIKE GROEPWERK MET ALKOHOLAFHANKLIKE BEJAARDES
115430,Social Work-Maatskaplike Werk,2022,dc/7b92437c94,dc,weak_title,10.1111/jop.13212/v1/decision1,0.4,unknown,Editorial Letter
115432,Social Work-Maatskaplike Werk,2004,dc/b5d3c505da,dc,weak_title,10.1093/cdj/bsi018,0.521,mismatch,CHALLENGES FOR BUILDING PARTNERSHIPS IN SOCIAL DEVELOPMENT
115438,Social Work-Maatskaplike Werk,2006,dc/3a08054166,dc,weak_title,10.1007/bf03063179,0.536,mismatch,GROOTMOEDERS IN KAYAMANDI SE ERVARING VAN FAMILIEPLEEGSORG
115450,Social Work-Maatskaplike Werk,2003,dc/efed5ad0c9,dc,weak_title,10.1177/0020872804039391,0.679,mismatch,STANDARDS FOR SOCIAL WORK QUALIFICATIONS IN SOUTH AFRICA
115460,Social Work-Maatskaplike Werk,2022,dc/fb59567257,dc,weak_title,10.4324/9781003270119-14,0.529,mismatch,CONTRADICTIONS OF CONCERN TO BENCHMARKING IN THE SOUTH AFRICAN BACHELOR OF SOCIAL WORK DEGREE
115463,Social Work-Maatskaplike Werk,2003,dc/888839f39f,dc,weak_title,10.17570/ngtt.2002.v43n1.a19,0.366,mismatch,EFFEKTIEWE FINANSIËLE BESTUUR VAN WELSYNSORGANISASIES IN SUID-AFRIKA: AANBEVELINGS VIR MAATSKAPLIKE-WERKBESTUURDERS
115464,Social Work-Maatskaplike Werk,2003,dc/671e9ea3bd,dc,weak_title,10.1177/104973150401400510,0.596,mismatch,"PARTICIPATION, CIVIL SOCIETY AND SOCIAL WORK PRACTICE"
115481,Social Work-Maatskaplike Werk,2004,dc/ec1089d3cc,dc,weak_title,10.4135/9781446211816.n3,0.639,mismatch,TRANSSEXUALISM – AN INVESTIGATION
115482,Social Work-Maatskaplike Werk,2004,dc/dd7389563f,dc,weak_title,10.4102/ids.v37i4.487,0.375,mismatch,DIE ONGETROUDE VOLWASSE TSWANA-VROU SE PERSEPSIES VAN DIE HUWELIK
115484,Social Work-Maatskaplike Werk,2004,dc/2c648bb30e,dc,weak_title,10.1300/j022v19n03_a,0.583,mismatch,THE APPROPRIATENESS AND NECESSITY OF SHORT-TERM THERAPY IN THE CONTEXT OF THE EMPLOYEE ASSISTANCE PROGRAMME
115490,Social Work-Maatskaplike Werk,2020,dc/98ed4d6216,dc,weak_title,10.17303/jaid.2017.3.102,0.414,mismatch,ATTITUDES TO ARV ACCESS AND FACTORS UNDERMINING HIV/AIDS PREVENTION. LESSONS FROM THE 2008 TSABONG STIGMA CASE STUDY (BOTSWANA
115493,Social Work-Maatskaplike Werk,2004,dc/0ae95d60d4,dc,weak_title,10.5040/9798216007821.0003,0.535,mismatch,PARTNERSHIPS: MARRYING THE STRENGTHS AND RESOURCES OF DIVERSE INTEREST GROUPS
115512,Social Work-Maatskaplike Werk,2004,dc/67285d9c91,dc,weak_title,10.4314/jcs.v5i2.6269,0.616,mismatch,CONDOM USE AND HIV/AIDS: PRECAUTIONARY BEHAVIOUR AMONG BOTSWANA YOUTH
115514,Social Work-Maatskaplike Werk,2004,dc/9f9ed4e5fe,dc,weak_title,10.1332/policypress/9781861343680.003.0004,0.525,mismatch,THE INTEGRATION OF DISABLED PEOPLE INTO THE OPEN LABOUR MARKET: A SOCIAL WORK PERSPECTIVE
115515,Social Work-Maatskaplike Werk,2003,dc/562b119454,dc,weak_title,10.1037/e552582012-119,0.408,mismatch,THE IMPACT OF GESTALT PLAY TECHNIQUES ON THE AGGRESSION LEVEL OF DIABETIC CHILDREN
115520,Social Work-Maatskaplike Werk,2004,dc/36df4cb46e,dc,weak_title,10.1201/9780203021262-93,0.425,mismatch,ADVANCING THROUGH RETREATING: SELF-CARE AMONG HELPING PRACTITIONERS
115521,Social Work-Maatskaplike Werk,2004,dc/949a8bf707,dc,weak_title,10.5172/rsj.351.14.2.163,0.6,mismatch,PROBLEMS RURAL SOCIAL WORKERS EXPERIENCE
115527,Social Work-Maatskaplike Werk,2004,dc/6dfcf17aba,dc,weak_title,10.1057/9781403990013_10,0.426,mismatch,ASSESSMENT OF A COMMUNITY: PROMOTING AN EQUITABLE SOCIETY THROUGH INCLUSION AND EMPOWERMENT
115536,Social Work-Maatskaplike Werk,2004,dc/b087b18cfa,dc,weak_title,10.4314/actat.v21i1.5481,0.379,mismatch,DIE BENUTTING VAN MUSIEK TYDENS GROEPWERK MET DWELM-AFHANKLIKES
115538,Social Work-Maatskaplike Werk,2003,dc/937d8c7b93,dc,weak_title,10.1016/s0362-3319(02)00237-9,0.775,mismatch,"THE RELATIONSHIP BETWEEN CHILD SEXUAL, PHYSICAL, PSYCHOLOGICAL, EMOTIONAL AND RITUALISTIC ABUSE AMONG HIGH SCHOOL STUDENTS IN THE NORTHERN PROVINCE, SOUTH AFRICA"
115540,Social Work-Maatskaplike Werk,2004,dc/549243454a,dc,weak_title,10.4135/9781452232553.n3,0.51,mismatch,OPERATIONALISING A COMPETENCE MODEL OF SUPERVISION TO EMPOWER SOCIAL WORKERS AND STUDENTS IN SOUTH AFRICA
115544,Social Work-Maatskaplike Werk,2003,dc/cb5fe607db,dc,weak_title,10.1007/bf03059739,0.462,mismatch,N ONDERSOEK MET BETREKKING TOT PRESTASIEBEOORDELING VAN MAATSKAPLIKE WERKERS IN WELSYNSORGANISASIES
115546,Social Work-Maatskaplike Werk,2004,dc/4767bef2eb,dc,weak_title,10.4324/9780203451632-14,0.662,mismatch,EMANCIPATORY CITIZENSHIP EDUCATION IN ACTION: CREATIVE TEACHING/LEARNING OPTIONS (PART 2
115556,Social Work-Maatskaplike Werk,2004,dc/ee6860b247,dc,weak_title,10.1177/0308275x04042652,0.481,mismatch,TEACHING AND LEARNING IN THE VIOLENT NEIGHBOURHOODS OF THE CAPE FLATS
115583,Social Work-Maatskaplike Werk,2004,dc/dfd0921442,dc,weak_title,10.7312/madd12320-002,0.387,mismatch,THE KNOWLEDGE OF SOCIAL WORKERS IN PRIVATE PRACTICE REGARDING HUMAN SEXUALITY AND SEX THERAPY
115590,Social Work-Maatskaplike Werk,2004,dc/857ec5a449,dc,weak_title,10.1017/cbo9780511550454.003,0.667,mismatch,AIDS AND BEREAVEMENT IN SOUTH AFRICA
115603,Social Work-Maatskaplike Werk,2004,dc/2fe1c886dd,dc,weak_title,10.4324/9780203393000-10,0.448,mismatch,THE PSYCHO-SOCIAL CIRCUMSTANCES OF CAR GUARDS: INTERVENTIVE ROLES OF THE SOCIAL WORKER
115608,Social Work-Maatskaplike Werk,2004,dc/957d936ee1,dc,weak_title,10.4102/ids.v39i3.399,0.449,mismatch,DIE GEMEENSKAPSWERKDIENSTE VAN DIE PRIVATE WELSYNSEKTOR: ’N PROFIEL MET IMPLIKASIES
115610,Social Work-Maatskaplike Werk,2003,dc/bb47b2e8e5,dc,weak_title,10.1002/dei.160,0.497,mismatch,THE EXPERIENCE OF SUCCESSFUL TRANSITION FROM A CHILDREN’S HOME TO INDEPENDENT LIVING
115611,Social Work-Maatskaplike Werk,2011,dc/2f07195f89,dc,weak_title,10.21825/em.94518,0.402,mismatch,EMOSIONELE REAKSIES VAN DIE MOEDER VAN DIE SEKSUEEL MISBRUIKTE KIND NA BEKENDMAKING VAN SEKSUELE MISBRUIK
115615,Social Work-Maatskaplike Werk,2011,dc/b8660ce82b,dc,weak_title,10.4314/jlt.v44i1.71780,0.366,mismatch,"DIE INVLOED VAN TEATER OP ADOLESSENTE SE ERVARING VAN SELFAANVAARDING, AANVAARDING VAN ANDER EN VAN HUL OMSTANDIGHEDE"
115618,Social Work-Maatskaplike Werk,2003,dc/018df64470,dc,weak_title,10.1080/pri.20.2.118.122,0.537,mismatch,PERSPECTIVES OF ELDERLY BLACKS ON INSTITUTIONAL CARE
115631,Social Work-Maatskaplike Werk,2004,dc/1d0f827f63,dc,weak_title,10.53841/bpsrep.2005.rep32,0.4,unknown,CAN WE LEGISLATE FOR PREVENTION AND EARLY INTERVENTION SERVICES FOR CHILDREN? AN ANALYSIS OF ASPECTS OF THE 2002 DRAFT CHILDREN’S BILL
115657,Social Work-Maatskaplike Werk,2012,dc/8b98c093c3,dc,weak_title,10.21825/fatik.96632,0.492,mismatch,DIE BENUTTING VAN AFGETREDE VRYWILLIGE WERKERS DEUR PERSONEEL VAN DIENSSENTRUMS
115661,Social Work-Maatskaplike Werk,2004,dc/4b7b8e452b,dc,weak_title,10.1111/j.1468-2397.2004.00330.x,0.482,mismatch,A SITUATION ANALYSIS OF HOSPITALISED PHYSICALLY ABUSED PRE-SCHOOL CHILDREN IN SOUTH AFRICA: CONTRIBUTING SOCIAL FACTORS
115663,Social Work-Maatskaplike Werk,2011,dc/de25993350,dc,weak_title,10.1007/bf03089389,0.438,mismatch,PRESTASIEBEOORDELING AS FUNKSIE VAN MAATSKAPLIKE-WERK-SUPERVISIE
115665,Social Work-Maatskaplike Werk,2003,dc/c4ec12aedf,dc,weak_title,10.3997/2214-4609-pdb.3.a011,0.654,mismatch,URBANIZATION: AN INTERDISCIPLINARY APPROACH TO A COMPLEX PHENOMENON
115682,Social Work-Maatskaplike Werk,2004,dc/22e5bd4608,dc,weak_title,10.1201/9781420038156-10,0.465,mismatch,THE DANGER OF HIV INFECTION FOR GIRLFRIENDS AND WIVES
115683,Social Work-Maatskaplike Werk,2004,dc/ef0d895b9e,dc,weak_title,10.3138/9781442683778-004,0.475,mismatch,DIVORCE IN SOUTH AFRICA: AN OVERVIEW
115687,Social Work-Maatskaplike Werk,2004,dc/c920160db4,dc,weak_title,10.1007/978-94-017-0389-5_6,0.521,mismatch,AN INVESTIGATION INTO THE DETERMINANTS OF JOB SATISFACTION AND THE IMPROVEMENT OF QUALITY OF WORK LIFE OF GRASSROOTS SOCIAL WORKERS
115688,Social Work-Maatskaplike Werk,2003,dc/9255188fd4,dc,weak_title,10.2139/ssrn.310199,0.444,unknown,WHAT DO RESIDENTS OF INFORMAL SETTLEMENTS THINK SOCIAL WORKERS SHOULD DO: VOICES FROM BHAMBAYI
115696,Social Work-Maatskaplike Werk,2004,dc/91c94bb79b,dc,weak_title,10.1347/benm.32.3.128,0.325,mismatch,BELEID VIR MIDDELMISBRUIK IN HOËRSKOLE
115726,Social Work-Maatskaplike Werk,2004,dc/c1d9c9a4da,dc,weak_title,10.38140/aa.v0i1.851,0.7,mismatch,DIE BENUTTING VAN NARRATIEWE BEGINSELS TYDENS GEMEENSKAPSONTWIKKELING
115732,Social Work-Maatskaplike Werk,2008,dc/f323db0e46,dc,weak_title,10.4102/sajcd.v54i1.759,0.498,mismatch,DIE AFWENDING (DIVERSION) VAN VOLWASSENES EN VEREISTES WAARAAN SOGENAAMDE WENSLIKHEID VAN VERVOLGING-VERSLAE MOET VOLDOEN
115737,Social Work-Maatskaplike Werk,2004,dc/cb180166b2,dc,weak_title,10.4102/ids.v38i2.429,0.454,mismatch,DIE ONTWIKKELING VAN ’N BEMARKINGSTRATEGIE VIR CENTURION GEMEENSKAPSDIENS
115739,Social Work-Maatskaplike Werk,2008,dc/03d84a8267,dc,weak_title,10.4102/ids.v41i1.294,0.526,mismatch,DIE ROL VAN MAATSKAPLIKE WERK IN VERWANTE PLEEGSORG-PLASINGS
115741,Social Work-Maatskaplike Werk,2003,dc/aefcdc5c90,dc,weak_title,10.1080/09718524.2004.11910123,0.51,mismatch,WOMEN AND SOCIAL DEVELOPMENT: GLOBAL OPPORTUNITIES FOR GENDER-CONSCIOUS TRANSFORMATION IN THE NEW MILLENNIUM
115770,Social Work-Maatskaplike Werk,2009,dc/07336e1277,dc,weak_title,10.1161/circheartfailure.108.821785,0.45,mismatch,OUTCOMES-BASED ASSESSMENT: NECESSARY EVIL OR TRANSFORMATIVE POTENTIAL
115784,Social Work-Maatskaplike Werk,2004,dc/0738f24934,dc,weak_title,10.4135/9781446247150.n11,0.519,mismatch,PERSONAL AND INTERPERSONAL EFFECTS OF A LIFE SKILLS PROGRAMME ON GRADE 7 LEARNERS
115785,Social Work-Maatskaplike Werk,2012,dc/84edec9e40,dc,weak_title,10.5842/32-0-19,0.476,mismatch,DIE EFFEK VAN ’N KIND SE SEKSUELE MISBRUIK OP DIE NIE-BESKULDIGDE OUER/VOOG SE PSIGO-SOSIALE FUNKSIONERING
115788,Social Work-Maatskaplike Werk,2008,dc/9610caa899,dc,weak_title,10.4102/hts.v64i3.107,0.446,mismatch,ETIESE DIMENSIES IN DIE BENUTTING VAN DIE ENKELSISTEEMNAVORSINGSONTWERP
115795,Social Work-Maatskaplike Werk,2004,dc/1978f76d9a,dc,weak_title,10.1163/9789004495876_012,0.422,mismatch,EMANCIPATORY CITIZENSHIP EDUCATION IN ACTION: DISCOURSE ETHICS AND DECONSTRUCTION (PART 1)
115796,Social Work-Maatskaplike Werk,2004,dc/2b42d7374b,dc,weak_title,10.4102/sajip.v29i4.129,0.559,mismatch,STRENGTHS-FOCUSED INTERVENTION: THE NEW APPROACH OF THE SOCIAL WORK SERVICE OF THE SOUTH AFRICAN POLICE SERVICE (SAPS)
115799,Social Work-Maatskaplike Werk,2004,dc/8f41722b29,dc,weak_title,10.14574/ojrnhc.v4i1.212,0.495,mismatch,"RETIREMENT VILLAGES AND RELATED CARE SERVICES: PERCEPTIONS, PREFERENCES AND NEEDS OF ELDERLY CONSUMERS AND PROVIDERS IN CAPE TOWN"
115811,Social Work-Maatskaplike Werk,2003,dc/20551bb344,dc,weak_title,10.4324/9780203417386-10,0.667,mismatch,THE RELEVANCE OF FEMINISM IN MODERN SOCIAL WORK EDUCATION
115822,Social Work-Maatskaplike Werk,2006,dc/dec9b167a2,dc,weak_title,10.4102/td.v2i2.289,0.473,mismatch,EVALUERING VAN DIE BENUTTING VAN GEMEENSKAPSDIENSTE DEUR BEJAARDES IN ’N SEMI-STEDELIKE GEBIED
115838,Social Work-Maatskaplike Werk,2003,dc/56c65d41e4,dc,weak_title,10.1177/026455050204900320,0.38,mismatch,CHILD SEXUAL ABUSE AS A PRECURSOR TO PROSTITUTION
115843,Social Work-Maatskaplike Werk,2006,dc/9e8186159f,dc,weak_title,10.4102/ve.v28i2.122,0.382,mismatch,DIE AARD EN ROL VAN DIE MAATSKAPLIKE WERKER SE PERSOONLIKHEID ASOOK DIE EKSTERNE OMGEWING IN DIE SUKSESVOLLE BESTUUR VAN ’N PRIVAATPRAKTYK
115844,Social Work-Maatskaplike Werk,2003,dc/86c7b841fc,dc,weak_title,10.1037/e565292006-001,0.406,mismatch,EXPLORING THE PROBATION OFFICER’S ROLE IN VICTIM SUPPORT AND EMPOWERMENT
115845,Social Work-Maatskaplike Werk,2011,dc/4aa5056576,dc,weak_title,10.1111/j.1365-2834.2011.01306.x,0.238,mismatch,Richter (2004:9) suggests that child-headed households (CHHs) are much more vulnerable economically than adult-headed households. “Income in orphan households has been found to be 20-30% lower than in
115846,Social Work-Maatskaplike Werk,2010,dc/d26e50d8ee,dc,weak_title,10.1007/978-90-313-9739-6_21,0.442,mismatch,PROFIEL EN BETROKKENHEID VAN AFGETREDE VRYWILLIGERS BY ’N NIE-WINSGEWENDE ORGANISASIE
115850,Social Work-Maatskaplike Werk,2011,dc/0ac9a008cf,dc,weak_title,10.1007/s12415-011-0057-5,0.434,mismatch,AANMELDING VAN SEKSUELE MISBRUIK DEUR ADOLESSENTE
115857,Social Work-Maatskaplike Werk,2004,dc/3317f7b3e6,dc,weak_title,10.1016/j.transproceed.2004.06.043,0.585,mismatch,THE ATTITUDES OF OLDER SOUTH AFRICANS TOWARDS EUTHANASIA
115887,Social Work-Maatskaplike Werk,2012,dc/77f7c3831e,dc,weak_title,10.4102/koers.v76i2.18,0.453,mismatch,PSIGOSOSIALE BEHOEFTES VAN ADOLESSENTE DOGTERS MET SELF-MOORDGEDRAG
115894,Social Work-Maatskaplike Werk,2004,dc/df9ae460d0,dc,weak_title,10.1109/mprv.2004.1321029,0.462,mismatch,HIVISM: A PERVASIVE SYSTEM OF OPPRESSION
115911,Social Work-Maatskaplike Werk,1998,dc/14ede25780,dc,weak_title,10.4337/9781035334964.00012,0.524,mismatch,"RELOCATION, RELATIONSHIP AND RISK"
115912,Social Work-Maatskaplike Werk,2003,dc/d2d5c5d62b,dc,weak_title,10.1521/suli.32.3.301.22168,0.486,mismatch,REFLECTIONS ON THE EXPERIENCES AND NEEDS OF ADOLESCENTS WHO HAVE ATTEMPTED SUICIDE: A QUALITATIVE STUDY
115933,Social Work-Maatskaplike Werk,2003,dc/badb6578e6,dc,weak_title,10.1080/21650993.2004.9755956,0.55,mismatch,"ENTREPRENEURSHIP IN AFRICA: SOCIAL WORK CHALLENGES FOR HUMAN, SOCIAL AND ECONOMIC DEVELOPMENT"
115936,Social Work-Maatskaplike Werk,2009,dc/6298a395e2,dc,weak_title,10.1111/j.1750-8606.2008.00079.x,0.52,mismatch,"“DESERVING” CHILDREN, “UNDESERVING” MOTHERS? MULTIPLE PERSPECTIVES ON THE CHILD SUPPORT GRANT"
115957,Social Work-Maatskaplike Werk,2008,dc/97540c8888,dc,weak_title,10.4102/ids.v43i1.218,0.415,mismatch,DIE REALITEIT VAN DIE PRAKTYK: EISE EN UITDAGINGS WAT DIE BEGINNERSPRAKTYK AAN MAATSKAPLIKE WERKERS STEL
115970,Social Work-Maatskaplike Werk,2008,dc/118d1be872,dc,weak_title,10.4314/jlt.v42i1.6099,0.551,mismatch,DIE ONTWIKKELING EN INHOUD VAN ’N MAATSKAPLIKE GROEPWERK-BEMAGTIGINGSPROGRAM VIR ALKOHOLAFHANKLIKE BEJAARDES
115971,Social Work-Maatskaplike Werk,2003,dc/983fa42acf,dc,weak_title,10.1787/9789264102958-en,0.659,unknown,COMBATING CHILD LABOUR - A SOUTH AFRICAN CHALLENGE
115980,Social Work-Maatskaplike Werk,2003,dc/ae586b4521,dc,weak_title,10.47671/tvg.58.22.5001467,0.46,mismatch,N GEÏNTEGREERDE GESINSTERAPEUTIESE WERKWYSE MET HERSAAMGESTELDE GESINNE
115982,Social Work-Maatskaplike Werk,2004,dc/5aae08b895,dc,weak_title,10.1080/0261547022000058206,0.394,mismatch,EXPLORING ARTICULATION AND PARTNERING OF SOCIAL WORK PROGRAMMES AT THE UNIVERSITY OF DURBAN -WESTVILLE (UDW) AND NORTH LONDON (UNL)
116151,Global Social Work / Trabajo Social Global,2021,dc/baf2a42dfe,dc,weak_title,10.30827/tsg-gsw.v12.25079,0.336,match,Escala de Valoración Sociofamiliar TSO
116164,Global Social Work / Trabajo Social Global,2021,dc/34bcfbcb36,dc,weak_title,10.30827/tsg-gsw.v10i19.11375,0.403,match,"Reseña: Cebolla Bueno, Óscar (2020). El arte del Trabajo Social. Una iconografía de Óscar Cebolla Bueno. Editorial Alejandro Rodríguez Robledillo"
116167,Global Social Work / Trabajo Social Global,2021,dc/27ea9d20da,dc,weak_title,10.30827/tsg-gsw.v10i19.11375,0.435,match,"RESEÑA DE LIBRO Cebolla Bueno, Óscar (2020). El arte del Trabajo Social. Una iconografía de Óscar Cebolla Bueno. Lugo: Alejandro Robledillo"
116175,Global Social Work / Trabajo Social Global,2023,dc/b9b396abf3,dc,weak_title,10.30827/tsg-gsw.v14.30369,0.401,match,"Reseña:_____Herrera-Gutiérrez, M. R. (Ed.) (2022). Construyendo conocimiento para una transformación social inclusiva. Aportes a la agenda de investigación del Trabajo Social. Tirant Humanidades"
116188,Global Social Work / Trabajo Social Global,2021,dc/4ac22f71fe,dc,weak_title,10.30827/tsg-gsw.v12.25079,0.387,match,"Reseña: Giménez-Bertomeu, V.M., Guinovart-Garriga, C., Rovira-Soler, E. y Viñas-Segalés, N. (2020). La escala de Valoración Sociofamiliar TSO. Fundamentos, descripción, validación e instrucciones de u"
116206,Global Social Work / Trabajo Social Global,2021,dc/089245a434,dc,weak_title,10.30827/tsg-gsw.v10i18.11417,0.263,match,Reseña del libro: Cisexismo y Salud. Algunas ideas desde otro lado
116266,Global Social Work / Trabajo Social Global,2022,dc/73dfc25c59,dc,weak_title,10.30827/tsg-gsw.v12.24511,0.336,match,"Reseña: Vivas Tesón, Inmaculada (2021). Vivir con discapacidad en el contexto de una pandemia: el derecho a tener derechos. Editorial Tecnos"
116401,Social Work and Society,2012,dc/1692440e46,dc,weak_title,10.2991/icetms.2013.232,0.403,mismatch,Dynamics of Educational Regimes and Capability-Oriented Research
116403,Social Work and Society,2020,dc/ca77067aa8,dc,weak_title,10.1007/978-3-030-55825-3_4,0.335,mismatch,Vulnerability and autonomy. Theoretical considerations based on children’s narrations about sport in adult-dominated contexts
116404,Social Work and Society,2016,dc/1864f142d8,dc,weak_title,10.5817/cz.muni.m210-7834-2015,0.479,unknown,Eugenics and special education in the Czech lands during the Interwar Period: The beginning of segregation against disabled and Roma
116405,Social Work and Society,2009,dc/dd6082fcb3,dc,weak_title,10.1093/acprof:oso/9780195309188.003.0006,0.637,mismatch,Care for Children in Botswana: The Social Work Role
116406,Social Work and Society,2022,dc/7b5e682e84,dc,weak_title,10.4337/9781788116152.00010,0.4,mismatch,Responding to New Social Risks. The Southernization of Social Welfare in Poland?
116407,Social Work and Society,2022,dc/54e24f6d2f,dc,weak_title,10.15270/57-4-970,0.495,mismatch,The Great Recession and Social Exclusion: Homeless People in the City of Madrid
116416,Social Work and Society,2012,dc/2dfa2b5285,dc,weak_title,10.1057/9781137292964_15,0.4,mismatch,The Development of Capabilities of Young People with Low Skills. The Case Study of a Vocational Education Programme in Poland.
116421,Social Work and Society,2016,dc/6d4db106f7,dc,weak_title,10.1177/0308575916661270,0.559,mismatch,Losing control in pre-adoption services: Finnish prospective adoptive parents emotional experiences of vulnerability
116422,Social Work and Society,2012,dc/8f55c6fbba,dc,weak_title,10.15220/978-92-9189-120-7-en,0.451,unknown,Regional Policies and Individual Capabilities: Drawing Lessons from two Experimental Programs Fighting Early School Leaving in France
116427,Social Work and Society,2012,dc/c73c02d731,dc,weak_title,10.1596/28533,0.624,unknown,Addressing the Issue of Disadvantaged Youth Seeking Work
116428,Social Work and Society,2006,dc/1397602240,dc,weak_title,10.4324/9780203759097-38,0.568,mismatch,"Narrative Confetti - Subjects, Truth and Ethics"
116429,Social Work and Society,2012,dc/3598548d07,dc,weak_title,10.1080/13691457.2013.835520,0.538,mismatch,Pedagogy Back on Track; Enhancing Capabilities for Young People in Education and Work
116433,Social Work and Society,2011,dc/0693b39c8f,dc,weak_title,10.1093/acprof:oso/9780199533237.003.0002,0.416,mismatch,Women’s Experience of Poverty in Context of Power Inequality and Financial Abuse in Intimate Relationship.
116436,Social Work and Society,2016,dc/81dc704b0c,dc,weak_title,10.1080/03003930.2016.1204297,0.465,mismatch,Participation and social services local intervention in spain
116438,Social Work and Society,2025,dc/47526547a4,dc,weak_title,10.2139/ssrn.5197042,0.483,unknown,The Shift of U.S. Public Attitudes Toward Welfare State: A Cohort Comparison between Pre and Post Economic Crisis Era
116445,Social Work and Society,2025,dc/3a8df03cba,dc,weak_title,10.1080/0312407x.2026.2672433,0.525,mismatch,Space-Focused Stereotypes and Their Potential Role in Group-Based Disparities in Social Work Services
116462,Social Work and Society,2014,dc/f570526662,dc,weak_title,10.1007/978-3-319-11436-1_1,0.568,mismatch,Editorial: Creating Capabilities for Socially Vulnerable Youth in Europe
116464,Social Work and Society,2025,dc/036280c6c8,dc,weak_title,10.6007/ijarbss/v16-i7/28539,0.576,mismatch,Critical Diversity Research in Social Service Organizations – a conceptual framework
116469,Social Work and Society,2011,dc/60cd31b747,dc,weak_title,10.46692/9781847428196.005,0.453,mismatch,Social Work Between Oppression and Emancipation. Histories of Discomfort and Inspiration in Europe.
116470,Social Work and Society,2017,dc/bd51f46700,dc,weak_title,10.2139/ssrn.2826977,0.561,mismatch,"Policies, Practices and Prospects: The Unaccompanied Minors in Sweden"
116471,Social Work and Society,2007,dc/007cc22d75,dc,weak_title,10.4135/9781849200486.n39,0.568,mismatch,Education for active citizenship
116472,Social Work and Society,2007,dc/2793d2e272,dc,weak_title,10.4135/9781446212714.n4,0.377,mismatch,"Social Services, School and the Climate of Civil Society"
116475,Social Work and Society,2023,dc/461de8a6d2,dc,weak_title,10.1515/9780857452849-008,0.386,mismatch,"The Point of View of Stigmatised Young Girls: Managing Class,""Race"" and Place in Polarising Copenhagen"
116478,Social Work and Society,2020,dc/5264624b57,dc,weak_title,10.1093/bjsw/bcz120,0.464,mismatch,Problems of the Welfare State as an Employer: Assuring the Availability and Commitment of Street-Level Bureaucrats. A Literature Review
116480,Social Work and Society,2020,dc/4807310aa8,dc,weak_title,10.31193/ssap.02.9787520149273.4,0.566,mismatch,Is Malaysia’s Pension Scheme Sufficient to Secure the Quality of Life for the Elderly?
116484,Social Work and Society,2018,dc/83ec4dfa5b,dc,weak_title,10.6027/1fd66a45-en,0.684,unknown,Editorial: Unaccompanied Minors in Europe – Part II
116487,Social Work and Society,2011,dc/c1ae32ab73,dc,weak_title,10.1348/014466609x457530,0.322,mismatch,"Childrens Participation and Citizenship in a Global Age. Empowerment, Tokenism or Discriminatory Disciplining?"
116493,Social Work and Society,2018,dc/02f31ca28b,dc,weak_title,10.4324/9781351328487-28,0.497,mismatch,"Ranking Work-Family Policies across OECD Countries: Implications for Work-Family Conflict, Gender Equality, and Child Well-being"
116501,Social Work and Society,2013,dc/d9dc91e5ce,dc,weak_title,10.5057/ijae.13.57,0.372,mismatch,Understanding Professional Care from the Viewpoint of Care Receivers and Care Givers - The Necessity of a Special Care Rationality
116503,Social Work and Society,2009,dc/499fba68b4,dc,weak_title,10.15453/0191-5096.3521,0.844,mismatch,"Book Review of""Indigenous Social Work around the World. Towards Culturally Relevant Education and Practice"", 2008, edited by Mel Gray, John Coates and Michael Yellow Bird"
116506,Social Work and Society,2012,dc/a72f7abf89,dc,weak_title,10.1080/01634372.2011.626016,0.538,mismatch,Social Work and Elder Abuse: A Foucauldian Analysis
116507,Social Work and Society,2013,dc/257f997b28,dc,weak_title,10.3138/9781442662353-006,0.306,mismatch,Children and Explorations of Self-Perception: Life Stories Related to Moves Between Home and Foster Home
116508,Social Work and Society,2020,dc/89cd5f69bd,dc,weak_title,10.1287/lytx.2011.05.12,0.647,mismatch,What constitutes our right to belong?
116511,Social Work and Society,2013,dc/5e190a8521,dc,weak_title,10.31046/anztla.vi5.203,0.545,mismatch,International Cooperation in Social Work: Some Reflections on a Swiss-Russian Cooperation Project
116513,Social Work and Society,2023,dc/cb6ea7fa37,dc,weak_title,10.4135/9781036231279.n1,0.71,match,Post-Critical Social Work?
116523,Social Work and Society,2021,dc/d6718b82a4,dc,weak_title,10.7179/psri_2021.37.08,0.564,mismatch,The relationship between subjective well-being and residential out-of-home care in Spain: the children’s voice
116524,Social Work and Society,2019,dc/31dfc5ee72,dc,weak_title,10.1007/978-3-319-90221-0_3,0.483,mismatch,Reforms in child and youth welfare
116529,Social Work and Society,2025,dc/7c0964bbca,dc,weak_title,10.4324/9781032646824-8,0.611,mismatch,"In/visible Pandemic Disruptions to Immigrant Integration: Social Connections, Impacts, and Service Use During the COVID-19 Pandemic"
116530,Social Work and Society,2011,dc/dcc601eae0,dc,weak_title,10.1080/19371918.2011.579041,0.484,mismatch,Historical Perspective on the Ideologies of Motherhood and its Impact on Social Work
116531,Social Work and Society,2016,dc/fa75317501,dc,weak_title,10.1080/09540121.2016.1220477,0.405,mismatch,Children orphaned by AIDS in Uganda: Can they thrive under orphanage care?
116532,Social Work and Society,2016,dc/eb5b71f036,dc,weak_title,10.5949/liverpool/9781786940025.003.0003,0.512,mismatch,Middle Class Evolving To Precariat: Labour Conditions for the 21st Century
116533,Social Work and Society,2012,dc/bf0846ecd8,dc,weak_title,10.11126/stanford/9780804775908.003.0012,0.551,mismatch,"Establishing Caseness, Institutional Selves and “realistic perspectives” - A German Case Study on the Transition from School to Work"
116535,Social Work and Society,2007,dc/34979ddb11,dc,weak_title,10.4135/9781446247167.n12,0.482,mismatch,Walter Lorenz - Companion and Point of Orientation in Intercultural Social Work
116539,Social Work and Society,2018,dc/83fd2f7bda,dc,weak_title,10.1136/sextrans-2019-sti.388,0.528,mismatch,The Trajectory of Gender Based Violence (GBV) Impacts to Zimbabwean Children and Pathways for Child Safeguarding
116540,Social Work and Society,2020,dc/2ce8092610,dc,weak_title,10.3138/9781487530907-016,0.547,mismatch,Social Investment Policy - A New Political Economy of Social Service Production
116541,Social Work and Society,2020,dc/8c54acc9d3,dc,weak_title,10.4324/9781315576510-42,0.462,mismatch,Sharing and Control: The Janus-Faced Governance of Social Services at Times of Social Innovation and Social Investment
116547,Social Work and Society,2025,dc/7235982b1b,dc,weak_title,10.4324/9781003585879-4,0.638,mismatch,Deconstructing and reconstructing diversity in client-provider-relationships of social work
116552,Social Work and Society,2013,dc/80f13b49cf,dc,weak_title,10.1080/14681811.2014.918032,0.549,mismatch,"The Sexual Self and Social Work and Policy, or, Why Teenage Pregnancy Prevention Programmes miss the Point"
116570,Social Work and Society,2019,dc/dffc123810,dc,weak_title,10.1186/s40173-018-0098-4,0.415,mismatch,The Youth Guarantee System in Spain: tailored youth policy or broad-brush employment policy?
116575,Social Work and Society,2007,dc/6280a7c359,dc,weak_title,10.1080/03124070701818708,0.553,mismatch,Walter Lorenz - Mentor of a critical European Social Work
116577,Social Work and Society,2011,dc/307bd40fcc,dc,weak_title,10.1080/02650530903532781,0.48,mismatch,Professional Project in a Neoliberal Environment and Evolution of the Meanings of Social Work: a Case Study in Italian Probation Field
116578,Social Work and Society,2014,dc/18af6e59f8,dc,weak_title,10.2172/1067916,0.459,unknown,"Introducing a Model for Analyzing the Possibilities of Power, Help and Control"
116580,Social Work and Society,2021,dc/cce8f223ca,dc,weak_title,10.18357/ijcyfs114.2202019992,0.348,mismatch,Introduction: Is Out-of-Home Care in a Crisis? Perspectives on Child and Youth Welfare Systems in northern Europe and Germany
116585,Social Work and Society,2020,dc/7947fa52df,dc,weak_title,10.31234/osf.io/wca75,0.439,unknown,Punitiveness and Devaluation among Social Work Gatekeepers
116587,Social Work and Society,2024,dc/e3d49002c5,dc,weak_title,10.2478/amns.2023.2.01256,0.458,mismatch,New charity economy and social work: Reclaiming the social dimension of public life in the context of changing welfare rationales
116592,Social Work and Society,2011,dc/419999233d,dc,weak_title,10.1093/actrade/9780199574858.003.0008,0.585,mismatch,Practice Literate Research: Turning the Tables
116595,Social Work and Society,2022,dc/c80ddf3609,dc,weak_title,10.1111/ijsw.12470,0.519,mismatch,Researching welfare regimes from below – a comparative study on youth unemployment in Spain and Germany
116596,Social Work and Society,2019,dc/61c68b6d6a,dc,weak_title,10.7591/9781501722356-006,0.479,mismatch,Introduction. Ambivalences of the Rising Welfare Service State – Hopes and Hazard of Modern Welfare Architectures
116605,Social Work and Society,2004,dc/6a94f892f2,dc,weak_title,10.1093/soceco/1.1.130,0.583,mismatch,An insight into the actual socio-economic situation of Romania
116609,Social Work and Society,2022,dc/82edb64319,dc,weak_title,10.1111/rsp3.12708,0.393,mismatch,A critical exploration of institutional logics of de-institutionalisation in the field of disability policy and practice: Towards a socio-spatial professional orientation
116610,Social Work and Society,2012,dc/c2e2cfe6ac,dc,weak_title,10.1080/19452829.2011.541731,0.475,mismatch,Capabilities Without Rights? The Trespassing Project in Naples
116611,Social Work and Society,2012,dc/56124d60d9,dc,weak_title,10.31899/pgy2.1077,0.525,unknown,"Capabilities for Education, Work and Voice from the Perspective of “the Less Employable” University Graduates."
116612,Social Work and Society,2007,dc/4ff00abdc0,dc,weak_title,10.7312/sege13306-007,0.38,mismatch,"Traditions, Utopias, Deconstruction - Concepts of the Social State in the Eastern Bloc (1945-1990)"
116613,Social Work and Society,2019,dc/411243e545,dc,weak_title,10.4324/9780429450969-14,0.522,mismatch,Economic globalization and the role of the EU social policy as challenge (not only) for Central and Eastern Europe
116616,Social Work and Society,2014,dc/7f58f9f270,dc,weak_title,10.1080/0309877x.2014.971107,0.459,mismatch,Turning Point Processes to Higher Education among Care Leavers
116619,Social Work and Society,2020,dc/e58790ede9,dc,weak_title,10.1332/policypress/9781447341789.003.0008,0.478,mismatch,"Social Services, Democracy and the Capability Approach: Concluding Reflections"
116624,Social Work and Society,2013,dc/8efb2db510,dc,weak_title,10.1016/j.childyouth.2012.05.005,0.392,mismatch,Cooperation as Border-Work. The Example of Social Work Praxes Between Youth Welfare Services and Youth Psychiatry in Germany (East/West)
116626,Social Work and Society,2019,dc/ad9a738079,dc,weak_title,10.4324/9781351008280-8,0.496,mismatch,Imagining and Practising Citizenship in Austere Times
116630,Social Work and Society,2013,dc/846458a861,dc,weak_title,10.4135/9789351507864.n4,0.571,mismatch,"Disciplinary Borders and Borrowings: Social Work Knowledge and its Social Reach, a Historical Perspective."
116636,Social Work and Society,2022,dc/5d6c3892ec,dc,weak_title,10.1332/policypress/9781447364276.003.0013,0.492,mismatch,The (de-)institutionalisation of empowerment. The complex remake of child and family welfare arrangements in Western Europe
116639,Social Work and Society,2022,dc/32b999358f,dc,weak_title,10.1007/s11115-021-00578-6,0.763,mismatch,The Relationship between Organisational Factors and Job Frustration among Saudi Social Workers
116640,Social Work and Society,2023,dc/9e3cabf53e,dc,weak_title,10.5903/al_uzh-58,0.636,mismatch,Voices of Subaltern. Introduction to the special issue
116644,Social Work and Society,2005,dc/05df65eada,dc,weak_title,10.4135/9781412952545.n84,0.481,mismatch,Community Research as a Factor Building Inclusive Community in Lithuania
116645,Social Work and Society,2025,dc/816834d4b4,dc,weak_title,10.21275/sr26307233918,0.543,mismatch,Dis/ability in child and youth welfare - shortcomings and consequences
116648,Social Work and Society,2013,dc/bab3589ae6,dc,weak_title,10.12968/nrec.2012.14.11.593,0.5,mismatch,Positions of Social Workers' Views About Residential Care for People with Dementia
116650,Social Work and Society,2025,dc/cde84baf8c,dc,weak_title,10.1007/s10643-026-02213-9,0.459,mismatch,The Diverse Subjects of Early Childhood Parenting Education
116656,Social Work and Society,2023,dc/8ec6c547c9,dc,weak_title,10.4324/9781003317371-39,0.387,mismatch,Canonical critiques and geopolitical shifts: Addressing the neoliberalism/collective dichotomy in social work
116658,Social Work and Society,2021,dc/9f9eb33d2c,dc,weak_title,10.4337/9781788972260.00012,0.444,mismatch,"A Crisis in Swedish Child Welfare? On Risk, Control and Trust"
116661,Social Work and Society,2013,dc/0f1d3ae90a,dc,weak_title,10.1007/978-3-319-09303-1_36,0.4,mismatch,Critical Juncture of Unification - Window of (missed) opportunity for the German Welfare State?
116668,Social Work and Society,2014,dc/b852df2a80,dc,weak_title,10.1017/cha.2015.35,0.579,mismatch,Taking Control and 'moving On': How Young People Turn around Problematic Transitions from Out-of-Home Care.
116676,Social Work and Society,2014,dc/08bf4fac5d,dc,weak_title,10.12968/cypn.2014.8.22,0.383,mismatch,What Makes a Difference? Turning Points for Young People in the Process of Leaving Placements in Public Care.
116680,Social Work and Society,2009,dc/cac4019dff,dc,weak_title,10.1353/sof.2010.0066,0.375,mismatch,"Book Review of""Frontiers of Social Research: Japan and Beyond"". 351 pages, Trans Pacific Press, 2007, edited by Akira Furukawa"
116687,Social Work and Society,2012,dc/f994b241d1,dc,weak_title,10.4324/9780203135600,0.467,unknown,Vocational Training as an Integration Opportunity for Struggling Young Adults? A Swiss Case Study.
116692,Social Work and Society,2016,dc/63f956a38c,dc,weak_title,10.5040/9781350251168.ch-005,0.358,mismatch,Multiple Family SES Indices: Variations between Middle Class and Lower Social Class Undergraduate Samples
116693,Social Work and Society,2016,dc/2b7cfdb36a,dc,weak_title,10.4324/9781315245652-5,0.629,mismatch,Community mediation: a tool for citizen participation in public policy
116702,Social Work and Society,2018,dc/5bad1f99f1,dc,weak_title,10.56687/9781447331872-017,0.444,mismatch,"Unaccompanied minors in the Netherlands: Legislation, policy, and care"
116706,Social Work and Society,2021,dc/d5f86584b6,dc,weak_title,10.31338/uw.9788323554943.pp.75-96,0.432,mismatch,Disillusioned compromise of substitute care: A critical point for the ‘future’ in child welfare
116708,Social Work and Society,2021,dc/b59c43086e,dc,weak_title,10.21203/rs.3.rs-1185285/v1,0.427,unknown,The development and transformation of mainstream notions on ‘Career Guidance’. A discourse analysis on EU policy papers on (un)employment
116710,Social Work and Society,2016,dc/6f2da9f96b,dc,weak_title,10.1080/15524256.2015.1021071,0.376,mismatch,Serious Illness and End-of-Life Care in the Homeless: Examining a Service System and a Call for Action for Social Work
116711,Social Work and Society,2022,dc/f86d4de35e,dc,weak_title,10.2991/assehr.k.210715.035,0.583,mismatch,(De)Institutionalisation of Education and Social Care
116712,Social Work and Society,2014,dc/5748d862c9,dc,weak_title,10.1080/09503153.2014.970156,0.463,mismatch,Care Leavers' Experiences of Transition and Turning Points: Findings from a Biographical Narrative Study
116722,Social Work and Society,2013,dc/527d2e0641,dc,weak_title,10.1177/1468017311435047,0.426,mismatch,Different Worlds Within Swedish Personal Social Services. Social Worker’s Views on Conditions for Client Work in Different Organisational Models.
116729,Social Work and Society,2014,dc/26842af5a1,dc,weak_title,10.1080/13676261.2014.918247,0.531,mismatch,"Becoming Actors of their Lives: A Relational Autonomy Approach to Employment and Education Choices of Refugee Young People in London, UK"
116732,Social Work and Society,2013,dc/bbdb687854,dc,weak_title,10.2139/ssrn.2490931,0.502,mismatch,Striving Towards an Active Local Information and Communication Strategy within the Context of the European Migration Policy
116744,Social Work and Society,2005,dc/033e66970b,dc,weak_title,10.1093/bjsw/bch239,0.604,mismatch,"Skehill, Caroline: History of the Present of Child Protection and Welfare Social Work in Ireland"
116751,Social Work and Society,2013,dc/4abaf79f33,dc,weak_title,10.4324/9780203050842-7,0.549,mismatch,Religious competence in social work practice: The UK picture
116754,Social Work and Society,2011,dc/38204a0754,dc,weak_title,10.4324/9780203063057-7,0.468,mismatch,Why Do We Think Practice Research is a Good Idea?
116757,Social Work and Society,2022,dc/b3e7a541dc,dc,weak_title,10.4337/9781035302017.00014,0.456,mismatch,Pedagogy of the protest: teaching social workers about collective action and the social policy context
116762,Social Work and Society,2021,dc/45ba31a6a8,dc,weak_title,10.1080/02615479.2022.2098944,0.473,mismatch,By Dint of History: Ways in which social work is (re)defined by historical and social events
116769,Social Work and Society,2006,dc/e4a403cffe,dc,weak_title,10.1177/0907568207078361,0.537,mismatch,Comment: The New ILO-Report on Child Labour - a Document of Self-Satisfaction
116773,Social Work and Society,2024,dc/4433e8de58,dc,weak_title,10.4324/9781003475583-7,0.574,mismatch,The interdependence of structural context and the Covid-19 pandemic: The case of Slovenia
116778,Social Work and Society,2017,dc/f4bc65745a,dc,weak_title,10.18007/gisap:es.v0i11.1444,0.483,mismatch,"Bridges between families. Contact and its meaning for foster children, foster parents and birth families"
116782,Social Work and Society,2007,dc/fdcc7250d8,dc,weak_title,10.1177/1468018106065366,0.549,mismatch,The Social Economy of the Community - A developmental task for social policy
116788,Social Work and Society,2020,dc/e29dfe65f6,dc,weak_title,10.34190/erm.20.0130,0.472,mismatch,"""Claiming"" equality and""doing"" inequality - Individual action plans for applicants of social assistance"
116793,Social Work and Society,2025,dc/a319eba8eb,dc,weak_title,10.31234/osf.io/a5cvg_v2,0.443,unknown,"Understanding guilt, shame and social service use in a diversity context"
116802,Social Work and Society,2013,dc/b66e8ea7e0,dc,weak_title,10.2307/jj.18254804.18,0.636,mismatch,Elder Caregiving in South-Asian Families in the United States and India
116809,Social Work and Society,2011,dc/f777995ac3,dc,weak_title,10.1515/9781588269447-007,0.429,mismatch,Women's Experience of Poverty in Context of Power Inequality and Financial Abuse in Intimate Relationship.
116814,Social Work and Society,2016,dc/0f5c9cb301,dc,weak_title,10.1080/19371918.2015.1087904,0.329,mismatch,"Labor, health, social work and the middle classes: Do Spanish youth have to jeopardize their health to find a job?"
116819,Social Work and Society,2021,dc/cbbd035826,dc,weak_title,10.1016/j.marpol.2022.105225,0.52,mismatch,Socio-natural Disasters and Poverty: An Analysis from Emergency Decrees Issued in Chile
116821,Social Work and Society,2012,dc/243b8714f9,dc,weak_title,10.1177/1468017311433234,0.487,mismatch,The Female Drug User as a ´Victim´ or ´Villain´ and the Implications for Social Work
116826,Social Work and Society,2016,dc/313f0859c7,dc,weak_title,10.1080/02601370.2016.1164470,0.553,mismatch,"Crisis, social class, employment and education"
116831,Social Work and Society,2011,dc/6af76fe3b5,dc,weak_title,10.1186/1471-2458-12-s2-a33,0.442,mismatch,Between Public Health and Social Work: Visiting Nurses in the Struggle Against Poverty and Infant Mortality in Bulgaria 1923-1934
116835,Social Work and Society,2018,dc/eae677d14a,dc,weak_title,10.1163/9789004417311_009,0.662,mismatch,Distributed Leadership: A framework for enhancing quality in early learning programs
116844,Social Work and Society,2025,dc/694621271a,dc,weak_title,10.32674/5hy03m27,0.376,mismatch,"Empowering Voices, Bridging Worlds: The Potential of Photovoice for Empowerment, Reflection, and Connection in Diverse Societies"
116846,Social Work and Society,2017,dc/a5eac99c1c,dc,weak_title,10.21125/iceri.2017.0092,0.477,mismatch,"Unaccompanied Minor Asylum-Seekers in Switzerland - A Critical Appraisal of Procedures, Conditions and Recent Changes"
116847,Social Work and Society,2013,dc/7e345a2f8e,dc,weak_title,10.1515/9789888313099-008,0.583,mismatch,The Biological Inferiority of the Undeserving Poor
116850,Social Work and Society,2009,dc/21406a4d4f,dc,weak_title,10.4135/9781452240121.n260,0.5,mismatch,Orphan Care in China
116853,Social Work and Society,2021,dc/8c4807c606,dc,weak_title,10.1016/j.dss.2020.113402,0.358,mismatch,Aftercare support in Norway — Barriers to support?
116854,Social Work and Society,2024,dc/1f3738ec3d,dc,weak_title,10.1163/9789004714540_019,0.39,mismatch,Selected Aspects of Foster Care Systems in Poland and Germany
116884,Social Work and Society,2006,dc/1130f00a3a,dc,weak_title,10.1002/9781118269671.app1,0.19,mismatch,Risk
116897,Social Work and Society,2011,dc/b5e11d573c,dc,weak_title,10.1177/1049731512465899,0.428,mismatch,"What is Practice Research in Social Work - Definitions, Barriers and Possibilities"
116907,Social Work and Society,2007,dc/d9b5969700,dc,weak_title,10.1606/1044-3894.3765,0.464,mismatch,Changing 'multi-Problem Families' - Developing a Multi-Contextual Systemic Approach
116909,Social Work and Society,2018,dc/9cafafdfb3,dc,weak_title,10.6027/1fd66a45-en,0.549,unknown,Unaccompanied Minors in Germany. A success story with setbacks?
116911,Social Work and Society,2011,dc/a8f82272ed,dc,weak_title,10.1111/j.1750-0206.2012.00351_9.x,0.456,mismatch,"Habituation, Coercion, Education: Labour in the History of Social Welfare"
116921,Social Work and Society,2025,dc/3dc2f582f3,dc,weak_title,10.14321/jj.37198835.6,0.387,mismatch,Queer Professionals - Experts for Gender and Sexual Diversity or Others?
116924,Social Work and Society,2022,dc/e2e7965b7b,dc,weak_title,10.1332/policypress/9781447349877.003.0007,0.394,mismatch,Professionalization in low-threshold drug aid – between managerialism and practitioner knowledge
116926,Social Work and Society,2012,dc/482a7cd364,dc,weak_title,10.1787/5kg264fz6p8w-en,0.475,mismatch,Learning to Work: Young People’s Social and Labour-Market Integration through Supra-Company Apprenticeship Training in Austria
116932,Social Work and Society,2012,dc/cf476eee8e,dc,weak_title,10.1093/acrefore/9780199975839.013.1110,0.625,mismatch,Litsa (Chariklia) Alexandraki (1918-1984)
116933,Social Work and Society,2011,dc/a847b4e125,dc,weak_title,10.1002/9781119990420.ch6,0.387,mismatch,Collaborating or Colluding: A practice research project with ex-offenders and their families in Singapore
116934,Social Work and Society,2021,dc/871d1510b1,dc,weak_title,10.2478/bsmr-2022-0011,0.496,mismatch,Online victimization - an explorative study of sexual violence and cyber grooming in the context of social media use by young adults in Germany
116937,Social Work and Society,2012,dc/911bdd6a36,dc,weak_title,10.1002/9780470672532.wbepp043,0.738,mismatch,A Comparative Comment on the Case Studies
116945,Social Work and Society,2021,dc/476fa1db80,dc,weak_title,10.4324/9781003270157-2,0.384,mismatch,The challenges for social work under the pressures of neoliberal policies: a study of policy changes in the Italian probation
116947,Social Work and Society,2011,dc/0fbc85b420,dc,weak_title,10.4159/9780674043367-007,0.515,mismatch,The Making of the First Child Welfare and Juvenile Crime Acts in Finland 1897-1943
116950,Social Work and Society,2020,dc/c1f504bb5d,dc,weak_title,10.21694/2378-7031.21010,0.818,mismatch,Teaching Poverty in Classroom setting: An Anti-oppressive Social Work Practice
116954,Social Work and Society,2011,dc/dd72ba32c8,dc,weak_title,10.4324/9780203110201-7,0.422,mismatch,"Social Problems and Women´s Politics in Eastern Europe - Socialist, Feminist and Neo-Liberal Perspectives"
116959,Social Work and Society,2008,dc/4703cc93de,dc,weak_title,10.1111/sode.0,0.0,mismatch,Social Development
116960,Social Work and Society,2021,dc/fbea0ce33e,dc,weak_title,10.1093/oso/9780197644300.003.0012,0.492,mismatch,Participation as power struggle - researching the labour process in the residential child and youth care in Germany
116961,Social Work and Society,2016,dc/601592d51d,dc,weak_title,10.2139/ssrn.3062453,0.57,mismatch,One Size Doesn't Fit All: Diversifying research on active labor market policies
116963,Social Work and Society,2013,dc/a6196ed966,dc,weak_title,10.1037/e571212013-526,0.551,mismatch,Stigmatization and Discrimination Experiences of Persons with Mental Illness: Insights from a Qualitative Study in Southern Ghana
116967,Social Work and Society,2014,dc/9a4cc8cea8,dc,weak_title,10.4324/9781315035338-3,0.471,mismatch,"Junctions, Pathways and Turning Points in Biographical Genesis of Right-Wing Extremism"
116977,Social Work and Society,2012,dc/a59be30544,dc,weak_title,10.4135/9781526435712.n1,0.548,mismatch,Socio-Spatial Approaches to Social Work
116983,Social Work and Society,2019,dc/03bec55188,dc,weak_title,10.1016/j.childyouth.2020.105421,0.453,mismatch,"Effective Participation? Child and Youth Welfare Services between Enhancing Capabilities, Forced Inclusion and Demands for Evidence and Effectiveness"
116984,Social Work and Society,2017,dc/a2fc6e59c1,dc,weak_title,10.28925/2312-5829.2016.1.8895,0.547,mismatch,Economization Discourse in the Process of Creating Professional Ideas of Family Assistants
116987,Social Work and Society,2012,dc/cbc6876caf,dc,weak_title,10.1111/j.1468-2400.2009.00625.x,0.444,mismatch,Fieldwork in Social Work Education and Training: Issues and Challenges in the Case of Eastern and Southern Africa
116997,Social Work and Society,2011,dc/bd3f4673b0,dc,weak_title,10.1080/02615479.2010.517019,0.578,mismatch,The Role of Social Work in National Development
116999,Social Work and Society,2015,dc/dbacae4477,dc,weak_title,10.5949/liverpool/9781846319471.003.0003,0.426,mismatch,“Do You Want to Negotiate with Me?”– Avoiding and Dealing with Conflicts Arising in Conversations with the Young Unemployed
117002,Social Work and Society,2015,dc/576b610555,dc,weak_title,10.1332/204986014x13912564145762,0.442,mismatch,"‘When I Look I Am Seen, So I Exist to Change’: Supplementing Honneth’s Recognition Model for Social Work"
117007,Social Work and Society,2013,dc/b13e1c2f90,dc,weak_title,10.1177/1468017313476982,0.445,mismatch,Does the Adoption of an In-Depth Questioning Approach Promote Self-Reflexivity? Its Application to the Social Work Education Context.
117009,Social Work and Society,2023,dc/4a83f79e5c,dc,weak_title,10.15273/jue.v12i2.11413,0.497,mismatch,Beyond the human - Garden communities in community gardens
117010,Social Work and Society,2014,dc/632250f3db,dc,weak_title,10.1007/978-3-319-19815-6_2,0.718,mismatch,Subjective and Objective Dimensions of Turning Points
117016,Social Work and Society,2007,dc/73cf727559,dc,weak_title,10.1080/02615470601140476,0.406,mismatch,Education and practice belong together - The relevance of practice orientation in the (University) education of Social Workers and Social Pedagogues
117017,Social Work and Society,2007,dc/a84d56bbe9,dc,weak_title,10.1177/1097184x06287765,0.39,mismatch,The Current Discussion on Men and Masculinities
117031,Social Work and Society,2009,dc/c196c79e05,dc,weak_title,10.5042/scn.2010.0205,0.481,mismatch,The Care and Shelter of Children and Adolescents in Brazil: Expressions of Social Issues
117035,Social Work and Society,2020,dc/d5778d6526,dc,weak_title,10.1108/heswbl-09-2019-0126,0.486,mismatch,"A photovoice study on the perceptions among unemployed youth of information technology in Mamelodi, South Africa"
117053,Social Work and Society,2011,dc/890beafda9,dc,weak_title,10.21083/partnership.v6i2.1572,0.318,mismatch,Partnership in Practice Research: a Norwegian Experience
117063,Social Work and Society,2011,dc/2c1fe62776,dc,weak_title,10.1037/e510272012-001,0.543,mismatch,Enhancing the Capabilities of Young Russians
117066,Social Work and Society,2011,dc/1ade6558bc,dc,weak_title,10.1080/13563467.2011.562975,0.438,mismatch,Childhood Homes as Moral Spaces – New Conceptual Arena
117068,Social Work and Society,2011,dc/2556b95936,dc,weak_title,10.1108/978-1-61735-332-120251014,0.648,mismatch,Knowledge-Production Processes in Practice Research – Outcomes and Critical Elements
117071,ASEAN Social Work Journal,2025,dc/d77fbc869c,dc,weak_title,10.58671/aswj.v13i1.117,0.358,match,Stress Management for Improved Living and Empowerment (SMILE): A Proposed Culturally Adapted Mindfulness-Based Program for Social Workers in the Philippines
117078,ASEAN Social Work Journal,2023,dc/bf505ae82f,dc,weak_title,10.58671/aswj.v10i2.28,0.229,match,"Editorial Vol. 10, No. 2, December 2022"
117087,ASEAN Social Work Journal,2023,dc/6ec5373f47,dc,weak_title,10.58671/aswj.v10i2.28,0.283,match,"Editorial Vol. 10, No. 1, June 2022"
117110,ASEAN Social Work Journal,2023,dc/5e7b767b2b,dc,weak_title,10.58671/aswj.v11i1.32,0.408,match,"Editorial ASEAN Social Work Journal Vol. 11, No. 1, June 2023"
117153,Journal of Forensic Social Work,2024,dc/cf786ee0b0,dc,weak_title,10.15763/issn.1936-9298.2023.7.1.32-41,0.426,match,Flipping the Narrative: A Unifying Framework for Juvenile Court-based Forensic Social Work Practice
117156,Journal of Forensic Social Work,2022,dc/5e23fd9ab3,dc,weak_title,10.15763/issn.1936-9298.2023.7.1.1-13,0.468,match,"A Theory of African American Offending: Race, Racism, and Crime."
117166,Journal of Forensic Social Work,2024,dc/7aa0a8b497,dc,weak_title,10.15763/issn.1936-9298.2023.7.1.91-110,0.319,match,“Helping Me Get Through the Day”: The Importance of Social Contact and Support for Incarcerated Young People During the COVID-19 Pandemic
117178,Journal of Forensic Social Work,2022,dc/3939facc8b,dc,weak_title,10.15763/issn.1936-9298.2023.7.1.72-90,0.259,match,Adversity Across the Life Course ofIncarcerated Parents: Gender Differences
117183,Journal of Forensic Social Work,2024,dc/8c10892c1c,dc,weak_title,10.15763/issn.1936-9298.2023.7.2.1-2,0.648,match,Letter from the Editors
117210,Journal of Forensic Social Work,2024,dc/a96bc75134,dc,weak_title,10.15763/issn.1936-9298.2023.7.1.44-61,0.344,match,"Motherhood, Trauma and Justice: A Critical Look at Black Women's Reentry Pathways"
117211,Journal of Forensic Social Work,2024,dc/a80a72cde0,dc,weak_title,10.15763/issn.1936-9298.2023.7.1.62-71,0.468,match,Teaching Forensic Paraphilia in Undergraduate and Graduate Human Sexuality: A Note from the Field
